env_step,episode_index,episode_return,episode_length,released
10,1,-22.243431261448816,10,1
20,2,-31.67799107130522,10,1
30,3,-4.28482941247296,10,1
40,4,-3.0715085091255254,10,1
50,5,-14.443824077388225,10,1
60,6,9.944977020763641,10,1
70,7,1.6045259283482918,10,1
80,8,-8.363957201838573,10,1
90,9,-0.9689977969984224,10,1
100,10,-20.828569393952765,10,1
110,11,-31.461812225925595,10,1
120,12,-38.274116331763,10,1
130,13,-1.7167148599202238,10,1
140,14,25.27054603909759,10,1
150,15,-6.694247949213255,10,1
160,16,-16.47395993960133,10,1
170,17,-15.044288096659356,10,1
180,18,-34.503139448703216,10,1
190,19,-32.0027195219189,10,1
200,20,-21.500561946427272,10,1
210,21,-11.074048005486631,10,1
220,22,-7.208142636004532,10,1
230,23,10.18655949143121,10,1
240,24,8.99245963776473,10,1
250,25,-13.55759289579429,10,1
260,26,-20.55936285158213,10,1
270,27,5.87925652548891,10,1
281,28,-15.046889221962305,11,1
291,29,-15.285093318660325,10,1
301,30,-25.46994558191357,10,1
311,31,-25.547374623603787,10,1
321,32,-24.56755158162267,10,1
331,33,-15.196078918845403,10,1
341,34,-34.95954270755108,10,1
351,35,-14.717580424297761,10,1
361,36,3.777182103352764,10,1
371,37,-25.72430775072925,10,1
381,38,-23.143315503495078,10,1
391,39,-13.076234150563344,10,1
401,40,-18.941822907331687,10,1
411,41,-12.689883681239284,10,1
422,42,-8.756563449356996,11,1
432,43,-11.699754314647056,10,1
442,44,-15.831192193052487,10,1
452,45,-42.68188056446279,10,1
462,46,-16.368436930784917,10,1
472,47,-13.370654784835292,10,1
482,48,-19.773729101527774,10,1
492,49,-17.228194403834674,10,1
502,50,-16.11863371040514,10,1
512,51,4.1637482162911565,10,1
522,52,12.318856847872597,10,1
532,53,-14.006604591761608,10,1
542,54,-8.4976319024471,10,1
552,55,0.06175383813129845,10,1
562,56,24.54230096051058,10,1
572,57,-23.025642460705956,10,1
582,58,-28.686232618825553,10,1
592,59,-21.605564906285263,10,1
602,60,-17.401312037843105,10,1
612,61,9.930367910094702,10,1
622,62,-44.00842953080998,10,1
632,63,-10.591996348463784,10,1
642,64,18.090094839968174,10,1
652,65,-12.952792000748442,10,1
662,66,4.907928495877989,10,1
672,67,-7.816462064188918,10,1
682,68,-11.454109680399567,10,1
692,69,-6.639419962663014,10,1
702,70,-14.49554659866042,10,1
712,71,12.297640010464537,10,1
722,72,1.97144845413994,10,1
732,73,-16.92972985829666,10,1
742,74,-19.45187917159486,10,1
752,75,-5.783512584992798,10,1
762,76,10.482319905438885,10,1
772,77,-13.598424358950885,10,1
782,78,6.574555056478013,10,1
792,79,22.897030418433896,10,1
802,80,13.019026281164965,10,1
812,81,6.2947421239151575,10,1
822,82,-31.4971596888278,10,1
832,83,0.8369463684748984,10,1
842,84,-12.762779586965959,10,1
853,85,-22.209162534576432,11,1
863,86,5.349909178389421,10,1
873,87,83.14622580390085,10,1
883,88,6.109935350399201,10,1
893,89,5.550224067849193,10,1
903,90,-19.318495949238528,10,1
913,91,-13.438011843013104,10,1
923,92,-19.97210584290725,10,1
933,93,3.629176301908519,10,1
943,94,-40.97875634456172,10,1
953,95,-25.88932518357653,10,1
963,96,-22.187467045581247,10,1
973,97,-18.057366856815012,10,1
983,98,-13.65710825306084,10,1
993,99,87.27812556949371,10,1
1003,100,-3.477206885996924,10,1
1013,101,-1.1681816106347473,10,1
1023,102,-26.96799217673799,10,1
1033,103,-22.99980524553243,10,1
1043,104,14.475449555648291,10,1
1053,105,-6.96056805335013,10,1
1063,106,-15.463012534340706,10,1
1073,107,9.172954581625529,10,1
1083,108,-18.178279513552884,10,1
1093,109,-11.814254773686297,10,1
1103,110,-13.64980706725987,10,1
1113,111,-9.698134292692254,10,1
1123,112,-4.710373333323106,10,1
1133,113,-26.873590355126616,10,1
1143,114,-20.12107770165385,10,1
1153,115,-24.90567171926297,10,1
1163,116,-13.790254489806793,10,1
1173,117,-4.8112473786642465,10,1
1183,118,-18.78979877128045,10,1
1193,119,-16.14969841264048,10,1
1203,120,-13.222676716796338,10,1
1213,121,-11.309452859314215,10,1
1223,122,-12.598331968113799,10,1
1233,123,-19.6097451092124,10,1
1243,124,-64.85208250010525,10,1
1253,125,10.264187659573329,10,1
1263,126,21.745666104846432,10,1
1273,127,17.213487647000978,10,1
1283,128,-9.877691163014305,10,1
1293,129,-16.409336734176353,10,1
1303,130,-17.9663867765987,10,1
1313,131,-13.110974458361756,10,1
1323,132,-15.717610071885044,10,1
1333,133,-22.8016377641462,10,1
1343,134,-7.613610683122404,10,1
1353,135,-17.268796718436246,10,1
1363,136,-10.125604506077222,10,1
1373,137,-31.22473266508892,10,1
1383,138,-14.692858707609087,10,1
1393,139,-33.017836851604216,10,1
1403,140,5.374770760098815,10,1
1413,141,-10.377023707693125,10,1
1423,142,11.339362958055057,10,1
1433,143,-29.373637167903876,10,1
1443,144,-20.131532345226848,10,1
1453,145,69.11827442878105,10,1
1463,146,-11.608346752195017,10,1
1473,147,-13.321970382799211,10,1
1483,148,-41.02371758514238,10,1
1493,149,-18.65866350683048,10,1
1503,150,-19.110238684025965,10,1
1513,151,-8.360607817532935,10,1
1523,152,-22.748591257929224,10,1
1533,153,-5.698383381371903,10,1
1543,154,-26.3044776585847,10,1
1553,155,-20.964062971816873,10,1
1563,156,-6.9467896983040065,10,1
1573,157,-18.458531736691473,10,1
1583,158,14.534233993747815,10,1
1593,159,-33.74448491774415,10,1
1603,160,-18.45827805415704,10,1
1614,161,49.471381789957896,11,1
1624,162,4.200004175779043,10,1
1634,163,-18.16499048556992,10,1
1644,164,10.5399384632467,10,1
1654,165,-2.2703773544204133,10,1
1664,166,-29.734077578538017,10,1
1674,167,-24.39729941484563,10,1
1684,168,-6.781636561997805,10,1
1694,169,-48.28034561260576,10,1
1704,170,-17.548482869749137,10,1
1714,171,14.316631413408825,10,1
1724,172,-18.252950179772487,10,1
1734,173,-31.439408234135794,10,1
1744,174,-7.043952786573514,10,1
1754,175,-32.00217922182104,10,1
1764,176,-3.874264884177764,10,1
1774,177,5.7632558631457185,10,1
1784,178,11.958279864470162,10,1
1794,179,-35.46435113156837,10,1
1804,180,26.323924332767604,10,1
1814,181,-2.2097706747148145,10,1
1824,182,-35.47248036122874,10,1
1834,183,-2.314600231605026,10,1
1845,184,-9.358500517128844,11,1
1855,185,-15.9021143883469,10,1
1865,186,-12.89717890027819,10,1
1875,187,-32.30902658770703,10,1
1885,188,-21.7419279499399,10,1
1895,189,-35.649047544939336,10,1
1905,190,-4.956675400861555,10,1
1915,191,8.51217424917582,10,1
1925,192,-7.819096569680518,10,1
1935,193,-16.08951672942583,10,1
1945,194,-12.738689261016685,10,1
1955,195,-10.093111521189979,10,1
1965,196,-22.02858044514045,10,1
1975,197,-9.696508704032862,10,1
1986,198,4.703333341032526,11,1
1996,199,-40.29841550366138,10,1
2006,200,-9.676477587610375,10,1
2016,201,-19.011014781797606,10,1
2026,202,-11.754248514432534,10,1
2036,203,7.4359963144415095,10,1
2046,204,-9.425315793746918,10,1
2056,205,-20.600260690967254,10,1
2066,206,-11.814822073857568,10,1
2076,207,-13.224371122523376,10,1
2086,208,65.77288068020401,10,1
2096,209,-18.36546889136686,10,1
2106,210,-31.536492632139986,10,1
2116,211,-17.17780573565433,10,1
2126,212,21.741946605231856,10,1
2136,213,-15.628518741627873,10,1
2147,214,-29.28529957935917,11,1
2157,215,-30.65681385526253,10,1
2167,216,-34.74378563843879,10,1
2177,217,-6.270834005492658,10,1
2187,218,-32.603699512050675,10,1
2197,219,-13.190008054995051,10,1
2208,220,-25.406027625278664,11,1
2218,221,6.5240272581752405,10,1
2228,222,-22.599512591294822,10,1
2238,223,-23.849924384433614,10,1
2248,224,-17.15818850516568,10,1
2258,225,-12.958418268801896,10,1
2268,226,-14.110642624022367,10,1
2278,227,-11.646301967029258,10,1
2288,228,-14.557533039310957,10,1
2298,229,-2.4440572000442287,10,1
2308,230,7.171222792178824,10,1
2318,231,-16.289207682740194,10,1
2328,232,-20.591650478315483,10,1
2338,233,13.99495926711365,10,1
2348,234,0.8749325625286012,10,1
2358,235,9.572921041903673,10,1
2368,236,13.835157716269538,10,1
2378,237,87.41478102433038,10,1
2388,238,8.580793177243423,10,1
2398,239,-20.822530760866734,10,1
2408,240,-1.1253992209019696,10,1
2418,241,-30.225028712298908,10,1
2428,242,-30.593691551415557,10,1
2438,243,1.6032625786401475,10,1
2448,244,-18.847333332710946,10,1
2458,245,-4.775443640245656,10,1
2468,246,-23.010161527238733,10,1
2478,247,10.247309462729607,10,1
2488,248,-9.783367632541413,10,1
2498,249,-22.8670126451218,10,1
2508,250,-10.350930988678481,10,1
2518,251,-13.102637450032498,10,1
2528,252,1.6116998770937883,10,1
2538,253,-18.835684055940106,10,1
2548,254,-24.20612413767317,10,1
2558,255,10.34714292693274,10,1
2568,256,19.568518059138302,10,1
2578,257,24.769142005760884,10,1
2588,258,48.53185193543141,10,1
2598,259,2.5912995418611353,10,1
2608,260,5.954164318840526,10,1
2618,261,10.591791182387166,10,1
2628,262,13.99967429839113,10,1
2638,263,13.838091486433168,10,1
2648,264,11.744523475461264,10,1
2658,265,-9.39937562894217,10,1
2668,266,1.6939015064113008,10,1
2678,267,-27.038530239099316,10,1
2688,268,2.791895201590803,10,1
2698,269,7.479065869142858,10,1
2708,270,0.21858324042158891,10,1
2718,271,-7.81797465468162,10,1
2728,272,7.999015039136588,10,1
2738,273,0.6879395842251652,10,1
2748,274,-12.337707020498543,10,1
2758,275,9.09186476707121,10,1
2769,276,120.57505458058401,11,1
2779,277,20.722313282315827,10,1
2789,278,11.180556110928089,10,1
2799,279,-16.97958810891152,10,1
2809,280,17.3530188673954,10,1
2819,281,-8.6718134345062,10,1
2829,282,0.7904791794862257,10,1
2839,283,6.767874180589277,10,1
2849,284,51.28577293900855,10,1
2859,285,-11.476084761438965,10,1
2869,286,15.276195676448744,10,1
2879,287,7.923969893580262,10,1
2889,288,21.696428398628342,10,1
2899,289,-17.156838752213144,10,1
2909,290,18.54365178591333,10,1
2919,291,-3.096553660831778,10,1
2929,292,-15.315622581119994,10,1
2939,293,-5.247573539235416,10,1
2949,294,-16.910918354661288,10,1
2959,295,1.4025847014357384,10,1
2969,296,-24.106897634108588,10,1
2980,297,6.616826030735222,11,1
2990,298,10.636940570686848,10,1
3000,299,8.905259189467776,10,1
3010,300,24.252970771923334,10,1
3020,301,-3.8918256421406934,10,1
3030,302,-7.452622336576415,10,1
3040,303,9.068971843946363,10,1
3050,304,14.663837257942882,10,1
3060,305,28.009521143961944,10,1
3070,306,6.7793974180916186,10,1
3080,307,23.77606714007316,10,1
3090,308,19.198620243243347,10,1
3100,309,20.666350746772697,10,1
3110,310,12.467110567106703,10,1
3120,311,11.412362499905468,10,1
3130,312,-12.896413443088658,10,1
3140,313,56.795157230889245,10,1
3150,314,20.75514837350308,10,1
3160,315,12.799129899478539,10,1
3170,316,-4.955808512273268,10,1
3180,317,-1.831322241558642,10,1
3190,318,-2.5953141796117127,10,1
3200,319,22.61223659938099,10,1
3210,320,-7.559180565117808,10,1
3220,321,6.494193350088777,10,1
3230,322,-4.689659612224086,10,1
3240,323,8.857276368152739,10,1
3250,324,4.478895852571347,10,1
3260,325,-2.6081357773258462,10,1
3270,326,-2.274148517765334,10,1
3280,327,1.3040264735126998,10,1
3290,328,35.54077350759222,10,1
3300,329,62.96577594013355,10,1
3310,330,13.924991951777763,10,1
3320,331,48.47924980905808,10,1
3330,332,-3.6426993417953604,10,1
3340,333,25.516473686781687,10,1
3350,334,-0.5363917703609855,10,1
3360,335,-0.19226949242373886,10,1
3370,336,-20.463003206937408,10,1
3380,337,31.71049997445679,10,1
3390,338,1.581529044952404,10,1
3400,339,1.6989020223473763,10,1
3411,340,5.884219788445366,11,1
3421,341,8.504014841284002,10,1
3431,342,32.76695381547416,10,1
3441,343,-3.55074958144625,10,1
3451,344,5.018920002352908,10,1
3461,345,-10.727280986878778,10,1
3471,346,-13.784230151866364,10,1
3481,347,-15.17635127220986,10,1
3491,348,16.15650008892472,10,1
3501,349,0.15074585706884933,10,1
3512,350,15.167861876311283,11,1
3522,351,-6.977826170376915,10,1
3532,352,-8.849607457690537,10,1
3542,353,47.84564186150299,10,1
3552,354,-0.2750413672760851,10,1
3562,355,10.103387550536807,10,1
3572,356,-11.926129347589416,10,1
3582,357,-7.224618092030758,10,1
3592,358,83.97235615047975,10,1
3602,359,10.318284218023955,10,1
3612,360,11.252087556957026,10,1
3622,361,23.70994471661209,10,1
3632,362,3.1029750021392855,10,1
3642,363,21.369513835978783,10,1
3652,364,-5.775127946019408,10,1
3662,365,20.9515362211643,10,1
3673,366,20.304904804918888,11,1
3683,367,13.151424390048291,10,1
3693,368,-12.236029043588267,10,1
3703,369,9.337097929258968,10,1
3713,370,26.62042466721098,10,1
3723,371,-1.5237304100755091,10,1
3733,372,5.819461090507106,10,1
3743,373,3.7531114027247563,10,1
3753,374,15.172903956532998,10,1
3763,375,-10.771466423893783,10,1
3773,376,11.562910633475642,10,1
3783,377,13.603718360768005,10,1
3793,378,-12.213599535171326,10,1
3803,379,5.276410753813114,10,1
3813,380,56.132826660225156,10,1
3823,381,-11.243008927179973,10,1
3833,382,-0.7952040688141028,10,1
3843,383,-9.469591812893766,10,1
3853,384,10.232722837013977,10,1
3863,385,34.23325201755268,10,1
3873,386,49.502150723866365,10,1
3883,387,-9.367898293710539,10,1
3893,388,-0.9137426903994851,10,1
3903,389,-8.579180008427,10,1
3913,390,15.518572472025463,10,1
3924,391,16.107146961130685,11,1
3934,392,-8.26211943059342,10,1
3944,393,-1.2392593885675978,10,1
3954,394,17.958129202647733,10,1
3964,395,4.040239564842448,10,1
3974,396,24.35205885446837,10,1
3985,397,93.73899471172648,11,1
3995,398,-3.3141698892851146,10,1
4006,399,15.820911464074287,11,1
4016,400,-5.325607645566455,10,1
4027,401,20.190059740623536,11,1
4037,402,1.1384586253604496,10,1
4047,403,-1.3614409153229121,10,1
4057,404,-11.745427561619827,10,1
4067,405,18.263466677912866,10,1
4077,406,-2.38090066708933,10,1
4087,407,-13.906737583116595,10,1
4097,408,10.012651460922427,10,1
4107,409,-9.858414532467442,10,1
4117,410,-8.311579182303579,10,1
4127,411,13.340675012896702,10,1
4137,412,24.913698910588856,10,1
4147,413,-9.77955599937505,10,1
4157,414,-6.556385637697853,10,1
4167,415,-5.563779590304071,10,1
4177,416,16.90143214823051,10,1
4187,417,2.5040870667074198,10,1
4198,418,-14.110737359408832,11,1
4208,419,-0.9061156197436241,10,1
4218,420,13.927548299994854,10,1
4228,421,11.957720396452908,10,1
4238,422,12.619146369343492,10,1
4248,423,16.959834785774508,10,1
4258,424,1.02713020473617,10,1
4268,425,21.207586520042007,10,1
4278,426,26.59284770006684,10,1
4288,427,3.4969853705863705,10,1
4298,428,-12.223592757317139,10,1
4308,429,18.41513051889523,10,1
4318,430,14.78773263978636,10,1
4329,431,58.690959781381686,11,1
4339,432,6.636981043969981,10,1
4349,433,121.3617918425793,10,1
4359,434,-0.5098674054637813,10,1
4369,435,32.746876940671896,10,1
4379,436,-2.099100056010139,10,1
4389,437,-5.314047957178893,10,1
4399,438,-11.972208862548742,10,1
4409,439,4.540705883350089,10,1
4419,440,57.18448489934554,10,1
4429,441,-1.044843233462066,10,1
4439,442,-7.491245890426925,10,1
4449,443,0.2093960539785757,10,1
4459,444,13.652570633284515,10,1
4469,445,3.691296250011609,10,1
4479,446,21.005389041431076,10,1
4489,447,14.486215016217997,10,1
4499,448,-1.7527588289529135,10,1
4510,449,24.881604566970584,11,1
4520,450,7.5701290035479385,10,1
4530,451,5.741994176087661,10,1
4542,452,-10.626594683637428,12,1
4552,453,6.9096869714439055,10,1
4563,454,11.629751416249619,11,1
4573,455,10.639381117199653,10,1
4583,456,1.6040961757495489,10,1
4596,457,31.017451305860025,13,1
4606,458,16.685604096029426,10,1
4616,459,-2.520153672916987,10,1
4626,460,6.174278922534535,10,1
4636,461,14.889543550194297,10,1
4646,462,12.989343714532621,10,1
4656,463,9.029186757962526,10,1
4666,464,12.797113994874124,10,1
4676,465,10.677002788258536,10,1
4687,466,-2.811892363251866,11,1
4697,467,14.013733031206007,10,1
4707,468,-0.09775488951647038,10,1
4717,469,10.274615671476951,10,1
4727,470,5.264287011557101,10,1
4737,471,79.99007116864956,10,1
4748,472,32.703819157159195,11,1
4758,473,16.933559297501798,10,1
4769,474,9.026024415397542,11,1
4779,475,8.222390890492408,10,1
4789,476,19.968472084108537,10,1
4800,477,8.120464907792185,11,1
4810,478,21.13126341550519,10,1
4820,479,19.106978798855966,10,1
4830,480,-1.628884050584103,10,1
4840,481,-6.765554555866901,10,1
4850,482,83.23618644321377,10,1
4860,483,12.433799740932955,10,1
4870,484,9.333577362454516,10,1
4880,485,2.5614116113802643,10,1
4890,486,10.220489607189034,10,1
4900,487,7.184434273534549,10,1
4910,488,28.771433462830903,10,1
4920,489,11.08742453512153,10,1
4930,490,-9.615612673640763,10,1
4940,491,25.355615166216037,10,1
4950,492,12.07528166152612,10,1
4962,493,-6.774649265506759,12,1
4972,494,12.374038267084458,10,1
4982,495,14.209420231672288,10,1
4992,496,8.196692181960493,10,1
5002,497,9.225533552290107,10,1
5012,498,18.061630905164186,10,1
5022,499,-0.4255465348534094,10,1
5032,500,0.5121504027788157,10,1
5042,501,2.7658498699611793,10,1
5052,502,18.281863481008905,10,1
5062,503,21.041372623110238,10,1
5072,504,15.886974403388209,10,1
5082,505,74.33916550915825,10,1
5092,506,31.651908103831165,10,1
5102,507,20.564869143719203,10,1
5112,508,17.287293021755687,10,1
5122,509,25.050764770562466,10,1
5132,510,27.33490891444468,10,1
5142,511,-5.625727588106716,10,1
5154,512,32.94349041569532,12,1
5164,513,10.385369476434805,10,1
5174,514,40.90652687716476,10,1
5184,515,32.089130858934475,10,1
5194,516,-11.138090073424173,10,1
5205,517,-0.33363635319789386,11,1
5215,518,18.394403533079828,10,1
5226,519,34.71099887498286,11,1
5236,520,18.232077917742625,10,1
5249,521,20.234420705304185,13,1
5259,522,8.05290378092422,10,1
5269,523,-9.2183280394497,10,1
5279,524,86.5104057790016,10,1
5289,525,13.941523962475708,10,1
5299,526,7.725937825200682,10,1
5309,527,8.81739874181183,10,1
5319,528,19.735665712085957,10,1
5329,529,58.83220722313864,10,1
5339,530,26.363221672423713,10,1
5349,531,27.89687044234864,10,1
5359,532,3.438824479256824,10,1
5369,533,14.211442796184711,10,1
5379,534,0.6999879292047515,10,1
5389,535,22.31812402726578,10,1
5399,536,4.424204150116648,10,1
5409,537,123.05551745666756,10,1
5419,538,52.17495362270554,10,1
5429,539,5.035198256059365,10,1
5439,540,-13.43190894203434,10,1
5449,541,-11.303284007563164,10,1
5459,542,6.264130158974989,10,1
5469,543,6.62452883679867,10,1
5479,544,10.201065676048641,10,1
5489,545,16.44854559904151,10,1
5499,546,16.07513371943252,10,1
5509,547,14.478410767395324,10,1
5519,548,-13.691533699108216,10,1
5530,549,-2.8538125220797954,11,1
5540,550,4.2276075322027085,10,1
5550,551,3.4695508874830394,10,1
5560,552,43.53176165903993,10,1
5571,553,62.223931989871026,11,1
5581,554,7.8628734828873785,10,1
5591,555,22.967619913725198,10,1
5601,556,-3.224183445859523,10,1
5611,557,-4.039927147915949,10,1
5622,558,-9.101798649198999,11,1
5632,559,-14.32451757755578,10,1
5642,560,-4.722174417618667,10,1
5652,561,18.957138539626843,10,1
5662,562,2.9839911190447976,10,1
5672,563,9.195624955134575,10,1
5682,564,11.171291580153621,10,1
5692,565,-13.878192382527159,10,1
5702,566,-1.7309174663769156,10,1
5712,567,10.249474872329158,10,1
5722,568,-7.194452531525531,10,1
5732,569,-1.5011020408218159,10,1
5742,570,3.371180767301014,10,1
5752,571,-1.3912926245913755,10,1
5762,572,24.545264090104993,10,1
5772,573,-13.50517630882721,10,1
5782,574,34.644523494419445,10,1
5792,575,18.56711100728381,10,1
5802,576,-6.361081923358638,10,1
5812,577,0.8789777378620579,10,1
5822,578,27.251576128596415,10,1
5832,579,10.06143142832678,10,1
5845,580,-2.3741150854996045,13,1
5855,581,-0.5483391886673298,10,1
5866,582,21.507449765559127,11,1
5876,583,1.4799231798633883,10,1
5886,584,-7.981867196966103,10,1
5896,585,14.08348380650157,10,1
5907,586,21.559726302949425,11,1
5917,587,-7.140270966305361,10,1
5927,588,-14.286499325418012,10,1
5939,589,6.610612190571576,12,1
5950,590,14.700005229383608,11,1
5960,591,-1.192800434671274,10,1
5970,592,10.15021889981017,10,1
5980,593,63.09723798992592,10,1
5990,594,2.3097132611635,10,1
6001,595,10.477716615436856,11,1
6011,596,7.197056837198898,10,1
6021,597,-3.3754516129727046,10,1
6031,598,-4.369276978738242,10,1
6041,599,11.337834082231018,10,1
6051,600,0.6625223028646966,10,1
6062,601,-14.558887862695046,11,1
6072,602,-14.048035162354505,10,1
6082,603,-12.580862811930597,10,1
6092,604,-6.714567857222889,10,1
6102,605,6.102056495933833,10,1
6113,606,-1.7560797737750742,11,1
6123,607,5.205921401727048,10,1
6133,608,5.817515876428311,10,1
6143,609,-4.534164711301741,10,1
6153,610,13.967690143074195,10,1
6163,611,-14.038385527142916,10,1
6173,612,-4.702680766043057,10,1
6183,613,-14.000492451504853,10,1
6197,614,23.464678960003976,14,1
6207,615,8.638923663235532,10,1
6217,616,16.166784188221204,10,1
6227,617,-4.537510485982553,10,1
6237,618,-11.403765211158353,10,1
6247,619,3.4247387260051094,10,1
6258,620,-7.2626345257457405,11,1
6268,621,-12.41730805562049,10,1
6278,622,4.521860299047093,10,1
6288,623,1.6874606509799763,10,1
6298,624,-6.338678503816992,10,1
6308,625,19.434836091836114,10,1
6319,626,-4.414416611972562,11,1
6329,627,-7.666160355855725,10,1
6339,628,19.157694747323504,10,1
6349,629,-2.660613969321327,10,1
6359,630,-0.5938561183841096,10,1
6369,631,-14.631248791623426,10,1
6379,632,8.344730304990783,10,1
6389,633,-3.3385403005421175,10,1
6401,634,87.42564675466983,12,1
6411,635,21.090345593253314,10,1
6421,636,-10.740793999726794,10,1
6431,637,-2.514462392323444,10,1
6443,638,4.343364876133498,12,1
6453,639,18.023263370531197,10,1
6463,640,-10.619369379967878,10,1
6473,641,-15.389182153005551,10,1
6483,642,13.044574590276422,10,1
6494,643,8.794953574397686,11,1
6504,644,-5.225071630104524,10,1
6514,645,9.073059694139756,10,1
6524,646,10.64186498245934,10,1
6534,647,21.520677313296236,10,1
6545,648,9.773203357388065,11,1
6555,649,-14.957521582723961,10,1
6565,650,14.812361134049917,10,1
6575,651,2.34437394784279,10,1
6586,652,6.51619544525379,11,1
6596,653,-12.546328768559984,10,1
6606,654,-8.774151271412231,10,1
6617,655,-7.4886244459935725,11,1
6627,656,-6.493252426186371,10,1
6637,657,-13.460529612017863,10,1
6647,658,17.189861998476598,10,1
6657,659,-14.490361451279732,10,1
6667,660,20.54435441976257,10,1
6680,661,1.9444801002550007,13,1
6690,662,5.45414867469496,10,1
6700,663,4.604668807873295,10,1
6710,664,7.020113283135054,10,1
6720,665,-0.12388846647858079,10,1
6730,666,4.177219004790494,10,1
6740,667,13.136054215638085,10,1
6751,668,-11.132058194255212,11,1
6761,669,19.636624506001095,10,1
6772,670,21.621257312247504,11,1
6782,671,-1.1468274527247877,10,1
6792,672,15.700813671498183,10,1
6802,673,0.8824301045224202,10,1
6812,674,5.774232196500454,10,1
6822,675,-10.369003359691963,10,1
6832,676,14.429536111081587,10,1
6842,677,-3.627550342183299,10,1
6852,678,19.496692160194957,10,1
6862,679,9.673313364325624,10,1
6872,680,16.093784267684658,10,1
6883,681,2.8920554973135557,11,1
6893,682,12.254601060184273,10,1
6903,683,-1.038623738938666,10,1
6913,684,-15.193897195334623,10,1
6923,685,12.280753975234624,10,1
6933,686,36.53195346597065,10,1
6943,687,2.888279491729246,10,1
6953,688,23.182062256056025,10,1
6963,689,-2.821846007777802,10,1
6973,690,19.63012041553652,10,1
6985,691,11.602769853617408,12,1
6998,692,-9.409694309663246,13,1
7009,693,31.809976978420497,11,1
7020,694,-16.41357849950057,11,1
7030,695,-20.621653036355397,10,1
7041,696,40.48345139304011,11,1
7051,697,11.141065852384951,10,1
7061,698,79.62333603017748,10,1
7071,699,-4.565216678693166,10,1
7081,700,-20.213619834489474,10,1
7091,701,-1.853681857989247,10,1
7101,702,-15.506536403332293,10,1
7111,703,36.42591395659042,10,1
7121,704,-12.440083505484784,10,1
7131,705,19.913628025838918,10,1
7141,706,7.899249405182181,10,1
7151,707,19.35666931660253,10,1
7161,708,4.850450296008213,10,1
7171,709,9.739523517913108,10,1
7181,710,-22.671679590623274,10,1
7191,711,-0.16279487530160774,10,1
7201,712,6.89997468475769,10,1
7211,713,7.246685957260616,10,1
7221,714,-10.736182075012907,10,1
7232,715,13.78602683094045,11,1
7242,716,-13.049942029627076,10,1
7252,717,-17.102645586874473,10,1
7262,718,19.563279894960882,10,1
7272,719,-24.613465266074975,10,1
7282,720,21.149282107168553,10,1
7292,721,125.14835009513124,10,1
7302,722,2.303996054624745,10,1
7312,723,2.6295575179631663,10,1
7322,724,14.77202391053378,10,1
7332,725,4.794178599605526,10,1
7342,726,17.667087948983465,10,1
7352,727,19.502905321539636,10,1
7362,728,5.213021002089508,10,1
7372,729,8.049217235875988,10,1
7382,730,20.893671416642626,10,1
7392,731,-10.04142083508573,10,1
7402,732,7.417607292317815,10,1
7412,733,19.611710901898906,10,1
7423,734,3.6096183041667236,11,1
7433,735,-13.435010596115516,10,1
7443,736,8.443735774548044,10,1
7453,737,66.97086570663502,10,1
7464,738,43.120685109821494,11,1
7476,739,-18.87896009776785,12,1
7486,740,-6.174237973310661,10,1
7496,741,-5.134634024934114,10,1
7506,742,27.864808711105475,10,1
7516,743,6.39037511752053,10,1
7527,744,31.45145510722456,11,1
7537,745,-14.271901401436624,10,1
7547,746,3.339305096616179,10,1
7557,747,-22.527153927824266,10,1
7567,748,-6.909995234151143,10,1
7578,749,4.895508527452166,11,1
7588,750,-13.8605072380514,10,1
7598,751,9.958937699274578,10,1
7612,752,38.28615613511071,14,1
7622,753,24.28682392878361,10,1
7632,754,5.358810516617861,10,1
7642,755,28.5939477575333,10,1
7652,756,5.152693189732888,10,1
7662,757,-12.844611575893483,10,1
7672,758,40.705894620186044,10,1
7683,759,6.560235150998441,11,1
7693,760,3.5218227179723605,10,1
7703,761,-19.98655885990358,10,1
7713,762,-19.225403678309874,10,1
7723,763,16.86411186919933,10,1
7733,764,-3.436092864647471,10,1
7743,765,12.686332673427342,10,1
7753,766,4.027171815570846,10,1
7764,767,109.92944070926285,11,1
7774,768,23.680751622962905,10,1
7784,769,-15.478098928497113,10,1
7795,770,-4.180855900875568,11,1
7805,771,4.3459877641123965,10,1
7815,772,3.749378601535568,10,1
7825,773,9.700440516462184,10,1
7835,774,12.438060130466374,10,1
7845,775,16.602887781159577,10,1
7856,776,-13.72124733528644,11,1
7866,777,10.538126948709511,10,1
7876,778,3.765359991711793,10,1
7886,779,98.98573602324092,10,1
7896,780,17.87184504236292,10,1
7906,781,-0.6560864234301563,10,1
7916,782,-4.155059790175112,10,1
7926,783,6.61343372769478,10,1
7936,784,-2.4323349903434632,10,1
7947,785,12.53496960256088,11,1
7957,786,72.17213942514202,10,1
7968,787,-4.133058323585169,11,1
7978,788,70.24145224778293,10,1
7988,789,11.438339664825016,10,1
7999,790,-2.2742704224811914,11,1
8009,791,82.22478678387662,10,1
8020,792,13.610839641725446,11,1
8030,793,-11.194613614031274,10,1
8040,794,16.741806758953967,10,1
8050,795,20.89723018300723,10,1
8060,796,16.037052099281556,10,1
8070,797,26.461356108894876,10,1
8080,798,-15.755436975526045,10,1
8090,799,-0.7270372449781531,10,1
8100,800,15.125684623412996,10,1
8110,801,54.400398766476,10,1
8120,802,11.823353008115049,10,1
8130,803,100.20979598950977,10,1
8141,804,37.196845767046284,11,1
8151,805,22.5528853834896,10,1
8161,806,-7.579314343031366,10,1
8171,807,53.77127329252416,10,1
8181,808,5.7972773055268565,10,1
8191,809,15.502379083611451,10,1
8203,810,5.896361710489409,12,1
8213,811,56.455913931196065,10,1
8223,812,-0.0443090897830718,10,1
8233,813,25.797670850224012,10,1
8246,814,3.8807948750711505,13,1
8256,815,26.055851299926985,10,1
8266,816,77.29613622475462,10,1
8277,817,24.38179135436099,11,1
8288,818,6.422248035266151,11,1
8298,819,-13.60174024836791,10,1
8308,820,-11.643285288390942,10,1
8318,821,101.8042605801283,10,1
8328,822,4.1383655397266885,10,1
8338,823,17.224742820255916,10,1
8348,824,22.726149607651934,10,1
8358,825,23.377571833637575,10,1
8368,826,-9.97580850415144,10,1
8378,827,15.183815725246802,10,1
8390,828,22.500941419625057,12,1
8401,829,27.706670593252802,11,1
8411,830,-10.079190250309317,10,1
8421,831,39.33573345635959,10,1
8431,832,20.619175249275347,10,1
8441,833,7.648382763455745,10,1
8451,834,-12.085379260141526,10,1
8461,835,-0.20316565393861968,10,1
8471,836,-6.667537517264108,10,1
8481,837,-1.500276752520628,10,1
8491,838,6.019704184251866,10,1
8501,839,20.39871308597929,10,1
8512,840,17.031704111717897,11,1
8523,841,-12.173187433388941,11,1
8533,842,25.485209999768795,10,1
8543,843,18.651696930503324,10,1
8553,844,7.388393656805727,10,1
8564,845,-6.215497129403242,11,1
8574,846,9.385778550822234,10,1
8584,847,22.233011319729822,10,1
8594,848,27.532493781064204,10,1
8604,849,21.996090002056892,10,1
8614,850,43.73455794997555,10,1
8624,851,1.2565774795501616,10,1
8634,852,23.07938922569624,10,1
8644,853,11.604530924416581,10,1
8654,854,15.85033729436355,10,1
8664,855,-1.0923891920007893,10,1
8674,856,-6.698156597261037,10,1
8684,857,19.139063893802298,10,1
8695,858,136.33565428940824,11,1
8706,859,41.74237908485861,11,1
8716,860,-1.6861550839656743,10,1
8727,861,-10.481128659019225,11,1
8737,862,18.969000180721498,10,1
8747,863,19.849159136090634,10,1
8758,864,23.595477010291113,11,1
8768,865,8.580461648508352,10,1
8778,866,12.516544218283391,10,1
8788,867,11.82625326881868,10,1
8798,868,33.08858287411529,10,1
8809,869,12.368604311267989,11,1
8819,870,8.592704796221714,10,1
8829,871,38.68477140411805,10,1
8840,872,65.11848504663314,11,1
8850,873,19.639003339187557,10,1
8864,874,-12.059592970460272,14,1
8874,875,-12.251193451302898,10,1
8884,876,19.739433835254637,10,1
8894,877,12.347378448200109,10,1
8905,878,18.153432583622738,11,1
8915,879,26.19329511277114,10,1
8926,880,13.043427821616493,11,1
8938,881,1.3488634833343935,12,1
8948,882,25.173424888108926,10,1
8958,883,15.96841447535938,10,1
8968,884,-0.6983619122018653,10,1
8978,885,35.616234067563056,10,1
8989,886,20.07222404393997,11,1
8999,887,4.054205724599014,10,1
9009,888,14.1027370460092,10,1
9019,889,20.120327108472047,10,1
9029,890,26.034909542568084,10,1
9039,891,87.40571347739025,10,1
9049,892,41.31798256804676,10,1
9059,893,21.582216891836993,10,1
9069,894,17.63276593633602,10,1
9079,895,31.40295666244971,10,1
9089,896,-18.424512974886685,10,1
9099,897,9.946972550749209,10,1
9109,898,73.60679561588962,10,1
9119,899,99.41491569660181,10,1
9129,900,18.754829033389207,10,1
9139,901,5.7076991855862,10,1
9149,902,22.06784594182214,10,1
9159,903,23.995350472032147,10,1
9169,904,19.75351220138371,10,1
9179,905,26.79587441959633,10,1
9190,906,19.01209175160013,11,1
9200,907,23.29256220666188,10,1
9211,908,21.481787191387937,11,1
9222,909,9.963135127398093,11,1
9232,910,8.140796674338734,10,1
9242,911,86.13327239862869,10,1
9252,912,48.5369085660627,10,1
9262,913,114.51440590194481,10,1
9272,914,126.81964694816364,10,1
9282,915,19.202902366424574,10,1
9292,916,84.19705798411091,10,1
9302,917,29.614445902555126,10,1
9312,918,16.54951013664381,10,1
9322,919,58.511300911381014,10,1
9333,920,25.780743010343038,11,1
9344,921,-7.1827244896706235,11,1
9354,922,17.81467635775441,10,1
9365,923,39.332083612500426,11,1
9375,924,36.92826980500824,10,1
9385,925,2.745402341008307,10,1
9395,926,12.483081846997436,10,1
9405,927,23.174880477670573,10,1
9415,928,4.292587850605238,10,1
9426,929,24.281151564685103,11,1
9436,930,38.6133581047162,10,1
9446,931,8.418897250420555,10,1
9456,932,7.039331723721523,10,1
9466,933,30.49049885713553,10,1
9476,934,-14.416845693122621,10,1
9486,935,20.92123870273511,10,1
9496,936,31.025211020252648,10,1
9506,937,16.889256377309625,10,1
9517,938,11.770538953021253,11,1
9527,939,28.100592194767177,10,1
9537,940,4.244062433978334,10,1
9549,941,101.19256276077675,12,1
9559,942,21.56155526092506,10,1
9569,943,55.28836216173622,10,1
9580,944,37.565981164565365,11,1
9590,945,47.992765435555164,10,1
9600,946,19.403939495299507,10,1
9610,947,42.04049521796418,10,1
9620,948,113.74813795386162,10,1
9630,949,15.687074485465999,10,1
9640,950,23.59989621705829,10,1
9650,951,5.525226800044326,10,1
9660,952,-14.639534299376823,10,1
9670,953,17.57524545340071,10,1
9680,954,7.260358798244267,10,1
9690,955,70.23593980645957,10,1
9700,956,9.799756702930223,10,1
9710,957,84.28552305051853,10,1
9720,958,15.607777573320654,10,1
9730,959,70.71002963182646,10,1
9741,960,30.571001780691017,11,1
9752,961,11.308300342381536,11,1
9763,962,22.028484154991848,11,1
9774,963,116.2337768872515,11,1
9784,964,14.914862898407598,10,1
9794,965,20.7684475623272,10,1
9804,966,1.0675029706844898,10,1
9814,967,30.488336899103125,10,1
9824,968,19.25938068313695,10,1
9834,969,19.67634599851497,10,1
9844,970,12.691125674539514,10,1
9854,971,16.79194945792825,10,1
9864,972,21.07950690655256,10,1
9874,973,20.556478683199018,10,1
9884,974,1.1094361679867826,10,1
9894,975,0.4712315657680315,10,1
9906,976,14.779561233905378,12,1
9917,977,17.315271085736065,11,1
9927,978,33.14239941264115,10,1
9937,979,36.38251119705271,10,1
9947,980,17.84300490980982,10,1
9957,981,26.969953985575735,10,1
9967,982,-8.24161075040826,10,1
9979,983,13.582328386691996,12,1
9991,984,1.9984869339260163,12,1
10001,985,16.153316584086802,10,1
10013,986,11.690467656981392,12,1
10023,987,14.439303800323362,10,1
10033,988,52.58478260315779,10,1
10043,989,21.62283217975171,10,1
10053,990,14.137618811874889,10,1
10063,991,13.538862261362153,10,1
10073,992,-8.891144288681566,10,1
10083,993,14.167541577166789,10,1
10093,994,14.51247054764067,10,1
10104,995,21.484627838771488,11,1
10114,996,20.068859560757787,10,1
10126,997,6.344943228357596,12,1
10136,998,9.055920656065586,10,1
10146,999,-11.596175800628286,10,1
10156,1000,88.44540949392038,10,1
10166,1001,10.503162722707087,10,1
10176,1002,-13.745887980729687,10,1
10186,1003,21.379422556145407,10,1
10196,1004,-25.712329754056924,10,1
10207,1005,18.689721079818934,11,1
10217,1006,8.757134089994098,10,1
10227,1007,-5.971051587247795,10,1
10237,1008,-8.788979084390789,10,1
10248,1009,10.819823344916465,11,1
10258,1010,15.728442446173943,10,1
10270,1011,1.949558029653919,12,1
10280,1012,-16.249983174557965,10,1
10290,1013,32.40159070567279,10,1
10300,1014,5.462210362681574,10,1
10310,1015,25.313696981074294,10,1
10321,1016,26.69649665015034,11,1
10331,1017,25.457510639473917,10,1
10341,1018,49.144266836980805,10,1
10351,1019,3.809802871844329,10,1
10361,1020,-18.055864501958947,10,1
10371,1021,-43.10669363400679,10,1
10382,1022,18.52585327798941,11,1
10392,1023,-13.382624420714478,10,1
10402,1024,13.924205614776147,10,1
10412,1025,1.1084162464368985,10,1
10422,1026,0.7799130658797191,10,1
10432,1027,88.65265711447094,10,1
10442,1028,11.47009069128322,10,1
10452,1029,22.0924492943236,10,1
10462,1030,28.045188280086997,10,1
10472,1031,-28.756208170338166,10,1
10483,1032,19.73233000006901,11,1
10493,1033,-1.3901694906012079,10,1
10503,1034,28.266768359043038,10,1
10513,1035,10.870189797234778,10,1
10523,1036,-14.883652217472601,10,1
10534,1037,16.307412331143382,11,1
10544,1038,-13.81164731143774,10,1
10554,1039,-16.51445330340347,10,1
10564,1040,-19.829430519680077,10,1
10574,1041,-16.844502161810723,10,1
10584,1042,43.36535937329835,10,1
10594,1043,6.4294406542991425,10,1
10604,1044,14.186356190637945,10,1
10614,1045,26.243401403207027,10,1
10624,1046,4.4597771364210805,10,1
10634,1047,-12.96984141582795,10,1
10644,1048,39.46504912746831,10,1
10654,1049,85.37557111373987,10,1
10666,1050,20.95108258432255,12,1
10676,1051,11.006900668009314,10,1
10686,1052,12.128269548636293,10,1
10696,1053,20.771424493787546,10,1
10708,1054,-2.5513802484416,12,1
10718,1055,32.994946842573704,10,1
10730,1056,8.249084838306969,12,1
10744,1057,20.79504612539549,14,1
10754,1058,8.953887098392736,10,1
10764,1059,11.83290904388346,10,1
10774,1060,16.20008791973866,10,1
10784,1061,57.15126315627023,10,1
10795,1062,27.764108187850365,11,1
10805,1063,-11.630786171630204,10,1
10817,1064,-14.264936662470854,12,1
10828,1065,52.91327229144526,11,1
10838,1066,27.677139191343404,10,1
10848,1067,25.830118346307113,10,1
10858,1068,-15.476100472747843,10,1
10868,1069,-2.04640943735314,10,1
10878,1070,-16.31759132264354,10,1
10888,1071,-18.044746620042915,10,1
10898,1072,-17.16539388956091,10,1
10908,1073,15.144934099366624,10,1
10918,1074,-13.607998026869819,10,1
10928,1075,6.812531173918278,10,1
10938,1076,37.535124589574224,10,1
10948,1077,-25.83377374402453,10,1
10958,1078,14.117694640492045,10,1
10969,1079,21.02048619753194,11,1
10980,1080,87.95544316118381,11,1
10990,1081,-24.10546981415754,10,1
11000,1082,98.76732354186477,10,1
11010,1083,35.13076922160316,10,1
11026,1084,10.702461935354624,16,1
11037,1085,23.145491808972515,11,1
11049,1086,-7.78544424538816,12,1
11059,1087,14.149742656018164,10,1
11069,1088,20.662055956412637,10,1
11079,1089,-38.40735440020196,10,1
11089,1090,-29.97569234670934,10,1
11099,1091,-11.081887383792965,10,1
11111,1092,9.078826069979193,12,1
11121,1093,-33.7819458365994,10,1
11131,1094,-12.6089964879527,10,1
11141,1095,-11.346771104838803,10,1
11151,1096,4.118599191732351,10,1
11162,1097,8.258041413383967,11,1
11172,1098,106.3663091683398,10,1
11184,1099,-2.116481459349408,12,1
11194,1100,22.668800149121164,10,1
11204,1101,-8.160539207745583,10,1
11214,1102,26.008403103614867,10,1
11229,1103,17.553688684475897,15,1
11239,1104,-13.335819072630716,10,1
11249,1105,20.335327167195125,10,1
11259,1106,-16.22458324326363,10,1
11269,1107,-14.883666533805203,10,1
11282,1108,-14.068619829612524,13,1
11292,1109,4.415525523596642,10,1
11302,1110,-21.491656335190438,10,1
11312,1111,3.159812061923946,10,1
11322,1112,3.8838927156545733,10,1
11332,1113,10.260648798833195,10,1
11342,1114,-3.537712483682668,10,1
11352,1115,7.980273782387595,10,1
11362,1116,22.97889670363178,10,1
11372,1117,26.73166442166941,10,1
11383,1118,17.153859960271166,11,1
11393,1119,-17.836383123647636,10,1
11404,1120,-1.1828135662089236,11,1
11416,1121,19.051282058559202,12,1
11426,1122,-6.933038168076114,10,1
11437,1123,4.900943431673,11,1
11447,1124,13.501620872709053,10,1
11457,1125,35.39098498708908,10,1
11467,1126,5.087657253357871,10,1
11477,1127,16.900934907135436,10,1
11487,1128,17.065617279005927,10,1
11497,1129,16.707872566343056,10,1
11508,1130,-4.330286344342355,11,1
11523,1131,5.8667775471933,15,1
11533,1132,21.21277913899066,10,1
11543,1133,106.80871119442715,10,1
11555,1134,15.337181403754002,12,1
11565,1135,25.61825162309602,10,1
11575,1136,3.741090870064244,10,1
11589,1137,-31.734238443392623,14,1
11600,1138,14.348533399313473,11,1
11610,1139,9.468566368743632,10,1
11620,1140,21.97495426979494,10,1
11630,1141,15.99373914396564,10,1
11640,1142,15.883729502469816,10,1
11650,1143,18.057520636680504,10,1
11660,1144,131.58958215457238,10,1
11671,1145,16.382698681782234,11,1
11681,1146,10.08086186357696,10,1
11691,1147,16.35064396464726,10,1
11701,1148,52.94401758157224,10,1
11711,1149,3.6753656480564607,10,1
11723,1150,117.22322811598946,12,1
11736,1151,5.531933901545304,13,1
11754,1152,-12.231763948180943,18,1
11765,1153,115.11955034331324,11,1
11775,1154,30.706225901105004,10,1
11786,1155,-4.320139958149801,11,1
11802,1156,-12.609856376561643,16,1
11813,1157,10.01596110199727,11,1
11824,1158,10.528937798040191,11,1
11835,1159,17.308175901096657,11,1
11846,1160,11.472951847990728,11,1
11856,1161,49.87266123791499,10,1
11866,1162,80.64479352410326,10,1
11876,1163,32.074771533495806,10,1
11888,1164,8.941017808015,12,1
11898,1165,58.730961248327226,10,1
11908,1166,8.68713394060505,10,1
11919,1167,15.481125282483637,11,1
11930,1168,15.35260991883627,11,1
11941,1169,4.4277526057665995,11,1
11951,1170,54.499142377004745,10,1
11961,1171,81.18021087497324,10,1
11972,1172,8.24670206475298,11,1
11982,1173,0.13585544357960888,10,1
11994,1174,3.081142907401472,12,1
12005,1175,2.915936082797536,11,1
12015,1176,59.279217577528115,10,1
12025,1177,16.928272216656506,10,1
12035,1178,24.0956510301491,10,1
12045,1179,33.892201250134384,10,1
12057,1180,-0.7069019624704542,12,1
12067,1181,12.829112474069836,10,1
12078,1182,26.683571971093297,11,1
12088,1183,1.5740466764572512,10,1
12098,1184,2.1712486615733795,10,1
12108,1185,13.147191855819589,10,1
12119,1186,19.140848225428144,11,1
12130,1187,-3.611667027808487,11,1
12140,1188,3.803214177038413,10,1
12151,1189,16.475582493915205,11,1
12163,1190,24.681826245037954,12,1
12173,1191,13.10289832027693,10,1
12184,1192,65.49568033689496,11,1
12195,1193,59.36362016586053,11,1
12205,1194,-0.037455481345536334,10,1
12215,1195,38.14769159657908,10,1
12226,1196,21.277995679433644,11,1
12236,1197,78.91408202221679,10,1
12246,1198,58.716449523998925,10,1
12258,1199,13.385344887680905,12,1
12268,1200,21.94154058512809,10,1
12278,1201,-15.129043985040585,10,1
12290,1202,7.54626260177291,12,1
12301,1203,14.617020007073767,11,1
12313,1204,16.36981161452351,12,1
12323,1205,12.582207795269293,10,1
12333,1206,-0.8437200058494652,10,1
12343,1207,4.045815245666188,10,1
12353,1208,76.58010464846745,10,1
12363,1209,19.8117658986056,10,1
12374,1210,21.7172439003653,11,1
12384,1211,88.77756975636399,10,1
12394,1212,12.719739246179785,10,1
12406,1213,6.862773366279423,12,1
12416,1214,128.2143294382913,10,1
12426,1215,65.59049995782347,10,1
12436,1216,16.655499602000447,10,1
12446,1217,43.88313156725272,10,1
12456,1218,-1.0450534172712136,10,1
12466,1219,29.848768667710782,10,1
12478,1220,59.30653829632792,12,1
12488,1221,2.838803879516028,10,1
12501,1222,31.317553721357253,13,1
12512,1223,75.85006422666766,11,1
12522,1224,113.50512213998552,10,1
12534,1225,-3.0933396162944944,12,1
12544,1226,21.597891339851078,10,1
12554,1227,32.98566633628005,10,1
12566,1228,-16.435029429980524,12,1
12576,1229,23.126082546826446,10,1
12588,1230,115.30951665187942,12,1
12598,1231,72.8640456328359,10,1
12608,1232,15.050030801905745,10,1
12618,1233,-1.5084641226787898,10,1
12628,1234,31.70101227662444,10,1
12638,1235,11.495832292466906,10,1
12649,1236,6.578979467494801,11,1
12659,1237,15.864332747827836,10,1
12669,1238,49.06188996017159,10,1
12679,1239,6.761160929344384,10,1
12689,1240,28.44699207446992,10,1
12699,1241,14.95657124663881,10,1
12709,1242,40.78097985718111,10,1
12720,1243,23.79359875778262,11,1
12731,1244,37.71831087503371,11,1
12744,1245,-2.052628252266058,13,1
12754,1246,53.11760403743442,10,1
12764,1247,17.750064073152345,10,1
12774,1248,22.279139635407567,10,1
12785,1249,19.74156638506906,11,1
12796,1250,18.15517316393412,11,1
12806,1251,19.165958670082915,10,1
12816,1252,20.89130771301272,10,1
12829,1253,21.498478495368722,13,1
12840,1254,-11.365141278684895,11,1
12850,1255,15.44812073088899,10,1
12860,1256,50.076745365434924,10,1
12873,1257,3.418857421601028,13,1
12883,1258,15.561062054650119,10,1
12893,1259,49.8148865809603,10,1
12903,1260,18.471643914572347,10,1
12913,1261,20.904229994901065,10,1
12923,1262,81.26931483368809,10,1
12933,1263,34.170778324366886,10,1
12943,1264,8.220692706688169,10,1
12953,1265,8.186393505451306,10,1
12963,1266,-5.2696567721740255,10,1
12973,1267,-10.472450701927718,10,1
12983,1268,27.664041589153015,10,1
12993,1269,36.6725873485917,10,1
13004,1270,72.41837390382372,11,1
13014,1271,73.11568160737377,10,1
13027,1272,21.61875543216775,13,1
13037,1273,-16.80720610425713,10,1
13048,1274,-52.39103906219324,11,1
13058,1275,-0.6157026589257705,10,1
13068,1276,76.30816470481383,10,1
13078,1277,128.65397981391854,10,1
13088,1278,20.32475764377279,10,1
13098,1279,3.1678851169485407,10,1
13108,1280,-6.793862562655407,10,1
13118,1281,37.70847289305243,10,1
13128,1282,14.825716573508734,10,1
13138,1283,34.42444620312855,10,1
13148,1284,26.62893520892064,10,1
13159,1285,9.938491033009182,11,1
13170,1286,22.76129007835335,11,1
13181,1287,21.567246580331894,11,1
13191,1288,61.136572894276384,10,1
13201,1289,46.7731692767905,10,1
13211,1290,12.212351340851335,10,1
13221,1291,28.24453162683298,10,1
13231,1292,16.626777906061523,10,1
13241,1293,32.22166067558482,10,1
13251,1294,15.977385924047308,10,1
13261,1295,16.79990688862659,10,1
13271,1296,15.768992758245044,10,1
13285,1297,20.268726615772195,14,1
13295,1298,32.01330750243334,10,1
13307,1299,10.939117177854458,12,1
13317,1300,11.319608104879597,10,1
13327,1301,9.115119718445055,10,1
13337,1302,-0.13263553945160916,10,1
13347,1303,17.981389293758777,10,1
13358,1304,15.745888566620838,11,1
13370,1305,4.446919237435649,12,1
13380,1306,22.945173442194697,10,1
13394,1307,11.082162420687181,14,1
13406,1308,23.609635698558655,12,1
13416,1309,-23.93505243227993,10,1
13426,1310,24.32157674253184,10,1
13437,1311,39.78437995920986,11,1
13447,1312,30.71324530473485,10,1
13457,1313,20.277176857679425,10,1
13467,1314,13.971036246695578,10,1
13477,1315,1.976058152320337,10,1
13493,1316,5.786136774569832,16,1
13504,1317,-6.011663165913844,11,1
13514,1318,17.78665417111378,10,1
13526,1319,62.54375026093125,12,1
13537,1320,23.062515207575224,11,1
13548,1321,27.692773370714594,11,1
13559,1322,21.77827689025039,11,1
13569,1323,-1.7233197471219301,10,1
13579,1324,24.51825805742977,10,1
13590,1325,52.57254636376279,11,1
13600,1326,-3.6257539327718553,10,1
13613,1327,12.4370111625935,13,1
13623,1328,17.761754838960677,10,1
13633,1329,37.448527238050715,10,1
13643,1330,-2.559240963981493,10,1
13653,1331,20.414962801687523,10,1
13663,1332,15.35252481084501,10,1
13673,1333,21.192750334548595,10,1
13683,1334,13.194754388987365,10,1
13693,1335,-0.6525971060018886,10,1
13703,1336,33.86237457839872,10,1
13713,1337,72.48532073892709,10,1
13723,1338,56.51268395588444,10,1
13734,1339,1.8752427956941857,11,1
13746,1340,26.794498471243024,12,1
13756,1341,26.65883349896351,10,1
13767,1342,20.4541497044317,11,1
13777,1343,79.01976039411376,10,1
13787,1344,12.699279405096515,10,1
13797,1345,23.286286766246892,10,1
13807,1346,4.041359520400944,10,1
13817,1347,-8.418303241214078,10,1
13828,1348,13.016087209943178,11,1
13839,1349,25.450733965552843,11,1
13849,1350,12.023280190319753,10,1
13859,1351,21.11919032804577,10,1
13873,1352,35.734159092795984,14,1
13883,1353,89.28326120630565,10,1
13893,1354,79.0788138550694,10,1
13903,1355,12.650932996822654,10,1
13913,1356,7.074083747729579,10,1
13923,1357,3.970772964132462,10,1
13934,1358,13.480805336212796,11,1
13944,1359,37.308821954889375,10,1
13956,1360,4.842894947793931,12,1
13968,1361,17.176190698441566,12,1
13978,1362,15.42332631021152,10,1
13988,1363,19.27221290033387,10,1
13998,1364,10.536571074753123,10,1
14008,1365,3.2974704969630184,10,1
14018,1366,17.045139243650564,10,1
14029,1367,7.588839182912536,11,1
14039,1368,8.246890455093034,10,1
14049,1369,20.533137430001393,10,1
14059,1370,104.43992946336984,10,1
14069,1371,39.69030403288591,10,1
14079,1372,33.4264881430308,10,1
14089,1373,22.79110217295138,10,1
14100,1374,58.68145378019338,11,1
14110,1375,14.124105245561527,10,1
14123,1376,45.22395632170883,13,1
14133,1377,14.250790367893195,10,1
14143,1378,58.998811754474666,10,1
14153,1379,15.853937408071811,10,1
14170,1380,16.162910727604,17,1
14180,1381,40.30911108160715,10,1
14190,1382,27.159410037665722,10,1
14200,1383,14.853955153804346,10,1
14210,1384,45.11973591724156,10,1
14220,1385,4.534216258221741,10,1
14230,1386,109.49606066055969,10,1
14244,1387,7.709137189068467,14,1
14254,1388,27.527428795200166,10,1
14264,1389,34.566025358483934,10,1
14276,1390,10.516558489488451,12,1
14287,1391,22.283976227534097,11,1
14297,1392,25.739814205462324,10,1
14307,1393,54.48095935696242,10,1
14317,1394,48.372315723923776,10,1
14327,1395,13.818950599914421,10,1
14338,1396,-0.7743720029164212,11,1
14348,1397,32.92826682953553,10,1
14359,1398,-4.753503476098707,11,1
14369,1399,22.2684484330633,10,1
14379,1400,102.50604627978112,10,1
14391,1401,11.313166723872719,12,1
14401,1402,12.35946647824472,10,1
14418,1403,-19.691171742860032,17,1
14430,1404,88.1268157216368,12,1
14442,1405,13.433289426323045,12,1
14454,1406,21.381528073529758,12,1
14466,1407,16.115860967642348,12,1
14483,1408,-18.92325307176347,17,1
14494,1409,28.985630992370865,11,1
14506,1410,130.0250741862857,12,1
14516,1411,12.885840285019,10,1
14526,1412,43.529726544532515,10,1
14537,1413,4.308999751300628,11,1
14548,1414,20.52673753977292,11,1
14558,1415,17.95368305768342,10,1
14569,1416,71.54936438352654,11,1
14579,1417,9.892282698818166,10,1
14597,1418,-37.697425991396486,18,1
14610,1419,10.086742906756074,13,1
14620,1420,92.15901246856158,10,1
14630,1421,54.95080410508487,10,1
14645,1422,25.208207676329724,15,1
14656,1423,13.378052102447054,11,1
14666,1424,23.792041988010162,10,1
14678,1425,21.353024418420837,12,1
14688,1426,124.41083754293079,10,1
14698,1427,63.05090877941793,10,1
14710,1428,11.063086944134296,12,1
14720,1429,15.313419588091394,10,1
14731,1430,96.52674026211783,11,1
14741,1431,17.96712298532603,10,1
14753,1432,3.967033372432332,12,1
14763,1433,54.830412465888294,10,1
14776,1434,14.117110094945119,13,1
14786,1435,19.821650161040882,10,1
14796,1436,10.710259364994336,10,1
14806,1437,19.212407453308856,10,1
14816,1438,110.30637807731615,10,1
14827,1439,-11.018849796661504,11,1
14843,1440,-23.63855210484357,16,1
14853,1441,31.924659351686408,10,1
14863,1442,20.367320530442573,10,1
14873,1443,40.04118287887629,10,1
14883,1444,24.64918104867643,10,1
14893,1445,59.578355406214676,10,1
14903,1446,128.4973617733343,10,1
14918,1447,20.044151557208497,15,1
14928,1448,53.007756563393265,10,1
14939,1449,20.54651790263664,11,1
14949,1450,15.94829595918129,10,1
14959,1451,44.04172183939992,10,1
14969,1452,10.956081917384388,10,1
14980,1453,12.146634418872736,11,1
14990,1454,24.21668124467423,10,1
15000,1455,21.668869562471958,10,1
15024,1456,3.8928794800461954,24,1
15034,1457,7.587850729269702,10,1
15044,1458,14.749937125551408,10,1
15054,1459,102.7880929518654,10,1
15064,1460,21.105386165116112,10,1
15075,1461,-10.088291723309135,11,1
15085,1462,-2.3451413697582186,10,1
15097,1463,23.474068544619534,12,1
15108,1464,3.7697717753313347,11,1
15118,1465,89.44581413202454,10,1
15128,1466,20.113002316546485,10,1
15138,1467,68.97156767241871,10,1
15153,1468,-11.046760746098922,15,1
15163,1469,18.929863586357403,10,1
15174,1470,-14.072382923526762,11,1
15184,1471,16.82193897160499,10,1
15194,1472,10.928592292194258,10,1
15207,1473,16.168896618369757,13,1
15217,1474,12.908885624544522,10,1
15227,1475,21.492851207852283,10,1
15237,1476,3.1281233122029004,10,1
15247,1477,23.059597747384597,10,1
15257,1478,29.141362079728854,10,1
15267,1479,-9.359486310297395,10,1
15278,1480,44.13502067392598,11,1
15288,1481,70.43614058845635,10,1
15299,1482,10.622199681992186,11,1
15312,1483,11.108181892352151,13,1
15322,1484,35.084363658934755,10,1
15334,1485,5.740135099971393,12,1
15347,1486,-14.61847786391541,13,1
15359,1487,101.81435027865987,12,1
15371,1488,20.35125916928598,12,1
15381,1489,0.8158460056713783,10,1
15391,1490,13.547212982742513,10,1
15401,1491,12.615469797028881,10,1
15411,1492,8.806077177540597,10,1
15426,1493,10.361493243594012,15,1
15438,1494,21.900892352172836,12,1
15448,1495,9.980975686431103,10,1
15462,1496,-11.330507802348356,14,1
15472,1497,5.387406800388161,10,1
15482,1498,-1.4648818870108298,10,1
15492,1499,24.979467875090037,10,1
15505,1500,37.62159960887367,13,1
15515,1501,64.09417052766362,10,1
15525,1502,22.282711579025317,10,1
15535,1503,12.025993312383006,10,1
15545,1504,15.067649959561315,10,1
15555,1505,-6.193187996715945,10,1
15565,1506,7.455620861103866,10,1
15576,1507,112.78270118442467,11,1
15586,1508,8.109506731802163,10,1
15596,1509,9.83838744451031,10,1
15606,1510,14.616274231771694,10,1
15616,1511,8.31418608028638,10,1
15626,1512,7.789392259546306,10,1
15636,1513,14.553899371455277,10,1
15646,1514,29.907479008530345,10,1
15656,1515,6.967772834921909,10,1
15668,1516,13.011951763664603,12,1
15678,1517,49.42856165031564,10,1
15689,1518,-16.36759095934937,11,1
15699,1519,15.962949878082043,10,1
15711,1520,42.93952408197271,12,1
15721,1521,15.605291790441957,10,1
15731,1522,-10.927048494855411,10,1
15741,1523,-9.520199439021729,10,1
15755,1524,6.386650002539102,14,1
15769,1525,0.12992691533733003,14,1
15781,1526,8.451281880154083,12,1
15793,1527,-13.627430048307694,12,1
15807,1528,0.1972122911465578,14,1
15819,1529,-8.948638733015786,12,1
15835,1530,-19.498602250657715,16,1
15845,1531,-13.099006723952265,10,1
15855,1532,44.41672653686468,10,1
15865,1533,16.12970003098694,10,1
15877,1534,-12.450250591333509,12,1
15896,1535,25.7807562539416,19,1
15910,1536,-7.549015539363131,14,1
15921,1537,-1.9872894764674405,11,1
15932,1538,20.111919150874588,11,1
15943,1539,20.57390111091229,11,1
15954,1540,5.532570426592477,11,1
15965,1541,3.23893904872312,11,1
15976,1542,18.741467228489956,11,1
15988,1543,8.317875745525722,12,1
15999,1544,7.102913373597672,11,1
16014,1545,-13.999031749319874,15,1
16025,1546,-7.091892271685671,11,1
16035,1547,6.544003062323433,10,1
16045,1548,34.97577664134359,10,1
16059,1549,18.96090202549961,14,1
16071,1550,7.339637890360482,12,1
16081,1551,77.74468447838493,10,1
16091,1552,11.044298092964176,10,1
16101,1553,54.09913076243512,10,1
16111,1554,23.702294647124607,10,1
16122,1555,-1.5399733639439788,11,1
16133,1556,18.252583886903345,11,1
16143,1557,-8.576745313910589,10,1
16153,1558,16.192368673219637,10,1
16164,1559,13.100110896075803,11,1
16174,1560,13.49840155081926,10,1
16184,1561,12.67170531583195,10,1
16194,1562,98.51820946714096,10,1
16206,1563,3.4482120487295673,12,1
16221,1564,20.870025493211262,15,1
16231,1565,38.70956103496869,10,1
16246,1566,15.706240030149173,15,1
16256,1567,-11.814376360334506,10,1
16267,1568,14.307511253721275,11,1
16279,1569,17.48613155697152,12,1
16289,1570,-1.1936315049545894,10,1
16299,1571,-15.718922884045547,10,1
16309,1572,-1.6712351036717492,10,1
16319,1573,110.82456197704913,10,1
16329,1574,36.79495735024362,10,1
16340,1575,9.826579223489968,11,1
16352,1576,18.041708029066175,12,1
16362,1577,-4.969436887926003,10,1
16372,1578,13.597771949507518,10,1
16383,1579,0.14708518987216862,11,1
16393,1580,21.42349438171428,10,1
16403,1581,17.705286703498658,10,1
16416,1582,-8.684290672977102,13,1
16426,1583,118.04531847718694,10,1
16436,1584,15.935694497214545,10,1
16447,1585,-3.4582939931305505,11,1
16461,1586,11.051249235895643,14,1
16472,1587,-3.251280248610187,11,1
16482,1588,50.36311361510967,10,1
16493,1589,6.679001749488915,11,1
16505,1590,-3.0922660446076384,12,1
16515,1591,59.11265776976213,10,1
16525,1592,5.8622657554316175,10,1
16536,1593,15.525961188373008,11,1
16546,1594,20.968052273285334,10,1
16556,1595,11.262155016524652,10,1
16566,1596,48.87532164836747,10,1
16576,1597,7.764688726949389,10,1
16586,1598,24.675045237650135,10,1
16597,1599,35.45281332963558,11,1
16608,1600,15.64327811589257,11,1
16618,1601,81.45862972023065,10,1
16628,1602,19.5405901146653,10,1
16640,1603,53.320690980507905,12,1
16651,1604,14.64447275515736,11,1
16661,1605,37.47059580967183,10,1
16672,1606,10.930675333898465,11,1
16683,1607,15.454764929728865,11,1
16696,1608,15.881138998195022,13,1
16708,1609,40.46346161224212,12,1
16718,1610,17.22839643044629,10,1
16729,1611,21.853496847379613,11,1
16739,1612,101.46649134753817,10,1
16749,1613,22.0647958445183,10,1
16759,1614,7.721530549642665,10,1
16770,1615,58.207686340273895,11,1
16785,1616,55.42010740810634,15,1
16796,1617,11.381615852717891,11,1
16806,1618,49.55946956686467,10,1
16816,1619,18.572508687570107,10,1
16829,1620,19.69351404976648,13,1
16839,1621,14.554070264850571,10,1
16849,1622,68.78995552108663,10,1
16862,1623,21.037612944896132,13,1
16872,1624,25.874301455572862,10,1
16882,1625,42.13633366806726,10,1
16892,1626,18.95904729085525,10,1
16902,1627,61.08747772592081,10,1
16913,1628,16.483263483220277,11,1
16930,1629,3.735430118579225,17,1
16940,1630,83.70724619984203,10,1
16950,1631,15.953419988026754,10,1
16961,1632,35.43369057536894,11,1
16972,1633,5.761333552952566,11,1
16984,1634,-6.1153470333526085,12,1
16999,1635,2.9190919617628506,15,1
17009,1636,17.177574363549308,10,1
17020,1637,17.448380031880284,11,1
17030,1638,22.712617056681477,10,1
17041,1639,47.20177381899196,11,1
17068,1640,-13.859299443676761,27,1
17083,1641,-1.7886436398188807,15,1
17094,1642,21.746247390158533,11,1
17104,1643,43.5244252177929,10,1
17120,1644,-25.367929054373583,16,1
17132,1645,-9.41618144370582,12,1
17148,1646,7.645687215879673,16,1
17158,1647,19.53310762329744,10,1
17169,1648,22.40386035345677,11,1
17179,1649,120.55582290054684,10,1
17189,1650,41.9495011640456,10,1
17199,1651,5.974553167561513,10,1
17213,1652,10.555510765067394,14,1
17223,1653,9.800038927170556,10,1
17233,1654,30.141480412603865,10,1
17243,1655,30.991764474748408,10,1
17253,1656,26.186310457354036,10,1
17263,1657,15.467126115176429,10,1
17273,1658,13.054213762724963,10,1
17284,1659,-4.609048862150782,11,1
17312,1660,9.47402906378675,28,1
17322,1661,0.98101083611403,10,1
17332,1662,14.842348768869762,10,1
17342,1663,28.343568885381444,10,1
17358,1664,2.896460098480172,16,1
17368,1665,-2.177707999226686,10,1
17378,1666,21.435783139839764,10,1
17389,1667,21.742450176167036,11,1
17400,1668,2.2928807129838313,11,1
17410,1669,14.121585099818482,10,1
17423,1670,36.00988636025658,13,1
17440,1671,-18.19592737021986,17,1
17450,1672,17.655464556740643,10,1
17461,1673,23.075011660317834,11,1
17472,1674,12.959832771744269,11,1
17482,1675,17.753471591948387,10,1
17493,1676,11.64449089320696,11,1
17503,1677,-4.100880713430781,10,1
17514,1678,21.466437767486106,11,1
17524,1679,81.355366617101,10,1
17545,1680,10.292950788645001,21,1
17555,1681,7.989094900413845,10,1
17570,1682,-11.071477421659914,15,1
17580,1683,47.50146362231528,10,1
17591,1684,60.666276959070046,11,1
17604,1685,82.06679008017609,13,1
17614,1686,84.35182019650405,10,1
17627,1687,8.31883664647127,13,1
17637,1688,17.267813507825696,10,1
17647,1689,23.14238504020723,10,1
17657,1690,28.277398171828043,10,1
17667,1691,13.765628853276628,10,1
17677,1692,-7.494664024954318,10,1
17687,1693,11.595796571315146,10,1
17697,1694,18.233042695517195,10,1
17708,1695,18.793097194860295,11,1
17718,1696,11.0110070072942,10,1
17729,1697,5.923068707250089,11,1
17739,1698,13.877672703537378,10,1
17751,1699,5.841983079989562,12,1
17761,1700,2.374660635746724,10,1
17772,1701,10.537614790963023,11,1
17782,1702,4.191162249810036,10,1
17792,1703,-0.48627432830274026,10,1
17802,1704,90.45432151966143,10,1
17820,1705,-40.93528986273191,18,1
17831,1706,19.39171796020736,11,1
17841,1707,12.828342863471821,10,1
17851,1708,10.172165670952579,10,1
17861,1709,15.717698651152343,10,1
17872,1710,15.295263691655737,11,1
17882,1711,21.716791115506705,10,1
17892,1712,-4.175610615134203,10,1
17902,1713,74.10676911771108,10,1
17912,1714,7.190924778932266,10,1
17923,1715,5.21897751369661,11,1
17933,1716,53.399969553669045,10,1
17946,1717,18.722030733838004,13,1
17956,1718,19.540148903858952,10,1
17973,1719,76.15783407957397,17,1
17985,1720,19.59664675137724,12,1
17995,1721,10.514588927896263,10,1
18007,1722,118.05573894385142,12,1
18025,1723,19.107974102955364,18,1
18035,1724,31.518777620671116,10,1
18045,1725,97.44886815161865,10,1
18055,1726,15.477138583303688,10,1
18065,1727,14.304924644240376,10,1
18076,1728,15.209896785967045,11,1
18086,1729,45.878473838373665,10,1
18096,1730,20.92375959880588,10,1
18114,1731,-27.309160311657365,18,1
18124,1732,51.41652834291147,10,1
18136,1733,29.92197119730034,12,1
18148,1734,0.5680273517771462,12,1
18158,1735,56.008279558513344,10,1
18170,1736,18.14134467945772,12,1
18181,1737,17.598123008864512,11,1
18200,1738,-15.64969849105037,19,1
18219,1739,-22.673523046674443,19,1
18233,1740,10.30058786613579,14,1
18247,1741,126.38710944700374,14,1
18260,1742,-17.102116408886484,13,1
18277,1743,1.0904167826410347,17,1
18293,1744,0.9387075047297467,16,1
18303,1745,65.49791823408954,10,1
18315,1746,4.22783793198165,12,1
18327,1747,8.54027179440159,12,1
18338,1748,63.80015389737842,11,1
18348,1749,20.363082602349586,10,1
18358,1750,96.66516361951635,10,1
18368,1751,26.677757307449166,10,1
18381,1752,9.775455913958012,13,1
18391,1753,21.912614173370176,10,1
18402,1754,17.942541765402613,11,1
18416,1755,1.8252033728000985,14,1
18427,1756,20.46710564002059,11,1
18446,1757,4.190121067952324,19,1
18462,1758,3.878280931700138,16,1
18472,1759,77.94617537562698,10,1
18482,1760,63.59060353091865,10,1
18494,1761,13.871807484748963,12,1
18505,1762,94.09422566416174,11,1
18522,1763,0.5305289047128512,17,1
18532,1764,-6.918209380317213,10,1
18542,1765,77.77776779806938,10,1
18557,1766,13.960815095151021,15,1
18568,1767,92.55941833348312,11,1
18578,1768,48.06559048418125,10,1
18592,1769,0.002811842474328613,14,1
18602,1770,12.580705552186863,10,1
18621,1771,26.40405745077407,19,1
18631,1772,29.22142536265879,10,1
18651,1773,-14.203191613519774,20,1
18673,1774,13.144410007831095,22,1
18683,1775,2.920919864691005,10,1
18702,1776,5.92655448709742,19,1
18712,1777,35.66200572114147,10,1
18722,1778,43.967492666441636,10,1
18735,1779,108.5151100090167,13,1
18751,1780,2.51843432186596,16,1
18761,1781,50.15886046319342,10,1
18773,1782,-6.094158931990677,12,1
18792,1783,-4.520616309420435,19,1
18802,1784,5.849374111854823,10,1
18814,1785,16.133654730764473,12,1
18824,1786,21.70293133835029,10,1
18838,1787,15.341444165897443,14,1
18848,1788,74.90859882651466,10,1
18858,1789,24.913630446119736,10,1
18868,1790,21.609611342886804,10,1
18878,1791,43.46350768441355,10,1
18889,1792,112.73917729405078,11,1
18899,1793,53.213334285041576,10,1
18909,1794,36.37007738105647,10,1
18919,1795,0.5049718183127261,10,1
18929,1796,9.331979943602054,10,1
18939,1797,96.80998112411021,10,1
18951,1798,16.176438919220693,12,1
18963,1799,-3.8868281160350553,12,1
18973,1800,17.11676003819494,10,1
18983,1801,13.612512186169646,10,1
18994,1802,14.731948645084143,11,1
19004,1803,21.64870855646389,10,1
19015,1804,31.507007552902735,11,1
19026,1805,17.923945729565244,11,1
19036,1806,107.45282359271513,10,1
19046,1807,66.99715096497842,10,1
19056,1808,137.26421185422998,10,1
19072,1809,23.065369131980574,16,1
19082,1810,37.01929448582129,10,1
19092,1811,27.872139481943808,10,1
19106,1812,31.480378850867933,14,1
19116,1813,20.32355971989523,10,1
19132,1814,21.769395039640436,16,1
19143,1815,15.653722440630395,11,1
19153,1816,14.159031758801987,10,1
19163,1817,20.671907379453387,10,1
19174,1818,7.229625663783507,11,1
19184,1819,36.49587007393156,10,1
19194,1820,16.89775065903747,10,1
19204,1821,-1.3262350680396684,10,1
19214,1822,66.68249802811826,10,1
19224,1823,22.679842457959182,10,1
19234,1824,19.181146314567147,10,1
19245,1825,4.9604042905419155,11,1
19255,1826,61.17152069800067,10,1
19267,1827,9.908567334982278,12,1
19277,1828,36.612775846498494,10,1
19287,1829,107.78594635672087,10,1
19297,1830,102.12541096232088,10,1
19307,1831,12.773152110797119,10,1
19321,1832,-0.657039805405441,14,1
19335,1833,17.33381748731463,14,1
19350,1834,-42.067222331929344,15,1
19362,1835,17.911984774857675,12,1
19375,1836,7.156387625179811,13,1
19387,1837,12.938271999514047,12,1
19397,1838,19.56966249873169,10,1
19407,1839,13.077069384715728,10,1
19419,1840,6.463017025642618,12,1
19431,1841,20.074799309399115,12,1
19442,1842,28.734304786037544,11,1
19452,1843,76.87350869107189,10,1
19463,1844,16.317510553142196,11,1
19474,1845,25.797213804443004,11,1
19486,1846,12.504823755517018,12,1
19496,1847,38.75938858497885,10,1
19506,1848,16.76752533692175,10,1
19516,1849,6.823218066746965,10,1
19528,1850,131.5481967194282,12,1
19542,1851,86.81318938237256,14,1
19557,1852,13.17854278962401,15,1
19567,1853,22.68200972935238,10,1
19577,1854,17.44365948143429,10,1
19606,1855,132.30771116587601,29,1
19616,1856,34.71390900079748,10,1
19626,1857,12.505811763780827,10,1
19637,1858,17.878082276508742,11,1
19647,1859,12.870857477975525,10,1
19660,1860,-2.8665166415072805,13,1
19670,1861,26.006084265235543,10,1
19684,1862,-4.274728151197628,14,1
19694,1863,38.25121926455881,10,1
19704,1864,23.977525394057167,10,1
19714,1865,23.633716545164603,10,1
19724,1866,65.34698204794003,10,1
19735,1867,8.224081131048248,11,1
19750,1868,0.23899821778273372,15,1
19760,1869,2.6081185343437716,10,1
19770,1870,11.990804659835115,10,1
19790,1871,102.97200352274331,20,1
19800,1872,16.976754598581646,10,1
19811,1873,19.154744338843148,11,1
19821,1874,16.809064077124138,10,1
19834,1875,-16.114286760642134,13,1
19844,1876,53.34534622912136,10,1
19856,1877,9.927798761975238,12,1
19866,1878,27.225262741052287,10,1
19901,1879,-0.7386354139364208,35,1
19916,1880,77.76586452920729,15,1
19928,1881,19.469996739825792,12,1
19938,1882,4.595028522819887,10,1
19948,1883,17.318940550721653,10,1
19958,1884,16.83357044965101,10,1
19974,1885,15.831571597955273,16,1
19984,1886,53.474259449279224,10,1
20002,1887,-5.28643263962509,18,1
20015,1888,53.32878159671627,13,1
20027,1889,13.966367996218667,12,1
20037,1890,23.47265639808397,10,1
20047,1891,66.56513806456893,10,1
20064,1892,18.528372406268346,17,1
20074,1893,31.64499001235669,10,1
20108,1894,-27.608126267470464,34,1
20118,1895,40.49269589886407,10,1
20128,1896,8.359987321320904,10,1
20141,1897,24.045227726311957,13,1
20151,1898,8.814131164406097,10,1
20162,1899,11.228222550613165,11,1
20172,1900,16.909883479717134,10,1
20183,1901,17.315437784141057,11,1
20195,1902,30.08606617276907,12,1
20205,1903,20.6979775810329,10,1
20215,1904,11.329073980126552,10,1
20225,1905,13.058312773972423,10,1
20235,1906,23.324760558282563,10,1
20245,1907,17.990208745228923,10,1
20255,1908,9.667879327311699,10,1
20265,1909,14.248155453041612,10,1
20280,1910,12.964517551672184,15,1
20294,1911,-2.2065269498786373,14,1
20328,1912,-32.99204303737158,34,1
20342,1913,18.78073307215906,14,1
20365,1914,20.81223473615672,23,1
20388,1915,23.21386898829688,23,1
20401,1916,11.81792942774585,13,1
20417,1917,3.7229412863196436,16,1
20427,1918,10.960726517603142,10,1
20437,1919,18.23949585823157,10,1
20447,1920,11.905705730271425,10,1
20468,1921,72.34499814640989,21,1
20478,1922,10.61721587034623,10,1
20489,1923,11.932648097921222,11,1
20502,1924,8.121640212484566,13,1
20512,1925,2.064514540144411,10,1
20528,1926,-15.054061569552124,16,1
20545,1927,-6.5276627898964055,17,1
20558,1928,49.31254950652572,13,1
20569,1929,99.69348924975351,11,1
20579,1930,20.9846764097178,10,1
20589,1931,21.915198932303,10,1
20599,1932,12.082559620786247,10,1
20617,1933,23.347353660146613,18,1
20627,1934,27.976955385021036,10,1
20638,1935,91.81923243049725,11,1
20648,1936,21.011601745026308,10,1
20658,1937,17.856098645380257,10,1
20698,1938,-23.342304166091893,40,0
20708,1939,32.55428739032487,10,1
20718,1940,25.830601249161546,10,1
20729,1941,17.37470094909733,11,1
20746,1942,-17.8316860970352,17,1
20765,1943,16.319615533909783,19,1
20783,1944,-17.14234626144635,18,1
20793,1945,12.014389020785236,10,1
20803,1946,7.5862540728969625,10,1
20817,1947,-4.042237617121866,14,1
20828,1948,-13.956251542995517,11,1
20839,1949,-25.20034287080157,11,1
20855,1950,12.60799533785014,16,1
20872,1951,10.225788705973528,17,1
20896,1952,-0.3251786892128253,24,1
20906,1953,18.045913450143804,10,1
20917,1954,0.13238749270357053,11,1
20947,1955,-40.52599539497027,30,1
20957,1956,77.36946653437947,10,1
20967,1957,-26.243350033376103,10,1
20981,1958,61.99642444865292,14,1
20991,1959,-9.144725650032843,10,1
21001,1960,46.94624920719237,10,1
21019,1961,-9.900150221739672,18,1
21033,1962,24.6820933389421,14,1
21043,1963,13.442160229720965,10,1
21054,1964,-11.344884734512458,11,1
21064,1965,32.68816162250175,10,1
21087,1966,4.29970057780314,23,1
21097,1967,29.984361635182214,10,1
21110,1968,8.434316422017021,13,1
21121,1969,-31.01042801359235,11,1
21143,1970,-12.301809194239215,22,1
21157,1971,-8.50049758896463,14,1
21187,1972,-5.399156362369646,30,1
21197,1973,8.997155477474186,10,1
21207,1974,22.63054320998814,10,1
21226,1975,-10.919530399469153,19,1
21240,1976,9.428793319184313,14,1
21263,1977,17.226537211263263,23,1
21276,1978,89.69422208474997,13,1
21286,1979,15.988488747920618,10,1
21301,1980,-5.562106907774277,15,1
21323,1981,2.5182392428927662,22,1
21335,1982,15.594134449162976,12,1
21345,1983,14.366815566583016,10,1
21367,1984,-10.679736429823908,22,1
21388,1985,-0.28680339726395176,21,1
21423,1986,-20.118634858195165,35,1
21433,1987,22.59238134844734,10,1
21452,1988,-13.020432416190154,19,1
21463,1989,12.801767444175583,11,1
21473,1990,14.883177004913287,10,1
21483,1991,119.42987694901278,10,1
21494,1992,65.10889627902365,11,1
21508,1993,27.03925266424637,14,1
21548,1994,-21.651107113032843,40,0
21588,1995,-20.66489775507548,40,0
21601,1996,-0.10864518376201707,13,1
21611,1997,14.950985082563546,10,1
21621,1998,8.473811882855756,10,1
21646,1999,-22.52637148033334,25,1
21656,2000,46.80328592900187,10,1
21696,2001,-22.227678119620656,40,0
21706,2002,15.551275117378918,10,1
21745,2003,2.0690323120079706,39,1
21755,2004,31.426962196554257,10,1
21765,2005,75.57828089984089,10,1
21782,2006,14.885397922094427,17,1
21792,2007,57.184348769204135,10,1
21802,2008,13.414082843047419,10,1
21812,2009,9.10272036118486,10,1
21826,2010,21.810683973577117,14,1
21838,2011,8.382229296821494,12,1
21848,2012,99.91297617631406,10,1
21859,2013,50.858887889951504,11,1
21869,2014,71.40416555425921,10,1
21909,2015,-21.198173711947266,40,0
21919,2016,48.51210146386721,10,1
21931,2017,52.145427861665,12,1
21943,2018,12.279447520488047,12,1
21953,2019,54.06303915421165,10,1
21963,2020,16.90734763573499,10,1
21973,2021,62.59639975877332,10,1
21983,2022,22.586375629352645,10,1
21996,2023,4.53266885702585,13,1
22006,2024,34.14815967513684,10,1
22016,2025,5.452778204895601,10,1
22026,2026,23.048938171028766,10,1
22041,2027,7.064235928407119,15,1
22051,2028,49.37920903502452,10,1
22061,2029,95.35522160271195,10,1
22090,2030,-2.494318613936746,29,1
22100,2031,76.09419400609093,10,1
22111,2032,0.4867525014809989,11,1
22121,2033,10.111047553731748,10,1
22132,2034,24.663377224782128,11,1
22151,2035,15.490407617138978,19,1
22161,2036,26.557810144538326,10,1
22174,2037,25.450684267869985,13,1
22186,2038,11.750107526358496,12,1
22196,2039,88.96112451601863,10,1
22206,2040,42.72428241302994,10,1
22216,2041,67.61064271124818,10,1
22230,2042,33.382110806116486,14,1
22242,2043,42.467858431167,12,1
22281,2044,5.5005923829541095,39,1
22294,2045,16.35930710100421,13,1
22304,2046,20.89424845350595,10,1
22314,2047,19.8071497277607,10,1
22330,2048,25.341129547163327,16,1
22344,2049,15.242466421804034,14,1
22357,2050,17.7402440662926,13,1
22369,2051,10.038910016063863,12,1
22392,2052,-6.039296304412171,23,1
22409,2053,21.95820594791778,17,1
22431,2054,-3.0772096455818145,22,1
22444,2055,26.06942988525935,13,1
22469,2056,-1.5183611630397302,25,1
22499,2057,-10.391969854140875,30,1
22525,2058,37.70764911390661,26,1
22535,2059,-14.41565406917613,10,1
22556,2060,46.97476880768328,21,1
22596,2061,-21.440727580103726,40,0
22612,2062,11.7813389840535,16,1
22624,2063,23.156152761991446,12,1
22635,2064,-4.353044890390236,11,1
22655,2065,-10.84285925252698,20,1
22667,2066,16.826662253739997,12,1
22682,2067,0.1635964994713338,15,1
22697,2068,6.975222610252141,15,1
22714,2069,10.558354379275048,17,1
22724,2070,20.696770106191902,10,1
22738,2071,-18.857009306939137,14,1
22778,2072,-20.645364161582414,40,0
22818,2073,-20.615501310204042,40,0
22831,2074,18.830219969518463,13,1
22845,2075,-11.533982917369448,14,1
22873,2076,22.580321315468467,28,1
22913,2077,-20.698797204316733,40,0
22926,2078,14.458374914490411,13,1
22937,2079,23.656063173452043,11,1
22966,2080,4.3654486830916035,29,1
22988,2081,5.320041761031675,22,1
23018,2082,2.502934767349486,30,1
23030,2083,3.6785989540386175,12,1
23070,2084,-20.736873924905023,40,0
23093,2085,3.1252793443301896,23,1
23133,2086,-21.599317363376457,40,0
23173,2087,-20.74723211013321,40,0
23213,2088,-21.697479095632303,40,0
23253,2089,-21.377070052526044,40,0
23271,2090,-25.821221103801467,18,1
23288,2091,-29.278720600020506,17,1
23325,2092,-8.978127488630689,37,1
23344,2093,1.0059324451175382,19,1
23384,2094,-21.070211511364466,40,0
23404,2095,-20.644834334373485,20,1
23444,2096,-20.597252159448228,40,0
23484,2097,-22.223792637622566,40,0
23524,2098,-21.19420915673629,40,0
23537,2099,15.502205748819165,13,1
23547,2100,38.90570428197659,10,1
23587,2101,-21.718872156763954,40,0
23607,2102,14.658397170681804,20,1
23647,2103,-20.73400540116515,40,0
23672,2104,-10.489784225428442,25,1
23682,2105,13.983815286748625,10,1
23700,2106,37.933985714978846,18,1
23734,2107,-5.011702372941427,34,1
23749,2108,21.45012149347493,15,1
23789,2109,-20.874700813204512,40,0
23829,2110,-20.7133388667176,40,0
23840,2111,60.507119459055076,11,1
23852,2112,22.092751316231784,12,1
23892,2113,-21.24973495778494,40,0
23902,2114,29.581755862550498,10,1
23942,2115,-20.955675658723766,40,0
23952,2116,28.964085764717428,10,1
23992,2117,-21.104132728508848,40,0
24032,2118,-20.612082706942477,40,0
24042,2119,36.674130712440444,10,1
24082,2120,-20.81526751760903,40,0
24122,2121,-21.101936003519196,40,0
24162,2122,-23.636609037158408,40,0
24202,2123,-20.921368199642647,40,0
24242,2124,-23.483991293506747,40,0
24282,2125,-21.4040323574694,40,0
24322,2126,-21.949798016006213,40,0
24344,2127,114.64369413459583,22,1
24384,2128,-22.299238426452415,40,0
24415,2129,3.1936104884460814,31,1
24455,2130,-21.67568936454598,40,0
24495,2131,-22.640941085259314,40,0
24535,2132,-21.168519019400883,40,0
24575,2133,-21.843137968374993,40,0
24615,2134,-22.685568240856306,40,0
24655,2135,-21.742951240894303,40,0
24695,2136,-21.202689757883107,40,0
24735,2137,-21.080861262571847,40,0
24775,2138,-21.075329236580526,40,0
24815,2139,-22.02893091274893,40,0
24855,2140,-21.176038831755058,40,0
24895,2141,-21.263201522947043,40,0
24935,2142,-21.10439276934823,40,0
24975,2143,-22.00467224758449,40,0
25015,2144,-21.34897632213079,40,0
25055,2145,-22.171558507722867,40,0
25095,2146,-22.71842258655096,40,0
25135,2147,-21.78172145169344,40,0
25175,2148,-21.636252188247283,40,0
25215,2149,-22.475184614041112,40,0
25255,2150,-22.392814529351753,40,0
25295,2151,-21.17487968765689,40,0
25335,2152,-22.208699610713495,40,0
25375,2153,-22.36588029816848,40,0
25415,2154,-22.19027872835627,40,0
25455,2155,-21.4240842126179,40,0
25495,2156,-22.27172254686192,40,0
25535,2157,-22.07985901569424,40,0
25575,2158,-20.696369641043745,40,0
25615,2159,-22.25069916541421,40,0
25655,2160,-22.136881596359892,40,0
25695,2161,-22.5951431514533,40,0
25735,2162,-22.38780975802929,40,0
25775,2163,-22.604303600512708,40,0
25815,2164,-22.46411818405816,40,0
25855,2165,-22.198778803566654,40,0
25895,2166,-22.399443246255135,40,0
25935,2167,-22.17159103579429,40,0
25975,2168,-22.756561960813553,40,0
26015,2169,-22.19141543023793,40,0
26055,2170,-22.415887287082036,40,0
26095,2171,-22.00636911214169,40,0
26135,2172,-22.24699444026038,40,0
26175,2173,-22.258298992273417,40,0
26215,2174,-22.069287162407697,40,0
26255,2175,-22.41632860905868,40,0
26295,2176,-22.084921359816903,40,0
26335,2177,-22.411121519598343,40,0
26375,2178,-22.541933840716084,40,0
26415,2179,-22.401609339367642,40,0
26455,2180,-22.457529614386928,40,0
26495,2181,-21.767539338421056,40,0
26535,2182,-22.040158802364907,40,0
26575,2183,-22.129814814971347,40,0
26615,2184,-22.4809496271731,40,0
26655,2185,-22.26657050774436,40,0
26695,2186,-22.275179513596935,40,0
26735,2187,-22.32302181808446,40,0
26775,2188,-21.884912159504786,40,0
26815,2189,-21.524266813647593,40,0
26855,2190,-22.06080523114489,40,0
26895,2191,-22.404027591452824,40,0
26935,2192,-22.25977468728284,40,0
26975,2193,-22.52084753594,40,0
27015,2194,-21.751179152787394,40,0
27055,2195,-21.343007010829588,40,0
27095,2196,-21.77849488967068,40,0
27135,2197,-21.526953457501655,40,0
27175,2198,-21.998622977922313,40,0
27215,2199,-21.56265529507742,40,0
27255,2200,-21.111429079577437,40,0
27295,2201,-21.20678368142079,40,0
27335,2202,-20.991315911350657,40,0
27375,2203,-20.825058539772364,40,0
27415,2204,-21.404453342146304,40,0
27455,2205,-21.10158139592844,40,0
27495,2206,-21.054290797212595,40,0
27535,2207,-21.138249196704848,40,0
27575,2208,-20.70544534004769,40,0
27615,2209,-21.183311412125008,40,0
27655,2210,-21.178464145474514,40,0
27695,2211,-21.058554234754627,40,0
27735,2212,-21.244828945798393,40,0
27775,2213,-20.800379356019256,40,0
27815,2214,-21.107010547933733,40,0
27855,2215,-20.7490694841015,40,0
27895,2216,-21.41240199546552,40,0
27935,2217,-21.817172692333283,40,0
27975,2218,-20.860064781567917,40,0
28015,2219,-21.187742627774625,40,0
28048,2220,-40.39996993502388,33,1
28088,2221,-21.02361366625885,40,0
28128,2222,-20.810618098520223,40,0
28168,2223,-20.93211693424718,40,0
28208,2224,-20.778115118412693,40,0
28248,2225,-21.267643725710215,40,0
28288,2226,-21.981430395883407,40,0
28328,2227,-21.435815149367826,40,0
28368,2228,-20.726279411746646,40,0
28408,2229,-20.899053162022625,40,0
28448,2230,-20.647907456202674,40,0
28483,2231,-20.32418393340429,35,1
28523,2232,-20.839470263932434,40,0
28563,2233,-21.23946413554316,40,0
28603,2234,-20.96524191576444,40,0
28643,2235,-20.511471835224867,40,0
28683,2236,-20.874938251229274,40,0
28723,2237,-21.206080901709488,40,0
28756,2238,-13.906783271592351,33,1
28796,2239,-20.686961906893593,40,0
28836,2240,-20.821922590698737,40,0
28876,2241,-20.586237954708132,40,0
28916,2242,-20.760704310858173,40,0
28956,2243,-21.588554988483793,40,0
28996,2244,-21.596981733222776,40,0
29013,2245,17.220234128915973,17,1
29053,2246,-21.593476838135167,40,0
29093,2247,-21.237394635834352,40,0
29133,2248,-20.61797202333657,40,0
29173,2249,-20.715080088073933,40,0
29213,2250,-20.764530497431593,40,0
29253,2251,-21.777590172932086,40,0
29293,2252,-20.823583623126886,40,0
29322,2253,5.934993626719633,29,1
29362,2254,-21.062208840063796,40,0
29402,2255,-22.663859126350772,40,0
29442,2256,-21.649534425008635,40,0
29482,2257,-21.41206415353276,40,0
29505,2258,6.673281060085475,23,1
29545,2259,-21.421874441878114,40,0
29585,2260,-21.534962498298498,40,0
29625,2261,-21.271307280007456,40,0
29665,2262,-21.36321626126432,40,0
29705,2263,-21.348784100232784,40,0
29745,2264,-21.427102833442603,40,0
29785,2265,-21.542162030759513,40,0
29825,2266,-21.483047229776297,40,0
29865,2267,-21.301739986572816,40,0
29905,2268,-21.19390419749603,40,0
29945,2269,-21.4267609514459,40,0
29971,2270,-46.04058528100377,26,1
30011,2271,-21.64592804999935,40,0
30051,2272,-22.76405053631839,40,0
30091,2273,-21.64402957994934,40,0
30131,2274,-21.736043254949035,40,0
30171,2275,-22.287951568719592,40,0
30211,2276,-22.207540143369457,40,0
30251,2277,-21.550995082795133,40,0
30291,2278,-21.44138236020859,40,0
30331,2279,-22.628898182447124,40,0
30371,2280,-22.186605473716675,40,0
30411,2281,-21.80027589690931,40,0
30440,2282,-53.71731204409906,29,1
30480,2283,-23.384137564519698,40,0
30520,2284,-21.700678233227148,40,0
30560,2285,-23.165021826444345,40,0
30600,2286,-24.836569146461102,40,0
30640,2287,-23.493733094059092,40,0
30680,2288,-22.07137095527597,40,0
30720,2289,-21.08443026163581,40,0
30760,2290,-22.249044585915655,40,0
30800,2291,-22.138311723649416,40,0
30840,2292,-20.801077757342913,40,0
30880,2293,-23.436184049179147,40,0
30920,2294,-21.787485153882415,40,0
30960,2295,-21.30107388587968,40,0
31000,2296,-21.714212340875033,40,0
31040,2297,-21.784225950023295,40,0
31080,2298,-22.280265131382528,40,0
31120,2299,-22.35580260550974,40,0
31160,2300,-22.514763181572864,40,0
31200,2301,-21.593598799255446,40,0
31240,2302,-22.767615512228392,40,0
31280,2303,-21.877046562960235,40,0
31320,2304,-21.572789230635532,40,0
31360,2305,-21.7097188423773,40,0
31400,2306,-21.837136503377568,40,0
31440,2307,-21.82676686432332,40,0
31480,2308,-21.195808463755277,40,0
31520,2309,-21.344849950543054,40,0
31560,2310,-21.591468804994424,40,0
31600,2311,-21.338397993368293,40,0
31640,2312,-21.115877166050673,40,0
31680,2313,-21.648986598503654,40,0
31720,2314,-21.3017385102262,40,0
31760,2315,-21.165848326605605,40,0
31800,2316,-20.870541850990794,40,0
31840,2317,-21.489736967037004,40,0
31880,2318,-20.84613597772874,40,0
31920,2319,-21.647065903946757,40,0
31960,2320,-21.22981958794312,40,0
32000,2321,-21.27353250350392,40,0
32040,2322,-21.919245700843195,40,0
32080,2323,-21.493952482317557,40,0
32120,2324,-21.283114208202058,40,0
32160,2325,-20.914671721505037,40,0
32200,2326,-21.39089444099017,40,0
32240,2327,-21.513346197584085,40,0
32280,2328,-22.178008625428348,40,0
32320,2329,-21.547776363855004,40,0
32360,2330,-21.709078897347442,40,0
32400,2331,-21.369590425677433,40,0
32440,2332,-21.123552172426184,40,0
32480,2333,-21.657139526288105,40,0
32520,2334,-20.875563074128436,40,0
32530,2335,29.33590750372472,10,1
32570,2336,-21.10526423795993,40,0
32610,2337,-21.04756432657111,40,0
32650,2338,-21.53175443758106,40,0
32690,2339,-20.758125046819135,40,0
32730,2340,-21.109281387911157,40,0
32770,2341,-21.593341253327083,40,0
32810,2342,-21.656536143584447,40,0
32850,2343,-21.874791304046198,40,0
32890,2344,-21.379945466397633,40,0
32930,2345,-21.1749486490359,40,0
32970,2346,-20.54447609525794,40,0
33010,2347,-21.6982781952552,40,0
33050,2348,-21.437446965336505,40,0
33090,2349,-21.646904987139926,40,0
33130,2350,-21.846204025301486,40,0
33170,2351,-21.87619198946918,40,0
33210,2352,-20.961655949335583,40,0
33250,2353,-21.10771616437316,40,0
33290,2354,-21.595856818487693,40,0
33330,2355,-20.812552457954524,40,0
33370,2356,-20.613919795597955,40,0
33399,2357,-54.892348254212926,29,1
33437,2358,-84.40987697824468,38,1
33463,2359,-48.493283524452075,26,1
33503,2360,-21.62257905780223,40,0
33543,2361,-21.152650704769506,40,0
33583,2362,-21.28976952175087,40,0
33623,2363,-21.676879384576907,40,0
33663,2364,-20.757109218931618,40,0
33703,2365,-21.44536012292934,40,0
33743,2366,-21.025590367664094,40,0
33783,2367,-20.969263734897932,40,0
33823,2368,-21.22004208313514,40,0
33863,2369,-20.74945345938665,40,0
33903,2370,-21.040925303719217,40,0
33943,2371,-21.171976093927345,40,0
33983,2372,-21.86075285316875,40,0
34023,2373,-21.26602205205412,40,0
34063,2374,-20.82752572523474,40,0
34103,2375,-21.073357385289363,40,0
34143,2376,-21.124924173282214,40,0
34183,2377,-21.13172465491045,40,0
34203,2378,15.002602768803134,20,1
34243,2379,-21.3336197866937,40,0
34253,2380,12.425654843895241,10,1
34293,2381,-20.555211104271706,40,0
34333,2382,-20.692821449919563,40,0
34360,2383,14.158335306165235,27,1
34400,2384,-20.882114801263416,40,0
34440,2385,-21.244139601063466,40,0
34480,2386,-22.79748733071492,40,0
34505,2387,17.60728022190073,25,1
34518,2388,36.667286817264014,13,1
34529,2389,-2.0065168434389054,11,1
34569,2390,-21.64117351675089,40,0
34609,2391,-20.62678117127079,40,0
34631,2392,22.386079955200163,22,1
34648,2393,-16.17249368681004,17,1
34658,2394,-12.055631313491608,10,1
34680,2395,32.59129676937399,22,1
34720,2396,-20.698918325318452,40,0
34732,2397,18.84658508400966,12,1
34742,2398,-20.219293730650243,10,1
34758,2399,4.0155140458347685,16,1
34774,2400,-21.840469518636695,16,1
34814,2401,-21.333165697677448,40,0
34826,2402,92.61708816463407,12,1
34866,2403,-20.8981708787769,40,0
34906,2404,-20.998705289896087,40,0
34946,2405,-20.596593339299737,40,0
34974,2406,32.58867710131809,28,1
34985,2407,-6.039767057420293,11,1
35000,2408,-9.991119550674185,15,1
35010,2409,32.781375554125496,10,1
35050,2410,-20.84101611508868,40,0
35069,2411,15.87048054793571,19,1
35081,2412,9.638578569831164,12,1
35121,2413,-20.69277015960115,40,0
35161,2414,-23.535818060126896,40,0
35171,2415,-6.478578044548865,10,1
35183,2416,-22.59094309832012,12,1
35193,2417,-19.497641356195167,10,1
35211,2418,-8.349252746782302,18,1
35222,2419,-24.28595788762663,11,1
35232,2420,-2.10621683605435,10,1
35242,2421,-4.422545092399233,10,1
35275,2422,-20.476568649162992,33,1
35285,2423,19.872361229111938,10,1
35314,2424,10.727052102839883,29,1
35342,2425,22.83983854644447,28,1
35355,2426,-1.1497117139364865,13,1
35371,2427,-27.334189373833524,16,1
35381,2428,72.00411885008788,10,1
35391,2429,-0.1516103782534261,10,1
35429,2430,36.20097582365215,38,1
35452,2431,-0.7536301421078456,23,1
35466,2432,15.143077344942519,14,1
35477,2433,30.713646207423313,11,1
35487,2434,14.760096550994266,10,1
35497,2435,9.372107768694171,10,1
35507,2436,5.436994560579757,10,1
35542,2437,-37.04393836339021,35,1
35552,2438,0.5324981969906648,10,1
35569,2439,9.758999946015495,17,1
35581,2440,18.751500814028827,12,1
35591,2441,105.86299210504397,10,1
35631,2442,8.014902755319534,40,1
35671,2443,-24.865498226556277,40,0
35691,2444,14.459484687334843,20,1
35701,2445,17.698463923383628,10,1
35723,2446,17.977957448543332,22,1
35763,2447,-21.29351855980948,40,0
35803,2448,-20.698103252454843,40,0
35840,2449,9.567207643418778,37,1
35850,2450,72.38415006164851,10,1
35869,2451,16.18528205038388,19,1
35884,2452,-1.9041344521674735,15,1
35895,2453,14.150097059067544,11,1
35920,2454,-17.98495838680195,25,1
35960,2455,-21.476656902772177,40,0
35978,2456,-14.99413369172515,18,1
36018,2457,-20.752718687939122,40,0
36032,2458,-5.410694141497781,14,1
36043,2459,11.691443851431572,11,1
36061,2460,-10.784272917316475,18,1
36086,2461,11.632989332992906,25,1
36104,2462,10.941352652445332,18,1
36117,2463,24.278056771979585,13,1
36155,2464,-32.568552897399,38,1
36165,2465,-20.376880090785843,10,1
36178,2466,-18.56485760160319,13,1
36188,2467,25.144450863472333,10,1
36200,2468,53.429529344327406,12,1
36227,2469,-10.639199176169583,27,1
36243,2470,-6.338685539153308,16,1
36254,2471,-7.285430716904854,11,1
36267,2472,2.8237803147040372,13,1
36307,2473,-20.81441177265963,40,0
36317,2474,30.51143120424655,10,1
36327,2475,-7.338721116443635,10,1
36367,2476,-21.321525374431143,40,0
36398,2477,-13.877067868061287,31,1
36438,2478,-20.792873433984695,40,0
36478,2479,-21.042957087199433,40,0
36488,2480,24.027154954252538,10,1
36519,2481,-10.709251312423344,31,1
36549,2482,-20.019136484860763,30,1
36570,2483,16.05586554159683,21,1
36593,2484,6.515963418690101,23,1
36633,2485,-20.47191503900135,40,0
36673,2486,-20.73718230208606,40,0
36684,2487,37.105217170878156,11,1
36724,2488,-21.34660362496823,40,0
36764,2489,-20.6310536656712,40,0
36804,2490,-20.631435555202295,40,0
36844,2491,-21.07144423309815,40,0
36884,2492,-21.26117589668618,40,0
36924,2493,-21.04333542496284,40,0
36964,2494,-20.754647785823625,40,0
37004,2495,-20.7316592420199,40,0
37044,2496,-21.097813929273727,40,0
37057,2497,27.576626127370183,13,1
37076,2498,18.343066202657617,19,1
37086,2499,16.384195979772194,10,1
37103,2500,7.521913102739354,17,1
37113,2501,11.553668697809943,10,1
37153,2502,-20.67546579358796,40,0
37193,2503,-20.761586320905337,40,0
37223,2504,-19.66712189281839,30,1
37263,2505,-20.857455941737413,40,0
37288,2506,-3.347821814838276,25,1
37328,2507,-20.622249941142254,40,0
37368,2508,-20.436837593425263,40,0
37384,2509,15.010224518000651,16,1
37405,2510,18.03271236375962,21,1
37424,2511,25.08776899621799,19,1
37440,2512,13.703736453666208,16,1
37478,2513,-25.838991127483443,38,1
37488,2514,17.132692670222525,10,1
37505,2515,9.564034856012428,17,1
37521,2516,73.71357078794912,16,1
37533,2517,-15.903592763434027,12,1
37573,2518,-21.036765771220423,40,0
37586,2519,14.689770285519609,13,1
37626,2520,-20.811587240608336,40,0
37636,2521,38.29768366042834,10,1
37676,2522,-21.39636138451828,40,0
37716,2523,-20.6440930597932,40,0
37731,2524,8.780169683693437,15,1
37764,2525,-19.452029641286344,33,1
37804,2526,-20.739696568865455,40,0
37844,2527,-20.757137428184354,40,0
37884,2528,-20.553969992595288,40,0
37894,2529,14.445388549897276,10,1
37912,2530,18.07700490964091,18,1
37952,2531,-20.780559007314956,40,0
37992,2532,-20.712437915939706,40,0
38032,2533,-20.917128417336095,40,0
38042,2534,111.30716082572418,10,1
38065,2535,54.16704613407256,23,1
38075,2536,75.17917889089648,10,1
38115,2537,-20.901208599334378,40,0
38155,2538,-20.702960265970514,40,0
38195,2539,-21.42277950746505,40,0
38235,2540,-20.60706248172068,40,0
38275,2541,-20.736756730610463,40,0
38285,2542,91.26186456462396,10,1
38314,2543,4.527058932704251,29,1
38326,2544,10.788070367260364,12,1
38360,2545,13.306385586189089,34,1
38397,2546,22.658686482587783,37,1
38413,2547,38.217336328253595,16,1
38424,2548,15.421111832813095,11,1
38464,2549,-21.348651138971313,40,0
38476,2550,9.151125005595604,12,1
38516,2551,-21.193436588423715,40,0
38556,2552,-20.605205067985516,40,0
38566,2553,38.845725886135845,10,1
38578,2554,67.82784359735041,12,1
38597,2555,65.0268792548537,19,1
38637,2556,-20.422887822948137,40,0
38652,2557,8.982095745061006,15,1
38692,2558,-20.526348249801384,40,0
38703,2559,95.5329812722725,11,1
38713,2560,15.797385582385083,10,1
38725,2561,13.248256241787526,12,1
38741,2562,-11.632799541237958,16,1
38757,2563,-0.9426462760068393,16,1
38769,2564,56.42733002227464,12,1
38809,2565,-20.853621456448572,40,0
38820,2566,28.06224522980861,11,1
38860,2567,-20.667561894894803,40,0
38870,2568,101.7688420901461,10,1
38880,2569,8.559104555574292,10,1
38890,2570,15.755914824849699,10,1
38900,2571,98.80625850532984,10,1
38912,2572,18.736261742167546,12,1
38952,2573,-20.878595963980263,40,0
38970,2574,18.12445831230227,18,1
39010,2575,-20.42919871483736,40,0
39020,2576,47.807777720897256,10,1
39030,2577,123.28210847667633,10,1
39048,2578,22.833213837935297,18,1
39088,2579,-20.549499702738018,40,0
39100,2580,20.765620792151456,12,1
39110,2581,7.773132169120371,10,1
39135,2582,12.20459528326787,25,1
39145,2583,16.31656215723683,10,1
39155,2584,83.80449367251333,10,1
39165,2585,37.080425693805715,10,1
39205,2586,-20.72056701107389,40,0
39245,2587,-20.61823557804817,40,0
39257,2588,34.169295855051274,12,1
39267,2589,41.46299646027511,10,1
39277,2590,50.182160418454835,10,1
39294,2591,21.966523127230943,17,1
39308,2592,11.604907985140349,14,1
39348,2593,-20.68837185447906,40,0
39365,2594,9.045542922364879,17,1
39405,2595,-20.714978956552088,40,0
39445,2596,-20.89756597047785,40,0
39460,2597,14.95631808125642,15,1
39470,2598,17.835257021192458,10,1
39480,2599,15.629771979358324,10,1
39494,2600,22.462363490083742,14,1
39504,2601,35.72256852840092,10,1
39514,2602,24.75876189097024,10,1
39524,2603,25.113978878151254,10,1
39564,2604,-20.737193353774018,40,0
39604,2605,-20.685400624246927,40,0
39644,2606,-20.700232119473878,40,0
39684,2607,-20.928507173327315,40,0
39713,2608,-8.821826351583306,29,1
39723,2609,39.253688683644505,10,1
39739,2610,18.94495469117594,16,1
39779,2611,-20.757682534521877,40,0
39789,2612,14.206900617451263,10,1
39799,2613,18.36727376500265,10,1
39809,2614,33.24660768105477,10,1
39849,2615,-20.720496225649136,40,0
39889,2616,-20.568296800068882,40,0
39929,2617,-20.84927444801174,40,0
39969,2618,-20.65197519191807,40,0
40009,2619,-20.75164746623704,40,0
40043,2620,21.34526681312695,34,1
40053,2621,15.86574416715498,10,1
40063,2622,34.919657944582426,10,1
40103,2623,-20.850870524614955,40,0
40143,2624,-20.669823311268168,40,0
40183,2625,-20.830202045870003,40,0
40217,2626,8.047219426701279,34,1
40257,2627,-20.983619912647224,40,0
40267,2628,56.42611276495693,10,1
40307,2629,-20.75956581452166,40,0
40347,2630,-20.83013617955988,40,0
40387,2631,-20.602258258113768,40,0
40397,2632,36.180895800467994,10,1
40407,2633,73.22227340575117,10,1
40447,2634,-20.677068340516044,40,0
40487,2635,-20.79705263627201,40,0
40527,2636,-20.88606871833274,40,0
40567,2637,-20.660318532260693,40,0
40587,2638,14.804394850197019,20,1
40627,2639,-20.772154537411858,40,0
40667,2640,-20.856501766624767,40,0
40707,2641,-20.740341266826054,40,0
40717,2642,26.765355682526124,10,1
40731,2643,14.026908774755276,14,1
40771,2644,-20.73368564194627,40,0
40811,2645,-20.3986015638794,40,0
40821,2646,105.86940649952042,10,1
40831,2647,13.356409149701975,10,1
40871,2648,-20.723035091873776,40,0
40881,2649,85.35525126357204,10,1
40921,2650,-20.88574464101298,40,0
40946,2651,20.055517191919154,25,1
40976,2652,11.892798704037961,30,1
40998,2653,11.989844380850197,22,1
41038,2654,-20.655875791274337,40,0
41078,2655,-20.608062803806376,40,0
41088,2656,47.501834541035095,10,1
41128,2657,-20.65402705766747,40,0
41168,2658,-20.86899247821152,40,0
41178,2659,59.40443212867785,10,1
41218,2660,-20.694307535283638,40,0
41258,2661,-20.721243528249822,40,0
41273,2662,11.90423300741831,15,1
41313,2663,-20.674194634197065,40,0
41335,2664,5.0802795946527946,22,1
41355,2665,24.611140249561153,20,1
41365,2666,128.62117391204498,10,1
41405,2667,-21.139929412576684,40,0
41445,2668,-21.283089717622932,40,0
41485,2669,-20.557142478176345,40,0
41497,2670,45.68942248458148,12,1
41537,2671,-20.67679211574187,40,0
41577,2672,-20.606457245394008,40,0
41587,2673,69.66479258761936,10,1
41599,2674,20.988203071060735,12,1
41623,2675,8.314701855643051,24,1
41663,2676,-20.51232611718049,40,0
41674,2677,122.74839131249523,11,1
41710,2678,4.525185624115233,36,1
41720,2679,32.140229220106555,10,1
41739,2680,19.517522063952047,19,1
41779,2681,-20.531045418693672,40,0
41790,2682,23.729213111653618,11,1
41800,2683,81.00936285872955,10,1
41818,2684,19.695869164563348,18,1
41835,2685,21.134501461753196,17,1
41845,2686,3.755659239609931,10,1
41855,2687,14.702400154428707,10,1
41879,2688,11.955772639828451,24,1
41919,2689,-20.702438752848938,40,0
41938,2690,19.984907107500288,19,1
41948,2691,38.97353501309833,10,1
41988,2692,-20.792604607179243,40,0
42005,2693,21.82913443562132,17,1
42015,2694,15.886608575931131,10,1
42034,2695,65.92221419484534,19,1
42065,2696,58.65886377647661,31,1
42075,2697,17.865236992144208,10,1
42088,2698,15.630920038260744,13,1
42121,2699,19.970346244350228,33,1
42144,2700,18.437497405786594,23,1
42184,2701,-20.67714359608391,40,0
42198,2702,29.759677711555014,14,1
42212,2703,45.60670207061976,14,1
42222,2704,35.602033830107075,10,1
42258,2705,-1.14432770696292,36,1
42268,2706,11.57321333215656,10,1
42278,2707,5.059627169816762,10,1
42291,2708,35.63200132323155,13,1
42301,2709,99.65374095987193,10,1
42341,2710,-20.68457555735708,40,0
42351,2711,69.92148809370761,10,1
42361,2712,24.820593606823714,10,1
42371,2713,21.103791268087164,10,1
42381,2714,38.12989092677384,10,1
42421,2715,-20.486256699537606,40,0
42461,2716,-20.780792637664664,40,0
42482,2717,19.565980187674313,21,1
42492,2718,64.64198084642389,10,1
42517,2719,26.056551748745285,25,1
42537,2720,48.96255787435043,20,1
42550,2721,28.21897228089077,13,1
42590,2722,-20.426475950316732,40,0
42630,2723,-20.481202557206018,40,0
42640,2724,45.482190846907926,10,1
42657,2725,7.4340221459461056,17,1
42678,2726,-4.167304542077521,21,1
42689,2727,36.95333562157604,11,1
42729,2728,-20.5954755454756,40,0
42744,2729,14.8979602370944,15,1
42770,2730,14.0245587728011,26,1
42781,2731,14.624106791464348,11,1
42806,2732,20.340266629198275,25,1
42817,2733,16.443283632449166,11,1
42827,2734,116.96714854107313,10,1
42862,2735,14.645175405265737,35,1
42872,2736,45.56057848252458,10,1
42912,2737,-20.746785159823556,40,0
42924,2738,34.15343311949133,12,1
42934,2739,56.89734429326854,10,1
42945,2740,32.38141186930933,11,1
42979,2741,83.54036973488387,34,1
42991,2742,25.292770626196873,12,1
43001,2743,16.933801542656916,10,1
43017,2744,6.130116962775175,16,1
43028,2745,33.356875805679394,11,1
43068,2746,-20.49385180272329,40,0
43078,2747,15.954333667737519,10,1
43098,2748,56.63773816935241,20,1
43110,2749,96.05510614083381,12,1
43121,2750,95.89180926756107,11,1
43150,2751,3.9290723718463987,29,1
43161,2752,21.68405680468058,11,1
43176,2753,40.1189882931072,15,1
43216,2754,-20.54709443525652,40,0
43250,2755,19.701040566535273,34,1
43278,2756,-14.209692924790753,28,1
43318,2757,-20.482814187646134,40,0
43358,2758,-20.927561951396907,40,0
43368,2759,85.71233067362343,10,1
43400,2760,-9.426707977743336,32,1
43414,2761,74.31062106698059,14,1
43424,2762,20.425608102325338,10,1
43440,2763,18.29345576466168,16,1
43458,2764,1.4380879171341638,18,1
43498,2765,-20.568484834074617,40,0
43511,2766,14.034956301923769,13,1
43522,2767,13.11338033801756,11,1
43532,2768,20.687871572342143,10,1
43545,2769,87.94185675476633,13,1
43563,2770,26.603581088731197,18,1
43573,2771,106.02371191336523,10,1
43613,2772,-17.087822951267118,40,1
43629,2773,20.114047390210295,16,1
43669,2774,-20.914874159191072,40,0
43709,2775,-20.976789631540704,40,0
43722,2776,11.241359704397585,13,1
43762,2777,-20.958256177036723,40,0
43775,2778,13.655469159497292,13,1
43815,2779,-20.87490198430597,40,0
43855,2780,-21.214344940481233,40,0
43865,2781,25.269354123621003,10,1
43877,2782,34.274688808251696,12,1
43889,2783,70.54962381278212,12,1
43905,2784,13.57082628682511,16,1
43915,2785,30.320035916074527,10,1
43925,2786,28.667797936024876,10,1
43936,2787,47.20081471473459,11,1
43947,2788,52.64658075007569,11,1
43957,2789,16.35981773407145,10,1
43967,2790,45.52059682526158,10,1
43977,2791,52.47978401214412,10,1
43987,2792,9.381790054053793,10,1
43998,2793,13.883106400518988,11,1
44009,2794,22.008924339714596,11,1
44019,2795,18.740154153562738,10,1
44036,2796,24.453661086554835,17,1
44050,2797,18.028046054585673,14,1
44067,2798,24.468531986880354,17,1
44077,2799,54.676482604822326,10,1
44117,2800,-21.231059683543222,40,0
44128,2801,14.48510637643222,11,1
44142,2802,31.631700990498565,14,1
44152,2803,18.359387864566504,10,1
44192,2804,-20.83090188915675,40,0
44202,2805,33.579409329103456,10,1
44212,2806,30.299624832267853,10,1
44227,2807,22.010169998415364,15,1
44242,2808,120.14810751207295,15,1
44275,2809,2.145954506787058,33,1
44290,2810,7.061951036297105,15,1
44306,2811,26.252762986034078,16,1
44346,2812,-20.34645583444695,40,0
44356,2813,72.84698168577155,10,1
44366,2814,18.569172754748802,10,1
44402,2815,-30.234519388949018,36,1
44412,2816,72.40921692965821,10,1
44422,2817,42.8262642338295,10,1
44459,2818,42.00190049184952,37,1
44469,2819,7.227676580767556,10,1
44506,2820,-12.45843895000727,37,1
44516,2821,122.49200229729507,10,1
44556,2822,-20.724643768806178,40,0
44596,2823,-20.684493873974997,40,0
44615,2824,24.8924557967441,19,1
44625,2825,138.61017427287516,10,1
44635,2826,38.84337034373315,10,1
44666,2827,-8.999909444784036,31,1
44678,2828,15.124452037878466,12,1
44688,2829,20.82975671547496,10,1
44698,2830,18.790706556971294,10,1
44738,2831,-21.10127288541683,40,0
44754,2832,26.539643278631612,16,1
44794,2833,-20.81245851397838,40,0
44810,2834,24.60287306899056,16,1
44821,2835,55.689943172591406,11,1
44836,2836,64.56399027348671,15,1
44876,2837,-16.617426431327992,40,1
44890,2838,26.282250392448308,14,1
44902,2839,133.0972199731242,12,1
44919,2840,40.80173958525545,17,1
44959,2841,-20.410966102571923,40,0
44999,2842,-20.563100532375348,40,0
45009,2843,8.163111792933634,10,1
45024,2844,32.927888014470845,15,1
45038,2845,76.95622245051888,14,1
45050,2846,15.05626069033457,12,1
45090,2847,-21.12884617680054,40,0
45112,2848,7.431366721828273,22,1
45123,2849,12.489116085567128,11,1
45133,2850,75.63983124490379,10,1
45145,2851,17.27133303329919,12,1
45163,2852,45.00589509520774,18,1
45203,2853,-20.858696122972933,40,0
45243,2854,-20.996724920296394,40,0
45283,2855,-20.56473430819184,40,0
45311,2856,10.957950717393617,28,1
45321,2857,13.87294337614613,10,1
45331,2858,7.06610309276843,10,1
45341,2859,83.66041892844963,10,1
45355,2860,17.812322692370746,14,1
45365,2861,102.56564383899159,10,1
45376,2862,15.186360790996606,11,1
45386,2863,16.777910573054704,10,1
45396,2864,38.43775649512567,10,1
45436,2865,-20.932002630966704,40,0
45446,2866,34.370887092837584,10,1
45456,2867,62.974576263101106,10,1
45466,2868,22.778955487311546,10,1
45484,2869,16.935114822826968,18,1
45494,2870,6.918931337704105,10,1
45504,2871,20.40685590786545,10,1
45544,2872,-20.89127750764341,40,0
45584,2873,-20.722161383509448,40,0
45624,2874,-21.078497941474012,40,0
45641,2875,19.531000249515888,17,1
45681,2876,-20.57680903704432,40,0
45691,2877,21.553635794434296,10,1
45707,2878,41.47246267418638,16,1
45717,2879,19.94253535588003,10,1
45730,2880,3.782127980767528,13,1
45740,2881,35.61398183770601,10,1
45756,2882,16.872192325351666,16,1
45796,2883,-20.861485316037317,40,0
45806,2884,50.175312139409264,10,1
45822,2885,57.179351943902006,16,1
45862,2886,-20.86912172316107,40,0
45872,2887,16.71710945666839,10,1
45912,2888,-33.02033652544617,40,1
45952,2889,-22.046190053604136,40,0
45967,2890,11.023522671123262,15,1
46007,2891,-20.537506481996996,40,0
46047,2892,-21.04169186214586,40,0
46061,2893,-12.076237553924708,14,1
46075,2894,16.290268243231637,14,1
46085,2895,14.74910456646124,10,1
46125,2896,-20.651119734460035,40,0
46165,2897,-21.655369799596492,40,0
46175,2898,37.232711374829755,10,1
46185,2899,19.70983555153586,10,1
46198,2900,25.86141429421987,13,1
46209,2901,55.91903354151462,11,1
46249,2902,-21.676732786566465,40,0
46263,2903,28.711524129486694,14,1
46303,2904,-21.016076947684446,40,0
46313,2905,16.075689479439816,10,1
46323,2906,17.317713128339303,10,1
46334,2907,39.8179327924381,11,1
46374,2908,-21.187407415452295,40,0
46414,2909,-21.16333529215349,40,0
46454,2910,-20.70802849307958,40,0
46468,2911,58.05384224238105,14,1
46478,2912,28.59910195166853,10,1
46489,2913,16.579585417855387,11,1
46511,2914,38.2119602133688,22,1
46521,2915,23.73021126135915,10,1
46561,2916,-21.175964968400493,40,0
46601,2917,-20.98672957959592,40,0
46611,2918,19.210421004073567,10,1
46621,2919,20.413763201054827,10,1
46661,2920,-20.836625704848963,40,0
46701,2921,-20.89260026084812,40,0
46741,2922,-20.624272036581857,40,0
46756,2923,26.803621099250083,15,1
46766,2924,101.35628709245854,10,1
46776,2925,22.374677531702165,10,1
46786,2926,138.88630566888534,10,1
46796,2927,23.4271533273914,10,1
46806,2928,30.860221422095538,10,1
46846,2929,-20.92113058413895,40,0
46886,2930,-20.667216338175038,40,0
46898,2931,34.543664333508715,12,1
46910,2932,9.818888892512962,12,1
46950,2933,-21.822716130366825,40,0
46976,2934,0.4162832004456267,26,1
46989,2935,18.305412928222452,13,1
47002,2936,107.11288641902655,13,1
47042,2937,-21.985148374344476,40,0
47053,2938,12.333282292696413,11,1
47065,2939,50.84992904719186,12,1
47075,2940,21.114607942927204,10,1
47091,2941,2.1774514705010892,16,1
47131,2942,-20.671839383071163,40,0
47141,2943,30.238297636497197,10,1
47156,2944,33.706299161666614,15,1
47166,2945,59.661808079109235,10,1
47176,2946,23.184952005983817,10,1
47191,2947,24.27766814224849,15,1
47231,2948,-20.726638418287486,40,0
47241,2949,5.2812712412808995,10,1
47261,2950,74.80434403458845,20,1
47271,2951,25.789764984597763,10,1
47305,2952,-13.944268893718023,34,1
47315,2953,21.19174824820563,10,1
47325,2954,33.54655574277354,10,1
47347,2955,22.22263809388474,22,1
47359,2956,9.327480255553626,12,1
47369,2957,85.53085126016953,10,1
47409,2958,-20.985201541539507,40,0
47419,2959,112.08150118346322,10,1
47429,2960,79.89186337189292,10,1
47469,2961,-20.78174235622304,40,0
47509,2962,-20.762086326956858,40,0
47519,2963,38.871961533331884,10,1
47533,2964,3.34328013077738,14,1
47550,2965,-0.35546779929471783,17,1
47566,2966,3.9189803307819027,16,1
47576,2967,60.54702220405263,10,1
47586,2968,76.55285381482427,10,1
47596,2969,18.29540603776057,10,1
47636,2970,-20.696862388006824,40,0
47646,2971,104.89573504168378,10,1
47656,2972,22.25837144794821,10,1
47666,2973,9.815748468245799,10,1
47682,2974,108.67780115922982,16,1
47692,2975,28.049556029614564,10,1
47702,2976,54.33320992235584,10,1
47712,2977,13.305709356667128,10,1
47722,2978,18.22622786673733,10,1
47732,2979,22.331764449858714,10,1
47742,2980,20.219847272922426,10,1
47759,2981,115.87756400144217,17,1
47771,2982,75.22377356280938,12,1
47782,2983,121.47479977403049,11,1
47792,2984,10.468574176874304,10,1
47803,2985,61.61055605415283,11,1
47814,2986,49.59996715955145,11,1
47824,2987,21.29921421443235,10,1
47834,2988,48.491456421723306,10,1
47848,2989,-16.475607211548336,14,1
47858,2990,18.616101736940973,10,1
47868,2991,83.19937889291002,10,1
47890,2992,21.73421172253773,22,1
47900,2993,54.09428064195987,10,1
47922,2994,51.2190699275109,22,1
47932,2995,53.91185277560889,10,1
47942,2996,30.304160484193684,10,1
47952,2997,18.121452854302444,10,1
47962,2998,22.68967039250829,10,1
47972,2999,29.460000490542456,10,1
47982,3000,18.574954005356943,10,1
47992,3001,37.93144564045069,10,1
48012,3002,17.008138176643488,20,1
48025,3003,77.9737379098204,13,1
48035,3004,92.90283236245907,10,1
48075,3005,-20.882131881164238,40,0
48085,3006,115.67192987212157,10,1
48095,3007,71.83677782334418,10,1
48135,3008,-20.899056455341245,40,0
48145,3009,12.178528333811238,10,1
48160,3010,11.71309268368753,15,1
48170,3011,8.195932995043473,10,1
48180,3012,8.07171269006096,10,1
48194,3013,14.578235445427817,14,1
48204,3014,12.552883109662726,10,1
48214,3015,93.43670942808023,10,1
48224,3016,57.8392382213775,10,1
48236,3017,5.986576854629985,12,1
48253,3018,5.788018022445845,17,1
48263,3019,22.67593777050526,10,1
48303,3020,-20.903571729941234,40,0
48313,3021,27.379771194815504,10,1
48324,3022,5.236864608587624,11,1
48334,3023,21.724927600874615,10,1
48374,3024,-20.674808777069874,40,0
48389,3025,34.2753494595157,15,1
48399,3026,49.788956005768235,10,1
48439,3027,-20.72839588393968,40,0
48449,3028,21.126716315587167,10,1
48460,3029,8.590281710336953,11,1
48470,3030,64.31468427708894,10,1
48480,3031,32.452149039237376,10,1
48490,3032,67.80447115909205,10,1
48505,3033,17.247131016933906,15,1
48515,3034,81.61718213532717,10,1
48525,3035,32.38897839671939,10,1
48538,3036,8.837168689849092,13,1
48552,3037,20.882508665399524,14,1
48562,3038,45.295191735737816,10,1
48572,3039,85.32250402245342,10,1
48582,3040,23.64159356703097,10,1
48592,3041,15.207529603348945,10,1
48602,3042,17.001182901965844,10,1
48612,3043,29.27550592904049,10,1
48625,3044,-7.0620639146375925,13,1
48635,3045,23.372695684950106,10,1
48646,3046,8.798757225133766,11,1
48663,3047,21.358885281733645,17,1
48673,3048,63.88963720305717,10,1
48685,3049,19.992725134747975,12,1
48695,3050,22.378648345665795,10,1
48705,3051,92.68388424873069,10,1
48715,3052,78.28587403519718,10,1
48725,3053,49.23468385564464,10,1
48735,3054,53.45368442067914,10,1
48745,3055,14.897923139657314,10,1
48756,3056,53.82773785163282,11,1
48796,3057,-21.516382136966886,40,0
48806,3058,16.445651825737897,10,1
48816,3059,47.3354499374168,10,1
48826,3060,118.47557485283609,10,1
48866,3061,-21.637843983163467,40,0
48877,3062,118.00422833538804,11,1
48917,3063,-20.890226925802253,40,0
48935,3064,31.86510232482393,18,1
48945,3065,124.39562553426016,10,1
48965,3066,-16.85324398125828,20,1
48975,3067,31.06652302300158,10,1
48987,3068,15.34906269141288,12,1
48997,3069,27.8419334043574,10,1
49007,3070,35.975911894306066,10,1
49018,3071,9.586921889519576,11,1
49028,3072,5.843895332724212,10,1
49038,3073,96.95993944857926,10,1
49078,3074,-20.62966576428607,40,0
49088,3075,18.113515040901593,10,1
49108,3076,5.13953417792075,20,1
49121,3077,8.838984865911726,13,1
49131,3078,51.01724418126589,10,1
49143,3079,45.86734271964437,12,1
49155,3080,76.0578149093493,12,1
49165,3081,46.874577317396344,10,1
49175,3082,85.00947307638997,10,1
49190,3083,35.96129502798353,15,1
49200,3084,17.886155756475784,10,1
49210,3085,25.05061348126671,10,1
49220,3086,111.3343268707636,10,1
49230,3087,14.31669709407139,10,1
49240,3088,23.516610001918412,10,1
49250,3089,15.899226689904225,10,1
49260,3090,34.21719509897974,10,1
49270,3091,24.070125526404944,10,1
49310,3092,-20.85839149561321,40,0
49320,3093,56.174416438201085,10,1
49330,3094,12.042972569320021,10,1
49340,3095,23.50102158111258,10,1
49353,3096,12.23523404876117,13,1
49393,3097,-20.618250735175835,40,0
49403,3098,-2.507588070567666,10,1
49413,3099,113.65380480283999,10,1
49424,3100,26.549251749723027,11,1
49434,3101,97.13902987002115,10,1
49444,3102,63.2542268339821,10,1
49484,3103,-21.086457098335934,40,0
49495,3104,69.22998161053604,11,1
49505,3105,17.766608567086152,10,1
49515,3106,8.8479620194234,10,1
49525,3107,27.206102810203674,10,1
49535,3108,23.304819314151832,10,1
49549,3109,25.634029359801293,14,1
49559,3110,60.810190623533636,10,1
49570,3111,23.598590791290352,11,1
49580,3112,120.90557374161709,10,1
49590,3113,84.22501478365639,10,1
49603,3114,15.86074128832954,13,1
49613,3115,131.33396862581745,10,1
49623,3116,84.15436679632502,10,1
49637,3117,29.478961457824177,14,1
49648,3118,32.76611052477939,11,1
49658,3119,76.20926714127306,10,1
49675,3120,34.363873573884455,17,1
49685,3121,59.1318618455814,10,1
49698,3122,124.05213868031043,13,1
49709,3123,42.27966347072096,11,1
49719,3124,12.314442177555529,10,1
49729,3125,88.03090027124918,10,1
49739,3126,81.6320190071426,10,1
49749,3127,31.711145778813528,10,1
49760,3128,29.633899303305316,11,1
49770,3129,45.94043304443901,10,1
49781,3130,129.7585909804186,11,1
49791,3131,69.89721108735029,10,1
49831,3132,-21.021661436073803,40,0
49842,3133,30.147265213036825,11,1
49856,3134,78.60152930530809,14,1
49866,3135,81.59210706248395,10,1
49876,3136,16.919290979661003,10,1
49890,3137,13.96523163069992,14,1
49901,3138,57.55366779262275,11,1
49920,3139,24.46047734513502,19,1
49936,3140,58.28374712556318,16,1
49946,3141,31.580690636323613,10,1
49956,3142,35.81902620669876,10,1
49970,3143,23.323906650447537,14,1
49982,3144,16.447767334948708,12,1
49992,3145,35.44582161926377,10,1
50002,3146,44.48467968007964,10,1
50013,3147,28.947694390946566,11,1
50023,3148,11.086121825853674,10,1
50033,3149,26.292034466491014,10,1
50043,3150,20.153099393218966,10,1
50055,3151,17.00423605645286,12,1
50071,3152,23.014994473194992,16,1
50081,3153,24.228720935623624,10,1
50091,3154,79.46062220560637,10,1
50101,3155,14.754204043790716,10,1
50111,3156,26.54815337016909,10,1
50125,3157,20.526910124220375,14,1
50140,3158,31.566354734989815,15,1
50151,3159,59.662008934440486,11,1
50170,3160,21.38152729411844,19,1
50182,3161,43.634319688434125,12,1
50192,3162,116.06756135060232,10,1
50202,3163,33.35831483152311,10,1
50212,3164,88.6259068484241,10,1
50222,3165,105.45884428004184,10,1
50232,3166,44.23601125534688,10,1
50244,3167,38.819745695144334,12,1
50254,3168,118.28712982386467,10,1
50264,3169,48.860334641014425,10,1
50274,3170,33.195119624796234,10,1
50284,3171,25.971558690431515,10,1
50294,3172,29.016752326749494,10,1
50304,3173,38.69113442411912,10,1
50314,3174,12.24352265669547,10,1
50325,3175,17.158590529783126,11,1
50335,3176,21.75190638918638,10,1
50345,3177,46.53830779438137,10,1
50355,3178,56.04330705361801,10,1
50365,3179,25.860296395840475,10,1
50375,3180,20.392333957320794,10,1
50389,3181,12.278716809961134,14,1
50429,3182,-20.821242150126857,40,0
50439,3183,31.889580445908457,10,1
50458,3184,27.212869152664926,19,1
50469,3185,18.677874778870343,11,1
50479,3186,69.70775907700283,10,1
50489,3187,47.559456650634644,10,1
50499,3188,33.59676255180336,10,1
50510,3189,54.37938559031551,11,1
50520,3190,129.7548826941727,10,1
50531,3191,17.708252430396886,11,1
50541,3192,38.84928078314007,10,1
50551,3193,26.473268520898927,10,1
50561,3194,19.394253081615286,10,1
50575,3195,13.250618895284891,14,1
50585,3196,35.93164782387528,10,1
50595,3197,27.78183496464298,10,1
50605,3198,24.17924051644626,10,1
50615,3199,26.102929485920804,10,1
50626,3200,8.705761517876136,11,1
50636,3201,41.04016641173333,10,1
50646,3202,20.251205666071716,10,1
50660,3203,4.645894081697618,14,1
50670,3204,131.24917268774752,10,1
50680,3205,65.98075844029864,10,1
50703,3206,21.72056936931172,23,1
50713,3207,22.744451743379223,10,1
50723,3208,19.10745780692009,10,1
50735,3209,97.91875005770392,12,1
50745,3210,17.474237386499706,10,1
50777,3211,-17.77134217309736,32,1
50791,3212,101.90382344264516,14,1
50801,3213,49.4332195710062,10,1
50811,3214,15.591567738064604,10,1
50822,3215,37.65468530954068,11,1
50841,3216,17.471401305645728,19,1
50859,3217,-12.166928351897186,18,1
50869,3218,21.986129551865893,10,1
50879,3219,53.51079918408044,10,1
50890,3220,44.55944374594563,11,1
50900,3221,35.71635742059352,10,1
50910,3222,13.388022818651875,10,1
50924,3223,16.10549637633557,14,1
50934,3224,24.472453657639843,10,1
50944,3225,97.52008034641402,10,1
50960,3226,30.523983027187302,16,1
50970,3227,46.301855994041475,10,1
50982,3228,24.583491988544655,12,1
50992,3229,40.82595957207814,10,1
51003,3230,10.410954709878846,11,1
51043,3231,-0.6586325355682717,40,1
51053,3232,26.087251934897747,10,1
51063,3233,24.457700483743732,10,1
51073,3234,14.638118022363562,10,1
51083,3235,83.86499903143444,10,1
51093,3236,77.28962180370141,10,1
51103,3237,121.33320064934247,10,1
51113,3238,24.72789080169527,10,1
51123,3239,23.563885111911084,10,1
51133,3240,134.3857770005622,10,1
51143,3241,43.828690130794705,10,1
51153,3242,72.2544454762883,10,1
51163,3243,56.37959734215431,10,1
51175,3244,20.51763290903597,12,1
51185,3245,71.6800749197452,10,1
51195,3246,56.84408167056778,10,1
51205,3247,20.93285359399399,10,1
51215,3248,117.42546527378023,10,1
51225,3249,15.753066935850818,10,1
51240,3250,36.29108395780484,15,1
51251,3251,113.69634109488385,11,1
51265,3252,28.738277283797533,14,1
51276,3253,14.087102087035799,11,1
51316,3254,-20.922940411846678,40,0
51329,3255,64.48025348338896,13,1
51344,3256,12.93915978320532,15,1
51356,3257,38.45382326038394,12,1
51366,3258,69.09840820501861,10,1
51376,3259,25.32736565129838,10,1
51386,3260,36.20588486028377,10,1
51396,3261,26.846674754789,10,1
51406,3262,93.29883679394196,10,1
51416,3263,41.45576380040133,10,1
51456,3264,-20.9926831581318,40,0
51470,3265,19.028241268637377,14,1
51480,3266,40.54010305911719,10,1
51494,3267,20.94313389701556,14,1
51504,3268,7.78975154306132,10,1
51544,3269,-20.822799058652325,40,0
51554,3270,48.70298583797741,10,1
51564,3271,25.45739532833755,10,1
51579,3272,16.38481740004254,15,1
51589,3273,16.61466528444684,10,1
51599,3274,24.86093495472014,10,1
51613,3275,20.448589239218567,14,1
51623,3276,30.54958905335935,10,1
51636,3277,16.425140818430318,13,1
51646,3278,47.226468011919,10,1
51686,3279,-20.704417153994246,40,0
51698,3280,42.072695550210796,12,1
51711,3281,4.684767595536498,13,1
51721,3282,21.936259568766072,10,1
51731,3283,30.216292147931057,10,1
51745,3284,111.58435489071107,14,1
51755,3285,43.61501726244991,10,1
51765,3286,15.240005138304722,10,1
51775,3287,36.49259263051936,10,1
51787,3288,35.520226186094405,12,1
51827,3289,-21.276347580605467,40,0
51837,3290,73.42891229132255,10,1
51849,3291,99.66911576048615,12,1
51864,3292,15.6944354871322,15,1
51874,3293,75.05074118442387,10,1
51885,3294,131.07343202383404,11,1
51898,3295,46.9062547305323,13,1
51911,3296,24.192465445834536,13,1
51925,3297,21.913925588424103,14,1
51957,3298,15.281107994751343,32,1
51967,3299,118.49607212415533,10,1
51977,3300,21.69803443141808,10,1
51987,3301,15.679848435712524,10,1
52000,3302,25.769367422217435,13,1
52010,3303,126.29536205591445,10,1
52020,3304,129.96755232630284,10,1
52030,3305,23.73113092276753,10,1
52040,3306,81.6397086424703,10,1
52050,3307,31.430097131405002,10,1
52060,3308,36.51642985968741,10,1
52070,3309,24.8016339063669,10,1
52080,3310,75.36884094361565,10,1
52090,3311,48.97301897175173,10,1
52100,3312,25.804139793651807,10,1
52111,3313,68.0489864123475,11,1
52121,3314,12.542099961172665,10,1
52131,3315,35.120739456564486,10,1
52141,3316,16.160104407631188,10,1
52151,3317,16.96820567216248,10,1
52162,3318,13.329262012118418,11,1
52172,3319,48.505718500394,10,1
52182,3320,20.238060208627076,10,1
52192,3321,28.7482960747081,10,1
52202,3322,25.256966429880837,10,1
52212,3323,40.939393244068505,10,1
52222,3324,21.76159937929326,10,1
52241,3325,17.22699883458412,19,1
52251,3326,16.396506261481,10,1
52261,3327,49.519944776605655,10,1
52272,3328,27.24600045087245,11,1
52287,3329,80.43578985290567,15,1
52298,3330,28.15389596394196,11,1
52308,3331,105.38295803769671,10,1
52318,3332,41.01817823884243,10,1
52331,3333,16.870186630915637,13,1
52344,3334,18.17317289328691,13,1
52367,3335,7.2669980106200756,23,1
52377,3336,30.678322525147824,10,1
52387,3337,17.134027188581364,10,1
52397,3338,115.77253790128744,10,1
52407,3339,27.977192848350157,10,1
52423,3340,10.832849985731894,16,1
52433,3341,99.26826931965098,10,1
52445,3342,7.752639395276786,12,1
52458,3343,21.04765058563986,13,1
52468,3344,18.24025411274361,10,1
52478,3345,63.19371004026716,10,1
52488,3346,35.63979634985895,10,1
52499,3347,46.85628464604492,11,1
52509,3348,43.954675985543126,10,1
52549,3349,-20.92828521138452,40,0
52559,3350,65.78619045416114,10,1
52569,3351,12.759831868999413,10,1
52579,3352,40.31015036133207,10,1
52589,3353,35.82541169035748,10,1
52610,3354,123.66106505090343,21,1
52620,3355,42.49587199174268,10,1
52660,3356,-21.373943674206743,40,0
52671,3357,21.41946405368531,11,1
52681,3358,15.440710077897338,10,1
52691,3359,29.57573692569028,10,1
52704,3360,127.84084317057193,13,1
52714,3361,47.55985977826553,10,1
52724,3362,38.5606467828868,10,1
52734,3363,123.99102809303861,10,1
52744,3364,27.39804006563097,10,1
52754,3365,103.84267929962006,10,1
52764,3366,34.788117544297535,10,1
52774,3367,26.032831813545716,10,1
52784,3368,130.79130686440178,10,1
52794,3369,71.51404224076565,10,1
52804,3370,61.110981984995796,10,1
52814,3371,38.974730854101075,10,1
52824,3372,108.76348832759165,10,1
52834,3373,60.45176113364231,10,1
52844,3374,37.69941888972184,10,1
52854,3375,32.77548309828069,10,1
52894,3376,-22.042579661540096,40,0
52911,3377,7.674260160363509,17,1
52921,3378,23.182033410634848,10,1
52931,3379,71.2147848784364,10,1
52941,3380,18.767830892896978,10,1
52951,3381,106.36216780064296,10,1
52961,3382,54.98986231111031,10,1
52971,3383,17.5898662300418,10,1
52981,3384,111.84681986565272,10,1
52991,3385,40.8654292745148,10,1
53001,3386,44.23549630061603,10,1
53011,3387,24.608215410750724,10,1
53021,3388,28.88476696681757,10,1
53061,3389,-20.672749527101974,40,0
53071,3390,21.07650114457304,10,1
53082,3391,48.51821495899682,11,1
53092,3392,10.5617446674966,10,1
53102,3393,64.34466494599752,10,1
53113,3394,124.65980866419466,11,1
53123,3395,23.79884956588412,10,1
53133,3396,22.75066230716568,10,1
53149,3397,6.355506887973238,16,1
53159,3398,134.09950529991005,10,1
53175,3399,58.78003655851602,16,1
53185,3400,63.73595968139367,10,1
53195,3401,7.510340005852273,10,1
53205,3402,28.934434920638697,10,1
53215,3403,113.03478581700038,10,1
53226,3404,69.94538057358434,11,1
53236,3405,29.265524772439782,10,1
53258,3406,22.09554192776749,22,1
53269,3407,104.20381842670976,11,1
53279,3408,61.077782777003655,10,1
53289,3409,25.177357103971463,10,1
53299,3410,19.075430261120893,10,1
53311,3411,55.04555725016003,12,1
53351,3412,-21.017413428345073,40,0
53361,3413,31.249739084413523,10,1
53371,3414,16.392197996079048,10,1
53381,3415,82.58681358182122,10,1
53391,3416,33.799339300174104,10,1
53401,3417,21.961211400137614,10,1
53416,3418,46.70953650280652,15,1
53426,3419,14.879476864631494,10,1
53436,3420,78.71927580421521,10,1
53446,3421,30.566524955711152,10,1
53456,3422,40.90655653261742,10,1
53467,3423,119.39585317636198,11,1
53477,3424,13.806092389755058,10,1
53487,3425,11.876208657761184,10,1
53498,3426,77.01363815464182,11,1
53511,3427,19.53501100450935,13,1
53521,3428,58.448808179189214,10,1
53531,3429,15.240175678690822,10,1
53542,3430,20.63689484254897,11,1
53553,3431,28.30283180013085,11,1
53563,3432,72.26597993224952,10,1
53603,3433,-20.826197902199528,40,0
53614,3434,90.50669354707279,11,1
53624,3435,56.981364294694416,10,1
53634,3436,21.29237625054946,10,1
53644,3437,28.712834219656877,10,1
53654,3438,113.54970469009204,10,1
53664,3439,132.51192395615863,10,1
53675,3440,34.895237478747426,11,1
53685,3441,11.844479928934264,10,1
53697,3442,70.05366012693457,12,1
53707,3443,20.262226094858526,10,1
53717,3444,10.69789629501219,10,1
53727,3445,96.92320230979345,10,1
53737,3446,92.54514396378543,10,1
53747,3447,17.54048585754305,10,1
53757,3448,19.557468840076478,10,1
53767,3449,10.273019507674663,10,1
53777,3450,103.85503002772833,10,1
53787,3451,31.477072337566735,10,1
53801,3452,14.492017118344286,14,1
53811,3453,24.580221859481753,10,1
53851,3454,-20.715017429225863,40,0
53861,3455,19.29915800447899,10,1
53871,3456,101.06451270088078,10,1
53882,3457,19.777696266523115,11,1
53894,3458,35.36605055784051,12,1
53909,3459,18.991309559325344,15,1
53921,3460,118.39056023997337,12,1
53931,3461,114.25923652719953,10,1
53941,3462,11.792345067250826,10,1
53957,3463,15.691280106505827,16,1
53968,3464,18.807869104968677,11,1
53979,3465,110.15885728623485,11,1
53989,3466,14.648467137103617,10,1
53999,3467,38.03988893613756,10,1
54009,3468,47.36660720971588,10,1
54049,3469,-20.878072203612614,40,0
54059,3470,63.06918701762948,10,1
54090,3471,7.9830405541101985,31,1
54101,3472,130.01026630709148,11,1
54112,3473,28.893845963225377,11,1
54122,3474,49.52029451051436,10,1
54132,3475,19.05179124969301,10,1
54142,3476,118.25072160809476,10,1
54152,3477,19.486140802529196,10,1
54162,3478,104.47356612756423,10,1
54172,3479,65.06504866278819,10,1
54183,3480,18.210349596105363,11,1
54193,3481,28.688359682844276,10,1
54203,3482,33.56986403540421,10,1
54213,3483,22.113202813843007,10,1
54225,3484,64.14750895424189,12,1
54235,3485,43.52651677661646,10,1
54245,3486,20.988534941085124,10,1
54255,3487,18.779418294977706,10,1
54265,3488,54.32698609302318,10,1
54275,3489,65.76849399242089,10,1
54306,3490,84.22585882159393,31,1
54316,3491,40.38698956539918,10,1
54326,3492,85.46383288465196,10,1
54337,3493,23.484612528303,11,1
54347,3494,20.12984516103949,10,1
54357,3495,103.60761584160144,10,1
54367,3496,91.29126570062758,10,1
54377,3497,31.44205795558426,10,1
54389,3498,110.16805570168971,12,1
54399,3499,29.172647929049177,10,1
54409,3500,116.33420855472984,10,1
54419,3501,10.55199734843367,10,1
54431,3502,90.29404791651446,12,1
54441,3503,112.5923387050309,10,1
54451,3504,17.630795522165933,10,1
54461,3505,60.47644090792734,10,1
54471,3506,64.87245975836461,10,1
54481,3507,31.0389654606619,10,1
54491,3508,69.0418198076655,10,1
54501,3509,71.22710061836459,10,1
54511,3510,39.02539112083963,10,1
54521,3511,18.380924961180956,10,1
54531,3512,130.1345679391094,10,1
54541,3513,108.77333914602805,10,1
54551,3514,91.93238994520897,10,1
54561,3515,27.05730192514044,10,1
54571,3516,65.47396122852136,10,1
54581,3517,90.18263749270987,10,1
54592,3518,19.0090026368362,11,1
54602,3519,128.66887832899704,10,1
54612,3520,119.25311827040812,10,1
54630,3521,28.51592445013122,18,1
54640,3522,42.40621421289766,10,1
54650,3523,61.90961536312062,10,1
54660,3524,17.16995220474554,10,1
54670,3525,16.62883892102348,10,1
54680,3526,27.895519504963598,10,1
54690,3527,22.567506100861046,10,1
54704,3528,19.46830700852319,14,1
54717,3529,132.0323110614838,13,1
54727,3530,35.96251947327485,10,1
54737,3531,76.40437418999853,10,1
54747,3532,95.31316853925267,10,1
54757,3533,55.3005180685486,10,1
54767,3534,60.87806652195492,10,1
54777,3535,15.311904306626962,10,1
54787,3536,21.190486905021306,10,1
54797,3537,31.200080423786943,10,1
54808,3538,48.403748911746426,11,1
54822,3539,37.09401000934799,14,1
54832,3540,22.236722445164016,10,1
54842,3541,12.767342179521668,10,1
54853,3542,-7.785072097906194,11,1
54863,3543,45.45162167305094,10,1
54874,3544,21.23810324870691,11,1
54884,3545,72.75437646875791,10,1
54894,3546,28.141640534490243,10,1
54904,3547,34.57899366563919,10,1
54914,3548,91.48248063465054,10,1
54924,3549,39.59927345099641,10,1
54934,3550,58.65549257570535,10,1
54944,3551,62.56473069585536,10,1
54954,3552,13.757665284490264,10,1
54964,3553,71.71302110396006,10,1
54974,3554,44.60520801343073,10,1
54984,3555,84.19718805199051,10,1
54994,3556,27.775710299569013,10,1
55004,3557,14.122379485097253,10,1
55015,3558,74.96643914920332,11,1
55027,3559,32.703591426838216,12,1
55037,3560,122.86472360127804,10,1
55055,3561,18.691499299902624,18,1
55065,3562,35.033696448097,10,1
55075,3563,19.599061947027856,10,1
55085,3564,21.86564837725401,10,1
55095,3565,42.00045378272912,10,1
55105,3566,36.16391645347372,10,1
55115,3567,72.06465951590087,10,1
55155,3568,-20.803009600806494,40,0
55165,3569,30.38828045896557,10,1
55205,3570,-21.188098878063176,40,0
55215,3571,41.3345949465508,10,1
55225,3572,76.72718245217398,10,1
55235,3573,24.30574856922805,10,1
55252,3574,31.299876511341232,17,1
55262,3575,103.93917636888112,10,1
55272,3576,14.155756086817187,10,1
55282,3577,28.177830798408227,10,1
55292,3578,55.10746346481179,10,1
55302,3579,16.84261637935953,10,1
55312,3580,27.69489622966491,10,1
55333,3581,16.947295733077972,21,1
55343,3582,32.434758256593675,10,1
55383,3583,-24.442923810603894,40,0
55393,3584,54.001006111016075,10,1
55403,3585,13.286810051889129,10,1
55413,3586,129.2459628439212,10,1
55423,3587,22.3463907266221,10,1
55433,3588,20.12116409954544,10,1
55443,3589,36.24784443607678,10,1
55453,3590,119.89239309766855,10,1
55463,3591,12.903973130616802,10,1
55473,3592,76.48561784000566,10,1
55484,3593,20.17144877210039,11,1
55495,3594,23.22618540932385,11,1
55509,3595,12.02901101356181,14,1
55519,3596,20.718412187869347,10,1
55529,3597,29.47936490614272,10,1
55539,3598,40.85531187856829,10,1
55549,3599,136.69175718681998,10,1
55559,3600,94.118533949205,10,1
55569,3601,47.94670220787293,10,1
55579,3602,16.48018760820389,10,1
55589,3603,18.012135274428957,10,1
55602,3604,29.033003039461708,13,1
55615,3605,30.033921105192547,13,1
55625,3606,122.60786640307735,10,1
55635,3607,17.43406288439434,10,1
55645,3608,41.54036878783947,10,1
55655,3609,35.973226516286026,10,1
55695,3610,-22.0790828859574,40,0
55707,3611,25.23476061629026,12,1
55717,3612,29.00875467647382,10,1
55727,3613,37.33930264726597,10,1
55737,3614,18.323594499093858,10,1
55747,3615,43.819932569326795,10,1
55787,3616,-21.568412716044687,40,0
55797,3617,17.01476384338057,10,1
55829,3618,-24.915010841086684,32,1
55869,3619,-22.286666090965294,40,0
55909,3620,-21.760530597501823,40,0
55949,3621,-22.451411719170306,40,0
55959,3622,73.85883877744577,10,1
55969,3623,21.523476429779716,10,1
55990,3624,15.24995199891476,21,1
56000,3625,86.59769225499477,10,1
56010,3626,56.428446637445376,10,1
56020,3627,15.107206762824333,10,1
56030,3628,67.2096997917328,10,1
56040,3629,23.807300107376008,10,1
56080,3630,-22.80679714874678,40,0
56090,3631,111.07341899689379,10,1
56103,3632,10.785950974317656,13,1
56113,3633,18.52106068327285,10,1
56153,3634,-23.182694694286212,40,0
56170,3635,17.847760460124398,17,1
56180,3636,87.29212089597283,10,1
56220,3637,-21.34091293619994,40,0
56230,3638,38.93361321435616,10,1
56240,3639,121.61559134098131,10,1
56260,3640,12.430310319608818,20,1
56273,3641,12.210086420441675,13,1
56283,3642,22.875069863532936,10,1
56323,3643,-21.35053183372633,40,0
56334,3644,11.492668752854991,11,1
56374,3645,-21.33094807292767,40,0
56414,3646,-21.433557111140633,40,0
56424,3647,90.8532112632251,10,1
56464,3648,-21.465254874023415,40,0
56474,3649,59.412555616852174,10,1
56484,3650,46.27546947800311,10,1
56494,3651,44.63273216005971,10,1
56504,3652,22.691735418349104,10,1
56514,3653,114.04898680277185,10,1
56524,3654,30.52378908538976,10,1
56564,3655,-21.58949145564818,40,0
56574,3656,20.846243247733355,10,1
56584,3657,11.011515191185916,10,1
56624,3658,-22.708046973006603,40,0
56635,3659,-3.44633495827484,11,1
56645,3660,95.0378687937638,10,1
56655,3661,106.80520908719676,10,1
56665,3662,70.64106330540108,10,1
56705,3663,-21.580413093386433,40,0
56715,3664,106.27040870474863,10,1
56755,3665,-22.17181573464685,40,0
56765,3666,78.7222538113273,10,1
56778,3667,22.256544037313443,13,1
56818,3668,-21.462638339731832,40,0
56828,3669,33.036916818987386,10,1
56840,3670,19.371172014074748,12,1
56859,3671,19.106207580811294,19,1
56869,3672,29.217824647779256,10,1
56880,3673,59.41962968059342,11,1
56920,3674,-22.317586948423934,40,0
56960,3675,-21.78485495662937,40,0
56970,3676,57.162064153855994,10,1
56980,3677,23.050684650938734,10,1
57020,3678,-21.363675583312304,40,0
57060,3679,-21.57328346753977,40,0
57070,3680,20.125712370000542,10,1
57080,3681,27.12530934226636,10,1
57120,3682,-21.14152606805004,40,0
57160,3683,-21.36070910028655,40,0
57187,3684,19.628022178418963,27,1
57197,3685,82.91112060468038,10,1
57207,3686,44.36869874250719,10,1
57217,3687,35.703759099493936,10,1
57227,3688,32.176498087701354,10,1
57237,3689,14.630880071848523,10,1
57277,3690,-21.467289346061936,40,0
57317,3691,-21.529053518895815,40,0
57357,3692,-21.309154793086627,40,0
57368,3693,87.540958078568,11,1
57381,3694,15.613653818225197,13,1
57391,3695,26.255199667896623,10,1
57401,3696,54.288504614221246,10,1
57411,3697,42.5537816667656,10,1
57451,3698,-21.550219019825644,40,0
57461,3699,57.560739560449306,10,1
57501,3700,-21.758891371527397,40,0
57511,3701,124.65189471806355,10,1
57521,3702,18.663569295168866,10,1
57531,3703,42.059149095567676,10,1
57571,3704,-21.353828244267596,40,0
57611,3705,-20.906991840343714,40,0
57621,3706,30.41181618968113,10,1
57661,3707,-21.288207665900163,40,0
57701,3708,-21.22171926600744,40,0
57741,3709,-21.424258739878972,40,0
57781,3710,-21.339427812575373,40,0
57821,3711,-21.249710256272884,40,0
57861,3712,-21.30803001976654,40,0
57901,3713,-21.146748919923887,40,0
57911,3714,41.57610606122934,10,1
57951,3715,-20.800821823478824,40,0
57991,3716,-21.172517905739614,40,0
58001,3717,13.97253823779741,10,1
58011,3718,27.628714802253285,10,1
58051,3719,-20.842113331407518,40,0
58076,3720,29.52656158760174,25,1
58086,3721,25.03268611278501,10,1
58126,3722,-21.218565273368647,40,0
58166,3723,-21.253865839315928,40,0
58206,3724,-21.260963774047955,40,0
58246,3725,-21.798196223812717,40,0
58286,3726,-21.06089576918897,40,0
58326,3727,-21.25926473834789,40,0
58366,3728,-21.306191906124003,40,0
58406,3729,-21.045708748237857,40,0
58446,3730,-21.15040094723813,40,0
58462,3731,104.93081029120499,16,1
58502,3732,-21.291722017182895,40,0
58542,3733,-21.405064450177754,40,0
58552,3734,108.91140618975052,10,1
58592,3735,-21.07431263376164,40,0
58632,3736,-21.3888044361161,40,0
58642,3737,17.820371922990518,10,1
58682,3738,-21.30985851289756,40,0
58722,3739,-21.377444760926263,40,0
58732,3740,10.310763198434246,10,1
58742,3741,21.483851961432812,10,1
58752,3742,52.38677382084019,10,1
58762,3743,21.006583289621364,10,1
58772,3744,29.18632669839073,10,1
58812,3745,-22.94992895730669,40,0
58822,3746,38.37921339829034,10,1
58862,3747,-20.96854514200797,40,0
58874,3748,99.06704752081218,12,1
58884,3749,56.92196951666225,10,1
58895,3750,14.96142510622707,11,1
58935,3751,-21.13524445681256,40,0
58975,3752,-21.30320555163108,40,0
59015,3753,-21.283546580602156,40,0
59055,3754,-20.72489383986074,40,0
59071,3755,15.403941656117242,16,1
59111,3756,-22.194765306761827,40,0
59121,3757,27.249861881745826,10,1
59161,3758,-22.301966971728753,40,0
59201,3759,-21.717520311918044,40,0
59211,3760,25.5500906140383,10,1
59251,3761,-21.275730840877884,40,0
59263,3762,21.237109458192666,12,1
59274,3763,66.84936275873987,11,1
59284,3764,29.131888866724474,10,1
59324,3765,-21.32868423351753,40,0
59334,3766,31.421750662843756,10,1
59344,3767,59.591042433736106,10,1
59384,3768,-22.350178085856314,40,0
59424,3769,-20.6766548858616,40,0
59438,3770,42.66664667945415,14,1
59448,3771,27.47559312950357,10,1
59458,3772,23.58745732239026,10,1
59498,3773,-22.129530510630932,40,0
59538,3774,-21.00897695511067,40,0
59548,3775,30.870126474655617,10,1
59588,3776,-21.956464030583632,40,0
59598,3777,107.19976454520807,10,1
59608,3778,41.479219621670545,10,1
59618,3779,21.990979666659417,10,1
59628,3780,18.2965658422646,10,1
59638,3781,88.84997581598061,10,1
59678,3782,-21.273433134571317,40,0
59688,3783,16.010513041816615,10,1
59698,3784,27.97721966289172,10,1
59708,3785,94.54302534054129,10,1
59748,3786,-21.883075167449647,40,0
59762,3787,17.26435031237783,14,1
59772,3788,13.994690176943847,10,1
59812,3789,-21.438022092554863,40,0
59852,3790,-23.273706313337215,40,0
59863,3791,22.799314303814757,11,1
59873,3792,24.207202844559546,10,1
59913,3793,-21.58961769935215,40,0
59925,3794,53.43872023354947,12,1
59935,3795,121.05794970543663,10,1
59945,3796,17.085397402878343,10,1
59985,3797,-21.50655344958921,40,0
59995,3798,92.54508757915737,10,1
60005,3799,128.24688761207682,10,1
60019,3800,22.431121149082056,14,1
60029,3801,16.151857474502577,10,1
60039,3802,24.390005912770558,10,1
60049,3803,20.991466758145112,10,1
60060,3804,32.45212753475049,11,1
60072,3805,37.97988009578521,12,1
60083,3806,36.44100579632463,11,1
60093,3807,28.822458086428096,10,1
60133,3808,-21.223337846643922,40,0
60143,3809,19.018536440733477,10,1
60153,3810,101.14926977814613,10,1
60193,3811,-21.759647620484152,40,0
60233,3812,-22.840780079477394,40,0
60273,3813,-21.853244697306405,40,0
60287,3814,77.49124571402788,14,1
60297,3815,21.197481184119795,10,1
60307,3816,30.61648177214423,10,1
60347,3817,-21.635688907376217,40,0
60387,3818,-22.152206886950584,40,0
60401,3819,12.1298902411945,14,1
60441,3820,-21.789684674959933,40,0
60451,3821,47.43231798439461,10,1
60461,3822,34.99209964726659,10,1
60471,3823,23.125256083523002,10,1
60484,3824,71.33050991037729,13,1
60494,3825,79.84125038744166,10,1
60508,3826,106.00134831136633,14,1
60518,3827,19.873080415364207,10,1
60535,3828,55.72418634687356,17,1
60546,3829,27.35758192023538,11,1
60556,3830,120.76501088366955,10,1
60566,3831,18.470376752307104,10,1
60591,3832,19.23762392602743,25,1
60601,3833,32.815395346302004,10,1
60611,3834,83.69947745984925,10,1
60621,3835,17.721418316215402,10,1
60631,3836,15.31460096940182,10,1
60671,3837,-22.100727289576554,40,0
60681,3838,21.037839595459253,10,1
60721,3839,-21.0003762851713,40,0
60736,3840,15.630649556300009,15,1
60746,3841,109.15604370246538,10,1
60786,3842,-22.435140295291387,40,0
60826,3843,-22.664666960248507,40,0
60836,3844,13.52463977733667,10,1
60876,3845,-22.810533646917214,40,0
60916,3846,-20.69693482897017,40,0
60926,3847,47.71276830356747,10,1
60940,3848,24.84767203037632,14,1
60951,3849,47.10558903544928,11,1
60961,3850,32.318390643199216,10,1
60980,3851,25.728251091482747,19,1
60991,3852,23.904821829756962,11,1
61031,3853,-20.860319392589762,40,0
61045,3854,20.755320054107603,14,1
61079,3855,13.60332853321123,34,1
61092,3856,17.376573130216258,13,1
61102,3857,87.0657938096193,10,1
61142,3858,-21.42483122920504,40,0
61182,3859,-23.352378353943497,40,0
61192,3860,17.47637089220421,10,1
61232,3861,-21.41128690654086,40,0
61242,3862,88.89620319796273,10,1
61252,3863,39.22710236143241,10,1
61263,3864,30.860476285847493,11,1
61276,3865,130.86031435451127,13,1
61286,3866,17.764676182560272,10,1
61323,3867,14.096614486896726,37,1
61363,3868,-20.74087852118914,40,0
61376,3869,75.50621705812868,13,1
61387,3870,16.406910932209954,11,1
61427,3871,-20.551648134181633,40,0
61437,3872,61.537749169776696,10,1
61447,3873,40.09726387635312,10,1
61457,3874,62.535937932700705,10,1
61470,3875,42.44498682777316,13,1
61510,3876,-20.743755789211697,40,0
61522,3877,93.4112047809269,12,1
61532,3878,34.97631921075622,10,1
61572,3879,-20.735555589839393,40,0
61582,3880,40.68259737114545,10,1
61593,3881,26.843048764441882,11,1
61603,3882,44.456150241547256,10,1
61615,3883,38.42635836966131,12,1
61655,3884,-20.498632672273796,40,0
61695,3885,-20.884062604330225,40,0
61735,3886,-22.073185449924246,40,0
61757,3887,36.72790796672593,22,1
61775,3888,98.45740601986728,18,1
61804,3889,131.32246776801213,29,1
61817,3890,53.01069129202417,13,1
61853,3891,21.656153086872227,36,1
61863,3892,71.23011248398247,10,1
61873,3893,100.14842358370556,10,1
61883,3894,14.402784785460067,10,1
61894,3895,18.982243313240197,11,1
61905,3896,31.042375619907514,11,1
61919,3897,25.227821670636466,14,1
61959,3898,-20.412399551463338,40,0
61985,3899,20.22812428931174,26,1
62000,3900,23.149868684237106,15,1
62012,3901,30.659036227405096,12,1
62022,3902,94.69105645605141,10,1
62037,3903,13.569933933172313,15,1
62047,3904,64.86434389879922,10,1
62060,3905,82.83748239069762,13,1
62100,3906,-20.54140851660114,40,0
62110,3907,47.165468376814815,10,1
62125,3908,47.66051190237578,15,1
62165,3909,-20.74754211676753,40,0
62188,3910,35.030936991673215,23,1
62228,3911,-20.478401071764434,40,0
62268,3912,-20.722517997919503,40,0
62278,3913,93.59899310796828,10,1
62288,3914,63.07562432757125,10,1
62328,3915,-20.936471276819546,40,0
62368,3916,-20.460340833531337,40,0
62394,3917,25.723459088166415,26,1
62406,3918,63.35581544331561,12,1
62418,3919,27.97954229057136,12,1
62428,3920,39.076898519669385,10,1
62439,3921,127.1247064191506,11,1
62452,3922,127.74882439185947,13,1
62463,3923,43.11974839994393,11,1
62476,3924,18.954260760164654,13,1
62486,3925,24.14236652180729,10,1
62503,3926,115.43778438990566,17,1
62513,3927,7.301291825422015,10,1
62553,3928,-20.81351581389841,40,0
62567,3929,126.7604369429254,14,1
62579,3930,19.29117279087592,12,1
62589,3931,118.15872227884819,10,1
62599,3932,68.27690207640511,10,1
62610,3933,65.76881684489665,11,1
62625,3934,77.65230987972149,15,1
62635,3935,37.32766116964911,10,1
62645,3936,14.257548292179072,10,1
62685,3937,-20.519252114382073,40,0
62696,3938,28.201800196209255,11,1
62706,3939,38.57823433077199,10,1
62717,3940,12.66391895702945,11,1
62729,3941,20.016622671752835,12,1
62766,3942,-1.1436973950023388,37,1
62776,3943,72.78402231401725,10,1
62786,3944,28.741252074830633,10,1
62796,3945,17.42981942421522,10,1
62815,3946,20.35789308782865,19,1
62825,3947,48.443899007145916,10,1
62835,3948,93.6199873865996,10,1
62846,3949,23.33987126965019,11,1
62856,3950,16.037580324343526,10,1
62869,3951,110.25952366908959,13,1
62879,3952,28.85138649681623,10,1
62891,3953,39.34025975094577,12,1
62931,3954,-21.143187245056488,40,0
62971,3955,-22.794545073996037,40,0
63003,3956,-4.98913917526731,32,1
63014,3957,27.786214936643443,11,1
63054,3958,-20.57523341039274,40,0
63064,3959,16.554727492170223,10,1
63074,3960,23.365330821858592,10,1
63109,3961,28.472183791125765,35,1
63120,3962,12.645119437844206,11,1
63130,3963,34.957806812516935,10,1
63140,3964,27.2207655147733,10,1
63151,3965,76.76467073432815,11,1
63191,3966,-21.152732353320367,40,0
63204,3967,8.95317026844684,13,1
63214,3968,57.42945903152007,10,1
63224,3969,116.9159295184129,10,1
63238,3970,57.01299288043191,14,1
63248,3971,79.46551516036224,10,1
63258,3972,57.85234967503084,10,1
63268,3973,6.395009830131594,10,1
63296,3974,81.37601043251757,28,1
63323,3975,25.829843446666587,27,1
63333,3976,44.06480800658272,10,1
63343,3977,101.86069650824741,10,1
63353,3978,17.458782058381214,10,1
63363,3979,15.863674944097196,10,1
63374,3980,21.49924429192527,11,1
63414,3981,-20.492729896967184,40,0
63425,3982,95.34781177046762,11,1
63438,3983,104.24636715524723,13,1
63451,3984,20.86097438612106,13,1
63465,3985,5.856764083253132,14,1
63475,3986,39.31483319231243,10,1
63485,3987,33.218543362473454,10,1
63500,3988,25.221859011945057,15,1
63512,3989,58.38188806300993,12,1
63552,3990,-20.593489193790003,40,0
63563,3991,106.96990503588636,11,1
63603,3992,-20.71386179393044,40,0
63615,3993,31.64163283486561,12,1
63655,3994,-20.53795903227024,40,0
63695,3995,-20.508817196595416,40,0
63705,3996,13.664584160671586,10,1
63715,3997,56.9979943713311,10,1
63725,3998,104.80249084216155,10,1
63735,3999,77.3850353770119,10,1
63770,4000,14.26256762966092,35,1
63810,4001,-20.990022672954513,40,0
63833,4002,20.936574275522936,23,1
63848,4003,29.555962642297025,15,1
63858,4004,73.83818871205123,10,1
63872,4005,16.022166233239655,14,1
63882,4006,24.046691853930877,10,1
63892,4007,63.54349866653283,10,1
63905,4008,130.55179645440614,13,1
63917,4009,128.08970680932572,12,1
63927,4010,15.759505242510247,10,1
63965,4011,25.277785091388996,38,1
63978,4012,20.510345847487713,13,1
64018,4013,-20.476951261161794,40,0
64030,4014,115.68449909668975,12,1
64058,4015,16.98257889800666,28,1
64069,4016,21.94184880149836,11,1
64081,4017,112.01751979305543,12,1
64121,4018,-21.598357267552544,40,0
64131,4019,24.258706731764352,10,1
64141,4020,47.97200904432472,10,1
64151,4021,41.047092903861106,10,1
64161,4022,24.40865548695238,10,1
64171,4023,14.961616402215107,10,1
64181,4024,24.743935692689533,10,1
64192,4025,50.828203323794895,11,1
64209,4026,15.618447314849167,17,1
64230,4027,15.940653025740747,21,1
64247,4028,30.198201714394745,17,1
64259,4029,71.8593325939782,12,1
64270,4030,19.87422048268034,11,1
64280,4031,45.74685662772868,10,1
64290,4032,113.15964942379419,10,1
64300,4033,26.591571122401724,10,1
64310,4034,16.526457560873926,10,1
64320,4035,102.16195958893384,10,1
64333,4036,21.87054042196854,13,1
64373,4037,-20.504161771228105,40,0
64385,4038,97.29455918717582,12,1
64395,4039,23.729328261989053,10,1
64405,4040,25.80569841636545,10,1
64445,4041,-20.547574071955612,40,0
64456,4042,75.12847590224358,11,1
64490,4043,52.20365628378084,34,1
64500,4044,26.946067634831444,10,1
64511,4045,34.861877801728866,11,1
64529,4046,62.90157159084663,18,1
64539,4047,19.7541465472284,10,1
64550,4048,120.33781516470503,11,1
64560,4049,69.74332754789855,10,1
64570,4050,95.81399187931045,10,1
64610,4051,-20.896559550646856,40,0
64621,4052,49.16271049448188,11,1
64631,4053,29.854001928088223,10,1
64641,4054,20.29950686468707,10,1
64651,4055,15.594667480929512,10,1
64670,4056,22.453590468808674,19,1
64681,4057,19.243021683493758,11,1
64691,4058,62.83035648562944,10,1
64701,4059,25.818630212016657,10,1
64711,4060,26.562429064673204,10,1
64728,4061,61.39564045153508,17,1
64757,4062,32.72352199292473,29,1
64797,4063,-20.7558309586193,40,0
64807,4064,26.62679765657947,10,1
64847,4065,-20.67549459813193,40,0
64857,4066,7.794439223868675,10,1
64869,4067,17.492086552198874,12,1
64879,4068,22.15864801447088,10,1
64892,4069,36.2720720868318,13,1
64913,4070,125.67671118496229,21,1
64927,4071,117.83017930065934,14,1
64938,4072,82.5903721815684,11,1
64949,4073,15.703265785171078,11,1
64962,4074,21.33102130455278,13,1
64988,4075,78.14956550440415,26,1
64998,4076,92.87994708796201,10,1
65008,4077,28.756329799635946,10,1
65027,4078,30.522231186737045,19,1
65038,4079,54.05905900882796,11,1
65050,4080,15.90119785882865,12,1
65060,4081,115.15589240040075,10,1
65071,4082,37.83386261343676,11,1
65083,4083,54.49351494648952,12,1
65123,4084,-20.68683998561075,40,0
65142,4085,34.652073316883204,19,1
65155,4086,27.991151114612826,13,1
65166,4087,56.108484340527454,11,1
65179,4088,12.774771422628717,13,1
65189,4089,35.09939174642309,10,1
65199,4090,38.53694230044127,10,1
65209,4091,33.37332532617454,10,1
65219,4092,96.90482065884689,10,1
65230,4093,21.88002363718976,11,1
65240,4094,132.56283411066144,10,1
65250,4095,119.17870774348401,10,1
65262,4096,32.905672263427235,12,1
65302,4097,-21.246439029073393,40,0
65312,4098,30.050620141677946,10,1
65322,4099,46.60941772170082,10,1
65332,4100,100.16202795797653,10,1
65342,4101,48.55702859282809,10,1
65352,4102,62.58834993980665,10,1
65392,4103,-20.47923190946824,40,0
65406,4104,30.963403175222652,14,1
65416,4105,83.36311136718354,10,1
65426,4106,42.22609657670387,10,1
65436,4107,25.290759115676785,10,1
65446,4108,24.85114710917567,10,1
65456,4109,31.579057969797482,10,1
65466,4110,111.06772941269796,10,1
65498,4111,19.607925533997633,32,1
65511,4112,31.242527972259495,13,1
65531,4113,44.06495113355542,20,1
65549,4114,37.92732548370025,18,1
65560,4115,39.327459369956244,11,1
65572,4116,34.55818492437175,12,1
65583,4117,40.816861855969655,11,1
65595,4118,85.83027141128929,12,1
65605,4119,79.0253972683551,10,1
65615,4120,96.83237699023084,10,1
65629,4121,14.726154282853201,14,1
65639,4122,18.465514091680774,10,1
65649,4123,58.81917198048302,10,1
65675,4124,22.94178825657404,26,1
65685,4125,17.98106153297142,10,1
65695,4126,18.901888149121376,10,1
65730,4127,2.0858873964717652,35,1
65740,4128,45.659777309150236,10,1
65750,4129,25.007472132516572,10,1
65760,4130,25.9030215515376,10,1
65770,4131,57.67727202596391,10,1
65783,4132,71.0810672305625,13,1
65793,4133,17.528992853380185,10,1
65803,4134,22.697590004810046,10,1
65815,4135,13.949427796544063,12,1
65848,4136,18.268197036928104,33,1
65858,4137,23.817031688603358,10,1
65870,4138,36.518543043055125,12,1
65880,4139,96.32718062451359,10,1
65890,4140,78.65548152511613,10,1
65900,4141,104.39853939250814,10,1
65913,4142,14.707692932608653,13,1
65924,4143,31.392026883366466,11,1
65935,4144,98.45093251835146,11,1
65945,4145,118.49003571855792,10,1
65955,4146,19.906154763573667,10,1
65965,4147,107.71973990018411,10,1
65975,4148,105.41082065045168,10,1
65985,4149,41.87419299974869,10,1
65995,4150,121.87867393926939,10,1
66005,4151,16.084868378608004,10,1
66045,4152,-20.62734017323944,40,0
66057,4153,18.192271078089984,12,1
66092,4154,63.13120470461499,35,1
66106,4155,5.531285327843731,14,1
66117,4156,96.95430176353976,11,1
66128,4157,27.03966264650143,11,1
66164,4158,29.474524158130897,36,1
66174,4159,26.946885145639776,10,1
66194,4160,14.909980285484334,20,1
66206,4161,41.891785493549996,12,1
66216,4162,109.35971764801029,10,1
66226,4163,21.397744415831923,10,1
66236,4164,77.8526307668081,10,1
66276,4165,-20.460952610643496,40,0
66295,4166,22.924203941613648,19,1
66325,4167,18.790043626778,30,1
66335,4168,30.917327145282954,10,1
66350,4169,22.375465615457745,15,1
66363,4170,30.449642004885334,13,1
66373,4171,90.04965990022228,10,1
66413,4172,-20.749956772983413,40,0
66434,4173,-11.84404144246333,21,1
66474,4174,-20.650204372133274,40,0
66485,4175,100.37059841466211,11,1
66495,4176,117.90797569058336,10,1
66507,4177,57.57163582579052,12,1
66545,4178,-13.024841897962704,38,1
66559,4179,40.93912835010642,14,1
66569,4180,97.86204558047825,10,1
66579,4181,15.969441770237387,10,1
66589,4182,111.20526607316573,10,1
66599,4183,48.68168427492697,10,1
66609,4184,61.99315963996861,10,1
66630,4185,-1.4124087737173276,21,1
66640,4186,17.628561525511113,10,1
66650,4187,19.661229351247403,10,1
66660,4188,121.38684897116133,10,1
66670,4189,74.99307235230826,10,1
66707,4190,18.86671645549531,37,1
66747,4191,-20.59903623851183,40,0
66757,4192,97.32627728016551,10,1
66767,4193,30.53203344727216,10,1
66780,4194,69.71040214560189,13,1
66820,4195,-20.558345465540125,40,0
66831,4196,92.56180752887595,11,1
66841,4197,76.8253272344749,10,1
66864,4198,17.24822005797607,23,1
66876,4199,90.29930507329972,12,1
66888,4200,93.66899503465143,12,1
66899,4201,126.34065023740703,11,1
66939,4202,-20.433195133113728,40,0
66951,4203,82.09652103598718,12,1
66961,4204,20.329909167841105,10,1
66971,4205,112.86622004862782,10,1
66981,4206,26.36253862794211,10,1
66994,4207,79.887731052807,13,1
67034,4208,-20.687189752711603,40,0
67044,4209,21.225266850882193,10,1
67054,4210,79.89889010668571,10,1
67064,4211,19.453979487626093,10,1
67074,4212,122.74226730790546,10,1
67084,4213,107.32972926489295,10,1
67094,4214,15.757071906709978,10,1
67134,4215,-20.556669734653568,40,0
67166,4216,34.60262204347577,32,1
67177,4217,16.786902492634844,11,1
67187,4218,38.17291510305249,10,1
67227,4219,-20.54284848829089,40,0
67241,4220,62.9817646646237,14,1
67276,4221,22.248491974972477,35,1
67293,4222,35.02010577658133,17,1
67304,4223,16.829568743234123,11,1
67314,4224,30.71182683393643,10,1
67324,4225,28.99244064437542,10,1
67334,4226,15.12364580755488,10,1
67344,4227,21.39500622825864,10,1
67355,4228,125.2368087075355,11,1
67367,4229,94.75869538754358,12,1
67377,4230,71.96522715745631,10,1
67402,4231,7.005994240578921,25,1
67412,4232,45.405248578704445,10,1
67425,4233,28.091579196434203,13,1
67435,4234,24.714189068474337,10,1
67445,4235,90.23850461124336,10,1
67465,4236,20.002006539498712,20,1
67475,4237,94.07243454564652,10,1
67489,4238,59.65565199599667,14,1
67499,4239,90.37490202057931,10,1
67509,4240,132.36038991216736,10,1
67519,4241,26.2937939595907,10,1
67529,4242,99.94570740665077,10,1
67569,4243,-20.641588711707698,40,0
67581,4244,16.284791299969115,12,1
67591,4245,39.42842265095984,10,1
67601,4246,32.100996616303824,10,1
67612,4247,13.717418195319521,11,1
67622,4248,11.051155782936508,10,1
67632,4249,77.00975584483226,10,1
67672,4250,-20.544178116786473,40,0
67688,4251,99.07520146536488,16,1
67701,4252,27.890477700730333,13,1
67711,4253,20.476514802872575,10,1
67751,4254,-20.92893728012736,40,0
67768,4255,58.20333779830105,17,1
67778,4256,48.45629132137072,10,1
67793,4257,23.324121909112257,15,1
67803,4258,55.71472261800289,10,1
67813,4259,23.598235261742364,10,1
67823,4260,24.726301068719984,10,1
67833,4261,41.733761409706176,10,1
67843,4262,17.740922097291296,10,1
67853,4263,116.11854474402806,10,1
67863,4264,23.133883929931734,10,1
67873,4265,28.2945741932882,10,1
67883,4266,114.90136984453639,10,1
67893,4267,32.53914107159763,10,1
67903,4268,126.61335081197322,10,1
67913,4269,47.57802767192998,10,1
67923,4270,83.86609782964594,10,1
67933,4271,67.99726325442576,10,1
67951,4272,61.47904154451636,18,1
67961,4273,42.35451462256828,10,1
68001,4274,-20.98139061419938,40,0
68011,4275,65.92864844712147,10,1
68021,4276,129.7110904556908,10,1
68061,4277,-20.564793997503642,40,0
68076,4278,22.915125681797736,15,1
68086,4279,16.009352105565707,10,1
68126,4280,-20.46502357095659,40,0
68136,4281,43.081754378752215,10,1
68146,4282,29.999934041095052,10,1
68156,4283,100.5270745257394,10,1
68167,4284,19.54221999424558,11,1
68177,4285,23.296839041727296,10,1
68187,4286,83.91497959638703,10,1
68197,4287,28.620232236647144,10,1
68207,4288,21.944336530642868,10,1
68217,4289,28.350618849382993,10,1
68227,4290,76.23681460216419,10,1
68237,4291,4.482336999462468,10,1
68260,4292,18.44474999090602,23,1
68270,4293,40.29006206005528,10,1
68310,4294,-20.591128825556677,40,0
68323,4295,79.6983033543822,13,1
68333,4296,62.83438964171314,10,1
68343,4297,28.71116245963367,10,1
68357,4298,70.36371824032875,14,1
68367,4299,36.93781309675842,10,1
68388,4300,18.66110374446302,21,1
68428,4301,-20.480794921737072,40,0
68444,4302,58.638440751120804,16,1
68454,4303,110.80832821078786,10,1
68464,4304,45.392732106452506,10,1
68475,4305,23.660140133421837,11,1
68487,4306,68.08149632633229,12,1
68498,4307,71.64648277804187,11,1
68510,4308,48.88553355127728,12,1
68528,4309,15.62644629356877,18,1
68552,4310,40.904045337155175,24,1
68592,4311,-20.63999633130213,40,0
68616,4312,11.272939465285427,24,1
68627,4313,35.03830301691649,11,1
68637,4314,19.10178205870605,10,1
68647,4315,121.34033141535136,10,1
68687,4316,-20.49684983346942,40,0
68699,4317,35.71759808936384,12,1
68709,4318,69.51032375372858,10,1
68723,4319,27.715985563967262,14,1
68733,4320,28.79543259650205,10,1
68759,4321,13.062655735007692,26,1
68769,4322,31.560714578479804,10,1
68779,4323,30.37664683067831,10,1
68819,4324,-20.60694235877356,40,0
68829,4325,98.71583464527937,10,1
68839,4326,48.50846622304218,10,1
68849,4327,99.65056598025129,10,1
68889,4328,-20.697436310805074,40,0
68903,4329,38.03720896968158,14,1
68915,4330,63.116693205162726,12,1
68925,4331,110.78132494023245,10,1
68935,4332,21.452578753390767,10,1
68945,4333,126.68878585246952,10,1
68955,4334,43.543573301505084,10,1
68965,4335,32.814034394139156,10,1
68975,4336,62.82792111507906,10,1
68985,4337,36.694916530314075,10,1
68995,4338,43.930704683453186,10,1
69014,4339,55.08601824741074,19,1
69024,4340,15.039230191374559,10,1
69036,4341,118.00263527681344,12,1
69076,4342,-20.81130705923733,40,0
69086,4343,92.601680736652,10,1
69096,4344,36.475350433362735,10,1
69120,4345,24.29559739400569,24,1
69130,4346,30.43208100142739,10,1
69140,4347,32.45470098654156,10,1
69150,4348,84.60829557116962,10,1
69190,4349,-20.612136510859532,40,0
69200,4350,33.84677683529866,10,1
69210,4351,47.527999310880105,10,1
69220,4352,131.05542018974973,10,1
69231,4353,33.80384167480981,11,1
69241,4354,34.123773723813926,10,1
69251,4355,25.682680716225388,10,1
69261,4356,49.0119779999746,10,1
69275,4357,93.86199531154232,14,1
69285,4358,108.19069976657617,10,1
69295,4359,99.40807593942803,10,1
69305,4360,38.66922511113443,10,1
69315,4361,106.13713203949258,10,1
69325,4362,91.7990989984127,10,1
69335,4363,68.03399624934582,10,1
69347,4364,22.28820112186409,12,1
69357,4365,115.99499832595237,10,1
69367,4366,49.08492749939072,10,1
69377,4367,18.455165798114955,10,1
69387,4368,30.79853656367081,10,1
69397,4369,16.466483175000324,10,1
69414,4370,45.61312050470609,17,1
69424,4371,77.91620670165354,10,1
69434,4372,32.41599725530662,10,1
69454,4373,15.927435588209471,20,1
69479,4374,21.387753902176254,25,1
69491,4375,115.3822737808745,12,1
69508,4376,24.605043739418747,17,1
69518,4377,38.28165615852503,10,1
69528,4378,37.23654628388978,10,1
69541,4379,28.871400766076448,13,1
69555,4380,83.57668360942452,14,1
69565,4381,24.376102206096174,10,1
69575,4382,130.4819602976137,10,1
69587,4383,93.62559866678633,12,1
69597,4384,93.03778900200803,10,1
69607,4385,110.75955163493478,10,1
69617,4386,65.5735120154662,10,1
69627,4387,56.143025374888545,10,1
69637,4388,27.10762872840871,10,1
69647,4389,60.99969346120281,10,1
69662,4390,20.867800541560616,15,1
69672,4391,130.25087981595377,10,1
69682,4392,109.63924201122428,10,1
69694,4393,48.63786777711495,12,1
69704,4394,72.18894675575147,10,1
69714,4395,126.13741881255093,10,1
69724,4396,29.680290158680716,10,1
69734,4397,26.558203021788618,10,1
69744,4398,39.853099164550514,10,1
69758,4399,41.353983133646835,14,1
69768,4400,60.83769923630101,10,1
69778,4401,45.570849363222784,10,1
69788,4402,68.20086289725526,10,1
69798,4403,81.92994193735709,10,1
69838,4404,-20.85420480007704,40,0
69848,4405,24.945049440270243,10,1
69858,4406,36.37171042650638,10,1
69868,4407,25.83037186983391,10,1
69878,4408,30.17636662017363,10,1
69888,4409,16.668115521681926,10,1
69902,4410,106.69002430134641,14,1
69942,4411,-20.64215847416813,40,0
69952,4412,32.52686899275343,10,1
69992,4413,-20.80485160532931,40,0
70002,4414,26.134512649334376,10,1
70012,4415,42.3325984980393,10,1
70052,4416,-20.70367624646435,40,0
70062,4417,52.056969886182934,10,1
70072,4418,44.02788293948731,10,1
70082,4419,62.71590428182326,10,1
70092,4420,36.94189537519128,10,1
70102,4421,79.8219236863473,10,1
70112,4422,26.698512490673867,10,1
70122,4423,83.91535256167143,10,1
70132,4424,11.641170565226647,10,1
70172,4425,-20.607655199546258,40,0
70182,4426,72.76951929859572,10,1
70222,4427,-20.41795230416954,40,0
70232,4428,120.40266046800173,10,1
70242,4429,128.78932680967114,10,1
70282,4430,-22.316646022970673,40,0
70292,4431,98.16442919127896,10,1
70313,4432,27.820954556787523,21,1
70323,4433,23.55856239187764,10,1
70339,4434,25.874850544675123,16,1
70349,4435,46.44960031443095,10,1
70359,4436,32.92455736405578,10,1
70369,4437,25.555885165477644,10,1
70379,4438,28.755433372726085,10,1
70389,4439,110.7786182617321,10,1
70399,4440,18.65226810712491,10,1
70420,4441,8.730650543760646,21,1
70460,4442,-20.467893424312603,40,0
70500,4443,-20.639702576533438,40,0
70510,4444,131.0745291283177,10,1
70520,4445,67.55442138556842,10,1
70560,4446,-26.166387114555672,40,0
70570,4447,57.727628400527614,10,1
70580,4448,32.053794615416365,10,1
70590,4449,81.54152740774325,10,1
70600,4450,138.9552201900392,10,1
70640,4451,-20.481680383490527,40,0
70650,4452,56.14300354081798,10,1
70661,4453,49.78923547250454,11,1
70671,4454,31.728081181851742,10,1
70681,4455,61.26632450360063,10,1
70691,4456,58.36298767282029,10,1
70702,4457,49.65268616612934,11,1
70742,4458,-20.713517904742687,40,0
70752,4459,23.406895247184316,10,1
70762,4460,32.142935265688074,10,1
70772,4461,88.81318077600436,10,1
70782,4462,40.05447822971249,10,1
70822,4463,-22.407471565119653,40,0
70832,4464,119.8349062044623,10,1
70842,4465,85.09898508624877,10,1
70852,4466,44.31400502202849,10,1
70862,4467,26.782218446714992,10,1
70872,4468,128.05474708497255,10,1
70912,4469,-20.587541250049142,40,0
70922,4470,85.36106684542412,10,1
70932,4471,46.648675129296095,10,1
70944,4472,109.95150622835232,12,1
70954,4473,78.86303670778001,10,1
70964,4474,36.68191913320404,10,1
70974,4475,20.218043394221745,10,1
70985,4476,58.580667495247596,11,1
70995,4477,67.9141951009862,10,1
71005,4478,106.34241343837037,10,1
71015,4479,74.32654295692548,10,1
71048,4480,20.049826302827974,33,1
71058,4481,62.241637728330346,10,1
71068,4482,24.88792910936995,10,1
71078,4483,122.22495544058728,10,1
71091,4484,22.31083829616659,13,1
71101,4485,133.73029223946546,10,1
71141,4486,-20.486308369879744,40,0
71151,4487,107.3452303364953,10,1
71191,4488,-20.902967630224456,40,0
71201,4489,49.38483942694252,10,1
71211,4490,124.46944402682865,10,1
71221,4491,101.89700447666023,10,1
71231,4492,19.500432785197518,10,1
71271,4493,-20.63651792018001,40,0
71281,4494,118.54082952675354,10,1
71291,4495,38.50990876481354,10,1
71331,4496,-20.480011833011726,40,0
71341,4497,15.335112849458737,10,1
71355,4498,32.53496219924834,14,1
71395,4499,-20.645504392642945,40,0
71405,4500,21.469114572450685,10,1
71415,4501,132.52647163636757,10,1
71425,4502,91.60824786858511,10,1
71435,4503,56.85928197509961,10,1
71445,4504,58.38376051824536,10,1
71455,4505,34.46205505640247,10,1
71495,4506,-23.42100549649942,40,0
71505,4507,71.47141197405907,10,1
71515,4508,38.853281850994314,10,1
71530,4509,17.15492502911813,15,1
71540,4510,29.640000957658426,10,1
71550,4511,23.649003021922525,10,1
71560,4512,145.11714360371548,10,1
71600,4513,-20.682028144379732,40,0
71610,4514,120.33291715001134,10,1
71620,4515,127.07984085771325,10,1
71641,4516,64.65296685786677,21,1
71651,4517,63.69393567236103,10,1
71661,4518,64.94670592159613,10,1
71671,4519,25.530934652030457,10,1
71681,4520,60.0531139798025,10,1
71691,4521,54.880389108920426,10,1
71701,4522,44.03476009370036,10,1
71711,4523,18.05242746589687,10,1
71721,4524,76.39782980633356,10,1
71731,4525,23.08740886132179,10,1
71741,4526,73.18199506945477,10,1
71751,4527,103.96415239069174,10,1
71761,4528,41.40969647587987,10,1
71771,4529,50.971795917695616,10,1
71781,4530,100.51403035929518,10,1
71791,4531,21.094355148943173,10,1
71801,4532,49.967433004193886,10,1
71811,4533,38.80392482931983,10,1
71851,4534,-20.546118232091857,40,0
71861,4535,75.81359540459799,10,1
71871,4536,78.17981716158124,10,1
71888,4537,21.082922689616254,17,1
71928,4538,-24.29160359956291,40,0
71938,4539,29.99117699554815,10,1
71948,4540,77.65294333094802,10,1
71958,4541,55.770369941876794,10,1
71971,4542,138.75989334635867,13,1
71981,4543,31.3154835914831,10,1
71991,4544,73.41340085799163,10,1
72001,4545,29.63156582941418,10,1
72011,4546,68.07010637338928,10,1
72021,4547,131.57885882009975,10,1
72031,4548,58.04707247353755,10,1
72071,4549,-20.78541749292268,40,0
72111,4550,-20.682212753003903,40,0
72121,4551,20.853126105663836,10,1
72131,4552,53.877232917115904,10,1
72141,4553,109.81111424573733,10,1
72151,4554,65.12132033635203,10,1
72163,4555,66.03880167712369,12,1
72173,4556,22.31874701989556,10,1
72183,4557,56.183385031126704,10,1
72193,4558,30.70956416969898,10,1
72203,4559,85.70171107257997,10,1
72240,4560,19.50212664473625,37,1
72250,4561,50.17732848437168,10,1
72260,4562,22.71116393698429,10,1
72271,4563,36.843690869805066,11,1
72311,4564,-20.515717465940195,40,0
72321,4565,18.76074472740956,10,1
72331,4566,48.478912697546654,10,1
72341,4567,36.26207534727476,10,1
72381,4568,-20.875079321219815,40,0
72391,4569,30.744474837676684,10,1
72401,4570,29.3752334870011,10,1
72411,4571,23.671654034086227,10,1
72421,4572,90.75991256886442,10,1
72431,4573,101.59838173082039,10,1
72441,4574,21.16009780408225,10,1
72481,4575,-21.063154902103268,40,0
72496,4576,49.25318792819514,15,1
72506,4577,96.41306213313524,10,1
72516,4578,125.00691735866417,10,1
72526,4579,48.51259129566426,10,1
72536,4580,19.411532149762355,10,1
72547,4581,62.29126105578701,11,1
72557,4582,90.37796754604365,10,1
72567,4583,37.40316510795039,10,1
72577,4584,43.6757008868588,10,1
72587,4585,74.87229737921628,10,1
72597,4586,26.40843064132851,10,1
72607,4587,26.604712817071597,10,1
72617,4588,109.07536508428929,10,1
72627,4589,36.35988738404416,10,1
72643,4590,21.083523705203863,16,1
72653,4591,85.84080175947793,10,1
72663,4592,110.42391730927336,10,1
72673,4593,30.100910898282383,10,1
72686,4594,30.021140135399826,13,1
72696,4595,104.2976681410876,10,1
72706,4596,20.97411921651937,10,1
72716,4597,125.76572164370842,10,1
72740,4598,7.5303973486565186,24,1
72750,4599,22.24544675323353,10,1
72760,4600,105.20446351133407,10,1
72770,4601,74.23965674155849,10,1
72781,4602,34.565888236632254,11,1
72791,4603,14.951956449712352,10,1
72801,4604,66.39613498167967,10,1
72813,4605,50.41480594049762,12,1
72823,4606,34.697919563120855,10,1
72833,4607,71.28998752981829,10,1
72843,4608,31.562918490420795,10,1
72853,4609,16.598641662275753,10,1
72863,4610,75.09962347671416,10,1
72873,4611,94.15691697702415,10,1
72883,4612,132.82962285324862,10,1
72893,4613,127.22432330992703,10,1
72903,4614,58.59298423103995,10,1
72913,4615,27.70036404589291,10,1
72923,4616,86.65368577081148,10,1
72933,4617,40.55503358568966,10,1
72943,4618,30.173773215911613,10,1
72953,4619,113.38097583901612,10,1
72963,4620,92.6004613297174,10,1
72973,4621,19.586181923157913,10,1
73013,4622,-21.397255314457563,40,0
73023,4623,100.39275429541038,10,1
73033,4624,20.75164736663614,10,1
73043,4625,102.58759421639168,10,1
73053,4626,44.64564615705654,10,1
73063,4627,15.623496039727483,10,1
73103,4628,-20.550466407529065,40,0
73113,4629,40.352474270537094,10,1
73123,4630,19.300988399855836,10,1
73133,4631,44.338652073333826,10,1
73173,4632,-20.439378656380345,40,0
73183,4633,91.70371000905206,10,1
73223,4634,-26.48899420240183,40,0
73233,4635,120.89460856103454,10,1
73243,4636,112.21059591977352,10,1
73253,4637,20.218832648929993,10,1
73263,4638,35.82451094155414,10,1
73273,4639,119.60698227256478,10,1
73283,4640,104.42606110320882,10,1
73323,4641,-20.75033886185238,40,0
73333,4642,35.08722196794527,10,1
73353,4643,3.729376678956114,20,1
73363,4644,51.29720897893255,10,1
73373,4645,108.34183261500337,10,1
73383,4646,108.03205990954977,10,1
73393,4647,116.12378951281522,10,1
73403,4648,31.123900594442443,10,1
73413,4649,38.506656536599394,10,1
73423,4650,32.953707174732756,10,1
73433,4651,30.558149562204743,10,1
73443,4652,99.9273890791871,10,1
73453,4653,69.45743724997924,10,1
73463,4654,84.27872342401523,10,1
73473,4655,74.06446277368683,10,1
73483,4656,75.83280752478306,10,1
73493,4657,79.16577377691561,10,1
73503,4658,25.21227940875522,10,1
73513,4659,94.0198304128411,10,1
73523,4660,131.5570833378143,10,1
73533,4661,45.23668320995681,10,1
73543,4662,59.91022585696439,10,1
73553,4663,99.88671210179234,10,1
73563,4664,121.40287709698913,10,1
73573,4665,91.43119284412191,10,1
73583,4666,19.857642285778223,10,1
73593,4667,69.03927612767134,10,1
73603,4668,113.36006871122467,10,1
73613,4669,66.5407463016129,10,1
73623,4670,122.67912214885037,10,1
73633,4671,26.81304715299134,10,1
73643,4672,41.937131830427994,10,1
73653,4673,40.82204949369385,10,1
73663,4674,130.48127863309892,10,1
73673,4675,18.404590062407298,10,1
73683,4676,72.06679240496636,10,1
73693,4677,70.06921546162461,10,1
73704,4678,42.47812384732601,11,1
73714,4679,25.723737564418073,10,1
73725,4680,16.4565834762021,11,1
73735,4681,44.53820768891404,10,1
73775,4682,-21.018476898470915,40,0
73785,4683,44.076837508160146,10,1
73795,4684,110.20513231558628,10,1
73805,4685,57.08149756109929,10,1
73815,4686,76.56641957254422,10,1
73825,4687,68.27265756624179,10,1
73835,4688,22.27420368588153,10,1
73845,4689,73.40892528782534,10,1
73885,4690,-20.547480686537625,40,0
73895,4691,102.15147383784684,10,1
73905,4692,19.26820570234026,10,1
73915,4693,92.00925273433168,10,1
73925,4694,30.7566319491336,10,1
73935,4695,70.9612976938681,10,1
73945,4696,68.03559033484034,10,1
73955,4697,32.75548579198502,10,1
73965,4698,58.27417369359975,10,1
73976,4699,21.986552329971317,11,1
73986,4700,69.43260090988237,10,1
73996,4701,87.31138581060792,10,1
74006,4702,56.42146685155659,10,1
74016,4703,123.26244766404699,10,1
74026,4704,38.609814963693445,10,1
74036,4705,38.10516821050587,10,1
74047,4706,131.16143527354146,11,1
74057,4707,111.29732629953706,10,1
74067,4708,33.389377447618045,10,1
74077,4709,109.2815015764773,10,1
74091,4710,23.803024779049125,14,1
74101,4711,75.50370838911202,10,1
74111,4712,59.309648139004516,10,1
74121,4713,20.534452946227304,10,1
74131,4714,30.439113533827886,10,1
74141,4715,39.65691729475668,10,1
74151,4716,39.72092949384599,10,1
74161,4717,57.76497325089371,10,1
74171,4718,27.264746140568054,10,1
74181,4719,137.28903813017067,10,1
74201,4720,48.926840310515935,20,1
74211,4721,67.5105348134527,10,1
74221,4722,56.67337866645563,10,1
74231,4723,106.51234687147512,10,1
74241,4724,110.93098506737154,10,1
74251,4725,114.64630418567734,10,1
74261,4726,26.592789943612495,10,1
74271,4727,50.48302743436269,10,1
74281,4728,120.22368440037728,10,1
74321,4729,-20.838525651478232,40,0
74331,4730,79.07144821437423,10,1
74341,4731,71.91257498552835,10,1
74351,4732,31.731348986527937,10,1
74361,4733,127.35052281716801,10,1
74371,4734,56.06854787165606,10,1
74381,4735,33.722446971410065,10,1
74418,4736,24.043948279054902,37,1
74428,4737,55.307127715346866,10,1
74438,4738,20.556038749002244,10,1
74448,4739,25.266595063368737,10,1
74458,4740,103.73261002051383,10,1
74468,4741,28.502021780477946,10,1
74489,4742,119.95536569643534,21,1
74499,4743,99.15397521144662,10,1
74510,4744,16.790013450009777,11,1
74523,4745,9.480172958342791,13,1
74533,4746,29.86863271931782,10,1
74555,4747,27.814585264109645,22,1
74568,4748,21.652258837443647,13,1
74578,4749,100.07819365005567,10,1
74588,4750,103.82005431406171,10,1
74598,4751,26.77901752472874,10,1
74608,4752,64.9239277354485,10,1
74618,4753,39.00523894762473,10,1
74628,4754,100.9371483509015,10,1
74638,4755,44.949411109058474,10,1
74659,4756,14.822932695610707,21,1
74669,4757,79.62560381162483,10,1
74679,4758,128.69608444488702,10,1
74703,4759,16.447085712680643,24,1
74713,4760,132.99499352870504,10,1
74723,4761,82.65758286162624,10,1
74733,4762,22.769502458493303,10,1
74743,4763,48.52933163171831,10,1
74753,4764,30.413088581156945,10,1
74763,4765,16.429662526516037,10,1
74773,4766,90.76850732881383,10,1
74783,4767,47.100266627241716,10,1
74800,4768,8.476784420852203,17,1
74810,4769,129.89564516954582,10,1
74820,4770,15.348891212388331,10,1
74830,4771,42.564316554668665,10,1
74840,4772,55.04412073504718,10,1
74850,4773,60.30657571985954,10,1
74860,4774,48.778345084027784,10,1
74870,4775,18.89660893040933,10,1
74880,4776,80.35499593723797,10,1
74920,4777,-20.81542207542541,40,0
74933,4778,4.831437098070265,13,1
74943,4779,48.536989409889664,10,1
74953,4780,99.93420330794409,10,1
74963,4781,37.98121750126715,10,1
74973,4782,18.012248895675995,10,1
74983,4783,26.240686266980152,10,1
74993,4784,22.200509462781365,10,1
75003,4785,44.62312670064474,10,1
75013,4786,24.2627337134289,10,1
75023,4787,56.031515207326734,10,1
75033,4788,120.9768733217249,10,1
75046,4789,88.48542519523863,13,1
75056,4790,20.37190251123036,10,1
75066,4791,39.08278303085138,10,1
75076,4792,39.28381893528585,10,1
75086,4793,124.77272812292783,10,1
75097,4794,36.848606012014756,11,1
75108,4795,37.157006505771754,11,1
75118,4796,116.20368169747621,10,1
75128,4797,36.76424944068614,10,1
75168,4798,-20.442119445069647,40,0
75178,4799,54.316688875836675,10,1
75188,4800,130.85803501160154,10,1
75198,4801,74.8832549103764,10,1
75208,4802,46.8767146848878,10,1
75218,4803,91.67437478367954,10,1
75228,4804,25.95773019943384,10,1
75238,4805,26.68279088341006,10,1
75254,4806,6.810165877252622,16,1
75294,4807,-20.670837263408846,40,0
75304,4808,118.98121624415919,10,1
75318,4809,25.79146447471762,14,1
75329,4810,23.9784944693814,11,1
75339,4811,35.08064827571701,10,1
75349,4812,81.32069440204974,10,1
75359,4813,42.24815334908917,10,1
75369,4814,56.70876404648287,10,1
75379,4815,16.757658661379555,10,1
75389,4816,83.17590547201276,10,1
75402,4817,84.08222245388059,13,1
75412,4818,43.147737043272365,10,1
75422,4819,85.17734185613755,10,1
75432,4820,66.91998691436756,10,1
75442,4821,128.90857708339388,10,1
75452,4822,47.038004179082165,10,1
75462,4823,79.62326870986693,10,1
75472,4824,43.160036920308855,10,1
75482,4825,23.5992802115634,10,1
75492,4826,18.559790000882426,10,1
75502,4827,59.26228413830202,10,1
75512,4828,37.08484941320575,10,1
75525,4829,122.30730254099008,13,1
75535,4830,91.78602395464064,10,1
75545,4831,68.17274042152786,10,1
75555,4832,45.88601357460633,10,1
75565,4833,70.70322496493988,10,1
75575,4834,79.42698767547955,10,1
75585,4835,93.03770700177905,10,1
75595,4836,20.91356636961778,10,1
75605,4837,95.16258050882563,10,1
75620,4838,115.24047393666135,15,1
75630,4839,127.52623865789995,10,1
75640,4840,17.809446826599345,10,1
75650,4841,27.398968180743395,10,1
75669,4842,60.065516701519925,19,1
75679,4843,88.82646509832797,10,1
75689,4844,83.85306382591328,10,1
75699,4845,41.568049547702,10,1
75709,4846,111.90156363271176,10,1
75719,4847,26.33246581376204,10,1
75729,4848,5.830982165818681,10,1
75739,4849,54.50063247845692,10,1
75749,4850,30.02545968415733,10,1
75759,4851,100.11773701940068,10,1
75769,4852,138.08538354629974,10,1
75779,4853,78.09533311683973,10,1
75789,4854,93.90387009542836,10,1
75829,4855,-20.65042410491139,40,0
75839,4856,2.8349901191353295,10,1
75849,4857,55.48491762369034,10,1
75859,4858,41.230231665813875,10,1
75869,4859,81.8782830847572,10,1
75879,4860,62.384709190503806,10,1
75889,4861,34.17937582536699,10,1
75904,4862,50.66492670472289,15,1
75920,4863,24.07551186773183,16,1
75939,4864,16.83425218364782,19,1
75949,4865,53.99171248403262,10,1
75959,4866,131.09893968321902,10,1
75969,4867,130.37110801665546,10,1
75979,4868,64.03584600815603,10,1
75989,4869,96.19403733790926,10,1
75999,4870,43.956833253204486,10,1
76009,4871,18.67057320703983,10,1
76019,4872,51.61154999700216,10,1
76029,4873,12.538639546678096,10,1
76039,4874,32.336962030037384,10,1
76049,4875,20.714036506197417,10,1
76060,4876,8.558447490434368,11,1
76070,4877,65.14489395324378,10,1
76080,4878,36.01112296789169,10,1
76090,4879,37.3271481908043,10,1
76100,4880,23.963238128318046,10,1
76110,4881,40.388466052855534,10,1
76120,4882,41.92531694379816,10,1
76135,4883,88.5305336148175,15,1
76145,4884,39.30551885039428,10,1
76163,4885,87.36461104045355,18,1
76179,4886,78.64229879025089,16,1
76189,4887,86.40151447637005,10,1
76199,4888,20.341843428192426,10,1
76209,4889,27.203405997700276,10,1
76219,4890,26.897292168005457,10,1
76229,4891,91.9628172850703,10,1
76239,4892,67.46185799979864,10,1
76264,4893,55.80099130089304,25,1
76274,4894,64.40566235806403,10,1
76284,4895,44.68421936116098,10,1
76298,4896,38.279389725642524,14,1
76308,4897,98.85056658556152,10,1
76318,4898,34.54045540827561,10,1
76328,4899,81.9275707192788,10,1
76338,4900,123.28665389980262,10,1
76349,4901,31.11790555903371,11,1
76359,4902,86.60178686282292,10,1
76369,4903,23.591045536592375,10,1
76379,4904,58.55960802197945,10,1
76389,4905,28.50160168057078,10,1
76399,4906,114.19125690003635,10,1
76409,4907,129.5545547274897,10,1
76419,4908,42.80692185067753,10,1
76429,4909,34.324968121456884,10,1
76443,4910,18.901003831892464,14,1
76453,4911,54.08683024030419,10,1
76463,4912,45.55093710566924,10,1
76473,4913,58.799704366686605,10,1
76483,4914,30.31662735000468,10,1
76493,4915,48.154469923093046,10,1
76503,4916,104.42359177735551,10,1
76513,4917,73.70202606039348,10,1
76523,4918,15.279407123877759,10,1
76533,4919,103.79001919983222,10,1
76543,4920,63.703299831383376,10,1
76553,4921,124.67034187907755,10,1
76564,4922,15.540391798257803,11,1
76574,4923,84.86482543488448,10,1
76584,4924,75.09495974159522,10,1
76594,4925,24.091572151405515,10,1
76604,4926,107.79736765123475,10,1
76614,4927,110.85475516807175,10,1
76654,4928,-20.697340944816816,40,0
76664,4929,34.02450207379392,10,1
76674,4930,42.72016946161656,10,1
76684,4931,42.40939575218172,10,1
76694,4932,25.84513160749178,10,1
76704,4933,67.41111348954476,10,1
76719,4934,111.69952732861087,15,1
76729,4935,111.55931729190056,10,1
76739,4936,124.50959818939187,10,1
76749,4937,28.526411495524336,10,1
76789,4938,-20.816700313071713,40,0
76799,4939,29.444138712577484,10,1
76821,4940,-55.816166995241296,22,1
76831,4941,22.818033288847616,10,1
76842,4942,112.30768770676728,11,1
76857,4943,40.168721779398126,15,1
76867,4944,25.901079273921777,10,1
76877,4945,95.76971999182597,10,1
76887,4946,21.926566388971466,10,1
76897,4947,105.39054745427548,10,1
76907,4948,35.38149429449889,10,1
76929,4949,23.068812031730477,22,1
76939,4950,47.46969063428143,10,1
76949,4951,44.043173461995316,10,1
76959,4952,47.42862040010779,10,1
76969,4953,60.95427543669218,10,1
76979,4954,47.23244415550367,10,1
76989,4955,86.91398403012387,10,1
76999,4956,127.68286996176995,10,1
77009,4957,114.33671405862542,10,1
77019,4958,52.032479778521704,10,1
77029,4959,21.830071881077792,10,1
77039,4960,23.360393120084503,10,1
77056,4961,15.038897083338224,17,1
77066,4962,30.768211110207822,10,1
77076,4963,18.13305439819369,10,1
77086,4964,52.08052762458558,10,1
77096,4965,44.00713466884684,10,1
77106,4966,70.05831781681933,10,1
77116,4967,17.91797556975285,10,1
77131,4968,30.2051062725633,15,1
77141,4969,119.3195731184437,10,1
77151,4970,58.850636953940324,10,1
77178,4971,11.225281381688692,27,1
77188,4972,44.84079630115564,10,1
77198,4973,57.105014415718514,10,1
77208,4974,21.835629876680645,10,1
77218,4975,9.65603649814765,10,1
77228,4976,24.090615963032466,10,1
77238,4977,41.96542015791879,10,1
77248,4978,24.924269847301293,10,1
77258,4979,56.73736290295947,10,1
77268,4980,36.748220062166645,10,1
77278,4981,72.31410562146738,10,1
77288,4982,54.159995216135435,10,1
77298,4983,38.348082213477014,10,1
77308,4984,93.9111382490909,10,1
77318,4985,26.337191738640037,10,1
77328,4986,16.74801789984437,10,1
77338,4987,46.49336922156338,10,1
77348,4988,69.06482334544816,10,1
77358,4989,25.73084695270808,10,1
77368,4990,31.42008951287168,10,1
77378,4991,66.05739345236422,10,1
77388,4992,111.0875258818273,10,1
77400,4993,92.07392957700962,12,1
77410,4994,31.181301769342777,10,1
77420,4995,116.08967855169968,10,1
77430,4996,101.87678429172072,10,1
77440,4997,87.21995444991542,10,1
77450,4998,20.260627832172684,10,1
77461,4999,66.48188053543818,11,1
77472,5000,30.28612492362637,11,1
77482,5001,114.72882462227011,10,1
77492,5002,9.428818201378473,10,1
77502,5003,59.61276968020364,10,1
77512,5004,105.35189915761633,10,1
77522,5005,27.190387684792313,10,1
77532,5006,21.72802063946223,10,1
77542,5007,21.685955481609902,10,1
77566,5008,23.08853197083578,24,1
77576,5009,24.62869550775102,10,1
77597,5010,23.0712297152039,21,1
77607,5011,103.03762718282314,10,1
77619,5012,56.153113737378746,12,1
77631,5013,32.05286726895626,12,1
77641,5014,133.27948128765064,10,1
77651,5015,127.21967002310357,10,1
77661,5016,119.05159543804805,10,1
77671,5017,38.686555045129445,10,1
77694,5018,8.851462301446638,23,1
77710,5019,50.351270467168284,16,1
77720,5020,88.9530073254469,10,1
77730,5021,28.919441875055266,10,1
77744,5022,96.33488698473506,14,1
77754,5023,35.20789339874485,10,1
77764,5024,69.0989256512182,10,1
77774,5025,24.084423817468654,10,1
77784,5026,57.02156856439205,10,1
77805,5027,22.14123921996757,21,1
77815,5028,26.243015397865943,10,1
77825,5029,74.97209222068302,10,1
77835,5030,20.489823782223144,10,1
77845,5031,48.33225590469265,10,1
77855,5032,93.73409073284172,10,1
77865,5033,117.10413804087786,10,1
77875,5034,96.53905986215295,10,1
77885,5035,19.43219461739595,10,1
77895,5036,70.95429756253746,10,1
77905,5037,101.69139452206157,10,1
77916,5038,65.67238702407371,11,1
77926,5039,92.37832442663667,10,1
77936,5040,24.214130782443593,10,1
77946,5041,17.536293338481936,10,1
77956,5042,66.92960752884136,10,1
77966,5043,32.45069922878666,10,1
77976,5044,113.03657102908942,10,1
77986,5045,49.398848238147494,10,1
77996,5046,37.31542928979117,10,1
78006,5047,89.88424734100913,10,1
78016,5048,101.99045467597746,10,1
78026,5049,37.75820548238582,10,1
78036,5050,73.70194076956749,10,1
78048,5051,29.93532951066274,12,1
78058,5052,16.34402080273335,10,1
78072,5053,89.97726966977294,14,1
78082,5054,126.37801421381155,10,1
78092,5055,53.83809919787538,10,1
78102,5056,73.72757015199524,10,1
78112,5057,38.96658926481044,10,1
78122,5058,99.17838399910022,10,1
78132,5059,22.553255851674894,10,1
78144,5060,100.69080250941542,12,1
78154,5061,81.28785619970682,10,1
78164,5062,99.84152681646258,10,1
78174,5063,60.440247451779584,10,1
78185,5064,25.707309004783415,11,1
78195,5065,119.1957172310307,10,1
78207,5066,24.614754241351086,12,1
78217,5067,79.13338454233056,10,1
78227,5068,93.56431206711592,10,1
78237,5069,60.01649556789389,10,1
78247,5070,122.0165799398265,10,1
78257,5071,138.6092275152121,10,1
78267,5072,126.81324548169637,10,1
78277,5073,63.53181027405166,10,1
78287,5074,53.84086400270051,10,1
78297,5075,65.91588166941852,10,1
78307,5076,118.62304792831269,10,1
78325,5077,63.124748251067395,18,1
78335,5078,80.89428694944827,10,1
78345,5079,27.54688319602133,10,1
78355,5080,112.85601296794816,10,1
78365,5081,35.73890994867029,10,1
78375,5082,45.54937737295461,10,1
78385,5083,116.92711859721895,10,1
78404,5084,32.719415575626925,19,1
78414,5085,20.86577394719875,10,1
78424,5086,29.21895066161199,10,1
78434,5087,31.123183333417813,10,1
78444,5088,25.01117286550036,10,1
78454,5089,72.56371136227118,10,1
78465,5090,76.58215591991201,11,1
78475,5091,32.494323192729766,10,1
78485,5092,84.66076714011461,10,1
78495,5093,116.32581940776471,10,1
78505,5094,47.773699568544316,10,1
78515,5095,65.52934629401504,10,1
78525,5096,18.230199625199283,10,1
78535,5097,85.75958388658854,10,1
78551,5098,28.546528703750063,16,1
78561,5099,58.17822645888236,10,1
78571,5100,54.66728044686643,10,1
78581,5101,29.53272990818997,10,1
78591,5102,91.63979446530675,10,1
78601,5103,76.4171271764193,10,1
78611,5104,22.20472879558812,10,1
78621,5105,29.096625005905555,10,1
78645,5106,15.044910399286351,24,1
78655,5107,20.551799559636876,10,1
78666,5108,35.853598889158874,11,1
78679,5109,126.00584684087389,13,1
78689,5110,28.403836520839455,10,1
78699,5111,75.8730334100487,10,1
78709,5112,131.296476325049,10,1
78724,5113,96.3396141408115,15,1
78742,5114,73.15029443518294,18,1
78752,5115,17.233518733408534,10,1
78767,5116,23.68151239479713,15,1
78777,5117,118.36546491918769,10,1
78817,5118,-20.513873144884773,40,0
78827,5119,101.96292393975058,10,1
78837,5120,67.17083401148359,10,1
78847,5121,49.28029408911565,10,1
78863,5122,81.89564138306882,16,1
78873,5123,85.0298017092214,10,1
78883,5124,64.53000779678341,10,1
78893,5125,52.83443168912937,10,1
78903,5126,26.70107713863927,10,1
78913,5127,77.35151193977508,10,1
78923,5128,98.36966824070477,10,1
78933,5129,10.274523478448724,10,1
78943,5130,90.65005683052087,10,1
78953,5131,73.62435349025426,10,1
78966,5132,5.2450004089874795,13,1
78976,5133,54.817871414335585,10,1
78988,5134,30.544912535934746,12,1
78998,5135,136.4151233676122,10,1
79009,5136,103.16565041702091,11,1
79019,5137,66.77599726710714,10,1
79029,5138,99.0783682238641,10,1
79039,5139,118.00533451447599,10,1
79050,5140,30.5649241152983,11,1
79060,5141,35.50502701140948,10,1
79084,5142,16.967595727999296,24,1
79094,5143,56.006241981723846,10,1
79104,5144,77.84802023683628,10,1
79114,5145,25.165262432353256,10,1
79124,5146,70.27903670142165,10,1
79134,5147,37.12530403196695,10,1
79144,5148,90.25946728524245,10,1
79162,5149,76.98847967522593,18,1
79190,5150,24.383010545665833,28,1
79200,5151,35.49420931766006,10,1
79210,5152,75.13132805864755,10,1
79224,5153,23.938538556418234,14,1
79235,5154,74.25772712082936,11,1
79245,5155,77.29662721247247,10,1
79255,5156,41.387756047187594,10,1
79265,5157,60.27448780526851,10,1
79275,5158,49.20880747470489,10,1
79285,5159,34.10873616274981,10,1
79295,5160,26.12880833367795,10,1
79305,5161,31.28643929603033,10,1
79315,5162,29.045735415084067,10,1
79325,5163,114.65209327166966,10,1
79335,5164,71.4657197338841,10,1
79351,5165,63.56163271908685,16,1
79361,5166,104.56691816409526,10,1
79371,5167,31.812128764403965,10,1
79381,5168,115.01452136919141,10,1
79400,5169,98.19708850701892,19,1
79410,5170,34.46257990046581,10,1
79420,5171,17.41213230325942,10,1
79460,5172,-20.47150291433723,40,0
79470,5173,98.47074509487746,10,1
79480,5174,78.78651434821256,10,1
79491,5175,109.5550512374504,11,1
79507,5176,120.03226454585084,16,1
79517,5177,37.20019756210361,10,1
79527,5178,30.437667730630487,10,1
79537,5179,44.492110306991215,10,1
79547,5180,133.45484520277475,10,1
79558,5181,89.83301917401307,11,1
79568,5182,16.087514832854513,10,1
79579,5183,23.293204937408365,11,1
79589,5184,55.97597832258339,10,1
79599,5185,125.80270984530519,10,1
79612,5186,14.613522517822854,13,1
79622,5187,38.52769209426035,10,1
79632,5188,64.97385044086606,10,1
79642,5189,90.49440332757146,10,1
79672,5190,25.35827793982542,30,1
79682,5191,22.088552120945483,10,1
79692,5192,41.422942739386464,10,1
79702,5193,131.4266500470399,10,1
79712,5194,110.451006875435,10,1
79722,5195,81.24410973011535,10,1
79732,5196,36.7491478219413,10,1
79742,5197,32.86444462489229,10,1
79752,5198,77.46131254617393,10,1
79768,5199,138.20716560508387,16,1
79778,5200,37.63598984275516,10,1
79794,5201,44.2150800666323,16,1
79804,5202,108.2407011755995,10,1
79814,5203,87.81996368294305,10,1
79824,5204,70.58368326803335,10,1
79834,5205,89.06810938051795,10,1
79844,5206,116.90087605761809,10,1
79854,5207,120.85967913343082,10,1
79864,5208,77.1712532990754,10,1
79874,5209,79.94859082262751,10,1
79884,5210,66.91246015242787,10,1
79894,5211,65.70602546660673,10,1
79910,5212,34.8184382953386,16,1
79920,5213,113.17795612906555,10,1
79930,5214,28.996007143819348,10,1
79940,5215,71.3743482334867,10,1
79951,5216,82.04419655963794,11,1
79961,5217,77.20709758083623,10,1
79976,5218,64.43508572709966,15,1
79986,5219,22.7132919287579,10,1
79996,5220,39.60946349437857,10,1
80006,5221,103.21629803600561,10,1
80016,5222,27.716537321100315,10,1
80026,5223,28.409769397355323,10,1
80036,5224,81.31258617115898,10,1
80046,5225,71.5418907060155,10,1
80056,5226,115.96061926451652,10,1
80066,5227,13.283340145327804,10,1
80076,5228,23.657485672927525,10,1
80087,5229,91.77165893835371,11,1
80097,5230,88.17807503273032,10,1
80107,5231,62.920327575801664,10,1
80117,5232,121.46218245167454,10,1
80127,5233,129.91000123855076,10,1
80137,5234,47.27309718575506,10,1
80147,5235,64.22272607153977,10,1
80157,5236,122.12647992383563,10,1
80169,5237,88.56233939436139,12,1
80179,5238,122.68308901251176,10,1
80189,5239,26.09679513857291,10,1
80199,5240,34.54665013513696,10,1
80212,5241,47.50120892623559,13,1
80222,5242,37.40405467572388,10,1
80232,5243,17.506909956679568,10,1
80242,5244,91.82005239897475,10,1
80259,5245,45.212839368501456,17,1
80299,5246,-20.693528814941335,40,0
80310,5247,95.52105815228751,11,1
80320,5248,61.936573861068915,10,1
80330,5249,92.6719673887338,10,1
80340,5250,24.915830945221735,10,1
80350,5251,101.20581718610786,10,1
80360,5252,20.543813084608082,10,1
80370,5253,74.68917312598359,10,1
80380,5254,88.39120183275294,10,1
80390,5255,27.797912193578227,10,1
80400,5256,80.37082145060737,10,1
80410,5257,17.26917170204199,10,1
80420,5258,37.570914742514226,10,1
80430,5259,78.15794426048404,10,1
80440,5260,87.78639015895263,10,1
80466,5261,15.606998810244981,26,1
80476,5262,29.28093841316028,10,1
80486,5263,106.96946154668697,10,1
80497,5264,45.89619427419755,11,1
80507,5265,23.368223637766846,10,1
80517,5266,52.65552030524085,10,1
80527,5267,120.05539186301604,10,1
80542,5268,70.09949297951498,15,1
80552,5269,27.37617706771922,10,1
80563,5270,45.82000151355445,11,1
80573,5271,43.228434950980194,10,1
80583,5272,26.103921086173003,10,1
80593,5273,121.5159714703274,10,1
80603,5274,38.21548609043357,10,1
80619,5275,61.68542766495178,16,1
80629,5276,25.183820578339727,10,1
80639,5277,138.2649727324604,10,1
80651,5278,62.74941684412101,12,1
80661,5279,80.2759430642923,10,1
80671,5280,60.14824846615606,10,1
80690,5281,24.736281827371283,19,1
80700,5282,66.64316628761354,10,1
80710,5283,25.539990996317883,10,1
80720,5284,73.63208245514309,10,1
80730,5285,79.14486913520705,10,1
80740,5286,21.080110924491034,10,1
80753,5287,82.34686385503086,13,1
80763,5288,34.80277094858416,10,1
80773,5289,25.407051539117305,10,1
80783,5290,109.09818356753993,10,1
80796,5291,21.23263856374193,13,1
80819,5292,47.9583687001734,23,1
80829,5293,55.130482270020075,10,1
80839,5294,89.27510088861303,10,1
80849,5295,26.2652303716623,10,1
80859,5296,25.639618421188572,10,1
80869,5297,42.29395910546293,10,1
80879,5298,24.06751762368635,10,1
80889,5299,19.392334768435553,10,1
80899,5300,114.25381817156456,10,1
80911,5301,19.536209093030823,12,1
80925,5302,106.54405944938453,14,1
80935,5303,23.15531425732862,10,1
80975,5304,-20.499854777596724,40,0
81015,5305,-20.468536492442524,40,0
81025,5306,107.49081393023205,10,1
81035,5307,4.266757683470681,10,1
81045,5308,26.313709539458813,10,1
81055,5309,98.3332651870492,10,1
81069,5310,0.853178464163969,14,1
81079,5311,43.24415347975707,10,1
81089,5312,60.70546488155443,10,1
81129,5313,-20.739245598399968,40,0
81147,5314,107.02807201044592,18,1
81157,5315,92.7165246084114,10,1
81173,5316,44.985216080639944,16,1
81183,5317,32.9679616364626,10,1
81194,5318,15.73517300209319,11,1
81204,5319,117.67236949616655,10,1
81214,5320,91.79525490825993,10,1
81224,5321,108.07981297193729,10,1
81234,5322,87.82194403262397,10,1
81244,5323,57.86043598824876,10,1
81284,5324,-20.472728328137915,40,0
81294,5325,74.02727166778037,10,1
81304,5326,116.81503514403906,10,1
81314,5327,125.50877744386507,10,1
81326,5328,83.68336168357841,12,1
81340,5329,31.638901897818947,14,1
81350,5330,17.71942246600418,10,1
81360,5331,10.196262441712724,10,1
81370,5332,69.76457196351639,10,1
81380,5333,17.956041820926643,10,1
81390,5334,34.44173265615958,10,1
81403,5335,120.24347660183851,13,1
81413,5336,94.44063403490335,10,1
81423,5337,43.55617988812075,10,1
81436,5338,26.544215767055505,13,1
81446,5339,24.50201255914573,10,1
81459,5340,89.49934480519026,13,1
81472,5341,34.41177994338865,13,1
81482,5342,101.84977823030671,10,1
81493,5343,59.395227151539906,11,1
81503,5344,112.25632181005777,10,1
81513,5345,66.50094814811375,10,1
81527,5346,25.780899403293105,14,1
81537,5347,21.728484283600334,10,1
81554,5348,20.744204932287847,17,1
81564,5349,122.91320212714966,10,1
81574,5350,111.8308456298261,10,1
81584,5351,64.49447752890194,10,1
81596,5352,46.3804892172026,12,1
81606,5353,65.35485131323006,10,1
81646,5354,-20.57521660187281,40,0
81656,5355,30.516532449316617,10,1
81666,5356,42.03883398001144,10,1
81677,5357,106.73429760165415,11,1
81687,5358,64.96166856271779,10,1
81700,5359,44.71870949860932,13,1
81740,5360,-20.58262632704676,40,0
81780,5361,-20.634782497712024,40,0
81793,5362,131.92175720432203,13,1
81803,5363,64.1648319415088,10,1
81813,5364,29.412380730177677,10,1
81823,5365,71.51580422764431,10,1
81833,5366,129.89168511143578,10,1
81843,5367,137.45671574157774,10,1
81853,5368,34.79229672802845,10,1
81877,5369,76.61090502432307,24,1
81887,5370,33.01246355992631,10,1
81897,5371,66.61540579502106,10,1
81907,5372,76.97802869207194,10,1
81917,5373,43.43016237772774,10,1
81927,5374,68.15985165363605,10,1
81937,5375,44.53860760589354,10,1
81947,5376,132.6342219176344,10,1
81962,5377,134.05512513905305,15,1
81980,5378,24.902532640961436,18,1
81990,5379,40.17054825757307,10,1
82000,5380,76.41070043692682,10,1
82010,5381,96.13834588503984,10,1
82020,5382,126.35595221790807,10,1
82030,5383,77.77924706989555,10,1
82070,5384,-20.528999386905618,40,0
82080,5385,133.96664632183325,10,1
82090,5386,64.17518012861689,10,1
82105,5387,67.02843473630813,15,1
82115,5388,127.63243103511974,10,1
82130,5389,83.31488819467413,15,1
82140,5390,54.800412299469805,10,1
82150,5391,77.83275614998283,10,1
82160,5392,63.46485244723455,10,1
82170,5393,61.0579553178585,10,1
82183,5394,49.38894818829962,13,1
82197,5395,62.30868249324696,14,1
82207,5396,66.1519032264611,10,1
82217,5397,28.758537032204867,10,1
82228,5398,64.80057701568907,11,1
82239,5399,17.979108093788586,11,1
82251,5400,45.17237447118236,12,1
82291,5401,-20.39654204199143,40,0
82305,5402,42.73499582306312,14,1
82315,5403,47.96718899863735,10,1
82325,5404,48.65863947969861,10,1
82337,5405,38.03772164971478,12,1
82354,5406,24.606792002943138,17,1
82364,5407,30.971647428196242,10,1
82374,5408,42.04640102836911,10,1
82384,5409,31.043968674356794,10,1
82394,5410,51.83085403264743,10,1
82404,5411,57.58651165055128,10,1
82414,5412,33.162453286951084,10,1
82424,5413,101.9928873792463,10,1
82434,5414,24.00109456906886,10,1
82444,5415,124.48625158620177,10,1
82454,5416,120.55472454318857,10,1
82464,5417,64.24531596395477,10,1
82474,5418,62.4318853968965,10,1
82484,5419,92.45167456707024,10,1
82494,5420,128.28174612807013,10,1
82505,5421,18.145313302827812,11,1
82515,5422,45.0705558922267,10,1
82525,5423,84.39628606687026,10,1
82538,5424,53.2947913773944,13,1
82548,5425,27.191345729191106,10,1
82558,5426,41.250153588068905,10,1
82568,5427,62.79742884942546,10,1
82608,5428,-20.576024487033408,40,0
82618,5429,41.11384902607267,10,1
82633,5430,48.7753116240485,15,1
82643,5431,55.63305221186437,10,1
82653,5432,23.628028558665918,10,1
82663,5433,23.32834974481164,10,1
82673,5434,26.69586273040483,10,1
82698,5435,85.41080656581869,25,1
82708,5436,22.13512382263869,10,1
82737,5437,16.714353715978895,29,1
82747,5438,93.86838235643052,10,1
82757,5439,41.3077574780279,10,1
82767,5440,84.72372419959095,10,1
82777,5441,95.03345218198719,10,1
82787,5442,88.50606318833496,10,1
82797,5443,69.38459097537294,10,1
82807,5444,44.66535996779162,10,1
82817,5445,73.80793077498926,10,1
82827,5446,95.5343541248523,10,1
82837,5447,54.258218244004254,10,1
82847,5448,119.8800043251009,10,1
82857,5449,119.55706742509611,10,1
82867,5450,101.5283670096751,10,1
82877,5451,113.1349200331608,10,1
82887,5452,111.78080687934155,10,1
82897,5453,127.99279974310899,10,1
82911,5454,117.81628074200117,14,1
82951,5455,-20.53416872062868,40,0
82961,5456,71.39936612491807,10,1
82971,5457,23.423744765847463,10,1
82981,5458,91.07998447330728,10,1
82991,5459,43.163545793628195,10,1
83008,5460,37.465914607147056,17,1
83019,5461,55.803218876181816,11,1
83029,5462,85.67138469804372,10,1
83039,5463,128.51465820492464,10,1
83049,5464,55.099698346977455,10,1
83059,5465,59.5207126772247,10,1
83069,5466,47.608894408553034,10,1
83079,5467,98.03078684334308,10,1
83092,5468,82.33354006616779,13,1
83102,5469,25.500961360110736,10,1
83112,5470,103.94323142627901,10,1
83122,5471,31.439642887606723,10,1
83136,5472,16.95530715955399,14,1
83146,5473,121.76621459314102,10,1
83157,5474,25.214782043453475,11,1
83167,5475,50.71356309542375,10,1
83177,5476,66.671303518233,10,1
83187,5477,67.80111189406573,10,1
83197,5478,36.102349808688096,10,1
83207,5479,28.59937773922896,10,1
83217,5480,89.50013393933928,10,1
83227,5481,21.13953884910848,10,1
83237,5482,31.481915657803924,10,1
83247,5483,115.68685815409663,10,1
83257,5484,104.6137225471452,10,1
83267,5485,42.604564888435284,10,1
83277,5486,35.32569780454888,10,1
83287,5487,95.56725638575595,10,1
83327,5488,-20.48990991350638,40,0
83337,5489,107.00182490927416,10,1
83347,5490,102.02856969684838,10,1
83357,5491,113.00008776953226,10,1
83367,5492,91.07105979329747,10,1
83377,5493,58.34935043941905,10,1
83387,5494,39.11555733295499,10,1
83397,5495,107.33802286308826,10,1
83407,5496,91.76022592397925,10,1
83447,5497,-20.401631980257743,40,0
83457,5498,61.238382911100636,10,1
83467,5499,71.99173740082563,10,1
83477,5500,31.399250445743057,10,1
83487,5501,66.98395930062316,10,1
83497,5502,30.173748783172655,10,1
83507,5503,88.80948213128987,10,1
83517,5504,19.49429878475025,10,1
83527,5505,124.24191593512846,10,1
83537,5506,125.40163920042437,10,1
83547,5507,73.53065809155119,10,1
83557,5508,83.97709075320283,10,1
83567,5509,44.81196057880789,10,1
83577,5510,111.72541373994555,10,1
83595,5511,13.361075539635882,18,1
83605,5512,105.88887017972338,10,1
83615,5513,59.682780543428976,10,1
83635,5514,38.2119615075824,20,1
83645,5515,78.82604688832265,10,1
83655,5516,100.45242822294982,10,1
83667,5517,53.397405288124126,12,1
83677,5518,75.11307734427281,10,1
83687,5519,27.646281179622072,10,1
83697,5520,128.6746946845253,10,1
83707,5521,94.36873977506491,10,1
83717,5522,128.76761278043912,10,1
83727,5523,123.78293878646912,10,1
83737,5524,83.10374717086626,10,1
83747,5525,75.14103316424,10,1
83757,5526,78.01058127139142,10,1
83767,5527,36.894684482914855,10,1
83777,5528,80.01569877628637,10,1
83787,5529,95.04670683217891,10,1
83797,5530,21.071696322206325,10,1
83807,5531,58.95742057542366,10,1
83818,5532,59.97368263477628,11,1
83828,5533,88.42606116428648,10,1
83847,5534,16.783953028479242,19,1
83857,5535,22.51077734835956,10,1
83867,5536,121.04961556881186,10,1
83877,5537,109.73047589840851,10,1
83887,5538,100.77636466267472,10,1
83897,5539,106.79206836581031,10,1
83908,5540,58.92308938272275,11,1
83918,5541,81.15571462200997,10,1
83928,5542,78.96716791337288,10,1
83938,5543,30.66512500596804,10,1
83948,5544,76.31102048715638,10,1
83958,5545,54.733440273188855,10,1
83968,5546,27.46601952980538,10,1
83998,5547,25.752231539071126,30,1
84008,5548,37.38881050889443,10,1
84018,5549,110.49705797577852,10,1
84028,5550,31.000562183798493,10,1
84038,5551,117.8829243091944,10,1
84048,5552,68.4194623713344,10,1
84058,5553,86.49767194537432,10,1
84068,5554,59.47925584863109,10,1
84078,5555,39.5434319640703,10,1
84088,5556,35.50808008261611,10,1
84098,5557,54.28741117339271,10,1
84110,5558,56.44031009729473,12,1
84120,5559,90.9081994115956,10,1
84130,5560,96.182244877391,10,1
84140,5561,70.0688399979,10,1
84150,5562,31.121316071615134,10,1
84160,5563,20.534655018747873,10,1
84182,5564,127.86197865838497,22,1
84207,5565,64.46814824784957,25,1
84217,5566,46.14514513176261,10,1
84250,5567,36.2730297771517,33,1
84275,5568,-0.21536676667539317,25,1
84285,5569,71.95660994889587,10,1
84295,5570,24.840903279764206,10,1
84305,5571,65.00655876261673,10,1
84315,5572,99.97957130758981,10,1
84325,5573,37.007958762854955,10,1
84338,5574,72.01140603193534,13,1
84348,5575,32.59620401087356,10,1
84359,5576,22.937461762806493,11,1
84369,5577,25.350213496167207,10,1
84379,5578,42.58705048551871,10,1
84389,5579,93.8905358898357,10,1
84399,5580,52.614417070993724,10,1
84409,5581,80.51375508100763,10,1
84419,5582,115.80656935369922,10,1
84429,5583,97.66068706907049,10,1
84439,5584,48.20714353260274,10,1
84449,5585,18.152392643315917,10,1
84459,5586,82.58975801448491,10,1
84469,5587,87.52774408410232,10,1
84479,5588,34.741609276196954,10,1
84489,5589,34.77217838602394,10,1
84499,5590,106.67104646461401,10,1
84509,5591,40.20875214310115,10,1
84519,5592,99.09811518707076,10,1
84529,5593,63.363789184656,10,1
84539,5594,115.66072925226524,10,1
84549,5595,60.932153767842216,10,1
84565,5596,34.633299242391324,16,1
84575,5597,49.02925402339319,10,1
84585,5598,85.18543176290869,10,1
84595,5599,25.41291767627931,10,1
84605,5600,97.01570674683202,10,1
84615,5601,47.286766365394435,10,1
84625,5602,65.52583166068882,10,1
84635,5603,58.988228410262806,10,1
84646,5604,27.257589013445376,11,1
84656,5605,45.351298142029286,10,1
84672,5606,132.78677046946902,16,1
84682,5607,132.1988680440708,10,1
84692,5608,36.7821499205755,10,1
84702,5609,73.0821859474417,10,1
84712,5610,48.86836077813316,10,1
84722,5611,71.76843086316751,10,1
84740,5612,117.12470140029909,18,1
84750,5613,26.766988987338973,10,1
84760,5614,63.10943976345712,10,1
84770,5615,28.887920744149817,10,1
84780,5616,49.13989065446281,10,1
84790,5617,59.41852566380815,10,1
84800,5618,27.822163203603974,10,1
84810,5619,41.210226219015,10,1
84820,5620,79.98494336732873,10,1
84830,5621,97.94807115038864,10,1
84840,5622,69.54325895810935,10,1
84850,5623,126.49563678859612,10,1
84860,5624,112.3468954703764,10,1
84873,5625,65.30147720918688,13,1
84883,5626,126.74545294888264,10,1
84893,5627,26.852145112282464,10,1
84903,5628,121.6754657046782,10,1
84913,5629,108.74552585011139,10,1
84923,5630,85.0797471896911,10,1
84939,5631,27.10185307082515,16,1
84951,5632,36.66466522498796,12,1
84961,5633,40.8441852161271,10,1
84971,5634,29.522269890970513,10,1
84981,5635,86.17073952973303,10,1
84991,5636,87.11556677616609,10,1
85001,5637,92.17100711149564,10,1
85011,5638,20.80545708926899,10,1
85021,5639,82.00962510121741,10,1
85031,5640,33.76662153699178,10,1
85041,5641,29.052231850897687,10,1
85051,5642,96.90072068716721,10,1
85061,5643,47.28180799681677,10,1
85071,5644,90.76289819237917,10,1
85081,5645,91.23608944853679,10,1
85091,5646,75.6798182238268,10,1
85101,5647,120.80853353876248,10,1
85111,5648,46.8206167883047,10,1
85127,5649,22.227887143792742,16,1
85137,5650,70.62116292864678,10,1
85153,5651,52.907185132907415,16,1
85171,5652,40.301091198990655,18,1
85181,5653,83.307099070551,10,1
85191,5654,30.344939534227894,10,1
85201,5655,80.17270548962301,10,1
85211,5656,99.23649106830085,10,1
85228,5657,52.76025239395726,17,1
85238,5658,126.03957535082509,10,1
85248,5659,58.59081837351607,10,1
85259,5660,74.47138914406531,11,1
85271,5661,91.56455765818083,12,1
85281,5662,48.05406644741699,10,1
85297,5663,50.566384143111485,16,1
85307,5664,26.49109424405305,10,1
85317,5665,129.73206333316372,10,1
85327,5666,68.44732454966216,10,1
85337,5667,46.038597590049484,10,1
85347,5668,112.39484833782697,10,1
85357,5669,37.085379479603894,10,1
85367,5670,68.29238994462843,10,1
85377,5671,30.485963783700072,10,1
85387,5672,115.51010004271518,10,1
85397,5673,60.27988390009553,10,1
85407,5674,60.734586458286834,10,1
85417,5675,107.16151760543141,10,1
85427,5676,101.13945480630773,10,1
85437,5677,122.20442525161936,10,1
85471,5678,21.827983085967716,34,1
85481,5679,68.1405356751977,10,1
85491,5680,125.42491933236924,10,1
85501,5681,117.4903155271573,10,1
85512,5682,26.431521766707466,11,1
85523,5683,34.10288407487586,11,1
85540,5684,101.50576732303789,17,1
85557,5685,26.120396981496793,17,1
85567,5686,106.00035210525964,10,1
85577,5687,62.780281640986644,10,1
85587,5688,91.88120444742887,10,1
85598,5689,61.23643155474413,11,1
85608,5690,82.02186209871569,10,1
85618,5691,38.82082548945903,10,1
85628,5692,30.523383994853425,10,1
85638,5693,68.87767454046622,10,1
85648,5694,73.84821762545778,10,1
85658,5695,109.74902483074605,10,1
85668,5696,16.547558929818777,10,1
85681,5697,25.326626814360296,13,1
85698,5698,118.59033258474769,17,1
85708,5699,102.90950792985842,10,1
85718,5700,101.47707013520467,10,1
85728,5701,56.07853333014052,10,1
85738,5702,27.83523680414602,10,1
85748,5703,47.49707796641428,10,1
85763,5704,28.54947931122594,15,1
85773,5705,46.69743388100617,10,1
85783,5706,126.03310778553751,10,1
85793,5707,33.923933010619294,10,1
85803,5708,139.62538894505875,10,1
85813,5709,90.35855011810912,10,1
85826,5710,24.498228150323452,13,1
85836,5711,85.68168106227265,10,1
85849,5712,133.4172294266764,13,1
85862,5713,49.98316630812488,13,1
85872,5714,124.80533853020803,10,1
85882,5715,74.03584056211754,10,1
85892,5716,65.71228652219855,10,1
85902,5717,112.65210014344754,10,1
85912,5718,95.59045342963522,10,1
85922,5719,29.23022945844113,10,1
85932,5720,112.5233733510803,10,1
85945,5721,122.62362637113667,13,1
85955,5722,41.92538496853599,10,1
85971,5723,22.52202563829673,16,1
85981,5724,35.44674572038638,10,1
85991,5725,105.7888530395852,10,1
86001,5726,126.80503673541888,10,1
86011,5727,130.59884977626768,10,1
86021,5728,131.27750794977337,10,1
86031,5729,27.360564557050957,10,1
86041,5730,29.482095531540644,10,1
86051,5731,23.39104009956179,10,1
86061,5732,66.37004051669533,10,1
86071,5733,63.831495035898755,10,1
86081,5734,22.505542159798527,10,1
86095,5735,35.21049326647541,14,1
86106,5736,66.70221125295389,11,1
86116,5737,55.93230789276906,10,1
86126,5738,38.63650569835794,10,1
86136,5739,34.35373894862663,10,1
86146,5740,124.66139242214788,10,1
86156,5741,119.23980907879844,10,1
86166,5742,71.48948956458393,10,1
86177,5743,78.9487518346051,11,1
86191,5744,127.05635011122799,14,1
86201,5745,132.23484878064698,10,1
86211,5746,23.396875011495585,10,1
86221,5747,42.654363413026736,10,1
86231,5748,57.606242504594256,10,1
86241,5749,49.10144736006044,10,1
86262,5750,37.88991037952569,21,1
86285,5751,112.33198092552303,23,1
86298,5752,33.4673387752194,13,1
86316,5753,81.56240696678046,18,1
86326,5754,87.67066392706525,10,1
86336,5755,102.48831077989753,10,1
86346,5756,60.23011521924574,10,1
86358,5757,49.29875577556683,12,1
86368,5758,62.33222302253124,10,1
86378,5759,95.54035948149424,10,1
86388,5760,39.14968986674994,10,1
86400,5761,125.50797599490153,12,1
86410,5762,130.41606475984503,10,1
86420,5763,88.1027188125054,10,1
86430,5764,39.53618324534125,10,1
86440,5765,77.20513743967273,10,1
86450,5766,97.64467533875228,10,1
86460,5767,74.08862201406335,10,1
86479,5768,84.03567141005156,19,1
86489,5769,56.48067542494941,10,1
86499,5770,95.6980572257338,10,1
86509,5771,99.23141560601664,10,1
86519,5772,100.17366737152815,10,1
86529,5773,66.99386074318375,10,1
86542,5774,75.99804514240793,13,1
86557,5775,36.662804358121086,15,1
86567,5776,118.05297351503471,10,1
86577,5777,89.506697506301,10,1
86587,5778,55.236837084246346,10,1
86597,5779,129.22904580883682,10,1
86607,5780,124.35982401220654,10,1
86617,5781,43.20931052748785,10,1
86627,5782,68.71524136611782,10,1
86637,5783,75.15163893547214,10,1
86647,5784,62.28508042126114,10,1
86657,5785,36.61469080198058,10,1
86667,5786,84.7818469287882,10,1
86677,5787,21.32011274624099,10,1
86687,5788,84.8357738825717,10,1
86697,5789,67.82365131082582,10,1
86707,5790,112.06423963450531,10,1
86717,5791,119.39196354089488,10,1
86729,5792,71.97168830094601,12,1
86739,5793,133.08094958390794,10,1
86749,5794,119.94626352158875,10,1
86759,5795,96.98747047235285,10,1
86769,5796,109.43041555977194,10,1
86794,5797,133.58978919644932,25,1
86804,5798,69.4209992854837,10,1
86814,5799,131.18947061997744,10,1
86824,5800,127.24880413540392,10,1
86834,5801,63.71094978491611,10,1
86844,5802,95.85544721726464,10,1
86854,5803,138.68031025542803,10,1
86864,5804,43.603720877902816,10,1
86874,5805,79.96167357375344,10,1
86884,5806,47.458536672497125,10,1
86924,5807,-21.160964696016308,40,0
86934,5808,112.36644251022587,10,1
86945,5809,20.287886201127538,11,1
86955,5810,43.97943725110531,10,1
86965,5811,51.51634015023983,10,1
86975,5812,106.57544513789229,10,1
86985,5813,120.8002250495231,10,1
86995,5814,30.00975221994127,10,1
87005,5815,68.74263238070404,10,1
87016,5816,81.65979792815908,11,1
87026,5817,101.17702456985542,10,1
87036,5818,86.65738017693833,10,1
87048,5819,86.42049609828985,12,1
87071,5820,133.38936793439464,23,1
87081,5821,97.4659244586365,10,1
87091,5822,49.437068103370365,10,1
87101,5823,108.64204119441682,10,1
87114,5824,93.62712766920922,13,1
87124,5825,53.848528629067886,10,1
87134,5826,117.62002605594078,10,1
87144,5827,32.49153243222787,10,1
87154,5828,86.40780609814884,10,1
87164,5829,57.41029607053646,10,1
87174,5830,30.437571219211872,10,1
87184,5831,57.78744172440217,10,1
87194,5832,24.121074859910895,10,1
87204,5833,80.3967056604928,10,1
87214,5834,35.90259907742922,10,1
87224,5835,68.88437288892145,10,1
87234,5836,76.11743198981644,10,1
87244,5837,101.7390943400256,10,1
87254,5838,29.88800264331349,10,1
87264,5839,91.07229312499958,10,1
87276,5840,89.2253188050595,12,1
87286,5841,96.6769102471493,10,1
87296,5842,51.40988920400272,10,1
87307,5843,50.6922138065058,11,1
87317,5844,108.0093665931246,10,1
87338,5845,87.03537251899313,21,1
87348,5846,78.66096666236477,10,1
87358,5847,29.541359945914675,10,1
87368,5848,25.785740187756016,10,1
87379,5849,89.922036345738,11,1
87389,5850,97.95973901502147,10,1
87399,5851,90.90267618924308,10,1
87409,5852,139.00081630096508,10,1
87419,5853,94.30428163964731,10,1
87431,5854,65.74512718635727,12,1
87441,5855,38.286894507339134,10,1
87451,5856,60.16748521371569,10,1
87461,5857,72.99278211995751,10,1
87472,5858,88.2320659859256,11,1
87482,5859,61.65703311904675,10,1
87492,5860,84.70713815972606,10,1
87511,5861,24.3385919523136,19,1
87521,5862,55.049028013847305,10,1
87531,5863,59.34466155554347,10,1
87541,5864,30.41901947502873,10,1
87553,5865,71.96896969137816,12,1
87563,5866,103.90604170389582,10,1
87574,5867,32.00679494939426,11,1
87595,5868,39.073551407632394,21,1
87605,5869,56.91517207856384,10,1
87615,5870,45.61190856507674,10,1
87625,5871,104.08951393099046,10,1
87635,5872,42.48312993004988,10,1
87645,5873,37.65168958055705,10,1
87655,5874,101.66668518272525,10,1
87666,5875,92.44821092461959,11,1
87676,5876,92.60627415638561,10,1
87687,5877,34.13640421580175,11,1
87697,5878,93.41950406035747,10,1
87707,5879,73.02147373776883,10,1
87717,5880,40.698835371020074,10,1
87727,5881,39.82644684682127,10,1
87737,5882,93.73526081075293,10,1
87758,5883,19.495622185795114,21,1
87768,5884,37.78407856210211,10,1
87778,5885,61.17062986047152,10,1
87789,5886,72.06012308964334,11,1
87829,5887,-21.495359357021467,40,0
87839,5888,126.10720116101469,10,1
87849,5889,76.40298699215117,10,1
87859,5890,32.08028264440266,10,1
87869,5891,34.04467130452354,10,1
87879,5892,114.20900245631451,10,1
87911,5893,43.120858179430485,32,1
87921,5894,35.745819438258295,10,1
87931,5895,28.1464142191213,10,1
87941,5896,48.59747481788575,10,1
87951,5897,79.24707390161386,10,1
87961,5898,32.130566503203596,10,1
87973,5899,112.27800948831867,12,1
87984,5900,119.93983619495316,11,1
87995,5901,125.2341131939928,11,1
88006,5902,92.66392159412639,11,1
88017,5903,87.16003460686257,11,1
88027,5904,85.75052583884008,10,1
88037,5905,57.921624021613304,10,1
88047,5906,71.1098387388765,10,1
88057,5907,70.79416481460896,10,1
88067,5908,41.6526676548877,10,1
88081,5909,47.52070736284489,14,1
88091,5910,101.00832001646266,10,1
88101,5911,46.93961311800291,10,1
88111,5912,33.36735736571213,10,1
88121,5913,17.826989967117143,10,1
88131,5914,39.13462897402888,10,1
88141,5915,95.75441766017161,10,1
88151,5916,32.79939023169044,10,1
88161,5917,35.73434356796765,10,1
88172,5918,99.20677185839408,11,1
88182,5919,115.6054030877112,10,1
88192,5920,35.52543103484445,10,1
88202,5921,114.96975398732883,10,1
88212,5922,82.83136923705173,10,1
88222,5923,94.43999738670594,10,1
88232,5924,119.35205509384757,10,1
88242,5925,40.73316975590175,10,1
88258,5926,62.028963176979914,16,1
88268,5927,128.52988194755577,10,1
88279,5928,75.83206608796038,11,1
88289,5929,82.08468240763922,10,1
88299,5930,28.128044197321234,10,1
88309,5931,48.13384363205457,10,1
88319,5932,75.4243038502748,10,1
88332,5933,118.24356213086844,13,1
88342,5934,37.623962140937465,10,1
88360,5935,24.096280745824966,18,1
88386,5936,59.93609457728579,26,1
88396,5937,14.011776595761525,10,1
88406,5938,37.21541048446667,10,1
88416,5939,24.78269253496372,10,1
88426,5940,89.64763587452873,10,1
88439,5941,55.01209855192521,13,1
88449,5942,39.06201186371527,10,1
88459,5943,86.65146297485298,10,1
88469,5944,113.06443256458087,10,1
88494,5945,22.931236815437696,25,1
88504,5946,108.31465568691051,10,1
88514,5947,42.41198616866296,10,1
88524,5948,117.49755134812612,10,1
88534,5949,129.66594444848224,10,1
88544,5950,41.907748926450026,10,1
88555,5951,96.6713236161433,11,1
88565,5952,47.151403043886795,10,1
88576,5953,61.724806388841024,11,1
88586,5954,144.99185131356563,10,1
88596,5955,56.771147121223606,10,1
88612,5956,17.209457308078033,16,1
88622,5957,119.51841463638756,10,1
88632,5958,73.38104523236719,10,1
88642,5959,119.89814895339596,10,1
88652,5960,40.35044496982119,10,1
88662,5961,85.44238643907185,10,1
88672,5962,101.59342570123194,10,1
88682,5963,54.7800552704715,10,1
88693,5964,33.271142818715866,11,1
88703,5965,88.77456448799525,10,1
88713,5966,146.81532224773005,10,1
88723,5967,98.21149561851075,10,1
88733,5968,26.814843573459505,10,1
88743,5969,48.00710893959727,10,1
88753,5970,88.30740036870831,10,1
88763,5971,57.51509953192814,10,1
88776,5972,37.74430889193592,13,1
88787,5973,22.474158890374763,11,1
88797,5974,88.4560256420073,10,1
88807,5975,112.3274906293172,10,1
88817,5976,104.38182743699144,10,1
88827,5977,69.09187442366984,10,1
88845,5978,36.257764090293236,18,1
88856,5979,124.37929674814303,11,1
88868,5980,86.91831387957075,12,1
88884,5981,89.74850457944567,16,1
88894,5982,47.99766684115009,10,1
88905,5983,24.605440499280824,11,1
88916,5984,51.222727431650945,11,1
88926,5985,112.504358801798,10,1
88936,5986,78.10679325714767,10,1
88946,5987,133.08148092390536,10,1
88956,5988,42.69750874498809,10,1
88966,5989,128.45160623736996,10,1
88976,5990,106.53745334932735,10,1
88986,5991,122.50924223397637,10,1
88996,5992,60.66805367885244,10,1
89006,5993,33.70039303685649,10,1
89016,5994,117.17381096288682,10,1
89026,5995,60.971511462212405,10,1
89036,5996,117.88157898233426,10,1
89046,5997,41.57588844691003,10,1
89056,5998,122.34718066842369,10,1
89066,5999,79.90806697478472,10,1
89076,6000,85.860645250185,10,1
89086,6001,63.68559156863975,10,1
89096,6002,98.78384742973711,10,1
89106,6003,23.90857915056577,10,1
89116,6004,60.389404092632354,10,1
89126,6005,72.25544802992958,10,1
89136,6006,46.158813800804275,10,1
89146,6007,105.38809899809618,10,1
89164,6008,22.50858806241151,18,1
89174,6009,124.55011234545786,10,1
89185,6010,23.885498531828166,11,1
89197,6011,45.48993792116063,12,1
89215,6012,22.537823451606478,18,1
89225,6013,96.96772334149225,10,1
89238,6014,120.76833804155514,13,1
89248,6015,16.75670054044932,10,1
89258,6016,48.02838908308083,10,1
89268,6017,38.015178709083514,10,1
89279,6018,39.72456637702619,11,1
89289,6019,25.18883255709436,10,1
89299,6020,98.31279358973643,10,1
89309,6021,44.74304766287234,10,1
89319,6022,76.18313323961475,10,1
89329,6023,130.04297177675375,10,1
89339,6024,50.171275109862336,10,1
89349,6025,103.87899245985732,10,1
89360,6026,124.0953414825254,11,1
89370,6027,36.60039344019821,10,1
89380,6028,32.28474217016488,10,1
89390,6029,115.99210817182468,10,1
89400,6030,98.83482693422843,10,1
89410,6031,75.02134762118025,10,1
89420,6032,58.17255852515858,10,1
89430,6033,21.400503385008136,10,1
89440,6034,41.76446087941031,10,1
89450,6035,94.24800065948857,10,1
89460,6036,49.877035554766,10,1
89471,6037,115.88485077045732,11,1
89485,6038,121.12517675227673,14,1
89502,6039,29.24585976028738,17,1
89524,6040,77.65642129182027,22,1
89534,6041,129.22656647029714,10,1
89544,6042,88.4164864176498,10,1
89554,6043,84.7823165825139,10,1
89564,6044,95.48898796303618,10,1
89574,6045,106.01074649248933,10,1
89584,6046,114.22360811926927,10,1
89594,6047,56.2918091468287,10,1
89604,6048,87.16908128691722,10,1
89614,6049,92.7470402884148,10,1
89624,6050,132.2467094088843,10,1
89634,6051,77.54893439274072,10,1
89644,6052,114.50991308665908,10,1
89654,6053,129.56716810625682,10,1
89664,6054,49.45959426406021,10,1
89674,6055,131.38702648606514,10,1
89684,6056,29.513091726300072,10,1
89698,6057,64.0238730930743,14,1
89708,6058,113.94773092479598,10,1
89719,6059,73.41632391092179,11,1
89732,6060,-14.034885286905144,13,1
89743,6061,28.21339297099774,11,1
89753,6062,98.46729744336983,10,1
89770,6063,114.58104872188217,17,1
89780,6064,96.6432790361991,10,1
89791,6065,105.25661068352579,11,1
89801,6066,80.91219459077539,10,1
89811,6067,67.29764183756055,10,1
89821,6068,104.33120147426918,10,1
89832,6069,50.43820943281523,11,1
89844,6070,48.10168723892108,12,1
89856,6071,94.62507958126118,12,1
89866,6072,120.83705332471213,10,1
89877,6073,40.822996887081025,11,1
89887,6074,18.286617847859308,10,1
89897,6075,92.46517319491102,10,1
89907,6076,109.61672135001302,10,1
89917,6077,110.05085621546492,10,1
89927,6078,41.091035644013594,10,1
89937,6079,115.79616149724731,10,1
89947,6080,56.95144738942655,10,1
89959,6081,46.13921914017883,12,1
89975,6082,32.4258634086218,16,1
89985,6083,22.83967283239149,10,1
89995,6084,107.89559059041271,10,1
90005,6085,122.96342104260395,10,1
90015,6086,47.50335794852611,10,1
90025,6087,121.64747082372503,10,1
90035,6088,38.97599273782298,10,1
90045,6089,121.26694423532895,10,1
90078,6090,102.81045040810352,33,1
90088,6091,123.33568052069056,10,1
90098,6092,24.96142039243345,10,1
90108,6093,98.95843368294118,10,1
90118,6094,117.4594329816266,10,1
90128,6095,81.21117830569483,10,1
90138,6096,54.64054789048747,10,1
90148,6097,102.14599695083905,10,1
90158,6098,26.423786709726922,10,1
90168,6099,91.12557704846067,10,1
90178,6100,46.5817137986821,10,1
90188,6101,130.67189176587834,10,1
90198,6102,23.618803939235317,10,1
90216,6103,86.18232745779453,18,1
90226,6104,66.1293971494439,10,1
90236,6105,120.6015997173018,10,1
90246,6106,106.26708577984098,10,1
90256,6107,47.40341795486764,10,1
90277,6108,118.93252532527247,21,1
90287,6109,109.01808475437764,10,1
90297,6110,26.735184671922063,10,1
90307,6111,70.67759769385795,10,1
90320,6112,27.827578001174597,13,1
90330,6113,46.29365107542828,10,1
90340,6114,41.33124279452517,10,1
90350,6115,49.5891697095227,10,1
90361,6116,54.46382399809062,11,1
90371,6117,46.44097410469846,10,1
90381,6118,28.726566376228195,10,1
90391,6119,71.0526853393297,10,1
90401,6120,138.52756874961077,10,1
90411,6121,116.52980010427177,10,1
90421,6122,48.91267860490178,10,1
90431,6123,57.54526720819618,10,1
90453,6124,29.99888231263752,22,1
90463,6125,63.403737555576704,10,1
90473,6126,124.38914626167778,10,1
90483,6127,43.10801145649255,10,1
90493,6128,22.14252729031736,10,1
90503,6129,121.79639814139318,10,1
90513,6130,35.39417577590035,10,1
90523,6131,95.5434702163285,10,1
90533,6132,112.87993323445556,10,1
90551,6133,111.2769304978483,18,1
90561,6134,44.21375935297895,10,1
90571,6135,23.155426843246904,10,1
90581,6136,95.27591559015512,10,1
90591,6137,74.23928344453105,10,1
90601,6138,112.15436173662958,10,1
90611,6139,87.67543860564503,10,1
90621,6140,25.189274497062,10,1
90631,6141,31.449093910317796,10,1
90650,6142,45.52873602019061,19,1
90660,6143,103.68312011426546,10,1
90670,6144,49.24440132700605,10,1
90680,6145,38.94912576923081,10,1
90690,6146,125.654602050397,10,1
90700,6147,61.95505310263014,10,1
90710,6148,114.63092626413959,10,1
90727,6149,42.9781171889201,17,1
90737,6150,32.51737796509656,10,1
90747,6151,20.969558637722095,10,1
90757,6152,25.344616915692907,10,1
90767,6153,69.18590806093427,10,1
90777,6154,137.61510238244625,10,1
90788,6155,67.8288789591597,11,1
90798,6156,116.07996158201286,10,1
90815,6157,103.81985127281074,17,1
90825,6158,30.086979050476298,10,1
90835,6159,53.92119749687747,10,1
90845,6160,126.0197665665974,10,1
90855,6161,31.722253415506934,10,1
90866,6162,41.30376785091933,11,1
90876,6163,111.51187944052164,10,1
90886,6164,93.44571475903933,10,1
90896,6165,29.707256861204893,10,1
90906,6166,98.47374527848547,10,1
90916,6167,72.01194416308171,10,1
90933,6168,17.966246434304214,17,1
90943,6169,45.40595765550475,10,1
90953,6170,83.88068951527657,10,1
90963,6171,67.21824967868716,10,1
90973,6172,64.08232754598059,10,1
90983,6173,67.19190358329254,10,1
91012,6174,18.921564974071416,29,1
91034,6175,101.39731484272679,22,1
91053,6176,55.5075908919249,19,1
91063,6177,96.29386809398312,10,1
91073,6178,130.804067507876,10,1
91083,6179,55.970043560109936,10,1
91101,6180,119.17266123638572,18,1
91111,6181,57.34198701554943,10,1
91121,6182,23.252699045626713,10,1
91137,6183,98.67735619799673,16,1
91151,6184,101.3143343061787,14,1
91161,6185,121.71142710453896,10,1
91173,6186,27.036444660998747,12,1
91185,6187,70.41637388413302,12,1
91225,6188,-21.10278512518194,40,0
91235,6189,42.548166833332836,10,1
91246,6190,115.73116607696568,11,1
91256,6191,39.846411555039644,10,1
91266,6192,104.34508497450491,10,1
91276,6193,47.60343843345788,10,1
91286,6194,74.02692631479809,10,1
91299,6195,49.69138500750753,13,1
91316,6196,53.172638072003295,17,1
91327,6197,70.21625763185095,11,1
91337,6198,29.263671518622903,10,1
91347,6199,36.93065277464669,10,1
91357,6200,120.71947968797922,10,1
91367,6201,96.20010963108717,10,1
91377,6202,16.38878451368085,10,1
91387,6203,98.36517345939855,10,1
91397,6204,77.42505997827107,10,1
91407,6205,119.50000972731772,10,1
91417,6206,123.37529705175051,10,1
91427,6207,122.50766820779884,10,1
91437,6208,27.876263282369347,10,1
91448,6209,91.90716259881431,11,1
91458,6210,83.31493906388525,10,1
91468,6211,68.66154415246316,10,1
91478,6212,107.48154579698068,10,1
91494,6213,35.845534143376625,16,1
91504,6214,86.57816870808541,10,1
91515,6215,29.644976393630536,11,1
91525,6216,48.510262729716715,10,1
91535,6217,39.89411257581246,10,1
91545,6218,97.74932667907125,10,1
91555,6219,20.212687193118438,10,1
91565,6220,132.60005667388526,10,1
91579,6221,58.184711754811055,14,1
91593,6222,81.91542965669245,14,1
91603,6223,86.73538893376174,10,1
91613,6224,127.54830284491588,10,1
91636,6225,33.809513345926774,23,1
91646,6226,100.95686167439885,10,1
91656,6227,56.25466825140105,10,1
91667,6228,100.96579222126184,11,1
91677,6229,67.10996687754889,10,1
91687,6230,86.58832303473267,10,1
91697,6231,103.41458405150689,10,1
91708,6232,111.84751753514816,11,1
91718,6233,123.1038657831675,10,1
91728,6234,145.49707027117046,10,1
91738,6235,90.73737682827337,10,1
91748,6236,47.74878563375806,10,1
91761,6237,99.26721521377176,13,1
91771,6238,122.5246371876654,10,1
91781,6239,111.24041044428354,10,1
91793,6240,37.4551881998423,12,1
91803,6241,66.30743604744879,10,1
91815,6242,72.933650346791,12,1
91825,6243,35.49291785272399,10,1
91845,6244,22.858187081882807,20,1
91855,6245,97.12640405208938,10,1
91865,6246,121.23996852045529,10,1
91875,6247,93.13696374317534,10,1
91885,6248,81.27996929388692,10,1
91895,6249,39.438815008178,10,1
91905,6250,127.78791972661602,10,1
91920,6251,69.67979177701125,15,1
91932,6252,128.251544472738,12,1
91942,6253,80.68688508573487,10,1
91952,6254,52.814849236978496,10,1
91962,6255,73.81787194713479,10,1
92002,6256,-21.90410089298748,40,0
92042,6257,-23.60973726426376,40,0
92052,6258,95.23317448311532,10,1
92063,6259,39.143356284115626,11,1
92075,6260,29.588718201388144,12,1
92085,6261,81.66427655510624,10,1
92095,6262,100.12153752259361,10,1
92108,6263,92.69035862221801,13,1
92118,6264,100.80483480447508,10,1
92128,6265,70.65414300299327,10,1
92138,6266,80.00565433100483,10,1
92158,6267,44.662173970775065,20,1
92175,6268,118.57664478049823,17,1
92185,6269,47.976829761493875,10,1
92195,6270,46.623693771399886,10,1
92205,6271,87.30346383795673,10,1
92215,6272,18.2484155357352,10,1
92225,6273,117.94504227547262,10,1
92235,6274,31.67845826628929,10,1
92245,6275,89.51320771569351,10,1
92255,6276,26.005578801524294,10,1
92265,6277,75.47657223924281,10,1
92275,6278,115.21982214711477,10,1
92285,6279,20.401180154142885,10,1
92295,6280,75.66314871535754,10,1
92305,6281,21.650514494898285,10,1
92315,6282,100.12718630488867,10,1
92326,6283,87.17426213931547,11,1
92338,6284,25.960863370524198,12,1
92348,6285,126.29435999928661,10,1
92358,6286,85.29038859011759,10,1
92368,6287,129.5943734825552,10,1
92384,6288,63.72163386964866,16,1
92394,6289,101.04398489282065,10,1
92405,6290,55.37342828302478,11,1
92415,6291,40.65141622423595,10,1
92425,6292,44.30022549521577,10,1
92435,6293,64.87731483664335,10,1
92445,6294,100.30968499999166,10,1
92455,6295,65.04386582902741,10,1
92465,6296,81.77899840278334,10,1
92475,6297,128.58140199930736,10,1
92485,6298,103.41168805191697,10,1
92496,6299,-1.3116442293467263,11,1
92506,6300,24.32213561620183,10,1
92520,6301,40.40720571628398,14,1
92534,6302,32.62705554778037,14,1
92544,6303,47.050775963981735,10,1
92557,6304,96.74291930544533,13,1
92567,6305,107.60974844550836,10,1
92577,6306,105.99277735852324,10,1
92588,6307,22.702686907442736,11,1
92598,6308,38.982433946360956,10,1
92608,6309,46.97400456254254,10,1
92618,6310,57.623774602710306,10,1
92630,6311,113.89127093388392,12,1
92642,6312,48.16624386552194,12,1
92652,6313,65.38757942492941,10,1
92662,6314,100.95895736631269,10,1
92672,6315,79.10451011658051,10,1
92693,6316,29.547945812297563,21,1
92713,6317,36.680730720166025,20,1
92723,6318,50.18643229837477,10,1
92733,6319,70.87859763445813,10,1
92743,6320,118.43264168672364,10,1
92755,6321,114.3991192338845,12,1
92765,6322,62.57760748610118,10,1
92778,6323,34.53411875700759,13,1
92788,6324,15.167977797292558,10,1
92816,6325,27.12485707264597,28,1
92826,6326,62.80806865357158,10,1
92836,6327,24.416728616419988,10,1
92846,6328,83.59752765344068,10,1
92857,6329,68.71528951188013,11,1
92867,6330,87.35084777501785,10,1
92877,6331,20.227970892589386,10,1
92893,6332,75.49851564106523,16,1
92903,6333,85.31796574949604,10,1
92913,6334,117.04892398239869,10,1
92923,6335,93.2323003228127,10,1
92933,6336,61.34111043551223,10,1
92943,6337,84.81721331368507,10,1
92953,6338,26.532215797123484,10,1
92963,6339,114.76531453895761,10,1
92982,6340,50.766738266207575,19,1
92992,6341,64.34617267848648,10,1
93002,6342,-8.547328181544747,10,1
93012,6343,48.154890422921405,10,1
93022,6344,67.52921120934262,10,1
93034,6345,25.955471355835723,12,1
93044,6346,92.94548668452535,10,1
93054,6347,90.65304249091884,10,1
93064,6348,44.08146534772966,10,1
93074,6349,103.51805429783641,10,1
93087,6350,26.355694460010582,13,1
93103,6351,77.86449365309852,16,1
93113,6352,41.343336820781886,10,1
93134,6353,65.4150059590163,21,1
93145,6354,107.50771883808778,11,1
93155,6355,78.02637165080257,10,1
93165,6356,46.57806220680843,10,1
93182,6357,15.365500464624017,17,1
93192,6358,34.71643503225418,10,1
93203,6359,30.619876003884123,11,1
93217,6360,124.9588606823733,14,1
93229,6361,38.36954129957003,12,1
93242,6362,15.196946622705054,13,1
93252,6363,121.4144424715616,10,1
93262,6364,80.60828043457825,10,1
93272,6365,31.011533647110465,10,1
93282,6366,16.99422153334432,10,1
93292,6367,96.17936140208451,10,1
93302,6368,96.36979588536997,10,1
93316,6369,39.6780593454743,14,1
93326,6370,94.55664540207243,10,1
93345,6371,46.39395041167284,19,1
93355,6372,41.571506047830155,10,1
93365,6373,99.10415908942065,10,1
93375,6374,66.64840000631892,10,1
93385,6375,29.0470219354257,10,1
93395,6376,95.47615015225831,10,1
93435,6377,-20.451248903385977,40,0
93445,6378,120.54566900512184,10,1
93455,6379,33.431272735926775,10,1
93465,6380,100.13732026477965,10,1
93475,6381,96.17940817000401,10,1
93485,6382,-12.867161891023791,10,1
93495,6383,38.355874756741635,10,1
93505,6384,16.66106909375285,10,1
93515,6385,128.99307744745505,10,1
93525,6386,104.55770010410282,10,1
93535,6387,84.79457500368736,10,1
93545,6388,145.3189757145098,10,1
93555,6389,83.97796099455194,10,1
93567,6390,37.07206897012391,12,1
93577,6391,93.3736376920573,10,1
93587,6392,36.45628869784431,10,1
93597,6393,19.11515325589594,10,1
93607,6394,28.386714524503212,10,1
93617,6395,30.51141836138085,10,1
93631,6396,62.022321184045836,14,1
93654,6397,55.505301923735914,23,1
93664,6398,126.10293247289513,10,1
93674,6399,68.24291372405861,10,1
93684,6400,97.92727513866096,10,1
93694,6401,104.39996240307993,10,1
93704,6402,38.48424800177064,10,1
93714,6403,75.51227117722628,10,1
93724,6404,23.39446990635106,10,1
93734,6405,84.75662640888349,10,1
93744,6406,64.0339684857882,10,1
93755,6407,90.0823214698821,11,1
93765,6408,90.63415928633626,10,1
93778,6409,38.42799451559689,13,1
93788,6410,74.80309753398815,10,1
93798,6411,125.56983313586075,10,1
93808,6412,132.96236686387132,10,1
93818,6413,67.49800012988688,10,1
93828,6414,81.66009874788098,10,1
93849,6415,37.04744386872497,21,1
93860,6416,95.4751861431056,11,1
93870,6417,69.04354599532488,10,1
93888,6418,29.304159345438425,18,1
93898,6419,87.48787474684615,10,1
93908,6420,55.12159384562283,10,1
93918,6421,45.84176790970711,10,1
93952,6422,33.85578253520325,34,1
93968,6423,47.73708763465425,16,1
93978,6424,38.97851972472244,10,1
93988,6425,100.76958910344284,10,1
93998,6426,124.17596061190307,10,1
94008,6427,19.03140968379929,10,1
94023,6428,42.888163975793404,15,1
94033,6429,96.23543587503055,10,1
94043,6430,76.44438543042753,10,1
94053,6431,112.94472366233713,10,1
94063,6432,96.88822633504394,10,1
94073,6433,102.46337732514951,10,1
94113,6434,-22.27142735746704,40,0
94132,6435,41.629632522917454,19,1
94142,6436,85.3107460495933,10,1
94152,6437,62.44706239628287,10,1
94162,6438,35.94270844380438,10,1
94172,6439,67.67103190352366,10,1
94183,6440,84.50976627112172,11,1
94196,6441,36.10037293058339,13,1
94207,6442,21.922002408437333,11,1
94217,6443,115.8582810562445,10,1
94228,6444,64.55992624344995,11,1
94238,6445,59.11590395870928,10,1
94248,6446,53.705117921271864,10,1
94258,6447,117.80809493181134,10,1
94268,6448,124.46444714585716,10,1
94281,6449,60.89399256688348,13,1
94291,6450,21.470687089752193,10,1
94301,6451,93.07508402514041,10,1
94311,6452,73.81862565547368,10,1
94321,6453,58.57899055522272,10,1
94347,6454,57.054619278384465,26,1
94361,6455,63.57467427258042,14,1
94371,6456,47.60912878874332,10,1
94384,6457,45.553445501126205,13,1
94394,6458,130.0816312466479,10,1
94424,6459,24.723503342009508,30,1
94434,6460,116.95606494095604,10,1
94446,6461,49.30074538297685,12,1
94456,6462,90.49758343516743,10,1
94466,6463,94.0900728124205,10,1
94476,6464,132.92898040828132,10,1
94486,6465,95.32928728018018,10,1
94496,6466,96.56846966469543,10,1
94506,6467,123.72032619691522,10,1
94517,6468,82.67817278324556,11,1
94527,6469,70.11943080280179,10,1
94546,6470,27.557136320504405,19,1
94556,6471,78.33191654691989,10,1
94566,6472,92.0164413282532,10,1
94576,6473,132.2403434444729,10,1
94586,6474,91.55901148910696,10,1
94596,6475,49.568500671950844,10,1
94609,6476,45.442339672019315,13,1
94619,6477,94.87575522417865,10,1
94629,6478,76.72463079057233,10,1
94646,6479,39.63898774872338,17,1
94657,6480,27.276350449863003,11,1
94667,6481,85.05036856751391,10,1
94677,6482,71.06146342182306,10,1
94687,6483,20.666820094953216,10,1
94697,6484,49.386703349829986,10,1
94737,6485,-23.564846384572725,40,0
94747,6486,100.02202495373692,10,1
94757,6487,-4.435316795277319,10,1
94773,6488,79.05577904358529,16,1
94813,6489,-22.10408495323761,40,0
94823,6490,35.66961226906091,10,1
94833,6491,19.55141177099271,10,1
94851,6492,40.6231042724821,18,1
94861,6493,56.671747362212514,10,1
94871,6494,131.94059661346932,10,1
94883,6495,44.66717538327966,12,1
94893,6496,37.773589882772,10,1
94903,6497,119.7938890585202,10,1
94913,6498,133.7541650478576,10,1
94923,6499,40.46696681161268,10,1
94933,6500,116.26866949076205,10,1
94945,6501,69.08290770876194,12,1
94955,6502,74.6564920252397,10,1
94965,6503,21.743181382034848,10,1
94975,6504,35.754224946346895,10,1
94985,6505,81.46429348657371,10,1
94995,6506,118.05823406546759,10,1
95008,6507,42.39359207194329,13,1
95018,6508,106.09031027596446,10,1
95033,6509,41.45444077219354,15,1
95043,6510,138.96493251332436,10,1
95067,6511,32.546010218168945,24,1
95088,6512,64.13864935397507,21,1
95098,6513,104.22342971204465,10,1
95110,6514,60.61331675673395,12,1
95120,6515,23.684208927738705,10,1
95130,6516,61.254242745604,10,1
95143,6517,40.97401600456902,13,1
95153,6518,42.760145512727135,10,1
95163,6519,36.23258513496459,10,1
95175,6520,23.770102135772362,12,1
95189,6521,19.051027890463335,14,1
95201,6522,64.98756120470601,12,1
95212,6523,82.39250799295972,11,1
95222,6524,105.36854994999432,10,1
95232,6525,83.38693390071988,10,1
95254,6526,19.631427893653196,22,1
95264,6527,86.30939736860664,10,1
95304,6528,-22.163083403271223,40,0
95314,6529,73.45614232369967,10,1
95324,6530,83.22431202419236,10,1
95334,6531,49.70055415042426,10,1
95344,6532,88.64101762160801,10,1
95354,6533,87.4014152357258,10,1
95364,6534,123.58225314699877,10,1
95383,6535,38.2722317835071,19,1
95410,6536,22.140869582976322,27,1
95421,6537,126.29645051564663,11,1
95431,6538,74.21209074040381,10,1
95447,6539,26.978426646974427,16,1
95457,6540,82.02666545270559,10,1
95467,6541,121.49648443022781,10,1
95477,6542,95.64751049503381,10,1
95487,6543,130.06012689408163,10,1
95512,6544,37.11990846357539,25,1
95525,6545,26.62901628132868,13,1
95536,6546,40.45721706563,11,1
95546,6547,26.481514085049636,10,1
95556,6548,131.45269444927231,10,1
95566,6549,73.45456825532717,10,1
95576,6550,71.59798493837852,10,1
95590,6551,95.16574834452847,14,1
95600,6552,136.30365367109226,10,1
95610,6553,121.67799736893109,10,1
95620,6554,84.79706264721995,10,1
95630,6555,69.15234149265356,10,1
95644,6556,46.49775858070121,14,1
95654,6557,114.90075889708775,10,1
95664,6558,39.048032307984045,10,1
95675,6559,46.798854424812575,11,1
95685,6560,69.54190740729614,10,1
95695,6561,28.075421687690913,10,1
95705,6562,62.58105805212096,10,1
95715,6563,37.272664402144336,10,1
95746,6564,2.997714380892241,31,1
95762,6565,90.09385724551976,16,1
95772,6566,94.81113596784867,10,1
95782,6567,57.692733237134114,10,1
95792,6568,104.06940081030032,10,1
95808,6569,43.93743505028511,16,1
95818,6570,45.59603959421001,10,1
95828,6571,96.00142431515724,10,1
95838,6572,61.46673561110353,10,1
95848,6573,43.91192695322079,10,1
95888,6574,-20.76840334421805,40,0
95898,6575,39.60074590524923,10,1
95922,6576,45.89414120302005,24,1
95932,6577,121.83851688142374,10,1
95942,6578,80.53325379069416,10,1
95953,6579,30.544585077505122,11,1
95963,6580,86.80363640147937,10,1
95973,6581,128.1869501251227,10,1
95995,6582,18.169619869445054,22,1
96005,6583,91.3497980664501,10,1
96015,6584,106.28978487937889,10,1
96025,6585,33.298241354066576,10,1
96036,6586,67.00266676347908,11,1
96050,6587,42.77875095223503,14,1
96060,6588,121.93484050919497,10,1
96075,6589,69.17123253908673,15,1
96085,6590,110.53330109464274,10,1
96097,6591,24.37328655559235,12,1
96107,6592,71.62464198776453,10,1
96117,6593,82.67497184339669,10,1
96127,6594,112.00170265330995,10,1
96138,6595,36.591693482091785,11,1
96148,6596,77.28937095657389,10,1
96158,6597,65.20278303255228,10,1
96172,6598,41.16868434647711,14,1
96199,6599,37.307703940983906,27,1
96220,6600,26.580099343382027,21,1
96233,6601,30.59963516718918,13,1
96243,6602,53.80636757734305,10,1
96253,6603,80.58908440583564,10,1
96263,6604,103.82990597416277,10,1
96273,6605,115.24454934948365,10,1
96313,6606,-22.35017219101283,40,0
96323,6607,39.571872704021544,10,1
96333,6608,59.46777600723381,10,1
96343,6609,81.06529223378566,10,1
96353,6610,107.92426053891063,10,1
96363,6611,78.76641959457885,10,1
96373,6612,118.60266491464922,10,1
96383,6613,126.72382064455515,10,1
96423,6614,-20.827547825289066,40,0
96433,6615,107.76442724355319,10,1
96443,6616,116.57292921413764,10,1
96453,6617,29.09401879619801,10,1
96464,6618,81.77014904329485,11,1
96474,6619,123.01327977426023,10,1
96484,6620,31.816912731530383,10,1
96498,6621,104.3562797311009,14,1
96508,6622,28.0922365257666,10,1
96531,6623,55.17733705422087,23,1
96541,6624,66.3180002376433,10,1
96553,6625,122.2194340429544,12,1
96563,6626,22.906243565627793,10,1
96573,6627,95.95634405619991,10,1
96584,6628,73.32467401818047,11,1
96594,6629,49.71137891994258,10,1
96604,6630,100.19409925753683,10,1
96614,6631,60.4678047617001,10,1
96624,6632,84.18289665359991,10,1
96634,6633,44.535350198588624,10,1
96647,6634,61.39444451458751,13,1
96657,6635,131.97053952981022,10,1
96668,6636,139.01868394955028,11,1
96694,6637,47.377890999531864,26,1
96704,6638,39.730669745023526,10,1
96719,6639,106.18357219584793,15,1
96729,6640,117.13436685632067,10,1
96741,6641,105.78872117723802,12,1
96751,6642,75.22071776799369,10,1
96791,6643,-21.93680548410613,40,0
96801,6644,128.08035945838367,10,1
96811,6645,116.95750494617457,10,1
96851,6646,-20.412504669211003,40,0
96861,6647,53.12294021094828,10,1
96871,6648,56.541484525861904,10,1
96881,6649,80.97966810760956,10,1
96891,6650,20.302409985947094,10,1
96901,6651,59.349919668863826,10,1
96913,6652,80.8949919527278,12,1
96924,6653,59.25285955286302,11,1
96946,6654,109.24555536586516,22,1
96960,6655,97.5363135049711,14,1
96970,6656,42.47862608212895,10,1
96980,6657,107.26589995873917,10,1
96990,6658,80.95285514355301,10,1
97000,6659,84.93447263228327,10,1
97010,6660,26.897068232488742,10,1
97020,6661,61.594918224859555,10,1
97030,6662,121.54910192771406,10,1
97040,6663,88.74893809422935,10,1
97050,6664,77.6135884529532,10,1
97063,6665,57.21859461976763,13,1
97073,6666,48.41974240142047,10,1
97083,6667,52.551745319227585,10,1
97093,6668,102.36344805815295,10,1
97110,6669,41.987375449750694,17,1
97120,6670,47.92139019587994,10,1
97130,6671,90.96677172473697,10,1
97140,6672,130.8523011459506,10,1
97150,6673,122.7224977807436,10,1
97162,6674,122.47422250084144,12,1
97172,6675,112.96303220106952,10,1
97212,6676,-21.863162760841696,40,0
97222,6677,42.873932958312466,10,1
97232,6678,107.69062840726566,10,1
97242,6679,124.02413606412641,10,1
97253,6680,21.517063306589286,11,1
97263,6681,132.05043502567315,10,1
97273,6682,105.28547149904446,10,1
97283,6683,93.47359769841732,10,1
97293,6684,28.876319376259342,10,1
97303,6685,88.16281026919481,10,1
97315,6686,28.15359340500438,12,1
97334,6687,92.8634759663724,19,1
97350,6688,56.88370579591059,16,1
97360,6689,57.95442543606401,10,1
97370,6690,118.15535905939512,10,1
97381,6691,79.11739784525157,11,1
97421,6692,-21.799844336785423,40,0
97431,6693,78.90893007734512,10,1
97441,6694,118.6271484487794,10,1
97451,6695,123.89444794306696,10,1
97464,6696,71.07982803837021,13,1
97474,6697,86.57061727793823,10,1
97484,6698,77.3920878252998,10,1
97494,6699,105.3217459464606,10,1
97504,6700,104.27936183664794,10,1
97514,6701,40.069112061384,10,1
97554,6702,-22.277987952050914,40,0
97564,6703,99.9063321069731,10,1
97574,6704,69.39073334177256,10,1
97584,6705,112.58684042626926,10,1
97594,6706,109.61297420537421,10,1
97604,6707,114.899728435154,10,1
97616,6708,119.17207012789483,12,1
97626,6709,39.888153374853346,10,1
97636,6710,40.865231841492445,10,1
97646,6711,53.66100347264122,10,1
97656,6712,67.07361626080629,10,1
97666,6713,37.120480650445714,10,1
97676,6714,86.18712186168376,10,1
97686,6715,57.97858774716536,10,1
97696,6716,46.78576063933096,10,1
97706,6717,58.72227921036461,10,1
97716,6718,121.30473320772195,10,1
97731,6719,75.26405474611208,15,1
97743,6720,96.75708293229131,12,1
97753,6721,125.45941763477293,10,1
97763,6722,58.58067599780738,10,1
97773,6723,117.10321655616862,10,1
97783,6724,50.33086362397482,10,1
97793,6725,131.11689293100065,10,1
97806,6726,115.3817001739769,13,1
97816,6727,46.518869501753926,10,1
97826,6728,88.31792533353214,10,1
97836,6729,36.89852429542244,10,1
97846,6730,25.481359321963374,10,1
97856,6731,17.954918697174474,10,1
97866,6732,127.88091516932376,10,1
97876,6733,122.8896853726118,10,1
97886,6734,46.6331635501543,10,1
97896,6735,103.54514344700935,10,1
97906,6736,126.13308813091973,10,1
97916,6737,121.65622793108172,10,1
97926,6738,28.977132048124357,10,1
97936,6739,29.471305242962828,10,1
97972,6740,62.501992990391194,36,1
98012,6741,-22.86762889801518,40,0
98022,6742,100.99089350140602,10,1
98032,6743,38.7224978692596,10,1
98042,6744,79.66190099850016,10,1
98052,6745,133.61249749291335,10,1
98062,6746,131.56461485856389,10,1
98072,6747,98.5697581600705,10,1
98085,6748,29.336912191918316,13,1
98095,6749,75.50007243680926,10,1
98105,6750,71.68575282992629,10,1
98115,6751,70.76813365158124,10,1
98125,6752,32.80599423537541,10,1
98135,6753,13.98826458648255,10,1
98145,6754,101.20286929885677,10,1
98155,6755,54.70017015078565,10,1
98165,6756,74.47905034511564,10,1
98175,6757,102.05673820092036,10,1
98185,6758,22.753986551603475,10,1
98195,6759,19.77984463799475,10,1
98205,6760,42.30482803591654,10,1
98215,6761,92.3816286909085,10,1
98226,6762,23.612245937489586,11,1
98236,6763,14.561311417232908,10,1
98246,6764,64.9670468070759,10,1
98256,6765,144.43426123664534,10,1
98266,6766,58.30035261442634,10,1
98276,6767,19.914260541261104,10,1
98286,6768,54.63749442287799,10,1
98296,6769,69.91735210228077,10,1
98306,6770,95.46089029625531,10,1
98316,6771,30.020204429856047,10,1
98326,6772,104.37877915454347,10,1
98336,6773,43.894921721792606,10,1
98346,6774,58.56133341879868,10,1
98361,6775,79.19251509482056,15,1
98371,6776,106.06619643630992,10,1
98381,6777,82.20178331540359,10,1
98391,6778,69.95801087207438,10,1
98401,6779,110.05846935175666,10,1
98411,6780,119.11295862534843,10,1
98421,6781,73.42836945640148,10,1
98431,6782,69.48607899648431,10,1
98441,6783,60.69061426064521,10,1
98451,6784,79.16633018386808,10,1
98461,6785,111.85992388861452,10,1
98471,6786,101.31996370015945,10,1
98481,6787,24.544905126742808,10,1
98491,6788,128.7804789540331,10,1
98501,6789,87.99530741584766,10,1
98512,6790,93.08760272545064,11,1
98530,6791,28.19649707385711,18,1
98570,6792,-21.204853959641714,40,0
98580,6793,20.74530955568891,10,1
98590,6794,42.75028336130316,10,1
98600,6795,23.228508146484167,10,1
98610,6796,115.02242733675723,10,1
98620,6797,48.57255798361709,10,1
98630,6798,112.88065437769377,10,1
98640,6799,109.49670512284271,10,1
98650,6800,67.9658353590087,10,1
98661,6801,59.381773625154075,11,1
98673,6802,36.549668984171895,12,1
98684,6803,42.556034468430866,11,1
98694,6804,107.55023989964067,10,1
98715,6805,18.216620993200337,21,1
98727,6806,38.13225536954235,12,1
98737,6807,108.62877135064612,10,1
98750,6808,108.59679202530097,13,1
98760,6809,49.77933825703224,10,1
98770,6810,84.24736749599758,10,1
98780,6811,137.6214000035663,10,1
98790,6812,114.32170852625003,10,1
98800,6813,105.86648279792797,10,1
98840,6814,-23.519823759952175,40,0
98850,6815,43.04117075631921,10,1
98860,6816,74.7919722826721,10,1
98870,6817,90.93642565876743,10,1
98880,6818,18.783156087900075,10,1
98890,6819,92.36657274781624,10,1
98910,6820,34.91796048947772,20,1
98920,6821,60.88894469882449,10,1
98930,6822,100.92235777582596,10,1
98942,6823,38.419209866478724,12,1
98952,6824,73.52314102751156,10,1
98962,6825,53.12130610729318,10,1
98972,6826,21.428304675483904,10,1
98982,6827,44.563424374577295,10,1
98992,6828,53.152224985272596,10,1
99002,6829,69.1457458391649,10,1
99012,6830,118.73661949781925,10,1
99022,6831,109.45720743462576,10,1
99032,6832,97.23333085070024,10,1
99042,6833,45.892197399776016,10,1
99052,6834,28.130326065476453,10,1
99062,6835,69.60679602657353,10,1
99072,6836,34.92863792254552,10,1
99082,6837,64.15985938858638,10,1
99092,6838,69.40931346261209,10,1
99102,6839,41.616856548607274,10,1
99114,6840,36.14844920399333,12,1
99124,6841,53.28565734919781,10,1
99134,6842,82.12161267707347,10,1
99144,6843,84.09418251844038,10,1
99154,6844,22.112641117922262,10,1
99164,6845,52.00994123281257,10,1
99174,6846,83.08695893150738,10,1
99214,6847,-23.711561754878414,40,0
99224,6848,91.62511347973685,10,1
99247,6849,28.73122742808066,23,1
99260,6850,33.99797447551932,13,1
99270,6851,66.76096874250851,10,1
99280,6852,91.92125131627739,10,1
99290,6853,66.97578876488261,10,1
99303,6854,38.749127303162645,13,1
99313,6855,70.68798612401515,10,1
99324,6856,17.782384647735192,11,1
99334,6857,33.69099456113285,10,1
99344,6858,36.22119687352537,10,1
99354,6859,65.82595028720519,10,1
99364,6860,49.31595945754033,10,1
99374,6861,21.824023544760383,10,1
99384,6862,30.141146119260352,10,1
99394,6863,111.57394772356147,10,1
99404,6864,59.61279111470802,10,1
99414,6865,62.306631949706315,10,1
99424,6866,103.13302164056716,10,1
99436,6867,86.47734909948036,12,1
99446,6868,66.54459872728805,10,1
99456,6869,61.87744245855711,10,1
99470,6870,23.2797820573186,14,1
99481,6871,115.60216008545154,11,1
99491,6872,36.47365101526472,10,1
99502,6873,56.17578450044098,11,1
99512,6874,63.556023144375864,10,1
99522,6875,55.05860792230724,10,1
99532,6876,31.907774597459863,10,1
99572,6877,-20.625586145766007,40,0
99582,6878,122.05079389068139,10,1
99592,6879,99.78170876335926,10,1
99602,6880,116.51124115508301,10,1
99612,6881,125.48092214411835,10,1
99622,6882,78.15052940063781,10,1
99636,6883,113.94301666172095,14,1
99646,6884,77.37300134578253,10,1
99656,6885,91.27053585911939,10,1
99684,6886,28.57780747951173,28,1
99694,6887,127.75818755168088,10,1
99704,6888,22.35428589329731,10,1
99744,6889,-22.18468709366244,40,0
99754,6890,92.19676788630797,10,1
99768,6891,39.92214104212838,14,1
99778,6892,122.59245584804793,10,1
99790,6893,70.9414668508108,12,1
99801,6894,24.700231608213436,11,1
99811,6895,33.16881812688353,10,1
99821,6896,20.295968990756933,10,1
99831,6897,57.06223150796474,10,1
99841,6898,47.28224420116315,10,1
99851,6899,96.53471986611466,10,1
99861,6900,93.45244266445548,10,1
99875,6901,74.37175408898248,14,1
99885,6902,132.76115492931459,10,1
99895,6903,77.0815632503972,10,1
99905,6904,45.4602244914006,10,1
99915,6905,126.07181699248832,10,1
99930,6906,19.063381521404914,15,1
99940,6907,38.494160904113116,10,1
99950,6908,27.682126909925667,10,1
99960,6909,127.58681918752362,10,1
99970,6910,34.48386489352223,10,1
99980,6911,94.03907875920859,10,1
100010,6912,22.090557807788514,30,1
100020,6913,99.58289074501464,10,1
100030,6914,28.408842397074395,10,1
100040,6915,24.957117730461313,10,1
100050,6916,40.12317489987729,10,1
100072,6917,40.70131921979224,22,1
100082,6918,123.5664069108613,10,1
100092,6919,33.80854477437878,10,1
100102,6920,104.41579365173253,10,1
100112,6921,68.05977790332577,10,1
100122,6922,52.64958753315645,10,1
100136,6923,102.62288206963439,14,1
100146,6924,132.96285439665303,10,1
100156,6925,78.50513188703158,10,1
100166,6926,62.13701121706215,10,1
100176,6927,66.17755390469705,10,1
100186,6928,71.29991464290988,10,1
100196,6929,106.52046335733236,10,1
100206,6930,113.54067827197404,10,1
100217,6931,20.11392290733268,11,1
100227,6932,43.52636519737355,10,1
100237,6933,104.28512604820567,10,1
100247,6934,102.55951321960406,10,1
100257,6935,80.24786254302306,10,1
100267,6936,92.11389958435373,10,1
100277,6937,44.258160040305135,10,1
100287,6938,76.14618642547207,10,1
100297,6939,98.55853164874647,10,1
100307,6940,133.2223837710873,10,1
100317,6941,77.89534510354689,10,1
100327,6942,108.01015808641212,10,1
100337,6943,94.52379088764344,10,1
100347,6944,32.2574404095375,10,1
100358,6945,88.44272856208968,11,1
100368,6946,58.249990146791156,10,1
100378,6947,101.35802518507573,10,1
100388,6948,91.98603766253098,10,1
100398,6949,42.23275637349079,10,1
100408,6950,120.4763755956676,10,1
100418,6951,104.06048269934196,10,1
100428,6952,108.38352204476969,10,1
100438,6953,81.15173779884982,10,1
100448,6954,42.07158215995047,10,1
100463,6955,56.04209297552965,15,1
100473,6956,120.10680709598601,10,1
100491,6957,32.31147861739771,18,1
100501,6958,74.28030143088205,10,1
100511,6959,67.13433680697501,10,1
100521,6960,72.1371318702437,10,1
100531,6961,81.5700291655387,10,1
100541,6962,33.40624783122537,10,1
100557,6963,16.706542144993296,16,1
100567,6964,61.87290714144898,10,1
100579,6965,53.18241872445899,12,1
100589,6966,138.5626879360176,10,1
100601,6967,37.79316569840225,12,1
100625,6968,29.260707833211843,24,1
100636,6969,28.765640398795203,11,1
100646,6970,62.396100164159144,10,1
100656,6971,32.31322538471602,10,1
100666,6972,56.96458856124024,10,1
100676,6973,137.98677763269225,10,1
100686,6974,116.37526141146455,10,1
100696,6975,120.81614135924316,10,1
100708,6976,66.53499748696838,12,1
100719,6977,30.836331009869976,11,1
100729,6978,47.25872483238911,10,1
100743,6979,30.39080422178108,14,1
100753,6980,98.28217188264541,10,1
100763,6981,30.268769820342957,10,1
100773,6982,108.80363252864937,10,1
100783,6983,32.76637489461795,10,1
100793,6984,67.42779970089175,10,1
100803,6985,43.263284198643724,10,1
100813,6986,88.83773655288209,10,1
100823,6987,103.05725966965352,10,1
100833,6988,100.20632637989294,10,1
100843,6989,50.28842725687337,10,1
100853,6990,26.545255848570296,10,1
100863,6991,82.26408497403457,10,1
100873,6992,47.26984084212639,10,1
100883,6993,120.84140560513875,10,1
100893,6994,116.64272332564803,10,1
100903,6995,107.29370832062065,10,1
100913,6996,60.621318261593544,10,1
100923,6997,122.72512240338416,10,1
100933,6998,99.15394721957473,10,1
100943,6999,107.59046162732906,10,1
100953,7000,51.24478111832929,10,1
100963,7001,82.34594758595603,10,1
100973,7002,69.25535526353386,10,1
100983,7003,111.56618379926134,10,1
100993,7004,85.48058444332955,10,1
101003,7005,137.19044092933802,10,1
101016,7006,75.16497410277834,13,1
101026,7007,92.29583410530465,10,1
101036,7008,50.312981335919744,10,1
101046,7009,81.87946142122192,10,1
101056,7010,56.23876052081714,10,1
101066,7011,86.200536983831,10,1
101076,7012,115.09937008809165,10,1
101086,7013,40.217270122251854,10,1
101097,7014,62.97585421965296,11,1
101107,7015,23.658935000877257,10,1
101117,7016,106.97948444685024,10,1
101127,7017,25.89810158066791,10,1
101137,7018,67.02307176475136,10,1
101147,7019,77.12332629636953,10,1
101157,7020,39.24550996929736,10,1
101167,7021,21.36409507660803,10,1
101177,7022,138.56027427663628,10,1
101187,7023,76.75860457693152,10,1
101197,7024,97.15935453558653,10,1
101207,7025,51.12314711824769,10,1
101217,7026,81.20003391654302,10,1
101227,7027,83.16777025591568,10,1
101237,7028,31.947315529095142,10,1
101248,7029,46.45240746629588,11,1
101258,7030,114.1401398187257,10,1
101268,7031,37.64928026112715,10,1
101278,7032,119.3953573843579,10,1
101288,7033,132.15693603836138,10,1
101298,7034,56.6653681660252,10,1
101310,7035,100.74580729601242,12,1
101320,7036,92.65777969131946,10,1
101330,7037,92.3801721651386,10,1
101344,7038,12.478586888369534,14,1
101355,7039,44.53181476577776,11,1
101365,7040,32.63626107051558,10,1
101378,7041,26.634054093881016,13,1
101388,7042,37.31743722314382,10,1
101398,7043,71.68474743222764,10,1
101408,7044,85.48838208400063,10,1
101418,7045,30.790056775008487,10,1
101431,7046,72.42207872302168,13,1
101441,7047,78.22730015516129,10,1
101451,7048,40.06082555380786,10,1
101461,7049,67.26601857623172,10,1
101471,7050,112.6820755381797,10,1
101481,7051,25.319744611358068,10,1
101491,7052,28.75912850235152,10,1
101503,7053,83.64534350468755,12,1
101513,7054,115.40022579221682,10,1
101523,7055,126.76225446305146,10,1
101533,7056,20.186539278647675,10,1
101543,7057,75.01680936076104,10,1
101553,7058,65.55604626691965,10,1
101563,7059,43.92604579253727,10,1
101573,7060,119.78555941481524,10,1
101583,7061,110.51350793443831,10,1
101593,7062,28.72644338312557,10,1
101604,7063,64.77628755152281,11,1
101614,7064,71.54219344833123,10,1
101625,7065,54.40240149436499,11,1
101635,7066,27.683414245974113,10,1
101645,7067,107.94371026760392,10,1
101655,7068,48.360306298560886,10,1
101665,7069,58.72829642479007,10,1
101675,7070,81.14715321224979,10,1
101686,7071,95.72405203707366,11,1
101696,7072,79.05468997884931,10,1
101706,7073,106.18177175317658,10,1
101716,7074,125.69089218188684,10,1
101726,7075,30.342207717315347,10,1
101736,7076,62.052346105322094,10,1
101746,7077,133.0706425702503,10,1
101756,7078,51.723650475625405,10,1
101766,7079,80.2868452522659,10,1
101776,7080,26.910857135448794,10,1
101786,7081,52.743855757891005,10,1
101796,7082,100.01301103370236,10,1
101820,7083,33.9126002641342,24,1
101830,7084,63.30350976504268,10,1
101840,7085,80.30080717925152,10,1
101850,7086,77.15372334408237,10,1
101860,7087,115.7152046029411,10,1
101870,7088,88.75056300653533,10,1
101880,7089,81.7192495658878,10,1
101890,7090,134.26242900368706,10,1
101900,7091,87.52426796447547,10,1
101910,7092,48.56431970991351,10,1
101920,7093,35.618816052079616,10,1
101930,7094,86.76015236326543,10,1
101943,7095,77.38920025170283,13,1
101953,7096,39.05942406366125,10,1
101963,7097,31.095950243391666,10,1
102003,7098,-20.501038699740317,40,0
102013,7099,106.36102240248404,10,1
102023,7100,83.85010424152745,10,1
102033,7101,38.19772061888862,10,1
102044,7102,27.817238249609474,11,1
102055,7103,64.45432537682319,11,1
102065,7104,88.57570043199736,10,1
102076,7105,24.337586629012435,11,1
102086,7106,47.3054578463464,10,1
102096,7107,107.8871110671712,10,1
102106,7108,31.727780225778012,10,1
102116,7109,114.88055940004406,10,1
102126,7110,69.7660425650033,10,1
102136,7111,46.59237582677207,10,1
102146,7112,111.5444617833243,10,1
102156,7113,138.4743748602352,10,1
102166,7114,29.098592980601985,10,1
102176,7115,85.99084648971973,10,1
102196,7116,25.800619252995546,20,1
102206,7117,84.83883925373298,10,1
102220,7118,33.2905571360164,14,1
102260,7119,-20.540298844989582,40,0
102270,7120,47.261391631356915,10,1
102306,7121,70.74348221911504,36,1
102323,7122,38.27853057494583,17,1
102334,7123,37.644183355346485,11,1
102345,7124,56.12305534814999,11,1
102355,7125,70.25403093947799,10,1
102365,7126,124.96466453603536,10,1
102375,7127,132.35137426011696,10,1
102385,7128,32.06135327944293,10,1
102413,7129,52.862535460400025,28,1
102424,7130,96.43701016430441,11,1
102436,7131,62.747856630617505,12,1
102476,7132,-21.86193517350806,40,0
102486,7133,103.6351970516948,10,1
102496,7134,19.97412778283832,10,1
102510,7135,120.34114534108028,14,1
102520,7136,78.39729903485063,10,1
102530,7137,35.822049739460375,10,1
102540,7138,132.7433303897918,10,1
102550,7139,69.83674810821529,10,1
102560,7140,58.613325654297526,10,1
102575,7141,62.42942080962385,15,1
102585,7142,94.80569029141738,10,1
102595,7143,26.986001439133528,10,1
102605,7144,41.2845552066859,10,1
102615,7145,129.1025849695781,10,1
102625,7146,50.07189508832425,10,1
102635,7147,33.85013042141867,10,1
102645,7148,62.98255422194274,10,1
102685,7149,-20.50822834636526,40,0
102695,7150,52.848656423508636,10,1
102706,7151,30.645304388847126,11,1
102746,7152,-20.486565904528618,40,0
102756,7153,102.12237802963008,10,1
102766,7154,131.48706921936812,10,1
102776,7155,81.70236793479089,10,1
102788,7156,73.97749597039102,12,1
102828,7157,-22.56681477809909,40,0
102838,7158,68.18368835954738,10,1
102849,7159,55.33988423149758,11,1
102859,7160,130.12138704910362,10,1
102873,7161,36.71172732442084,14,1
102883,7162,67.759132095984,10,1
102893,7163,34.95747022534964,10,1
102903,7164,124.58715742077375,10,1
102913,7165,34.01152492054697,10,1
102923,7166,120.91210265141449,10,1
102933,7167,139.24779918319163,10,1
102943,7168,67.02429010220344,10,1
102953,7169,114.11688538827467,10,1
102963,7170,84.505628931112,10,1
102974,7171,54.750843718550705,11,1
102984,7172,85.94050548321692,10,1
102994,7173,63.81776887969909,10,1
103004,7174,137.00244637355738,10,1
103019,7175,107.12253867970357,15,1
103029,7176,33.02120088842506,10,1
103039,7177,37.89020703257728,10,1
103049,7178,48.64190423014461,10,1
103059,7179,33.52039343455036,10,1
103069,7180,130.3551617341225,10,1
103079,7181,67.07119281811869,10,1
103090,7182,28.12201071734621,11,1
103100,7183,117.35449088136181,10,1
103110,7184,89.89311711348468,10,1
103120,7185,29.33875858875801,10,1
103130,7186,48.55031448966675,10,1
103140,7187,50.36586532052648,10,1
103150,7188,84.15392589987515,10,1
103160,7189,86.45368854379848,10,1
103170,7190,40.35422545676007,10,1
103180,7191,62.62202135170639,10,1
103190,7192,97.77530331392045,10,1
103200,7193,107.37811072420938,10,1
103210,7194,86.92204400677475,10,1
103220,7195,58.217843977697335,10,1
103230,7196,46.38724491982864,10,1
103240,7197,36.53604917850786,10,1
103250,7198,86.98775998671402,10,1
103260,7199,120.28265782798354,10,1
103271,7200,64.11432430488226,11,1
103288,7201,56.598381019759266,17,1
103298,7202,83.85354986124851,10,1
103308,7203,65.29322257997035,10,1
103328,7204,26.69722840823357,20,1
103338,7205,101.69358574054209,10,1
103348,7206,66.84803649860203,10,1
103358,7207,84.3631976378366,10,1
103368,7208,124.69533898579044,10,1
103379,7209,72.80744195290707,11,1
103389,7210,27.374998639282392,10,1
103401,7211,59.83388313103121,12,1
103411,7212,125.1513681141329,10,1
103422,7213,34.16226784335934,11,1
103432,7214,98.90675476696954,10,1
103442,7215,74.13960381410777,10,1
103452,7216,35.57210243952419,10,1
103462,7217,106.621326970763,10,1
103472,7218,40.042650984271276,10,1
103482,7219,125.52839141653463,10,1
103492,7220,27.993376217863823,10,1
103502,7221,106.38985826730783,10,1
103512,7222,43.790063065168994,10,1
103522,7223,42.5163687487235,10,1
103532,7224,60.09398602028879,10,1
103542,7225,124.72631838801033,10,1
103552,7226,103.44265027974247,10,1
103562,7227,24.54884138206565,10,1
103572,7228,54.993318057436255,10,1
103584,7229,92.9373695286897,12,1
103595,7230,42.817276604420684,11,1
103605,7231,101.40007753868272,10,1
103615,7232,110.50324051792879,10,1
103629,7233,59.70726261704531,14,1
103641,7234,24.478511490879576,12,1
103651,7235,105.35136875803822,10,1
103661,7236,54.64595527714626,10,1
103701,7237,-21.639763750212126,40,0
103711,7238,64.82292865015474,10,1
103721,7239,131.42277634396586,10,1
103731,7240,98.66243295996499,10,1
103741,7241,56.634903193933326,10,1
103751,7242,48.387479998535554,10,1
103761,7243,42.881272610084906,10,1
103771,7244,32.49375277117571,10,1
103781,7245,38.23260108281501,10,1
103821,7246,-22.342577264895354,40,0
103831,7247,99.84319088020948,10,1
103841,7248,73.68735340048693,10,1
103851,7249,83.9971443897064,10,1
103891,7250,-20.578191159292132,40,0
103903,7251,56.48095424576554,12,1
103916,7252,26.630953635823005,13,1
103956,7253,-20.82899962950607,40,0
103966,7254,81.56668664470206,10,1
103976,7255,81.92130649107175,10,1
103986,7256,111.84258704899499,10,1
103996,7257,89.56375492779881,10,1
104007,7258,47.74888746438786,11,1
104017,7259,97.32699834617367,10,1
104027,7260,49.04224782687343,10,1
104037,7261,58.725064879390025,10,1
104047,7262,77.79770510662627,10,1
104057,7263,108.1265070952301,10,1
104067,7264,120.74945412473357,10,1
104077,7265,115.3561066972893,10,1
104087,7266,88.48817021349412,10,1
104097,7267,122.46061458294675,10,1
104107,7268,131.75584669598916,10,1
104117,7269,96.98428568277714,10,1
104127,7270,76.24142600848754,10,1
104137,7271,31.235010707667843,10,1
104147,7272,25.909389318151252,10,1
104157,7273,87.24184032097067,10,1
104167,7274,57.086501246273556,10,1
104177,7275,99.27958671393357,10,1
104187,7276,136.83934855031742,10,1
104197,7277,81.21662711758007,10,1
104207,7278,54.70943859637925,10,1
104217,7279,36.739086920797504,10,1
104230,7280,29.952513344324775,13,1
104240,7281,70.11943545996567,10,1
104250,7282,108.68060133955204,10,1
104260,7283,138.88544814416107,10,1
104270,7284,101.13255943268346,10,1
104310,7285,-20.54815014152044,40,0
104320,7286,36.38292905749553,10,1
104330,7287,100.53561470568626,10,1
104340,7288,90.80366729675794,10,1
104350,7289,114.25781385082786,10,1
104360,7290,128.04913226395948,10,1
104371,7291,38.660434796258784,11,1
104381,7292,43.865021946315906,10,1
104391,7293,41.82824735567936,10,1
104401,7294,114.92088661580368,10,1
104413,7295,42.217354313086865,12,1
104424,7296,72.83584122751455,11,1
104434,7297,82.22177284779053,10,1
104444,7298,111.0012655380182,10,1
104454,7299,21.83006281654285,10,1
104467,7300,52.813651984473076,13,1
104478,7301,28.93991181898503,11,1
104488,7302,27.086480593126744,10,1
104498,7303,50.63399693816997,10,1
104508,7304,38.16226204837055,10,1
104518,7305,22.676799021082243,10,1
104528,7306,85.3363430054802,10,1
104538,7307,101.10518445503715,10,1
104548,7308,37.783874204724945,10,1
104558,7309,103.80435554246591,10,1
104568,7310,111.6508394089855,10,1
104578,7311,57.18906138870241,10,1
104589,7312,126.67204715798947,11,1
104599,7313,65.16343320243561,10,1
104609,7314,64.71183327037456,10,1
104622,7315,43.01424252073521,13,1
104632,7316,61.23365637386643,10,1
104672,7317,-20.62683460838724,40,0
104682,7318,58.298480954728205,10,1
104697,7319,117.58749182048807,15,1
104707,7320,138.63753923489753,10,1
104717,7321,35.62717994704072,10,1
104728,7322,23.397474622713013,11,1
104738,7323,118.92542856133706,10,1
104748,7324,127.6021470508232,10,1
104758,7325,120.6966630927267,10,1
104769,7326,83.37593577530421,11,1
104783,7327,85.43894629913751,14,1
104805,7328,63.827032699457895,22,1
104815,7329,28.88572528210384,10,1
104825,7330,42.9795646417686,10,1
104835,7331,73.58838480588607,10,1
104846,7332,114.40646410687421,11,1
104856,7333,87.19086450524962,10,1
104866,7334,123.20878642030175,10,1
104876,7335,107.21535785680638,10,1
104886,7336,76.95006752717738,10,1
104896,7337,74.17109973696955,10,1
104906,7338,112.18497676452716,10,1
104916,7339,81.66470857134193,10,1
104937,7340,78.24913484146903,21,1
104947,7341,95.46007248570804,10,1
104957,7342,73.99506351555632,10,1
104968,7343,27.94204593485821,11,1
104978,7344,69.49585147094623,10,1
104993,7345,54.32402406393145,15,1
105003,7346,127.26678693528021,10,1
105013,7347,49.46448342016777,10,1
105023,7348,49.59633104692186,10,1
105033,7349,132.09549770253105,10,1
105043,7350,115.10611530381465,10,1
105053,7351,104.86144109600711,10,1
105063,7352,46.548136741100905,10,1
105103,7353,-20.46437613280534,40,0
105143,7354,-20.590223657737702,40,0
105153,7355,58.3685132045228,10,1
105186,7356,33.00200231416436,33,1
105196,7357,88.70147131908583,10,1
105206,7358,132.32047441401113,10,1
105220,7359,36.779459323243664,14,1
105234,7360,26.98966838491102,14,1
105249,7361,50.29539344962627,15,1
105259,7362,41.297520689247555,10,1
105269,7363,63.24433646994956,10,1
105283,7364,30.45446680034827,14,1
105294,7365,77.54491071392727,11,1
105304,7366,33.149275103846556,10,1
105314,7367,76.28596727046765,10,1
105324,7368,46.96738948143886,10,1
105334,7369,90.04726128947013,10,1
105344,7370,21.623357260381145,10,1
105354,7371,21.530389569705935,10,1
105367,7372,29.269440801783038,13,1
105382,7373,25.429332190770907,15,1
105392,7374,16.601563330541737,10,1
105403,7375,113.3995810566654,11,1
105413,7376,114.01760522471935,10,1
105423,7377,25.41340621244391,10,1
105433,7378,47.77549401278748,10,1
105443,7379,104.2143680255993,10,1
105453,7380,78.97580936713042,10,1
105463,7381,120.16152465059727,10,1
105473,7382,48.329545637271615,10,1
105483,7383,34.331219905037344,10,1
105493,7384,124.89025420279853,10,1
105503,7385,73.87691749628077,10,1
105527,7386,78.57506533582108,24,1
105538,7387,22.56919674511742,11,1
105548,7388,113.87606103130067,10,1
105558,7389,114.19624077976901,10,1
105568,7390,132.8739579561788,10,1
105578,7391,78.24228871781062,10,1
105588,7392,61.41562465153667,10,1
105598,7393,58.199887342066376,10,1
105608,7394,127.30730907915806,10,1
105618,7395,125.46140188944224,10,1
105628,7396,99.18567621307622,10,1
105638,7397,111.72354680340491,10,1
105653,7398,55.54664491290494,15,1
105663,7399,26.931776587444702,10,1
105673,7400,101.63425350096189,10,1
105683,7401,115.51916999443934,10,1
105693,7402,125.54092947745922,10,1
105703,7403,30.858286737980194,10,1
105713,7404,124.59871989051496,10,1
105723,7405,75.10274024700904,10,1
105733,7406,100.07902737299803,10,1
105743,7407,42.345346589815456,10,1
105753,7408,25.50756270236733,10,1
105763,7409,133.85687123664889,10,1
105773,7410,124.019687894361,10,1
105783,7411,39.939353978391416,10,1
105793,7412,35.355921243336915,10,1
105803,7413,40.45250510953941,10,1
105813,7414,63.38105205256024,10,1
105823,7415,114.22725118785502,10,1
105833,7416,32.97239499592882,10,1
105843,7417,40.05169589037796,10,1
105853,7418,99.44856336916351,10,1
105863,7419,36.61750196356184,10,1
105873,7420,76.77275000872886,10,1
105883,7421,49.43874897137525,10,1
105893,7422,94.18736780520258,10,1
105903,7423,82.86008106539597,10,1
105913,7424,99.91326927548542,10,1
105930,7425,35.25420787803629,17,1
105940,7426,67.62424179803772,10,1
105950,7427,58.30757492767494,10,1
105960,7428,83.82434639048921,10,1
105970,7429,138.05245517677974,10,1
105980,7430,129.55040267836762,10,1
105990,7431,46.259640560906945,10,1
106000,7432,109.37443412205361,10,1
106010,7433,57.48844319166888,10,1
106020,7434,101.43349299849795,10,1
106031,7435,36.51350335739763,11,1
106041,7436,74.37488572245536,10,1
106081,7437,-21.88272251621241,40,0
106091,7438,46.79084498547003,10,1
106131,7439,-20.505738419314767,40,0
106141,7440,87.64234699688329,10,1
106151,7441,116.38871797473553,10,1
106161,7442,106.67072046086969,10,1
106184,7443,49.87375830405033,23,1
106194,7444,83.98491988180032,10,1
106204,7445,38.68809358494657,10,1
106214,7446,86.27220978067082,10,1
106224,7447,91.5146580300901,10,1
106234,7448,47.353661073509365,10,1
106244,7449,28.443903589480556,10,1
106255,7450,23.440163706826727,11,1
106265,7451,72.03268690468639,10,1
106275,7452,94.4108834463444,10,1
106285,7453,96.2006272329023,10,1
106325,7454,-20.55834113170221,40,0
106335,7455,40.862830665067904,10,1
106345,7456,71.21498960397955,10,1
106369,7457,108.91848269102977,24,1
106379,7458,125.99672153355388,10,1
106390,7459,85.00716596211687,11,1
106400,7460,68.34513555602378,10,1
106412,7461,30.152480616205445,12,1
106422,7462,31.46141951181828,10,1
106432,7463,118.62663953093984,10,1
106442,7464,84.21270836794163,10,1
106452,7465,55.73753065712127,10,1
106462,7466,80.5439028445364,10,1
106472,7467,76.1303627670026,10,1
106482,7468,49.79046374396369,10,1
106492,7469,123.03203485339259,10,1
106502,7470,101.9953601570711,10,1
106512,7471,94.75386932651875,10,1
106522,7472,122.77941593841163,10,1
106532,7473,58.22311734730982,10,1
106542,7474,114.532306593321,10,1
106552,7475,120.81719394281325,10,1
106562,7476,71.34953528464376,10,1
106576,7477,30.57203926803881,14,1
106586,7478,132.44671061076443,10,1
106596,7479,82.45327543776014,10,1
106606,7480,70.77544790496171,10,1
106616,7481,98.49998469169512,10,1
106626,7482,84.67031402199677,10,1
106636,7483,68.31665286285035,10,1
106657,7484,28.691493345258884,21,1
106670,7485,-5.205107316811923,13,1
106680,7486,61.1768113378309,10,1
106690,7487,45.57637511229649,10,1
106700,7488,67.46364134294053,10,1
106713,7489,36.62974702902448,13,1
106723,7490,82.95376177776852,10,1
106733,7491,35.31287982369184,10,1
106743,7492,121.10879995237522,10,1
106753,7493,82.15451119320763,10,1
106763,7494,121.0070245685114,10,1
106773,7495,76.64636740089695,10,1
106783,7496,95.89753262216422,10,1
106793,7497,58.407958724800665,10,1
106816,7498,9.349420296446057,23,1
106826,7499,42.19818102869895,10,1
106836,7500,109.5874772260708,10,1
106849,7501,55.47414923041781,13,1
106859,7502,57.274830422496755,10,1
106869,7503,83.79225286716273,10,1
106880,7504,34.54094677102783,11,1
106892,7505,73.77675775313196,12,1
106904,7506,58.27901218119274,12,1
106914,7507,67.81138131556844,10,1
106924,7508,89.61116400550279,10,1
106934,7509,63.216927912433526,10,1
106944,7510,78.33194099200314,10,1
106955,7511,8.317250000041543,11,1
106965,7512,54.12337387996972,10,1
106977,7513,26.253861500806853,12,1
106987,7514,104.93195135835722,10,1
106997,7515,28.66629931361173,10,1
107007,7516,120.78329768380912,10,1
107017,7517,114.1854347138272,10,1
107036,7518,106.35496761830305,19,1
107076,7519,-20.362060996413824,40,0
107087,7520,33.88898174439751,11,1
107097,7521,45.108342923958475,10,1
107107,7522,122.9697030362974,10,1
107117,7523,100.40508156810999,10,1
107127,7524,38.67696343852703,10,1
107137,7525,42.116733948592845,10,1
107150,7526,74.29734288163486,13,1
107160,7527,78.26313511381862,10,1
107170,7528,53.22661189984473,10,1
107180,7529,34.815960868320104,10,1
107220,7530,-20.614906686236267,40,0
107231,7531,37.98752603420253,11,1
107241,7532,123.29301832540767,10,1
107251,7533,23.815807717871948,10,1
107264,7534,56.092252722993855,13,1
107304,7535,-20.630255300609065,40,0
107315,7536,30.549687517587106,11,1
107341,7537,58.52164281927079,26,1
107367,7538,36.520621935079106,26,1
107377,7539,44.98713845552958,10,1
107387,7540,34.481836031135195,10,1
107397,7541,91.65078029977248,10,1
107407,7542,78.44785552718135,10,1
107417,7543,120.47014809671728,10,1
107427,7544,59.455483533202,10,1
107437,7545,67.47265858106427,10,1
107447,7546,70.24521799657998,10,1
107457,7547,49.031442790544276,10,1
107467,7548,103.80740970145712,10,1
107477,7549,79.72031531440204,10,1
107487,7550,138.44795079473542,10,1
107512,7551,33.26701333188401,25,1
107522,7552,72.97710899184028,10,1
107532,7553,100.23897773391496,10,1
107542,7554,40.129036751912196,10,1
107556,7555,82.0352827941155,14,1
107566,7556,88.34711174697391,10,1
107579,7557,42.36459802917398,13,1
107589,7558,60.80200211555295,10,1
107599,7559,62.63384382031007,10,1
107609,7560,53.65619227246497,10,1
107624,7561,69.7916645255564,15,1
107634,7562,99.3412967238185,10,1
107644,7563,62.56533804353495,10,1
107654,7564,52.69674356646442,10,1
107666,7565,41.84211617253541,12,1
107676,7566,78.34247060844577,10,1
107686,7567,28.308084945892215,10,1
107698,7568,128.77401475089374,12,1
107708,7569,23.165441324736598,10,1
107718,7570,64.93869793016991,10,1
107728,7571,92.59377952102285,10,1
107768,7572,-21.417786957513506,40,0
107778,7573,62.62976527406137,10,1
107791,7574,87.3981724708982,13,1
107810,7575,37.74501853368177,19,1
107820,7576,75.15300456283552,10,1
107830,7577,109.2798337037089,10,1
107840,7578,78.86561619229595,10,1
107850,7579,81.74819335159623,10,1
107860,7580,89.58279877967003,10,1
107870,7581,86.00620413804748,10,1
107880,7582,48.039322980352445,10,1
107890,7583,65.65323766872471,10,1
107900,7584,89.65527188848239,10,1
107910,7585,101.56310009520213,10,1
107920,7586,25.401184752944932,10,1
107930,7587,41.71071331825267,10,1
107940,7588,110.53076268359602,10,1
107950,7589,39.50350594159287,10,1
107960,7590,130.83346750623338,10,1
107972,7591,57.09264279692639,12,1
107982,7592,67.81173963812162,10,1
107992,7593,66.57885169143817,10,1
108002,7594,110.32272053106526,10,1
108012,7595,39.63703192238649,10,1
108022,7596,59.65518416799921,10,1
108039,7597,90.90564995419975,17,1
108049,7598,95.12275414220612,10,1
108060,7599,26.024001133218817,11,1
108070,7600,101.46830978893014,10,1
108080,7601,104.78978943377756,10,1
108090,7602,125.2218560410623,10,1
108100,7603,132.4757442695605,10,1
108113,7604,74.49961922443718,13,1
108123,7605,86.64627394254681,10,1
108139,7606,86.35682546466575,16,1
108149,7607,120.48492077147388,10,1
108159,7608,84.55647015806294,10,1
108169,7609,130.75595451978927,10,1
108179,7610,93.41203470102886,10,1
108189,7611,128.38590075268868,10,1
108199,7612,126.10324013268011,10,1
108209,7613,121.4063061222271,10,1
108219,7614,106.25458618033254,10,1
108229,7615,81.45549852424654,10,1
108239,7616,130.79609494886515,10,1
108266,7617,79.13421476563867,27,1
108276,7618,131.47958596471173,10,1
108286,7619,132.19004852469902,10,1
108296,7620,40.62492970998046,10,1
108306,7621,73.25373461474373,10,1
108316,7622,81.0553781292961,10,1
108329,7623,61.572227113177,13,1
108339,7624,129.61283134867162,10,1
108349,7625,91.31467755198668,10,1
108361,7626,45.0839732492378,12,1
108371,7627,87.5312002969677,10,1
108407,7628,12.37751946081007,36,1
108417,7629,70.53501771328715,10,1
108427,7630,93.83778030388189,10,1
108438,7631,47.85684485653964,11,1
108448,7632,118.44996997954294,10,1
108458,7633,116.95340331199057,10,1
108468,7634,126.62110101547367,10,1
108478,7635,70.55980276330229,10,1
108489,7636,29.179938765503273,11,1
108499,7637,91.90858901606101,10,1
108532,7638,24.768852562212768,33,1
108542,7639,40.0396932801058,10,1
108552,7640,38.6597923671738,10,1
108562,7641,39.36271969776468,10,1
108573,7642,94.73362776727612,11,1
108583,7643,41.00843956784188,10,1
108596,7644,105.91631208331835,13,1
108606,7645,51.20575453425564,10,1
108616,7646,112.92843700029775,10,1
108626,7647,98.18055053190075,10,1
108636,7648,47.76221892754279,10,1
108646,7649,122.78992626314691,10,1
108656,7650,74.95051090558516,10,1
108666,7651,124.51233358448903,10,1
108676,7652,95.63913516066596,10,1
108686,7653,102.63740516854641,10,1
108696,7654,33.75258971507521,10,1
108706,7655,112.78211585476448,10,1
108746,7656,-20.49313332609689,40,0
108756,7657,80.88462498795376,10,1
108766,7658,25.078411105884566,10,1
108776,7659,32.27310177016708,10,1
108787,7660,31.220922483639132,11,1
108797,7661,58.59748897402272,10,1
108807,7662,117.6590569880568,10,1
108820,7663,65.01139388273063,13,1
108830,7664,61.155765183146116,10,1
108840,7665,73.78178094134802,10,1
108850,7666,41.549424815136604,10,1
108862,7667,122.45454780592715,12,1
108872,7668,91.20369966910502,10,1
108888,7669,36.820167953281995,16,1
108898,7670,111.732915428315,10,1
108910,7671,67.01610875206381,12,1
108920,7672,108.95994199978645,10,1
108930,7673,45.4767283332163,10,1
108940,7674,126.66505586476255,10,1
108950,7675,71.15197853379864,10,1
108960,7676,109.29101149761665,10,1
108970,7677,46.52173522492302,10,1
108984,7678,21.05047160272233,14,1
108994,7679,50.4563508198549,10,1
109004,7680,107.8184592932054,10,1
109014,7681,138.29049369020942,10,1
109037,7682,30.19534961804013,23,1
109074,7683,15.845787448036837,37,1
109084,7684,28.910920952193347,10,1
109109,7685,20.4196662280842,25,1
109119,7686,79.73242014916151,10,1
109129,7687,110.28475522580085,10,1
109139,7688,91.00223613386179,10,1
109149,7689,79.52431040859751,10,1
109159,7690,106.724186084243,10,1
109169,7691,60.17699558971719,10,1
109182,7692,31.75173032883591,13,1
109192,7693,65.7687426442526,10,1
109202,7694,79.5924344544058,10,1
109212,7695,56.75953636403076,10,1
109222,7696,101.21760663304411,10,1
109232,7697,96.5956415920837,10,1
109242,7698,68.73019145910409,10,1
109252,7699,145.97131062135722,10,1
109262,7700,107.49484785749493,10,1
109280,7701,40.04811984880759,18,1
109290,7702,66.10072541592781,10,1
109300,7703,62.02590096612364,10,1
109310,7704,106.25601419273463,10,1
109320,7705,64.09873637495478,10,1
109330,7706,113.22712911924314,10,1
109345,7707,19.69588413437673,15,1
109357,7708,37.84266847774563,12,1
109369,7709,49.466881968362266,12,1
109379,7710,74.50129541679121,10,1
109389,7711,112.05284796079826,10,1
109399,7712,100.41291775007565,10,1
109409,7713,123.09419246877638,10,1
109419,7714,55.97276076344955,10,1
109429,7715,23.467895447648058,10,1
109439,7716,105.71978002435714,10,1
109461,7717,28.98391143586356,22,1
109471,7718,55.21950080490002,10,1
109482,7719,139.42634309416107,11,1
109492,7720,71.7737063362914,10,1
109502,7721,91.28364616753382,10,1
109512,7722,41.86950407150839,10,1
109522,7723,70.72624955058875,10,1
109532,7724,36.87868446182353,10,1
109542,7725,74.46015411748192,10,1
109552,7726,129.82279123745158,10,1
109563,7727,34.489123874094595,11,1
109573,7728,29.705701951068587,10,1
109583,7729,36.64729442531388,10,1
109593,7730,66.82169245272212,10,1
109620,7731,94.42046734764838,27,1
109630,7732,107.330430568262,10,1
109640,7733,112.72935102557523,10,1
109650,7734,15.74439054157385,10,1
109660,7735,53.2876524347836,10,1
109670,7736,68.3106262651472,10,1
109680,7737,112.96426093051876,10,1
109690,7738,66.07548352138369,10,1
109700,7739,112.3830766309754,10,1
109712,7740,120.42243591494082,12,1
109722,7741,57.972832696192945,10,1
109732,7742,70.60756161950022,10,1
109742,7743,82.01170759239291,10,1
109752,7744,100.38527262980975,10,1
109762,7745,44.95497128992851,10,1
109772,7746,77.19928442484746,10,1
109782,7747,128.95926271862785,10,1
109792,7748,21.54066697787765,10,1
109802,7749,94.79692072754878,10,1
109812,7750,66.06650153526651,10,1
109822,7751,27.263599864362902,10,1
109832,7752,128.8268204117692,10,1
109842,7753,117.07273506404245,10,1
109854,7754,26.61590629605928,12,1
109864,7755,86.14415720745433,10,1
109874,7756,129.51932361194403,10,1
109884,7757,82.29713995321323,10,1
109894,7758,32.31170312592343,10,1
109904,7759,48.27204363999806,10,1
109915,7760,59.3348765628215,11,1
109926,7761,61.95880711149784,11,1
109936,7762,101.94485154500039,10,1
109946,7763,80.14690489195098,10,1
109956,7764,90.35907137065523,10,1
109968,7765,112.43564117382618,12,1
109978,7766,132.5301405799804,10,1
109988,7767,46.35634165858428,10,1
109998,7768,44.177244247332794,10,1
110008,7769,114.46824325185193,10,1
110018,7770,107.81938369568262,10,1
110029,7771,91.09310408938282,11,1
110039,7772,93.81746789291708,10,1
110050,7773,37.985825450739995,11,1
110060,7774,23.55473610351051,10,1
110072,7775,60.94443564195825,12,1
110082,7776,84.79016537503172,10,1
110093,7777,65.88273176569565,11,1
110126,7778,90.72865218120484,33,1
110136,7779,104.18636005700424,10,1
110146,7780,107.13602322807755,10,1
110156,7781,108.1040850355489,10,1
110166,7782,80.15523995728674,10,1
110176,7783,129.99218431012577,10,1
110186,7784,80.23088262353232,10,1
110196,7785,84.12775974167911,10,1
110206,7786,109.34182377826743,10,1
110216,7787,57.052504145168086,10,1
110226,7788,118.28770265866125,10,1
110236,7789,42.59866826863987,10,1
110246,7790,83.6383343780861,10,1
110256,7791,88.67133653294448,10,1
110266,7792,132.04238834692086,10,1
110276,7793,37.20527959726366,10,1
110287,7794,108.5168535282975,11,1
110297,7795,71.97343419727213,10,1
110307,7796,65.28476044353252,10,1
110317,7797,25.24044742506403,10,1
110327,7798,89.17250708187852,10,1
110337,7799,63.166759291562734,10,1
110347,7800,119.45085082182375,10,1
110357,7801,90.6715814013877,10,1
110367,7802,48.34752443398424,10,1
110377,7803,84.78543754550913,10,1
110387,7804,41.62620209929921,10,1
110398,7805,13.798817699807135,11,1
110418,7806,41.15293572285896,20,1
110428,7807,122.85188415908651,10,1
110438,7808,68.34583628780759,10,1
110450,7809,93.07043245979364,12,1
110460,7810,117.86226798979183,10,1
110470,7811,131.39706311021192,10,1
110480,7812,59.031083876116384,10,1
110490,7813,40.279765800132125,10,1
110501,7814,27.187833843175284,11,1
110513,7815,35.31236486970725,12,1
110523,7816,80.03752985912872,10,1
110533,7817,60.959088552017356,10,1
110544,7818,73.94903380631565,11,1
110554,7819,116.54846303933104,10,1
110564,7820,55.10320907085261,10,1
110576,7821,38.197569719333416,12,1
110587,7822,57.75073819325094,11,1
110600,7823,63.2271752453412,13,1
110611,7824,18.16726049528742,11,1
110621,7825,82.96979287218907,10,1
110631,7826,48.76641992088932,10,1
110641,7827,93.47552601584974,10,1
110651,7828,106.49754648406788,10,1
110661,7829,113.06195271862927,10,1
110671,7830,24.954328071193842,10,1
110681,7831,77.07780253373869,10,1
110691,7832,117.13962992463891,10,1
110701,7833,83.97998632669021,10,1
110711,7834,30.545770324140605,10,1
110721,7835,72.02283929498618,10,1
110735,7836,66.96614334252119,14,1
110757,7837,44.628882198641705,22,1
110767,7838,131.62441177965704,10,1
110777,7839,29.43357981340872,10,1
110787,7840,101.16181981871064,10,1
110797,7841,92.87373911145323,10,1
110810,7842,118.46842356460878,13,1
110821,7843,86.30173400515993,11,1
110831,7844,81.41493802511853,10,1
110841,7845,91.77173668484494,10,1
110851,7846,127.8580631084554,10,1
110861,7847,124.08981874198427,10,1
110871,7848,64.6938923459426,10,1
110881,7849,98.58920143575293,10,1
110891,7850,59.562524289799235,10,1
110901,7851,84.90567362786827,10,1
110911,7852,100.72333932452413,10,1
110921,7853,43.90863320728448,10,1
110931,7854,93.86320578570174,10,1
110941,7855,73.1972141399476,10,1
110951,7856,93.36267705245771,10,1
110991,7857,-21.03562135993932,40,0
111001,7858,103.61480834496423,10,1
111018,7859,31.46034868995264,17,1
111028,7860,43.04599479729006,10,1
111038,7861,103.28541263894674,10,1
111048,7862,93.96606392545787,10,1
111058,7863,138.28519522020596,10,1
111073,7864,21.354741415240667,15,1
111083,7865,93.17824401997547,10,1
111093,7866,70.62870016039211,10,1
111104,7867,23.45629775303943,11,1
111114,7868,84.71564281002759,10,1
111124,7869,75.75369174871032,10,1
111136,7870,63.82566812543414,12,1
111154,7871,109.52578788133702,18,1
111165,7872,29.22947677833984,11,1
111191,7873,19.82242459871356,26,1
111201,7874,22.83876037865019,10,1
111211,7875,101.75307035314398,10,1
111221,7876,49.95583404085642,10,1
111231,7877,100.04545479757677,10,1
111271,7878,-21.594699456989968,40,0
111281,7879,88.76288426051583,10,1
111291,7880,62.653005003821164,10,1
111301,7881,29.015342096675884,10,1
111311,7882,86.92467615573504,10,1
111321,7883,78.13696100535857,10,1
111331,7884,90.47861528647255,10,1
111341,7885,115.27518512379505,10,1
111351,7886,102.14513913850806,10,1
111361,7887,88.15042111489869,10,1
111372,7888,74.48586638514546,11,1
111384,7889,134.25630383255012,12,1
111396,7890,42.953694154055775,12,1
111406,7891,50.081154052382715,10,1
111416,7892,72.64302567627249,10,1
111426,7893,101.07128348780775,10,1
111436,7894,112.06404903938552,10,1
111446,7895,89.43749986558147,10,1
111456,7896,54.19161987901161,10,1
111466,7897,77.26612016081454,10,1
111488,7898,30.700463375399657,22,1
111499,7899,38.55667782333922,11,1
111510,7900,98.11997286322219,11,1
111520,7901,72.93665406337837,10,1
111530,7902,64.39124206401023,10,1
111540,7903,81.59486480242192,10,1
111553,7904,106.30114134368529,13,1
111564,7905,31.437066660457027,11,1
111574,7906,118.05203714684323,10,1
111593,7907,59.11447715823718,19,1
111603,7908,32.37560054779852,10,1
111613,7909,103.11996283373244,10,1
111623,7910,60.529099211287075,10,1
111633,7911,23.257218647161224,10,1
111643,7912,37.610442698723816,10,1
111671,7913,9.403630475399448,28,1
111681,7914,67.53657336399293,10,1
111691,7915,126.19484910186725,10,1
111701,7916,97.4780505181738,10,1
111711,7917,95.76807740944012,10,1
111721,7918,107.63314864985895,10,1
111731,7919,130.5655741888477,10,1
111742,7920,32.76548065270701,11,1
111752,7921,41.820483032780565,10,1
111762,7922,99.22572153700229,10,1
111772,7923,16.263167810840343,10,1
111782,7924,60.232995171166095,10,1
111792,7925,121.10391954699173,10,1
111802,7926,82.87319978923645,10,1
111812,7927,58.34314474250644,10,1
111822,7928,77.89996700491587,10,1
111832,7929,30.051987103604628,10,1
111842,7930,80.56635484302845,10,1
111852,7931,23.766770181470907,10,1
111862,7932,118.38321658206186,10,1
111872,7933,67.89788733864029,10,1
111885,7934,115.48175901385888,13,1
111895,7935,122.12463562706881,10,1
111907,7936,79.26653012155704,12,1
111917,7937,144.81486990594433,10,1
111929,7938,80.37389450747571,12,1
111939,7939,82.18333078688009,10,1
111949,7940,42.91299561502453,10,1
111959,7941,63.23008191848923,10,1
111969,7942,29.92128272696214,10,1
111979,7943,70.69221868884593,10,1
112003,7944,37.8214468704394,24,1
112013,7945,40.15233441969355,10,1
112023,7946,62.89401126985909,10,1
112033,7947,93.35381338882041,10,1
112043,7948,121.06024801513486,10,1
112053,7949,103.02982898926435,10,1
112063,7950,75.09523565469043,10,1
112073,7951,34.97131058751774,10,1
112103,7952,124.549923220418,30,1
112113,7953,128.85862456494777,10,1
112123,7954,25.675047002055752,10,1
112133,7955,49.85891863009872,10,1
112173,7956,-20.632075057706526,40,0
112184,7957,25.68700953728165,11,1
112194,7958,87.74458845432953,10,1
112204,7959,114.85435016977755,10,1
112215,7960,27.734547781694395,11,1
112227,7961,44.93635964726651,12,1
112241,7962,85.49360550381543,14,1
112251,7963,122.97578164712803,10,1
112268,7964,32.98881615462323,17,1
112280,7965,18.056255940716007,12,1
112290,7966,21.890386926334997,10,1
112300,7967,106.99183313160734,10,1
112310,7968,114.88505982746153,10,1
112320,7969,128.89477495597112,10,1
112330,7970,85.60289424615173,10,1
112340,7971,90.14880256900939,10,1
112350,7972,67.76305109958926,10,1
112360,7973,54.80872288353912,10,1
112370,7974,52.88833646367452,10,1
112380,7975,42.58158237368584,10,1
112390,7976,52.25297560824411,10,1
112402,7977,24.003473569719482,12,1
112412,7978,72.39657206163112,10,1
112422,7979,56.49909986222695,10,1
112432,7980,137.8578415176567,10,1
112442,7981,49.72536142063973,10,1
112452,7982,65.13538813868621,10,1
112463,7983,22.956913189444208,11,1
112473,7984,78.54097168419223,10,1
112483,7985,36.22564558680047,10,1
112493,7986,43.62026672677882,10,1
112503,7987,110.44972028668433,10,1
112513,7988,115.65746973500812,10,1
112524,7989,30.76465881869318,11,1
112543,7990,86.79511917615231,19,1
112553,7991,92.66326911167016,10,1
112563,7992,24.89300667029042,10,1
112573,7993,62.16498991343593,10,1
112583,7994,124.7558777926023,10,1
112593,7995,28.321947000719607,10,1
112603,7996,77.29529985200536,10,1
112613,7997,39.0287906448544,10,1
112623,7998,60.60027132941389,10,1
112633,7999,102.3480092631005,10,1
112643,8000,84.00209344828697,10,1
112653,8001,86.26812951928673,10,1
112671,8002,128.45107603176166,18,1
112681,8003,118.26388608217005,10,1
112692,8004,22.722991710756002,11,1
112702,8005,133.05425947355977,10,1
112712,8006,19.45735710674634,10,1
112722,8007,45.89045910058468,10,1
112732,8008,122.41893817173656,10,1
112743,8009,56.8176304120801,11,1
112756,8010,46.12305664393649,13,1
112766,8011,80.98439177527025,10,1
112776,8012,128.66743699913243,10,1
112786,8013,101.82433800322902,10,1
112796,8014,80.35870256914713,10,1
112836,8015,-21.732744965430342,40,0
112846,8016,46.359628204477055,10,1
112856,8017,85.69619376287517,10,1
112867,8018,20.070001482460444,11,1
112880,8019,55.53510286550056,13,1
112890,8020,44.51863704686075,10,1
112901,8021,29.70878998692,11,1
112911,8022,40.45121499199253,10,1
112921,8023,32.569623590462626,10,1
112933,8024,59.38403584261061,12,1
112943,8025,66.39953166749876,10,1
112956,8026,107.98560463027486,13,1
112966,8027,55.61947058229167,10,1
112976,8028,85.57768127197193,10,1
112986,8029,69.78631509274021,10,1
112996,8030,61.86747009968305,10,1
113007,8031,77.82297859105034,11,1
113017,8032,130.7970821127038,10,1
113027,8033,121.1252570161829,10,1
113037,8034,63.50428510159546,10,1
113047,8035,132.80605538809317,10,1
113057,8036,63.19177129419813,10,1
113069,8037,80.63982882482765,12,1
113079,8038,126.28754333317754,10,1
113089,8039,115.09777616642168,10,1
113099,8040,124.14068247984332,10,1
113109,8041,32.73229512917876,10,1
113119,8042,61.044027355584106,10,1
113129,8043,100.2631285037381,10,1
113139,8044,133.17486962928223,10,1
113149,8045,131.13508123717446,10,1
113159,8046,84.25896497551304,10,1
113169,8047,92.78620890577133,10,1
113179,8048,40.82702498551954,10,1
113189,8049,40.813353401839116,10,1
113199,8050,113.07039668080755,10,1
113209,8051,132.60461997884593,10,1
113219,8052,83.05566746151095,10,1
113229,8053,83.52306103080818,10,1
113239,8054,87.9195836278305,10,1
113249,8055,86.6265322164674,10,1
113266,8056,12.117087157199984,17,1
113276,8057,102.78774373120115,10,1
113286,8058,119.66664391668269,10,1
113296,8059,112.72558073382069,10,1
113328,8060,24.096569483903604,32,1
113338,8061,130.6355215991521,10,1
113348,8062,61.73238542228499,10,1
113358,8063,118.56091679715317,10,1
113368,8064,118.14541384595415,10,1
113378,8065,123.5522670343585,10,1
113388,8066,57.110307574672746,10,1
113398,8067,96.79856054544146,10,1
113408,8068,107.54669844651595,10,1
113418,8069,46.72892334962142,10,1
113428,8070,73.09297842769786,10,1
113438,8071,118.92684902915246,10,1
113448,8072,113.21061281491077,10,1
113458,8073,121.02663797412795,10,1
113469,8074,59.24709842538861,11,1
113479,8075,49.103235698693844,10,1
113489,8076,123.47422738950829,10,1
113499,8077,122.2765513048071,10,1
113509,8078,128.98245546446327,10,1
113519,8079,101.02064149986886,10,1
113533,8080,70.94079215645225,14,1
113544,8081,100.0934261001603,11,1
113554,8082,62.449795867721036,10,1
113565,8083,41.15126324060604,11,1
113575,8084,52.15456552026609,10,1
113585,8085,124.88148717021018,10,1
113595,8086,124.08950687977818,10,1
113605,8087,60.94068982601549,10,1
113615,8088,84.99585633591356,10,1
113625,8089,77.82157413963334,10,1
113658,8090,105.01026979037876,33,1
113668,8091,17.535257718632696,10,1
113678,8092,83.5373118482366,10,1
113688,8093,70.49354340825441,10,1
113698,8094,65.3414853487872,10,1
113708,8095,71.41278880763006,10,1
113718,8096,120.05962287403541,10,1
113728,8097,33.93337212807825,10,1
113738,8098,29.11144006605589,10,1
113748,8099,125.28895407534411,10,1
113758,8100,122.94314175550183,10,1
113768,8101,31.957443327921155,10,1
113778,8102,66.38606252725901,10,1
113788,8103,54.74365652980382,10,1
113798,8104,86.07885339778323,10,1
113808,8105,87.57196536160653,10,1
113818,8106,62.76892635906701,10,1
113828,8107,101.65542831968398,10,1
113856,8108,76.57379623741262,28,1
113866,8109,130.2817461620623,10,1
113876,8110,119.85582571915313,10,1
113886,8111,92.07426641277821,10,1
113896,8112,120.98123021366666,10,1
113906,8113,91.31686776274046,10,1
113916,8114,56.20860460683274,10,1
113929,8115,68.50071478669716,13,1
113939,8116,73.67566573360344,10,1
113949,8117,76.17885725671202,10,1
113959,8118,95.9020440058835,10,1
113969,8119,63.35284896738224,10,1
113979,8120,114.61483366554839,10,1
113989,8121,90.04885243730706,10,1
113999,8122,117.24805558041652,10,1
114009,8123,60.58258165370506,10,1
114019,8124,76.88624546888185,10,1
114029,8125,108.45132342290357,10,1
114039,8126,93.97969164993081,10,1
114049,8127,122.66583057765074,10,1
114059,8128,113.57874920909727,10,1
114069,8129,54.14518168569839,10,1
114079,8130,81.60132058012842,10,1
114089,8131,83.665688736727,10,1
114099,8132,129.78239867814628,10,1
114110,8133,45.48940657419221,11,1
114120,8134,72.84682453672562,10,1
114130,8135,27.98694466557039,10,1
114140,8136,35.6335685535599,10,1
114150,8137,65.2251775340301,10,1
114161,8138,30.06722292402183,11,1
114171,8139,72.59379810124236,10,1
114181,8140,107.40849351370431,10,1
114191,8141,63.753059219022056,10,1
114201,8142,130.46711385466514,10,1
114211,8143,97.81309209513857,10,1
114221,8144,115.63592118117548,10,1
114232,8145,32.654436781245515,11,1
114242,8146,78.01010369786754,10,1
114252,8147,91.08852353684988,10,1
114262,8148,100.26009744393072,10,1
114272,8149,102.92537927406579,10,1
114282,8150,106.76350340686857,10,1
114292,8151,29.076258517349064,10,1
114302,8152,43.04628157802002,10,1
114312,8153,68.86661367146824,10,1
114322,8154,100.4751258094547,10,1
114332,8155,58.15092984720729,10,1
114342,8156,95.93215249913156,10,1
114353,8157,94.75873209347805,11,1
114363,8158,104.1463604501028,10,1
114373,8159,66.09253378610708,10,1
114383,8160,73.65868581283958,10,1
114393,8161,97.96393350109092,10,1
114403,8162,86.09809980864516,10,1
114413,8163,65.84788801895074,10,1
114423,8164,109.7088460950775,10,1
114433,8165,99.70256057890441,10,1
114443,8166,35.48182738784204,10,1
114453,8167,79.80426755957511,10,1
114463,8168,63.64722576449019,10,1
114473,8169,101.4484192139914,10,1
114483,8170,45.378870534823236,10,1
114493,8171,27.541130155434008,10,1
114508,8172,86.08809909763872,15,1
114518,8173,126.25642568306344,10,1
114531,8174,65.746784046039,13,1
114541,8175,20.074580736648812,10,1
114551,8176,71.09143922274235,10,1
114561,8177,41.74472565671453,10,1
114571,8178,83.62964186127192,10,1
114581,8179,55.44859183216359,10,1
114591,8180,23.364745840106142,10,1
114601,8181,131.73625797791152,10,1
114611,8182,57.26661590506939,10,1
114621,8183,121.464054053077,10,1
114631,8184,133.5544282591993,10,1
114641,8185,42.24180233690365,10,1
114651,8186,73.79272078251331,10,1
114661,8187,21.152204242145153,10,1
114671,8188,87.770181268214,10,1
114681,8189,120.59601161423213,10,1
114691,8190,77.21931069976954,10,1
114701,8191,22.79610547167574,10,1
114712,8192,21.647263823643755,11,1
114722,8193,58.539117450076795,10,1
114732,8194,104.10074891485625,10,1
114742,8195,82.11263493866029,10,1
114767,8196,13.317138443052755,25,1
114777,8197,70.57338205117985,10,1
114791,8198,69.65165981853245,14,1
114801,8199,25.397348119634135,10,1
114811,8200,108.65799929660784,10,1
114821,8201,132.76967461386374,10,1
114831,8202,99.46213095210189,10,1
114871,8203,-22.176546837650047,40,0
114881,8204,60.331558686377385,10,1
114891,8205,34.826545451866735,10,1
114901,8206,87.53081326340006,10,1
114911,8207,32.51173821811518,10,1
114921,8208,121.98269531645737,10,1
114931,8209,52.82316583501683,10,1
114941,8210,79.61370521199902,10,1
114951,8211,129.14081717610014,10,1
114965,8212,25.300699918404863,14,1
114975,8213,68.085839555348,10,1
114985,8214,59.854411508478506,10,1
114995,8215,117.31388886415593,10,1
115005,8216,113.19815493220825,10,1
115015,8217,70.38868661148534,10,1
115049,8218,35.193744456293295,34,1
115059,8219,112.09334057592511,10,1
115069,8220,71.16795733028839,10,1
115079,8221,30.708857118349922,10,1
115089,8222,59.8419320626629,10,1
115099,8223,40.594602472448095,10,1
115109,8224,114.09882269450985,10,1
115119,8225,114.95453137137606,10,1
115133,8226,68.20387757855369,14,1
115143,8227,145.3016092910388,10,1
115153,8228,105.41201526575392,10,1
115163,8229,76.98351191018743,10,1
115173,8230,73.68659316862339,10,1
115183,8231,94.9525324652685,10,1
115193,8232,30.8819998281083,10,1
115203,8233,81.01695855606809,10,1
115213,8234,70.47133948139613,10,1
115223,8235,57.06689702896588,10,1
115233,8236,68.29051709827296,10,1
115243,8237,115.58935305155899,10,1
115253,8238,65.03239624888946,10,1
115263,8239,111.39677602975523,10,1
115273,8240,69.83396860531775,10,1
115283,8241,94.03430739351329,10,1
115293,8242,115.94184816215072,10,1
115303,8243,108.8897538521939,10,1
115313,8244,61.113428346727154,10,1
115323,8245,44.42908453496201,10,1
115333,8246,44.6640198610211,10,1
115343,8247,48.17227775830483,10,1
115353,8248,25.160395946932525,10,1
115363,8249,111.08086694890035,10,1
115373,8250,92.88982663873922,10,1
115383,8251,58.347812515635084,10,1
115393,8252,75.3844151943069,10,1
115403,8253,93.65058223101275,10,1
115413,8254,122.06677864842227,10,1
115423,8255,75.7601990783545,10,1
115436,8256,22.089455040684705,13,1
115446,8257,70.3590411453169,10,1
115456,8258,43.961793407374955,10,1
115466,8259,80.70067886319187,10,1
115476,8260,124.35499928606589,10,1
115486,8261,55.671886433529586,10,1
115496,8262,80.54650009343567,10,1
115506,8263,73.52998777550644,10,1
115516,8264,78.65830588092969,10,1
115526,8265,103.86133225631596,10,1
115536,8266,122.18708412126283,10,1
115546,8267,34.908494371013326,10,1
115556,8268,109.25399378957695,10,1
115566,8269,127.29933241065392,10,1
115576,8270,120.10641211114175,10,1
115586,8271,76.0195875945976,10,1
115596,8272,29.016430631080958,10,1
115606,8273,116.68480700290735,10,1
115616,8274,113.93430895270215,10,1
115626,8275,73.93559413166082,10,1
115636,8276,109.02773998876408,10,1
115646,8277,80.59293377159061,10,1
115656,8278,66.63585811476548,10,1
115666,8279,104.78148603778378,10,1
115676,8280,55.73087596025192,10,1
115686,8281,69.48569871706866,10,1
115696,8282,102.26139325729028,10,1
115706,8283,117.34253569546972,10,1
115718,8284,33.4298302530457,12,1
115728,8285,54.07146443699533,10,1
115738,8286,115.55748954036719,10,1
115748,8287,62.21195311218602,10,1
115758,8288,57.79496480904761,10,1
115768,8289,110.29467626451255,10,1
115780,8290,76.6517796006602,12,1
115790,8291,106.43641003635993,10,1
115800,8292,79.58185913643364,10,1
115834,8293,29.907193837818593,34,1
115845,8294,54.89063021914335,11,1
115855,8295,108.35455439669313,10,1
115865,8296,74.37343910821747,10,1
115875,8297,29.293254952991248,10,1
115885,8298,16.919806786657745,10,1
115896,8299,23.788212094574845,11,1
115906,8300,64.16788503378952,10,1
115916,8301,76.08451949878035,10,1
115926,8302,90.52352123415967,10,1
115936,8303,34.7062073954855,10,1
115946,8304,125.62549661316909,10,1
115956,8305,76.93182348320084,10,1
115966,8306,112.4143391747931,10,1
115976,8307,49.17969637220976,10,1
115986,8308,131.87548306646607,10,1
115996,8309,115.8150649750322,10,1
116006,8310,69.92015263662476,10,1
116016,8311,110.71351651312877,10,1
116026,8312,122.82508259204562,10,1
116041,8313,40.06269760366555,15,1
116051,8314,78.07373823122518,10,1
116061,8315,45.00274921122055,10,1
116071,8316,54.8277292634428,10,1
116081,8317,85.53638176504148,10,1
116091,8318,92.57160833256208,10,1
116101,8319,103.98736085710487,10,1
116111,8320,116.53966425743891,10,1
116122,8321,20.998031993265876,11,1
116132,8322,131.30689603507017,10,1
116142,8323,55.88918946334247,10,1
116152,8324,72.20456689650212,10,1
116162,8325,37.13717130708113,10,1
116172,8326,103.83557712730078,10,1
116182,8327,23.42830761225792,10,1
116192,8328,86.62340445060077,10,1
116202,8329,60.96672791826533,10,1
116212,8330,64.88380739129687,10,1
116222,8331,114.4232300399029,10,1
116233,8332,18.763022687964202,11,1
116243,8333,127.0217601953738,10,1
116253,8334,115.72628483111343,10,1
116263,8335,100.69672954299749,10,1
116274,8336,-20.4550868929196,11,1
116284,8337,104.60453903447768,10,1
116294,8338,61.152217176519095,10,1
116304,8339,125.74135279422231,10,1
116314,8340,118.06923128692827,10,1
116324,8341,125.06609366419079,10,1
116334,8342,87.94215031036532,10,1
116344,8343,67.97388236039761,10,1
116354,8344,78.76644336807857,10,1
116364,8345,78.97005930606004,10,1
116374,8346,123.51188874057314,10,1
116387,8347,79.10448437275629,13,1
116397,8348,138.59617806320824,10,1
116407,8349,56.87313903505146,10,1
116417,8350,138.82055867778362,10,1
116427,8351,69.01999249786091,10,1
116437,8352,66.64682763120776,10,1
116447,8353,57.6902794265299,10,1
116457,8354,99.36369896170898,10,1
116467,8355,77.69610993259192,10,1
116477,8356,84.73934253569385,10,1
116487,8357,83.62796540604329,10,1
116497,8358,132.4260268958528,10,1
116507,8359,35.841849117539134,10,1
116518,8360,29.67015492084299,11,1
116528,8361,57.029697881890755,10,1
116568,8362,-20.764195986655395,40,0
116578,8363,115.34632955040388,10,1
116588,8364,73.4053541152704,10,1
116598,8365,71.63196955049659,10,1
116611,8366,71.72596226344437,13,1
116621,8367,129.4546092779211,10,1
116631,8368,89.78069486908875,10,1
116641,8369,43.67224508389176,10,1
116651,8370,90.59417260406369,10,1
116661,8371,119.5378674744611,10,1
116671,8372,48.28687888746578,10,1
116681,8373,77.19212342430521,10,1
116712,8374,-65.72483961012523,31,1
116722,8375,71.64207913656456,10,1
116732,8376,115.69681454877889,10,1
116742,8377,74.51054646501004,10,1
116752,8378,126.66525504732031,10,1
116762,8379,84.8185522413873,10,1
116772,8380,61.516399407334966,10,1
116782,8381,90.20853336195249,10,1
116795,8382,94.3191918699363,13,1
116805,8383,102.2087865138548,10,1
116815,8384,114.79361985388216,10,1
116855,8385,-21.4481136706231,40,0
116865,8386,73.82348537721036,10,1
116875,8387,117.50614129342559,10,1
116885,8388,58.50830972608957,10,1
116895,8389,95.92868658511624,10,1
116905,8390,130.48467798528995,10,1
116915,8391,33.78084099316842,10,1
116925,8392,29.924517545719944,10,1
116935,8393,94.27711270648888,10,1
116975,8394,-20.475035011186886,40,0
116985,8395,98.90126323564016,10,1
116995,8396,119.90057259494112,10,1
117006,8397,66.40681297053264,11,1
117016,8398,111.85602456392205,10,1
117026,8399,89.05265022007248,10,1
117037,8400,83.74724717334055,11,1
117047,8401,76.68520326626,10,1
117057,8402,112.42178602255584,10,1
117067,8403,71.30306488262609,10,1
117077,8404,49.40321641180285,10,1
117087,8405,89.09271615125647,10,1
117097,8406,69.04765270634493,10,1
117109,8407,79.49114717324501,12,1
117119,8408,118.2829483290774,10,1
117129,8409,75.31001798558918,10,1
117139,8410,85.26395685919483,10,1
117149,8411,123.55725690859347,10,1
117159,8412,46.94561458904185,10,1
117169,8413,94.00419802987666,10,1
117179,8414,104.9406079718973,10,1
117198,8415,84.06323207251354,19,1
117209,8416,104.37097065301853,11,1
117219,8417,101.15352986317804,10,1
117229,8418,62.96431088302471,10,1
117240,8419,83.00863825471784,11,1
117259,8420,23.886933499036644,19,1
117269,8421,78.49081889577485,10,1
117279,8422,108.50341785251192,10,1
117289,8423,109.95796134483862,10,1
117299,8424,43.38168116376995,10,1
117309,8425,119.53953625961447,10,1
117319,8426,129.7728006845067,10,1
117329,8427,80.0411819698888,10,1
117339,8428,126.42262631991159,10,1
117349,8429,87.6768725046323,10,1
117359,8430,96.298133382969,10,1
117370,8431,92.7382884495109,11,1
117380,8432,58.47104997579281,10,1
117390,8433,125.65440485737606,10,1
117430,8434,-20.476244406546115,40,0
117440,8435,130.16848996888285,10,1
117450,8436,91.98130010116877,10,1
117460,8437,72.68125608760162,10,1
117470,8438,45.332836650134595,10,1
117488,8439,40.34297358862086,18,1
117498,8440,67.16929753643169,10,1
117508,8441,77.9265952114946,10,1
117518,8442,102.81769317697695,10,1
117528,8443,111.07053096898252,10,1
117538,8444,58.124341202423544,10,1
117548,8445,71.57638152430081,10,1
117558,8446,93.77833951136735,10,1
117568,8447,96.75788829743807,10,1
117578,8448,32.59237009728574,10,1
117588,8449,76.98044651199224,10,1
117598,8450,146.55039046999553,10,1
117608,8451,112.55730301490702,10,1
117618,8452,44.27536113584053,10,1
117628,8453,133.65633741784177,10,1
117638,8454,73.93546120173212,10,1
117667,8455,57.938027584869545,29,1
117707,8456,-20.80316314122271,40,0
117717,8457,62.40731292891464,10,1
117732,8458,46.973976661762954,15,1
117742,8459,107.72701942574855,10,1
117752,8460,128.9272086379273,10,1
117762,8461,52.6640526678659,10,1
117772,8462,89.8950803256822,10,1
117782,8463,39.79861260280465,10,1
117794,8464,122.43847657912917,12,1
117804,8465,52.608371872868645,10,1
117814,8466,111.86379937237835,10,1
117825,8467,29.27521491107233,11,1
117835,8468,106.17514149663273,10,1
117845,8469,57.32577247476362,10,1
117855,8470,85.75049807447193,10,1
117865,8471,54.807030147052764,10,1
117875,8472,105.85001997746512,10,1
117885,8473,85.91697549242895,10,1
117895,8474,121.19976601331103,10,1
117905,8475,104.42996648221084,10,1
117915,8476,103.18975802307271,10,1
117925,8477,116.0182326125314,10,1
117935,8478,132.22086017358257,10,1
117945,8479,129.48779090439646,10,1
117955,8480,79.94283360375422,10,1
117965,8481,92.82505023532838,10,1
117978,8482,95.27557021086395,13,1
117997,8483,64.13964402917453,19,1
118007,8484,111.90828342271678,10,1
118017,8485,138.91958892295744,10,1
118027,8486,106.52809874970347,10,1
118037,8487,113.68165872680706,10,1
118048,8488,30.497249143902927,11,1
118088,8489,-21.030509228565514,40,0
118098,8490,75.64737500294466,10,1
118108,8491,86.99495762590787,10,1
118118,8492,72.07963212170051,10,1
118128,8493,54.41967173075941,10,1
118138,8494,100.50564261287458,10,1
118148,8495,42.732650689366864,10,1
118158,8496,65.74093953245888,10,1
118168,8497,92.81685460362063,10,1
118178,8498,122.62391928290214,10,1
118188,8499,108.1587964745162,10,1
118198,8500,129.36997600499694,10,1
118208,8501,75.04846862512366,10,1
118218,8502,108.58835317300124,10,1
118228,8503,132.22927983706626,10,1
118238,8504,68.54223646438501,10,1
118248,8505,63.37931501953181,10,1
118258,8506,131.73690870538746,10,1
118268,8507,36.60913179696723,10,1
118278,8508,89.35078832878476,10,1
118288,8509,96.19245233477747,10,1
118298,8510,131.06432490992444,10,1
118308,8511,92.34280959669128,10,1
118318,8512,128.29823632643516,10,1
118328,8513,103.40080642596317,10,1
118341,8514,47.34071598931913,13,1
118351,8515,106.46572048222403,10,1
118361,8516,115.35935611158358,10,1
118371,8517,110.44703307890889,10,1
118381,8518,41.3070687464428,10,1
118391,8519,115.94201752817425,10,1
118401,8520,79.56349570220537,10,1
118411,8521,116.55398062607013,10,1
118421,8522,32.765548372596044,10,1
118431,8523,47.1121762225234,10,1
118441,8524,71.03513738701841,10,1
118451,8525,98.76329805876348,10,1
118461,8526,24.8023180955606,10,1
118478,8527,34.85007852901759,17,1
118488,8528,118.83532946885397,10,1
118498,8529,45.370371749198064,10,1
118508,8530,58.469656853368,10,1
118518,8531,108.8010931412795,10,1
118528,8532,106.50960524372039,10,1
118541,8533,60.36419532358815,13,1
118552,8534,42.919094554085405,11,1
118562,8535,106.43005119225516,10,1
118572,8536,29.631680739335476,10,1
118582,8537,58.96995392138353,10,1
118592,8538,57.369100985980765,10,1
118602,8539,83.07841564224123,10,1
118612,8540,97.03222921955928,10,1
118622,8541,110.15466598657547,10,1
118662,8542,-21.222245621314475,40,0
118672,8543,57.05074541637239,10,1
118682,8544,55.327288423093414,10,1
118722,8545,-20.924225871772475,40,0
118732,8546,69.1698951891122,10,1
118743,8547,120.01910888619415,11,1
118753,8548,120.37515930158555,10,1
118764,8549,55.239616979563586,11,1
118774,8550,129.98270987193547,10,1
118784,8551,71.9348486441611,10,1
118794,8552,77.28273028104633,10,1
118805,8553,35.38900874468517,11,1
118815,8554,111.47342856938916,10,1
118826,8555,73.33493004156223,11,1
118837,8556,21.611853860888534,11,1
118847,8557,50.48710248801531,10,1
118857,8558,76.99242069878908,10,1
118867,8559,87.95217531299932,10,1
118877,8560,28.52792915201865,10,1
118887,8561,131.8742152738091,10,1
118897,8562,98.04653460636857,10,1
118908,8563,104.22284877358992,11,1
118918,8564,131.78672422960364,10,1
118929,8565,29.824305799078473,11,1
118940,8566,30.50918013834757,11,1
118950,8567,93.05341781552826,10,1
118960,8568,28.167136621842705,10,1
118970,8569,113.75097092254441,10,1
119010,8570,-21.41795299872206,40,0
119020,8571,97.75723642534206,10,1
119030,8572,19.8385753384043,10,1
119040,8573,120.44990951440185,10,1
119050,8574,116.5658636926137,10,1
119060,8575,112.63045293724109,10,1
119070,8576,64.05703395796236,10,1
119082,8577,38.731414231395796,12,1
119092,8578,66.19174532855732,10,1
119102,8579,34.359233215082206,10,1
119112,8580,108.37569208434324,10,1
119122,8581,63.361328718146396,10,1
119132,8582,44.392991773155416,10,1
119142,8583,83.3005207965724,10,1
119153,8584,22.922857887150624,11,1
119193,8585,-20.414691715987562,40,0
119203,8586,93.24856168912223,10,1
119213,8587,115.06535963302628,10,1
119223,8588,35.428989112197186,10,1
119233,8589,47.27497549407774,10,1
119243,8590,115.57791415129596,10,1
119253,8591,96.75394305927391,10,1
119263,8592,103.6401625803371,10,1
119273,8593,65.49191393903023,10,1
119283,8594,90.56743250505669,10,1
119293,8595,76.97716584256057,10,1
119303,8596,85.28982813546014,10,1
119313,8597,39.12668252195281,10,1
119323,8598,75.76689108771335,10,1
119333,8599,94.41138263048794,10,1
119343,8600,103.67669280625904,10,1
119353,8601,22.612404806124783,10,1
119363,8602,23.56284492290995,10,1
119403,8603,-20.333658769315015,40,0
119413,8604,109.3636932663753,10,1
119423,8605,72.2062541221872,10,1
119433,8606,103.85905656375432,10,1
119443,8607,47.79742973657911,10,1
119453,8608,126.55302281628538,10,1
119463,8609,27.057417896696606,10,1
119473,8610,86.35147867381531,10,1
119483,8611,127.3497664236941,10,1
119494,8612,41.84652749804786,11,1
119504,8613,123.22147712638208,10,1
119514,8614,131.82973352458544,10,1
119524,8615,43.56397265375517,10,1
119534,8616,79.94187293687868,10,1
119544,8617,73.64758140907192,10,1
119554,8618,51.276023671116505,10,1
119565,8619,58.52408351913158,11,1
119575,8620,124.020947418836,10,1
119585,8621,99.03092339328137,10,1
119595,8622,28.445929909886082,10,1
119605,8623,17.721956337127818,10,1
119615,8624,80.27860076757092,10,1
119625,8625,90.64456712243039,10,1
119635,8626,114.93202565947907,10,1
119645,8627,103.49067669752942,10,1
119655,8628,121.62022393757309,10,1
119665,8629,112.03926424930731,10,1
119675,8630,76.124348516355,10,1
119685,8631,112.84217193857774,10,1
119695,8632,100.0807807449566,10,1
119705,8633,70.53625776626794,10,1
119715,8634,99.83321875467821,10,1
119725,8635,55.811704120772454,10,1
119745,8636,67.01916097321512,20,1
119755,8637,133.00726883347875,10,1
119765,8638,132.7922275458001,10,1
119775,8639,87.92103906885292,10,1
119785,8640,104.54370920447941,10,1
119795,8641,122.63173671577387,10,1
119805,8642,46.58708139729517,10,1
119815,8643,96.46348909377475,10,1
119825,8644,71.62059863324342,10,1
119835,8645,61.581688126746464,10,1
119845,8646,70.31197422568822,10,1
119855,8647,88.81880701823866,10,1
119865,8648,123.08697097068752,10,1
119875,8649,106.63601544731512,10,1
119885,8650,113.5808858775938,10,1
119895,8651,35.753561359385124,10,1
119905,8652,50.002720155738174,10,1
119915,8653,30.75686690432073,10,1
119925,8654,115.88485712889228,10,1
119935,8655,138.05221667452443,10,1
119945,8656,131.19663958748723,10,1
119955,8657,118.55828562660902,10,1
119965,8658,115.37021231402863,10,1
119975,8659,139.37763461812858,10,1
119987,8660,121.57630672703223,12,1
119997,8661,66.96916864543051,10,1
120007,8662,110.10361186274037,10,1
120017,8663,57.3216308788002,10,1
120027,8664,130.74000347216602,10,1
120037,8665,114.65478672235861,10,1
120047,8666,89.99980898810855,10,1
120057,8667,139.36826192767165,10,1
120069,8668,79.54781142615792,12,1
120079,8669,68.7968396107464,10,1
120089,8670,42.97966694266416,10,1
120107,8671,84.21440146766315,18,1
120117,8672,126.01938272121696,10,1
120127,8673,146.57322093926902,10,1
120137,8674,58.20168726933311,10,1
120147,8675,99.64478429768869,10,1
120157,8676,45.35920937228162,10,1
120167,8677,42.136784595708214,10,1
120177,8678,115.57459528752366,10,1
120187,8679,94.29660237495307,10,1
120197,8680,19.020584175406665,10,1
120207,8681,71.23161082528931,10,1
120217,8682,56.23998267000394,10,1
120227,8683,96.10453394365469,10,1
120237,8684,48.43416096556791,10,1
120247,8685,22.296301840517632,10,1
120257,8686,99.66931673859473,10,1
120271,8687,93.94960816015073,14,1
120281,8688,77.8551701780761,10,1
120291,8689,123.69952168662824,10,1
120301,8690,104.09624167635374,10,1
120311,8691,72.8768217866029,10,1
120321,8692,102.09356486462038,10,1
120352,8693,45.359645215956306,31,1
120362,8694,61.35640627492293,10,1
120372,8695,84.36912583310186,10,1
120382,8696,63.22940234071551,10,1
120392,8697,104.30879918329295,10,1
120404,8698,138.24230478153044,12,1
120414,8699,123.35450157243565,10,1
120424,8700,34.75222485070674,10,1
120434,8701,89.8262704115441,10,1
120444,8702,127.775771842528,10,1
120454,8703,77.53634300093499,10,1
120464,8704,112.79316239602065,10,1
120474,8705,40.12486482792462,10,1
120484,8706,98.307364089167,10,1
120494,8707,126.36975130994126,10,1
120504,8708,82.70578898711206,10,1
120517,8709,42.748335263701016,13,1
120527,8710,86.79884997671009,10,1
120537,8711,125.82724690415976,10,1
120563,8712,45.2059084080772,26,1
120573,8713,31.80891446729337,10,1
120583,8714,86.9669121639844,10,1
120593,8715,118.97779997240322,10,1
120603,8716,104.3604964606065,10,1
120613,8717,124.821520646456,10,1
120623,8718,106.07299259385002,10,1
120633,8719,115.30200845151205,10,1
120643,8720,82.823576828906,10,1
120653,8721,68.6216316514727,10,1
120664,8722,23.908370513086442,11,1
120674,8723,72.05681146518265,10,1
120684,8724,73.33833034480706,10,1
120694,8725,95.8489323638177,10,1
120704,8726,88.02140078295808,10,1
120714,8727,77.80283122969458,10,1
120724,8728,123.52039328688838,10,1
120734,8729,119.01658345365922,10,1
120744,8730,29.328762789660566,10,1
120754,8731,113.75461300014649,10,1
120764,8732,62.96288584885713,10,1
120774,8733,119.19877924907898,10,1
120784,8734,61.027909294204306,10,1
120794,8735,71.61453891968026,10,1
120804,8736,103.71450329113144,10,1
120814,8737,80.19756295298544,10,1
120824,8738,75.16829764767417,10,1
120834,8739,33.086218412864596,10,1
120844,8740,43.91105075620835,10,1
120854,8741,127.05241185335552,10,1
120864,8742,104.92308034531071,10,1
120874,8743,68.95728665323024,10,1
120884,8744,47.4028036900054,10,1
120894,8745,96.20753542140686,10,1
120904,8746,108.66021416460103,10,1
120914,8747,73.47998938619968,10,1
120928,8748,137.25387954375924,14,1
120938,8749,33.56648209873712,10,1
120948,8750,33.57614090552063,10,1
120958,8751,59.72782455003914,10,1
120968,8752,47.274491907485526,10,1
120978,8753,33.97591329432543,10,1
120988,8754,51.31788371214381,10,1
120998,8755,58.344812296589865,10,1
121008,8756,103.585930718546,10,1
121018,8757,89.50455224425998,10,1
121028,8758,86.66330172946081,10,1
121038,8759,100.25320560027762,10,1
121048,8760,76.69569564721162,10,1
121058,8761,87.5716851108956,10,1
121068,8762,88.2593578103856,10,1
121078,8763,93.06858559025355,10,1
121118,8764,-21.33708655175548,40,0
121150,8765,-21.753097459129098,32,1
121160,8766,61.71463472855261,10,1
121170,8767,123.85492126195783,10,1
121180,8768,82.59096388396863,10,1
121190,8769,119.9488844248622,10,1
121200,8770,75.31185540697403,10,1
121210,8771,56.191944645974566,10,1
121220,8772,114.25226320585818,10,1
121230,8773,74.2322716057411,10,1
121240,8774,104.58061378760026,10,1
121250,8775,109.83145889970908,10,1
121260,8776,107.8533162237678,10,1
121270,8777,124.73146152406194,10,1
121280,8778,110.89475629995903,10,1
121290,8779,86.47072239556718,10,1
121300,8780,124.43592312664389,10,1
121310,8781,76.54551018765538,10,1
121320,8782,62.204441342063106,10,1
121330,8783,106.51862135291412,10,1
121340,8784,55.65935128435069,10,1
121350,8785,113.97961800922994,10,1
121360,8786,138.66658903261407,10,1
121370,8787,101.26911400688942,10,1
121380,8788,57.52133048970153,10,1
121390,8789,105.14412637799443,10,1
121400,8790,76.84090146140515,10,1
121410,8791,104.24218605635447,10,1
121420,8792,110.81626990589352,10,1
121430,8793,114.43165248393677,10,1
121442,8794,30.03904953055932,12,1
121452,8795,112.9661258873172,10,1
121463,8796,47.72042015795324,11,1
121473,8797,101.77183224710278,10,1
121483,8798,138.4327400763428,10,1
121493,8799,84.78482857307445,10,1
121503,8800,75.71594101591518,10,1
121513,8801,130.94788304862973,10,1
121525,8802,20.27800780830506,12,1
121535,8803,84.48842314555488,10,1
121545,8804,74.77892572270319,10,1
121567,8805,46.627276268290515,22,1
121577,8806,81.79270016122163,10,1
121587,8807,128.80769994660434,10,1
121597,8808,41.592159750252414,10,1
121607,8809,86.70463074915438,10,1
121617,8810,115.1461142834712,10,1
121627,8811,76.36446394479799,10,1
121637,8812,108.84044071207009,10,1
121647,8813,138.01312827669926,10,1
121657,8814,25.92657955437589,10,1
121667,8815,79.01457675790512,10,1
121677,8816,101.98321602815003,10,1
121687,8817,105.18246728348663,10,1
121697,8818,103.21806243089182,10,1
121707,8819,83.40354374177643,10,1
121731,8820,18.770025459120664,24,1
121741,8821,40.04375469542491,10,1
121751,8822,110.22937691395286,10,1
121761,8823,95.82930895411194,10,1
121772,8824,108.81463469746416,11,1
121782,8825,84.68739496915697,10,1
121792,8826,113.44808848673108,10,1
121802,8827,30.71354772450655,10,1
121812,8828,59.348861205380935,10,1
121822,8829,70.00215584913478,10,1
121832,8830,125.00517244194145,10,1
121842,8831,104.72445900271941,10,1
121852,8832,77.67121879022204,10,1
121862,8833,112.10827643966803,10,1
121872,8834,47.422926749042965,10,1
121882,8835,120.7491350921511,10,1
121892,8836,118.7350764653123,10,1
121902,8837,26.40064822444868,10,1
121913,8838,105.95981756922238,11,1
121923,8839,114.95454918355361,10,1
121933,8840,48.934121493697205,10,1
121943,8841,109.23729364237042,10,1
121953,8842,133.32916862192022,10,1
121963,8843,42.25088291384834,10,1
121973,8844,105.95978758060319,10,1
121983,8845,112.84139562784205,10,1
121993,8846,91.67041309964318,10,1
122003,8847,129.74075476203782,10,1
122013,8848,100.11124045384543,10,1
122023,8849,108.4512689834424,10,1
122033,8850,63.325616092120804,10,1
122043,8851,85.75843208116615,10,1
122053,8852,114.14637507385949,10,1
122063,8853,139.06235078369457,10,1
122073,8854,101.04653313032227,10,1
122083,8855,86.36722172725844,10,1
122094,8856,82.16988906103533,11,1
122104,8857,76.6292405322806,10,1
122114,8858,33.81591545705103,10,1
122124,8859,127.4258446363022,10,1
122134,8860,124.19070969122362,10,1
122144,8861,101.88706541526257,10,1
122154,8862,45.64220362085161,10,1
122164,8863,127.4768275595897,10,1
122174,8864,116.41459350126533,10,1
122184,8865,110.87910699421057,10,1
122194,8866,136.45044702690808,10,1
122204,8867,102.50085112124873,10,1
122214,8868,79.38862433755222,10,1
122224,8869,128.29800329106035,10,1
122234,8870,108.85021081559533,10,1
122244,8871,108.32345318451819,10,1
122254,8872,118.03414274715207,10,1
122264,8873,76.58814519909569,10,1
122274,8874,103.48894887135091,10,1
122284,8875,109.46797062430916,10,1
122294,8876,115.77129027802475,10,1
122304,8877,132.22227460460414,10,1
122314,8878,37.68997165251658,10,1
122324,8879,96.9097178866832,10,1
122334,8880,86.74524897288461,10,1
122344,8881,65.12727783459988,10,1
122354,8882,102.90731632055363,10,1
122364,8883,33.064011267839795,10,1
122374,8884,124.85719628954577,10,1
122384,8885,87.60545209824984,10,1
122394,8886,19.812972409243038,10,1
122404,8887,107.26208996940989,10,1
122414,8888,27.10122930518933,10,1
122424,8889,33.7272057712346,10,1
122434,8890,68.37100202888618,10,1
122444,8891,79.0854191496866,10,1
122454,8892,112.77037203062766,10,1
122464,8893,126.1127343644065,10,1
122474,8894,72.44579688462724,10,1
122484,8895,133.14721937091974,10,1
122494,8896,127.74853128679986,10,1
122504,8897,56.64507236121175,10,1
122514,8898,108.05493515753675,10,1
122524,8899,35.7024081904399,10,1
122534,8900,77.28468107143907,10,1
122544,8901,113.36886052918955,10,1
122554,8902,73.96809091263646,10,1
122564,8903,107.05015085181623,10,1
122574,8904,76.26609011226171,10,1
122584,8905,130.77478455011365,10,1
122594,8906,125.35150244688693,10,1
122604,8907,80.73533174629375,10,1
122614,8908,97.29584037745829,10,1
122626,8909,46.06397784322902,12,1
122666,8910,-21.28492462597384,40,0
122676,8911,65.21592821987048,10,1
122686,8912,103.54078490437185,10,1
122696,8913,106.18439567895503,10,1
122706,8914,113.52428701667498,10,1
122716,8915,37.92032948986414,10,1
122726,8916,129.07549792109373,10,1
122736,8917,100.24994365338362,10,1
122746,8918,92.15538882404424,10,1
122756,8919,60.35260050865834,10,1
122766,8920,93.39927547023886,10,1
122776,8921,102.6551879059172,10,1
122786,8922,124.73049485921885,10,1
122796,8923,83.34824753563733,10,1
122806,8924,105.62965263783907,10,1
122817,8925,23.333750196673478,11,1
122827,8926,107.48055109740291,10,1
122837,8927,21.760254809772025,10,1
122847,8928,96.90063128650873,10,1
122857,8929,49.57990688493208,10,1
122867,8930,103.33292900173535,10,1
122877,8931,115.08814133092054,10,1
122887,8932,103.03848919912828,10,1
122897,8933,78.72530937992632,10,1
122907,8934,104.01663766570148,10,1
122917,8935,114.88611713462555,10,1
122927,8936,37.25514408681246,10,1
122937,8937,112.5563420280784,10,1
122947,8938,98.24071410220365,10,1
122987,8939,-20.740045547042392,40,0
122997,8940,139.65569518296815,10,1
123007,8941,39.689876290603245,10,1
123017,8942,115.75917723891112,10,1
123027,8943,129.3422092900502,10,1
123037,8944,33.779342925373385,10,1
123047,8945,95.481941420524,10,1
123057,8946,127.93307685424801,10,1
123067,8947,40.23315593088601,10,1
123077,8948,105.05097030400023,10,1
123087,8949,124.87812663141493,10,1
123097,8950,71.94624363893887,10,1
123107,8951,125.04855838826006,10,1
123117,8952,130.25734644088635,10,1
123127,8953,123.01261319664233,10,1
123137,8954,90.20891405002348,10,1
123147,8955,131.0351606661741,10,1
123157,8956,87.44812095917791,10,1
123167,8957,139.30897078995994,10,1
123177,8958,23.90202378918051,10,1
123201,8959,111.5261027391107,24,1
123211,8960,99.03329516486224,10,1
123221,8961,43.225014122886066,10,1
123231,8962,95.96289270170861,10,1
123241,8963,75.37815958475726,10,1
123251,8964,64.37134400602241,10,1
123262,8965,38.35629811227823,11,1
123272,8966,136.71427056920936,10,1
123282,8967,122.88283767006504,10,1
123292,8968,60.042929388072906,10,1
123302,8969,111.32676329102296,10,1
123312,8970,76.52336702439744,10,1
123322,8971,131.38372670975488,10,1
123352,8972,73.07657940796139,30,1
123362,8973,85.16219029569976,10,1
123372,8974,87.4514117379185,10,1
123382,8975,127.22446263287732,10,1
123392,8976,130.0808574103836,10,1
123402,8977,90.40584536318246,10,1
123412,8978,114.55369074346555,10,1
123422,8979,101.33620364310347,10,1
123432,8980,30.316127154749367,10,1
123442,8981,126.7098550871892,10,1
123452,8982,65.14925880486526,10,1
123462,8983,58.618521467471936,10,1
123475,8984,21.34170509307874,13,1
123485,8985,105.6257061553616,10,1
123495,8986,115.9795700161978,10,1
123506,8987,44.42375249543271,11,1
123516,8988,56.95622247195129,10,1
123526,8989,89.00484164117942,10,1
123536,8990,40.491174585050835,10,1
123546,8991,61.247739540132706,10,1
123556,8992,132.75600125115704,10,1
123566,8993,22.585381302122062,10,1
123577,8994,30.710030670881,11,1
123587,8995,96.87164593376562,10,1
123597,8996,74.7625393728089,10,1
123607,8997,57.00157040085626,10,1
123617,8998,17.484952075317203,10,1
123627,8999,126.25838484475646,10,1
123667,9000,-20.3665124385688,40,0
123677,9001,123.38754154441577,10,1
123687,9002,50.88454186741225,10,1
123697,9003,104.89563492458215,10,1
123707,9004,117.77396096378357,10,1
123717,9005,98.02318666136976,10,1
123727,9006,115.75454461727554,10,1
123737,9007,125.98549753581145,10,1
123747,9008,113.62598628271358,10,1
123757,9009,83.66383861088762,10,1
123767,9010,60.776947054508675,10,1
123777,9011,64.1429981944678,10,1
123787,9012,72.78232223479826,10,1
123797,9013,97.06863379141846,10,1
123807,9014,57.54106176161502,10,1
123817,9015,106.2754419655828,10,1
123827,9016,70.60450175284231,10,1
123838,9017,32.455986377311156,11,1
123848,9018,108.03908915398344,10,1
123858,9019,89.00228310091747,10,1
123868,9020,139.55749211475,10,1
123878,9021,125.97686324902072,10,1
123888,9022,93.60569475663961,10,1
123899,9023,36.4409764381992,11,1
123909,9024,85.93391770593581,10,1
123919,9025,127.48945594393568,10,1
123929,9026,119.5228745133305,10,1
123939,9027,48.34418981920617,10,1
123949,9028,120.85808970958846,10,1
123959,9029,109.94832882785433,10,1
123969,9030,94.81528322718411,10,1
123979,9031,79.5377605566417,10,1
123989,9032,69.58893919338682,10,1
123999,9033,110.20106990297712,10,1
124009,9034,138.27415423500568,10,1
124019,9035,110.33078048736468,10,1
124029,9036,104.58259668429122,10,1
124039,9037,122.60375759726594,10,1
124049,9038,81.15289899034941,10,1
124059,9039,104.88989554374467,10,1
124069,9040,41.7982333319383,10,1
124079,9041,35.88695602069892,10,1
124089,9042,124.33535668973784,10,1
124099,9043,129.88106396710126,10,1
124109,9044,128.8655375173056,10,1
124119,9045,111.51613739308819,10,1
124129,9046,33.002245003958194,10,1
124139,9047,126.63932243131165,10,1
124149,9048,95.54902557638505,10,1
124159,9049,67.22011008653365,10,1
124169,9050,87.73650872641736,10,1
124179,9051,118.51662328700503,10,1
124190,9052,103.96176200042633,11,1
124200,9053,129.15294460159328,10,1
124215,9054,43.38245462344906,15,1
124225,9055,132.7527295643641,10,1
124235,9056,112.19647527155013,10,1
124245,9057,130.80183659377715,10,1
124257,9058,43.88139377592626,12,1
124267,9059,79.85848373814233,10,1
124281,9060,113.99508120653013,14,1
124291,9061,110.81503757431318,10,1
124301,9062,91.82343532828808,10,1
124311,9063,69.58352609031212,10,1
124321,9064,130.76688333749266,10,1
124331,9065,136.96423271577726,10,1
124341,9066,115.17784272373143,10,1
124351,9067,97.7754801839676,10,1
124361,9068,102.55055814190438,10,1
124371,9069,119.89521929496642,10,1
124381,9070,127.05156688818614,10,1
124391,9071,121.61996548492863,10,1
124401,9072,114.67624595585221,10,1
124441,9073,-20.974746420818935,40,0
124451,9074,65.88719616882055,10,1
124461,9075,131.31344061856132,10,1
124471,9076,30.224256119376946,10,1
124481,9077,22.29688392444799,10,1
124491,9078,49.16200778242548,10,1
124501,9079,107.71214549890526,10,1
124511,9080,108.15175708020968,10,1
124523,9081,114.69909502081796,12,1
124563,9082,-20.32489555210916,40,0
124573,9083,119.0886715141457,10,1
124583,9084,122.67546709556187,10,1
124593,9085,90.15427075472513,10,1
124603,9086,80.44448128878517,10,1
124613,9087,105.34710145163143,10,1
124624,9088,34.57614290400365,11,1
124634,9089,124.63186456226536,10,1
124644,9090,127.7775215268299,10,1
124657,9091,113.03165224820731,13,1
124697,9092,-21.650849834951398,40,0
124707,9093,71.22711044036954,10,1
124717,9094,62.92678287249572,10,1
124727,9095,39.39125578471424,10,1
124737,9096,132.38003802138977,10,1
124747,9097,54.107287772676635,10,1
124757,9098,90.9620466575073,10,1
124767,9099,94.13969165616155,10,1
124777,9100,129.6712873151014,10,1
124787,9101,91.52882017380772,10,1
124797,9102,49.578122682259824,10,1
124807,9103,74.89414643629105,10,1
124817,9104,70.10664376669709,10,1
124827,9105,78.67748919598013,10,1
124837,9106,116.04982924996368,10,1
124847,9107,48.39027215429879,10,1
124857,9108,58.11376605477421,10,1
124867,9109,114.91921206267126,10,1
124877,9110,30.493899003432535,10,1
124889,9111,48.644381097347086,12,1
124899,9112,72.81441566317616,10,1
124909,9113,103.49151486354172,10,1
124919,9114,71.25504844921416,10,1
124929,9115,45.0708314363165,10,1
124939,9116,120.22292352084501,10,1
124949,9117,72.42382235925072,10,1
124959,9118,60.840684159730195,10,1
124969,9119,111.38886163968077,10,1
124979,9120,119.37165852039948,10,1
124989,9121,129.55783367454447,10,1
124999,9122,102.14044507823158,10,1
125009,9123,113.20640795362688,10,1
125019,9124,118.68885963282646,10,1
125029,9125,39.154120181615454,10,1
125039,9126,38.6093241817977,10,1
125049,9127,98.41006613594116,10,1
125059,9128,90.14734519575394,10,1
125069,9129,112.3952097234275,10,1
125079,9130,130.90504785294314,10,1
125089,9131,76.7254259014365,10,1
125099,9132,51.15006542306349,10,1
125109,9133,129.75119835212664,10,1
125119,9134,130.2834423031634,10,1
125129,9135,55.84352272941427,10,1
125139,9136,54.507614247374725,10,1
125149,9137,129.994667727886,10,1
125159,9138,112.24150804503451,10,1
125169,9139,128.50244125827513,10,1
125179,9140,123.92625395780426,10,1
125189,9141,71.31888570924616,10,1
125199,9142,80.04835702609577,10,1
125209,9143,73.02726634494266,10,1
125219,9144,118.53680435683883,10,1
125229,9145,139.04575806032875,10,1
125239,9146,139.08175806846384,10,1
125249,9147,125.2031263823625,10,1
125259,9148,83.21531644621149,10,1
125269,9149,54.627512383340445,10,1
125279,9150,91.32587998028472,10,1
125289,9151,58.12989467641473,10,1
125299,9152,69.45899739578134,10,1
125309,9153,131.8946920563009,10,1
125319,9154,63.57002562430486,10,1
125329,9155,85.20218412520988,10,1
125339,9156,133.2889776880313,10,1
125349,9157,69.51025055853019,10,1
125359,9158,127.67201724067202,10,1
125369,9159,127.81730358914687,10,1
125379,9160,61.90773766302301,10,1
125389,9161,112.12660353208453,10,1
125399,9162,78.53913678694833,10,1
125409,9163,38.6280073352304,10,1
125419,9164,60.317188982431674,10,1
125429,9165,38.96497080910914,10,1
125439,9166,86.35884087667247,10,1
125455,9167,79.8417479959555,16,1
125495,9168,-20.633127154136293,40,0
125505,9169,83.71067619816425,10,1
125515,9170,122.06846274763633,10,1
125525,9171,100.18858376074604,10,1
125535,9172,120.87043954288362,10,1
125545,9173,57.632940473321675,10,1
125555,9174,46.43852025221682,10,1
125565,9175,35.19558716233287,10,1
125575,9176,45.1258835743532,10,1
125585,9177,93.6589376916802,10,1
125598,9178,106.53820925912653,13,1
125608,9179,132.4892209421162,10,1
125618,9180,103.29090622078313,10,1
125628,9181,126.23734708964865,10,1
125638,9182,79.69941885265231,10,1
125648,9183,45.31493122642721,10,1
125658,9184,132.12687979105434,10,1
125668,9185,129.59521752151235,10,1
125678,9186,71.11399588962998,10,1
125688,9187,27.820133344699652,10,1
125698,9188,133.97866783958017,10,1
125708,9189,88.91742161466489,10,1
125718,9190,89.54573819702973,10,1
125728,9191,63.325674742046665,10,1
125738,9192,127.17127267094223,10,1
125748,9193,130.32331056201238,10,1
125758,9194,110.35401265194025,10,1
125768,9195,100.5416359766678,10,1
125778,9196,102.95472404226508,10,1
125788,9197,100.38289533722553,10,1
125804,9198,76.70755882041973,16,1
125814,9199,121.2869186671412,10,1
125824,9200,61.84495553762769,10,1
125834,9201,83.76303236050657,10,1
125844,9202,123.89443432322936,10,1
125854,9203,72.07135760158796,10,1
125864,9204,75.33437401013069,10,1
125874,9205,98.90194789027599,10,1
125884,9206,58.67518330680288,10,1
125894,9207,92.61544445342236,10,1
125904,9208,97.60457459592557,10,1
125914,9209,86.72543306656269,10,1
125924,9210,76.8384800199403,10,1
125934,9211,87.37549096415931,10,1
125944,9212,119.76330879933236,10,1
125954,9213,73.34750096014267,10,1
125964,9214,105.19484624559402,10,1
125977,9215,45.12071906868767,13,1
125987,9216,53.021374318999314,10,1
125997,9217,79.62497135902353,10,1
126007,9218,98.97594015445013,10,1
126017,9219,114.00818448938418,10,1
126027,9220,129.7851216224377,10,1
126037,9221,83.5156586583644,10,1
126047,9222,128.04132127221857,10,1
126057,9223,108.67734659479629,10,1
126067,9224,126.00416544233893,10,1
126077,9225,85.43188748612137,10,1
126087,9226,123.26650676137096,10,1
126097,9227,51.72154619341992,10,1
126107,9228,96.0068359543966,10,1
126118,9229,31.423947009966312,11,1
126128,9230,132.31920199403987,10,1
126138,9231,116.82988003609408,10,1
126148,9232,90.22569250226114,10,1
126158,9233,129.31067179886932,10,1
126168,9234,107.85997610095676,10,1
126178,9235,113.26784301371116,10,1
126188,9236,119.49712521183761,10,1
126228,9237,-20.488034430406074,40,0
126238,9238,101.41323058043896,10,1
126248,9239,105.88701003880536,10,1
126258,9240,69.82415461266423,10,1
126268,9241,119.5340908087398,10,1
126278,9242,85.63373016088696,10,1
126288,9243,125.06305834254192,10,1
126298,9244,131.6883466160963,10,1
126308,9245,78.72943368739526,10,1
126318,9246,78.725165280432,10,1
126328,9247,40.14255215098909,10,1
126338,9248,88.65509646264483,10,1
126348,9249,67.79368439213643,10,1
126358,9250,128.57750134076994,10,1
126398,9251,-20.33834428032411,40,0
126408,9252,67.46237721446572,10,1
126418,9253,133.7364962649193,10,1
126428,9254,120.02736467552181,10,1
126438,9255,85.06554084287166,10,1
126448,9256,117.19404820436976,10,1
126458,9257,114.01135608012028,10,1
126469,9258,114.76372048473453,11,1
126479,9259,132.72424064822846,10,1
126489,9260,60.33909074520094,10,1
126499,9261,92.38091163397218,10,1
126509,9262,134.05744954257378,10,1
126519,9263,123.29848300235662,10,1
126529,9264,103.89094738064269,10,1
126539,9265,116.56745073738843,10,1
126550,9266,83.22141672479427,11,1
126560,9267,101.96191726158378,10,1
126570,9268,50.721404653994746,10,1
126580,9269,42.9601775894136,10,1
126590,9270,128.12392506681533,10,1
126600,9271,45.638752298185835,10,1
126610,9272,124.58513290792845,10,1
126620,9273,79.41865987545273,10,1
126630,9274,47.8900540709998,10,1
126640,9275,133.47843373850841,10,1
126650,9276,87.72386055353489,10,1
126660,9277,100.62898181958967,10,1
126670,9278,127.3802975656765,10,1
126680,9279,115.25642048615833,10,1
126690,9280,34.74269200693843,10,1
126700,9281,129.49837550939432,10,1
126710,9282,74.24844619827212,10,1
126720,9283,56.66586020769994,10,1
126730,9284,107.0482695209403,10,1
126740,9285,112.15059733446796,10,1
126750,9286,121.25059371142187,10,1
126760,9287,100.9097986843725,10,1
126770,9288,115.91778375750216,10,1
126780,9289,103.08955416390738,10,1
126790,9290,105.29911326867321,10,1
126800,9291,64.43015979348634,10,1
126810,9292,111.62261544828252,10,1
126820,9293,120.38736347126273,10,1
126830,9294,65.09119936857806,10,1
126840,9295,49.37931339042394,10,1
126851,9296,73.99475210766715,11,1
126861,9297,109.77559261935872,10,1
126875,9298,87.15141732191172,14,1
126885,9299,122.81241606180711,10,1
126895,9300,57.36082982441783,10,1
126918,9301,16.82859946664827,23,1
126928,9302,82.33533639072458,10,1
126938,9303,138.9799311036141,10,1
126952,9304,105.86980827633943,14,1
126962,9305,120.32278118559617,10,1
126972,9306,67.20294070685097,10,1
126982,9307,89.01903719925727,10,1
126992,9308,92.09618574410669,10,1
127002,9309,97.9310535168353,10,1
127012,9310,64.95589124269615,10,1
127022,9311,98.87329004793897,10,1
127032,9312,34.51946653834263,10,1
127042,9313,108.60066269909667,10,1
127052,9314,126.87659734921031,10,1
127092,9315,-20.787332833592913,40,0
127102,9316,133.6972245780309,10,1
127112,9317,87.70996864683201,10,1
127122,9318,120.41243149203598,10,1
127132,9319,80.2719623535498,10,1
127172,9320,-20.883903441916885,40,0
127182,9321,93.30791055604989,10,1
127208,9322,29.715124779667462,26,1
127218,9323,95.89445788751948,10,1
127228,9324,125.6305640546824,10,1
127238,9325,81.55632207638867,10,1
127248,9326,57.89931066468476,10,1
127258,9327,130.59861666062554,10,1
127268,9328,102.92353741703427,10,1
127278,9329,120.3733291787053,10,1
127288,9330,109.7806338439301,10,1
127298,9331,82.34750513163078,10,1
127308,9332,83.78139548072019,10,1
127318,9333,96.80205843065575,10,1
127328,9334,106.40892029728577,10,1
127338,9335,82.53052435896267,10,1
127348,9336,64.00021535775684,10,1
127358,9337,104.06691669936534,10,1
127368,9338,118.53128742949933,10,1
127378,9339,113.3195916582548,10,1
127388,9340,119.11190597781163,10,1
127398,9341,101.96039374047524,10,1
127408,9342,116.1292761692458,10,1
127418,9343,77.36731410540645,10,1
127428,9344,33.80329104382517,10,1
127438,9345,113.90441268417358,10,1
127448,9346,126.83415307822946,10,1
127458,9347,119.0254913228879,10,1
127468,9348,37.50804175227797,10,1
127478,9349,45.94629583604259,10,1
127488,9350,130.07047438851495,10,1
127499,9351,31.246857712417057,11,1
127509,9352,90.452823107992,10,1
127519,9353,84.37783209403953,10,1
127529,9354,108.81745803819514,10,1
127539,9355,109.66698043950917,10,1
127549,9356,132.6597770889673,10,1
127559,9357,42.01586807851742,10,1
127569,9358,55.86496256576536,10,1
127579,9359,50.23987023473606,10,1
127589,9360,57.937817312210086,10,1
127599,9361,95.5171612170312,10,1
127609,9362,56.25874057605509,10,1
127619,9363,63.657194706502835,10,1
127629,9364,80.49582957722168,10,1
127639,9365,111.90682777170575,10,1
127649,9366,61.26106181234599,10,1
127659,9367,32.99049919318548,10,1
127669,9368,109.9950674163254,10,1
127679,9369,75.40008391152818,10,1
127689,9370,112.31598924777701,10,1
127699,9371,66.74162372397416,10,1
127709,9372,85.4812542170451,10,1
127719,9373,123.93194509890222,10,1
127729,9374,78.16245380886954,10,1
127739,9375,97.6532001577879,10,1
127749,9376,122.72539451572487,10,1
127759,9377,108.95902958293829,10,1
127769,9378,126.18043292198573,10,1
127781,9379,60.16785716640908,12,1
127791,9380,50.326890507359494,10,1
127801,9381,64.46248095170907,10,1
127813,9382,48.51991277554398,12,1
127823,9383,98.20208175343227,10,1
127863,9384,-20.738896664450234,40,0
127873,9385,41.06265761502212,10,1
127884,9386,121.85640727803872,11,1
127894,9387,125.68147088468882,10,1
127904,9388,133.43202108906578,10,1
127914,9389,58.8301285640989,10,1
127924,9390,131.40323103650348,10,1
127934,9391,128.38991442716863,10,1
127944,9392,108.97729313520752,10,1
127954,9393,127.19719097647811,10,1
127964,9394,124.98378147299353,10,1
127974,9395,66.88734990470971,10,1
128014,9396,-21.2120873805033,40,0
128024,9397,128.39862179547376,10,1
128034,9398,129.07955736120587,10,1
128044,9399,123.46515855289209,10,1
128054,9400,26.035145049569536,10,1
128064,9401,115.61166888539354,10,1
128074,9402,98.68290482098813,10,1
128084,9403,87.02425791022955,10,1
128094,9404,30.76809795113946,10,1
128104,9405,119.67250385727114,10,1
128114,9406,77.26807674958582,10,1
128124,9407,45.94674051793357,10,1
128134,9408,92.82862123554841,10,1
128145,9409,29.7810575358111,11,1
128155,9410,129.92837292182276,10,1
128165,9411,105.95226265865809,10,1
128184,9412,67.002631254349,19,1
128194,9413,70.26179810230362,10,1
128204,9414,73.92215332920357,10,1
128214,9415,97.99423501166297,10,1
128224,9416,116.37758276858831,10,1
128234,9417,39.47754597951676,10,1
128244,9418,126.69480905536402,10,1
128254,9419,70.2050481832112,10,1
128264,9420,77.40120662051429,10,1
128274,9421,24.50270696485659,10,1
128314,9422,-20.549562311465177,40,0
128324,9423,70.98011134317306,10,1
128334,9424,107.19506382319095,10,1
128344,9425,65.04326349325859,10,1
128354,9426,71.4434044408126,10,1
128364,9427,93.75774705497169,10,1
128374,9428,114.46445330970613,10,1
128384,9429,80.25574776291572,10,1
128394,9430,99.42734459906852,10,1
128404,9431,90.500509626029,10,1
128414,9432,54.52742349512834,10,1
128424,9433,110.8883831760133,10,1
128434,9434,42.30748837017287,10,1
128444,9435,71.69834273741327,10,1
128454,9436,58.05098385094957,10,1
128468,9437,115.37782852752063,14,1
128508,9438,-20.646920870611225,40,0
128518,9439,91.71772654712485,10,1
128528,9440,113.63258850396585,10,1
128538,9441,112.64140924112613,10,1
128548,9442,113.35674468780775,10,1
128560,9443,41.41137536885814,12,1
128570,9444,30.52364603678866,10,1
128580,9445,137.20448041225012,10,1
128590,9446,115.14936080377522,10,1
128600,9447,44.56192215879994,10,1
128610,9448,130.31312538877845,10,1
128620,9449,125.4939780460794,10,1
128630,9450,73.68780838105884,10,1
128640,9451,76.85408854241255,10,1
128650,9452,68.82007492488053,10,1
128660,9453,120.04302775602682,10,1
128670,9454,63.01387537249881,10,1
128680,9455,131.4834936127784,10,1
128690,9456,52.00270184899767,10,1
128700,9457,117.79579414721587,10,1
128710,9458,90.09252916008977,10,1
128720,9459,65.22726791581171,10,1
128730,9460,84.57452546975082,10,1
128740,9461,106.97546412774757,10,1
128750,9462,88.4978662718259,10,1
128790,9463,-20.60385923917619,40,0
128803,9464,83.17501170912745,13,1
128813,9465,83.8769540563236,10,1
128823,9466,93.4108269042859,10,1
128833,9467,68.832200959782,10,1
128843,9468,82.28087391181602,10,1
128853,9469,78.41111316323314,10,1
128863,9470,75.46844003453619,10,1
128873,9471,74.74426598570466,10,1
128883,9472,73.39021041905393,10,1
128893,9473,82.54633548272759,10,1
128903,9474,88.8767840176936,10,1
128913,9475,75.45708278894317,10,1
128923,9476,39.58340699461578,10,1
128963,9477,-21.49574421260393,40,0
128973,9478,46.137076545490565,10,1
128983,9479,105.91749864866631,10,1
128993,9480,117.6315426831589,10,1
129003,9481,48.452245440001064,10,1
129013,9482,104.02230215660646,10,1
129023,9483,30.601736390106016,10,1
129033,9484,118.12015616101634,10,1
129043,9485,145.97481731894845,10,1
129053,9486,94.91504060343026,10,1
129063,9487,130.0847555090441,10,1
129079,9488,92.71013701300835,16,1
129089,9489,100.74044330265755,10,1
129129,9490,-20.958782890165164,40,0
129139,9491,30.1888675676842,10,1
129149,9492,92.40095864485306,10,1
129159,9493,70.84392303435068,10,1
129169,9494,73.14475859725064,10,1
129179,9495,85.49069591268315,10,1
129189,9496,104.33096556664562,10,1
129199,9497,124.98777484028321,10,1
129239,9498,-20.958906416481916,40,0
129249,9499,97.61760167752911,10,1
129259,9500,61.1927808713387,10,1
129269,9501,130.22447230918215,10,1
129309,9502,-21.34567876747668,40,0
129319,9503,33.13318242720012,10,1
129329,9504,130.8727732439429,10,1
129339,9505,118.68388134874903,10,1
129379,9506,-20.675282295409225,40,0
129389,9507,33.43631796954677,10,1
129399,9508,79.5538765705685,10,1
129409,9509,104.74307304259577,10,1
129419,9510,83.09685734894755,10,1
129429,9511,121.92522830611767,10,1
129439,9512,72.99291512335456,10,1
129449,9513,64.2796239975012,10,1
129459,9514,81.39466024015185,10,1
129469,9515,82.52711453395241,10,1
129479,9516,97.99096390942405,10,1
129489,9517,100.8946464062006,10,1
129499,9518,128.5449926086785,10,1
129509,9519,87.17238650436188,10,1
129519,9520,113.97300249858999,10,1
129529,9521,40.729916001983476,10,1
129569,9522,-20.53424549529364,40,0
129579,9523,97.12580144119573,10,1
129589,9524,109.26043047912822,10,1
129599,9525,37.011417064792504,10,1
129609,9526,89.58019757477413,10,1
129619,9527,80.89505173605343,10,1
129629,9528,129.09554252319276,10,1
129639,9529,124.21914906643765,10,1
129649,9530,44.32455480043031,10,1
129659,9531,131.8148623534337,10,1
129669,9532,133.19704329372317,10,1
129679,9533,87.05453805057267,10,1
129689,9534,111.65228021389485,10,1
129699,9535,37.601622955483386,10,1
129710,9536,76.04628057625145,11,1
129720,9537,107.28594031200832,10,1
129733,9538,34.21956948375573,13,1
129743,9539,132.89964789887068,10,1
129753,9540,129.95914990732754,10,1
129763,9541,126.67768878852087,10,1
129773,9542,110.04694606770438,10,1
129783,9543,111.49727672875692,10,1
129793,9544,57.72325289626125,10,1
129803,9545,125.94108006923479,10,1
129813,9546,121.79873292124958,10,1
129823,9547,132.83671477810324,10,1
129863,9548,-20.624183240149485,40,0
129873,9549,124.74152986663591,10,1
129883,9550,105.26074027349993,10,1
129893,9551,126.36802458348747,10,1
129909,9552,91.9371459772089,16,1
129919,9553,60.39557635241734,10,1
129929,9554,126.32899230592363,10,1
129939,9555,38.88172851951873,10,1
129949,9556,73.25881049236261,10,1
129959,9557,118.78489502089218,10,1
129969,9558,90.90719575238975,10,1
129983,9559,100.99092896580198,14,1
129993,9560,74.28332182445504,10,1
130003,9561,111.7745728937697,10,1
130013,9562,66.38435783706683,10,1
130023,9563,44.66294383878102,10,1
130033,9564,117.80561133109875,10,1
130043,9565,96.8717009717555,10,1
130053,9566,101.41403102082788,10,1
130063,9567,114.69160070725533,10,1
130073,9568,118.72336898212332,10,1
130083,9569,97.03689394523343,10,1
130093,9570,131.20939737835033,10,1
130133,9571,-21.060935329865263,40,0
130143,9572,78.78216944521334,10,1
130153,9573,77.46098481277203,10,1
130163,9574,36.852951364390506,10,1
130173,9575,45.83342393602011,10,1
130193,9576,28.529573491030906,20,1
130211,9577,67.86091483621455,18,1
130221,9578,128.48368334388078,10,1
130231,9579,121.20152736739112,10,1
130241,9580,121.29364617852183,10,1
130251,9581,33.18412249933144,10,1
130261,9582,105.63376893913212,10,1
130271,9583,72.44146995385834,10,1
130281,9584,117.31633896830733,10,1
130291,9585,107.60851892510102,10,1
130301,9586,118.08031143217478,10,1
130311,9587,114.93968724948992,10,1
130321,9588,57.55134874869596,10,1
130331,9589,129.11962936285627,10,1
130341,9590,109.05696692293743,10,1
130351,9591,84.5582725079887,10,1
130391,9592,-22.74841196648025,40,0
130401,9593,128.46849652760034,10,1
130411,9594,116.42929292829275,10,1
130421,9595,88.31058097943678,10,1
130431,9596,131.05852583371873,10,1
130441,9597,98.07797824276862,10,1
130451,9598,81.15951699336694,10,1
130461,9599,49.13528549830718,10,1
130471,9600,133.13178656058983,10,1
130481,9601,89.16833941476675,10,1
130491,9602,70.36887534532777,10,1
130501,9603,137.93945433725384,10,1
130541,9604,-20.48590113287824,40,0
130551,9605,117.42216134523646,10,1
130561,9606,101.34898464766682,10,1
130571,9607,116.07236113900984,10,1
130581,9608,99.51695728199311,10,1
130606,9609,62.56941302633082,25,1
130646,9610,-20.89114461915314,40,0
130656,9611,67.95721629021506,10,1
130666,9612,41.519053043913104,10,1
130676,9613,77.57376467917672,10,1
130686,9614,129.81756228961967,10,1
130705,9615,34.653946137272385,19,1
130715,9616,107.49248606576498,10,1
130725,9617,101.63003949594086,10,1
130735,9618,124.27336038660708,10,1
130775,9619,-20.78026958616111,40,0
130785,9620,36.624977221042414,10,1
130795,9621,27.526144127887143,10,1
130835,9622,-21.372893883862897,40,0
130845,9623,78.57206463078037,10,1
130855,9624,69.02760741185078,10,1
130865,9625,111.36226134780934,10,1
130875,9626,109.04849228089174,10,1
130891,9627,50.019791440257,16,1
130901,9628,117.47633260624582,10,1
130911,9629,42.56043671795739,10,1
130921,9630,46.13469572563055,10,1
130931,9631,97.32265606061955,10,1
130941,9632,28.85946354881708,10,1
130956,9633,34.88419975767534,15,1
130966,9634,76.5150542636966,10,1
130977,9635,101.59198166056048,11,1
130987,9636,23.793297079826356,10,1
130997,9637,81.96430231630438,10,1
131007,9638,73.10928870181002,10,1
131017,9639,91.79852024631859,10,1
131027,9640,55.474736883585436,10,1
131037,9641,52.19329599130956,10,1
131047,9642,20.539873057203348,10,1
131060,9643,28.81325737795103,13,1
131070,9644,119.80612132185064,10,1
131080,9645,112.46976542883237,10,1
131090,9646,93.84745240568179,10,1
131100,9647,71.08298126539061,10,1
131110,9648,109.57590331331804,10,1
131120,9649,131.88147429672372,10,1
131130,9650,111.549058329369,10,1
131140,9651,96.23187943137263,10,1
131150,9652,130.96886609952594,10,1
131160,9653,113.3090820324236,10,1
131170,9654,108.15224769358787,10,1
131181,9655,8.411695706669217,11,1
131191,9656,109.2446829706416,10,1
131201,9657,99.43661362294003,10,1
131211,9658,94.3886967673798,10,1
131221,9659,72.80244160865698,10,1
131231,9660,98.9334923167139,10,1
131241,9661,123.65931364604313,10,1
131251,9662,88.37775033709765,10,1
131261,9663,106.0660942018464,10,1
131271,9664,110.8839071582943,10,1
131281,9665,125.74567057615013,10,1
131291,9666,114.03382026748605,10,1
131331,9667,-20.489433356882007,40,0
131341,9668,114.81311493435773,10,1
131351,9669,66.23654168421285,10,1
131361,9670,45.125592320576615,10,1
131371,9671,129.27619766881267,10,1
131381,9672,133.05156433205536,10,1
131391,9673,42.637673905728406,10,1
131403,9674,22.624351364296437,12,1
131413,9675,112.2105162815329,10,1
131423,9676,38.33334992132959,10,1
131433,9677,55.53408880070801,10,1
131457,9678,33.386387478405986,24,1
131467,9679,68.3331660441957,10,1
131489,9680,122.21396128182819,22,1
131499,9681,94.59140683733979,10,1
131509,9682,32.365023237732814,10,1
131519,9683,110.59476398503855,10,1
131531,9684,110.47070518031326,12,1
131541,9685,117.87892016152541,10,1
131551,9686,111.60364731880809,10,1
131561,9687,123.02176230952513,10,1
131571,9688,73.33126208233323,10,1
131581,9689,55.246642484380935,10,1
131597,9690,94.86618265640477,16,1
131607,9691,41.45993096589355,10,1
131617,9692,121.49330117482792,10,1
131627,9693,99.32775445493544,10,1
131637,9694,87.17915752244018,10,1
131647,9695,40.639384748608215,10,1
131657,9696,130.5937189815898,10,1
131667,9697,106.8536937129871,10,1
131677,9698,101.40539973826567,10,1
131687,9699,102.19313022081758,10,1
131697,9700,133.8272581096253,10,1
131707,9701,81.81559186304595,10,1
131717,9702,58.809205082471834,10,1
131727,9703,132.33932334343936,10,1
131737,9704,87.30765556929893,10,1
131747,9705,83.86689118605558,10,1
131757,9706,38.96004700289212,10,1
131767,9707,119.42239496441748,10,1
131777,9708,131.32330074237044,10,1
131787,9709,97.64799014381474,10,1
131798,9710,31.541077601987084,11,1
131808,9711,105.31494287898683,10,1
131818,9712,107.1296649485981,10,1
131828,9713,127.94148044123824,10,1
131838,9714,111.3074429061554,10,1
131848,9715,124.84698043477928,10,1
131858,9716,123.34915496837375,10,1
131898,9717,-20.546129375861746,40,0
131909,9718,58.832371335012475,11,1
131919,9719,129.91524124995607,10,1
131938,9720,66.42183393116709,19,1
131948,9721,49.6291851882849,10,1
131958,9722,122.07457769669041,10,1
131968,9723,138.64221418212205,10,1
131978,9724,84.95321865353147,10,1
131988,9725,87.29277120295143,10,1
131998,9726,54.345076832903935,10,1
132008,9727,86.40667431556584,10,1
132018,9728,116.56695085279657,10,1
132028,9729,45.88259467539667,10,1
132038,9730,62.610313379634235,10,1
132048,9731,113.618959394136,10,1
132058,9732,131.5107559945315,10,1
132098,9733,-21.59803520511535,40,0
132119,9734,22.035223393926337,21,1
132130,9735,43.82417901359109,11,1
132170,9736,-20.98546219132555,40,0
132180,9737,86.2685255503553,10,1
132190,9738,91.63490436172802,10,1
132200,9739,93.78452724521232,10,1
132240,9740,-20.56570886472932,40,0
132250,9741,130.1705598126559,10,1
132290,9742,-20.559865816901663,40,0
132300,9743,92.11591121134367,10,1
132310,9744,86.78721728234011,10,1
132320,9745,55.025174761180914,10,1
132330,9746,112.29980183868696,10,1
132340,9747,121.14943080983345,10,1
132350,9748,96.57618291215432,10,1
132360,9749,98.82520577122541,10,1
132370,9750,58.110664933737176,10,1
132380,9751,115.78224260980647,10,1
132400,9752,63.579136740671935,20,1
132412,9753,44.25572291681911,12,1
132424,9754,22.04632905930445,12,1
132434,9755,22.76621566243512,10,1
132444,9756,120.21915820091601,10,1
132454,9757,67.31791499527861,10,1
132464,9758,92.80972718420762,10,1
132474,9759,85.02731121648134,10,1
132484,9760,18.980700415263797,10,1
132494,9761,92.79400336551168,10,1
132504,9762,128.7304451019273,10,1
132514,9763,44.689715523437755,10,1
132524,9764,103.00361454629228,10,1
132534,9765,113.95256684777912,10,1
132574,9766,-20.68894159685393,40,0
132584,9767,89.13674259095187,10,1
132594,9768,120.72676198088527,10,1
132604,9769,86.6182847692367,10,1
132614,9770,128.9647328432792,10,1
132624,9771,76.55993488688175,10,1
132634,9772,68.59442987658949,10,1
132644,9773,83.30733759765545,10,1
132654,9774,95.4738989063823,10,1
132664,9775,77.61070371308587,10,1
132674,9776,77.65671447034443,10,1
132684,9777,92.79504792139974,10,1
132694,9778,108.63689540260202,10,1
132704,9779,107.63291422903427,10,1
132714,9780,123.18044954342135,10,1
132724,9781,106.71841069761265,10,1
132734,9782,63.25710792966933,10,1
132745,9783,35.00754459691831,11,1
132755,9784,123.35850849426726,10,1
132765,9785,33.34974310529179,10,1
132775,9786,92.9789696727472,10,1
132785,9787,90.74173697743032,10,1
132795,9788,131.3246230603339,10,1
132805,9789,92.1734949371611,10,1
132815,9790,128.80634811633288,10,1
132826,9791,29.20445185761011,11,1
132836,9792,100.31277994840268,10,1
132846,9793,38.212654485243704,10,1
132856,9794,14.439886205817622,10,1
132866,9795,129.55644743196794,10,1
132876,9796,121.73023260701446,10,1
132886,9797,123.33608091117718,10,1
132896,9798,75.16585721643374,10,1
132906,9799,132.74157363528235,10,1
132916,9800,94.12818040143527,10,1
132937,9801,66.36339136301098,21,1
132947,9802,138.57568278307713,10,1
132957,9803,128.4932441107657,10,1
132967,9804,118.18396098217427,10,1
132977,9805,111.52810732594898,10,1
132987,9806,126.9822912498776,10,1
132997,9807,85.54242738315914,10,1
133007,9808,23.226489300600896,10,1
133017,9809,104.68349525923728,10,1
133027,9810,33.625627261173825,10,1
133049,9811,25.862564879631595,22,1
133059,9812,128.8300550836366,10,1
133069,9813,138.90174835031397,10,1
133079,9814,129.58769182979864,10,1
133089,9815,94.97463422064536,10,1
133099,9816,116.08265396355024,10,1
133109,9817,97.31023709410783,10,1
133119,9818,95.31610953043023,10,1
133129,9819,110.88330144093958,10,1
133139,9820,81.78397396677643,10,1
133149,9821,22.501973106352093,10,1
133159,9822,132.51410212753964,10,1
133177,9823,38.01336671007228,18,1
133187,9824,34.652758612175646,10,1
133197,9825,121.04944386049071,10,1
133207,9826,125.67084651458377,10,1
133218,9827,85.20862597226498,11,1
133228,9828,63.165972538040876,10,1
133238,9829,72.06122403238209,10,1
133248,9830,83.61189092211707,10,1
133258,9831,86.66544470423311,10,1
133268,9832,122.18655342589136,10,1
133278,9833,96.65103765515484,10,1
133288,9834,120.96895881569192,10,1
133298,9835,47.809822973723364,10,1
133308,9836,32.95048633126821,10,1
133318,9837,105.50658788074388,10,1
133328,9838,60.641033452911515,10,1
133338,9839,101.19650879110273,10,1
133348,9840,68.69693565305674,10,1
133359,9841,61.926371659182855,11,1
133369,9842,49.43580644440489,10,1
133379,9843,112.06984248848794,10,1
133419,9844,-20.833956829468455,40,0
133443,9845,40.23140693701961,24,1
133453,9846,94.30060925370012,10,1
133463,9847,120.90697210265495,10,1
133473,9848,118.06312480847939,10,1
133483,9849,116.99190469924791,10,1
133493,9850,49.10103291026084,10,1
133503,9851,38.345390511312594,10,1
133514,9852,92.30194972956097,11,1
133554,9853,-20.85439865809907,40,0
133564,9854,36.15393593944569,10,1
133574,9855,104.52760140419446,10,1
133584,9856,96.37919960646364,10,1
133594,9857,128.9490802934114,10,1
133604,9858,88.06047104586257,10,1
133614,9859,127.77148669697522,10,1
133624,9860,125.23143965002214,10,1
133634,9861,115.06944069101887,10,1
133644,9862,97.39234379369773,10,1
133654,9863,61.640006633078954,10,1
133665,9864,97.74659401597937,11,1
133675,9865,92.05806142800151,10,1
133685,9866,127.3524324388291,10,1
133695,9867,61.82779560327115,10,1
133705,9868,79.35229419295601,10,1
133715,9869,104.74146918055858,10,1
133725,9870,58.41711487849367,10,1
133735,9871,93.85763062769921,10,1
133745,9872,114.94938514335097,10,1
133755,9873,67.9176934325447,10,1
133765,9874,115.26039908813505,10,1
133775,9875,54.83071675113701,10,1
133785,9876,129.31828930750038,10,1
133795,9877,97.74848283027387,10,1
133805,9878,122.68144066793391,10,1
133827,9879,27.657237899363302,22,1
133837,9880,117.58340716509706,10,1
133847,9881,71.0575532784269,10,1
133857,9882,123.83296499279176,10,1
133867,9883,34.756440886082466,10,1
133877,9884,96.04890206749718,10,1
133887,9885,84.13735572291458,10,1
133897,9886,113.21665563258286,10,1
133907,9887,65.88525695635182,10,1
133917,9888,102.86960826030447,10,1
133927,9889,113.72899114582897,10,1
133937,9890,74.0695493572102,10,1
133947,9891,129.02301107919791,10,1
133957,9892,72.2106725787132,10,1
133967,9893,89.82944316585053,10,1
133977,9894,108.72041007559713,10,1
133987,9895,109.37244528891607,10,1
133997,9896,116.38010082817992,10,1
134007,9897,117.35439471734718,10,1
134017,9898,101.83650066568444,10,1
134027,9899,116.43188733780526,10,1
134037,9900,120.28588731429394,10,1
134061,9901,106.85420716456086,24,1
134071,9902,132.2862714390322,10,1
134081,9903,117.49534440312493,10,1
134092,9904,64.9422303991444,11,1
134102,9905,133.68457886201037,10,1
134112,9906,68.70798469296726,10,1
134122,9907,131.9118427654622,10,1
134132,9908,111.70756993317626,10,1
134142,9909,106.10528356328022,10,1
134152,9910,25.256791122157107,10,1
134162,9911,104.72006026439375,10,1
134172,9912,76.69731529518745,10,1
134182,9913,84.5771193451866,10,1
134192,9914,124.23279491802937,10,1
134232,9915,-21.90970680001611,40,0
134242,9916,107.68806521991854,10,1
134252,9917,113.18308196851879,10,1
134262,9918,42.1062132694338,10,1
134272,9919,103.44076060152346,10,1
134282,9920,46.254506927930414,10,1
134292,9921,55.06659013440315,10,1
134302,9922,30.138791895177654,10,1
134312,9923,57.661034908559635,10,1
134322,9924,91.65038015132865,10,1
134332,9925,102.84903692379645,10,1
134343,9926,49.644716290924514,11,1
134353,9927,130.89055209215456,10,1
134393,9928,-20.706458314789874,40,0
134403,9929,53.36520673432176,10,1
134413,9930,49.921609004137046,10,1
134423,9931,120.19797384523046,10,1
134463,9932,-21.181231446439405,40,0
134473,9933,130.33961835162165,10,1
134483,9934,37.2240364586627,10,1
134493,9935,94.52289117328392,10,1
134533,9936,-21.105678364115075,40,0
134543,9937,57.68740502022572,10,1
134562,9938,81.5776665055566,19,1
134572,9939,72.36646239940643,10,1
134582,9940,91.81407995111046,10,1
134592,9941,67.90158732792773,10,1
134609,9942,-14.351074209045807,17,1
134619,9943,40.28555498067563,10,1
134629,9944,91.23433774404779,10,1
134639,9945,112.5779305617896,10,1
134649,9946,77.3945530083883,10,1
134659,9947,99.73348457160246,10,1
134691,9948,13.351784845915583,32,1
134701,9949,23.103401138200425,10,1
134711,9950,25.396937114626336,10,1
134721,9951,121.07195734208612,10,1
134731,9952,79.41567082809205,10,1
134741,9953,111.44237043418676,10,1
134751,9954,82.80038881264997,10,1
134761,9955,105.58715850093816,10,1
134771,9956,74.66216429966535,10,1
134781,9957,40.48154960832251,10,1
134791,9958,146.50657402733276,10,1
134801,9959,99.55534814866866,10,1
134811,9960,127.07782504125089,10,1
134821,9961,116.28813346619934,10,1
134831,9962,116.55574264044851,10,1
134841,9963,130.27935990702534,10,1
134851,9964,124.63828921138233,10,1
134861,9965,66.55642866030638,10,1
134871,9966,111.81485932679843,10,1
134881,9967,103.70761567707555,10,1
134891,9968,124.69938631312947,10,1
134903,9969,98.94232071040234,12,1
134913,9970,97.930232559817,10,1
134923,9971,50.19020562655859,10,1
134933,9972,96.4929515695967,10,1
134973,9973,-24.887086435582148,40,0
134983,9974,95.79737926220628,10,1
134993,9975,68.21126889803192,10,1
135003,9976,27.666013876567863,10,1
135013,9977,85.02828444592028,10,1
135023,9978,79.98427338170998,10,1
135033,9979,39.59545054429823,10,1
135044,9980,23.46616643233025,11,1
135054,9981,121.436395914642,10,1
135064,9982,69.64355511870373,10,1
135074,9983,108.28078922409688,10,1
135084,9984,88.123702152109,10,1
135094,9985,113.45971009152785,10,1
135104,9986,117.99755376471987,10,1
135114,9987,34.5777869916296,10,1
135124,9988,35.027670939587416,10,1
135134,9989,100.12876041506104,10,1
135144,9990,98.43972067726068,10,1
135154,9991,44.759428737149214,10,1
135164,9992,133.8425426771032,10,1
135174,9993,117.991677217822,10,1
135184,9994,123.96199149581167,10,1
135194,9995,100.76344732485201,10,1
135204,9996,100.09744783722144,10,1
135215,9997,33.53973302269451,11,1
135225,9998,97.9084291590091,10,1
135235,9999,109.64746935432954,10,1
135245,10000,49.5013632232356,10,1
135255,10001,123.53988441451472,10,1
135280,10002,64.74819485074863,25,1
135290,10003,125.86655348228086,10,1
135300,10004,131.5743471509288,10,1
135310,10005,93.85531962247963,10,1
135350,10006,-24.188947345833814,40,0
135360,10007,101.07075863824842,10,1
135370,10008,79.92362339788946,10,1
135380,10009,77.60348721157017,10,1
135390,10010,39.78344552247588,10,1
135400,10011,82.09398379009154,10,1
135440,10012,-21.31615393547077,40,0
135450,10013,112.7873868580833,10,1
135460,10014,114.21728422343989,10,1
135470,10015,105.0002891683722,10,1
135480,10016,97.8601340738142,10,1
135490,10017,114.85403190712904,10,1
135500,10018,122.34546412242935,10,1
135510,10019,68.5401564383634,10,1
135520,10020,87.05602132396879,10,1
135530,10021,123.42090399930436,10,1
135540,10022,104.02052040145168,10,1
135550,10023,66.92330957130837,10,1
135560,10024,122.25641362212444,10,1
135583,10025,32.786594272181695,23,1
135593,10026,95.09414343908541,10,1
135603,10027,103.6388009842091,10,1
135624,10028,13.316437456190535,21,1
135634,10029,109.95182023903875,10,1
135655,10030,79.06633802005493,21,1
135665,10031,70.1313646907715,10,1
135675,10032,83.50612663177951,10,1
135685,10033,91.87593048040571,10,1
135695,10034,139.06088403209924,10,1
135705,10035,104.6695965393234,10,1
135715,10036,66.80815743923566,10,1
135725,10037,106.94508143446016,10,1
135735,10038,73.18489772619864,10,1
135745,10039,120.91209351509612,10,1
135755,10040,69.5045511282998,10,1
135765,10041,129.59042599931163,10,1
135775,10042,119.23836518151873,10,1
135785,10043,92.40974802601146,10,1
135825,10044,-21.160169004718846,40,0
135841,10045,21.359428577950908,16,1
135881,10046,-21.207114715432976,40,0
135891,10047,130.0506701973525,10,1
135901,10048,93.98708654572987,10,1
135911,10049,123.36608574946608,10,1
135951,10050,-21.58592660549394,40,0
135961,10051,129.13802289400874,10,1
135971,10052,105.08187306990868,10,1
135981,10053,101.74402507864541,10,1
135991,10054,105.3284878578448,10,1
136001,10055,120.61347413516157,10,1
136041,10056,-22.576143928476284,40,0
136051,10057,116.52840655311978,10,1
136061,10058,50.18693533902336,10,1
136071,10059,37.68756104553426,10,1
136081,10060,59.85553449148108,10,1
136091,10061,20.969193720523293,10,1
136131,10062,-22.556694474654392,40,0
136141,10063,130.79063872495283,10,1
136151,10064,71.0027517110722,10,1
136161,10065,91.05850588676647,10,1
136171,10066,119.73415693278409,10,1
136181,10067,66.87366371812281,10,1
136191,10068,103.88553980220303,10,1
136201,10069,117.21905662138131,10,1
136211,10070,67.49176082567999,10,1
136221,10071,120.52336168974698,10,1
136231,10072,115.75198601360091,10,1
136241,10073,92.25181065285582,10,1
136251,10074,97.93260484481101,10,1
136261,10075,116.75563848138172,10,1
136271,10076,123.50493811485437,10,1
136281,10077,92.49928871552648,10,1
136291,10078,133.4844476277296,10,1
136301,10079,53.7569876173428,10,1
136311,10080,109.45101699073398,10,1
136321,10081,68.27944297740541,10,1
136331,10082,93.93080272050042,10,1
136341,10083,76.5519481202174,10,1
136351,10084,132.66229428302614,10,1
136391,10085,-23.688492249898918,40,0
136401,10086,125.6642467257495,10,1
136411,10087,68.79629500752485,10,1
136421,10088,92.33274773134592,10,1
136431,10089,88.63968854728697,10,1
136441,10090,68.1280678260723,10,1
136451,10091,122.53221694376353,10,1
136461,10092,121.6106918659178,10,1
136471,10093,80.42567113011845,10,1
136481,10094,120.6284181516194,10,1
136491,10095,82.41448155812694,10,1
136501,10096,129.9825556930651,10,1
136541,10097,-22.997301458633196,40,0
136551,10098,111.81375658216783,10,1
136561,10099,128.07508620363168,10,1
136571,10100,99.66964522195042,10,1
136581,10101,47.042239083430154,10,1
136621,10102,-21.727109440993438,40,0
136661,10103,-20.88180712145485,40,0
136671,10104,74.02058699530986,10,1
136681,10105,87.78364237077166,10,1
136691,10106,94.03247571256728,10,1
136701,10107,69.77944825005858,10,1
136711,10108,100.96404849235724,10,1
136721,10109,130.75738275997048,10,1
136731,10110,113.94924624513784,10,1
136741,10111,120.54650142425488,10,1
136751,10112,73.59667669012124,10,1
136761,10113,112.04987375917892,10,1
136771,10114,99.19369139483149,10,1
136781,10115,37.550595816267546,10,1
136791,10116,115.04450033225706,10,1
136801,10117,74.01072874733286,10,1
136811,10118,119.81156144084697,10,1
136821,10119,127.37040277823174,10,1
136831,10120,103.46641801618705,10,1
136841,10121,116.84556222836792,10,1
136851,10122,104.0583557969195,10,1
136861,10123,82.6630780788856,10,1
136871,10124,97.70318687604764,10,1
136881,10125,121.92210482375837,10,1
136921,10126,-21.49263230944718,40,0
136961,10127,-21.254275230937292,40,0
136971,10128,107.24454004368023,10,1
136981,10129,127.22952817129398,10,1
136991,10130,83.73673245104352,10,1
137001,10131,37.63250073259471,10,1
137011,10132,43.331531879631804,10,1
137021,10133,103.84686699013014,10,1
137031,10134,127.46508845620396,10,1
137041,10135,86.2206619083731,10,1
137081,10136,-21.625611365044538,40,0
137091,10137,50.61601793097648,10,1
137101,10138,70.86117938176704,10,1
137141,10139,-22.096507097195616,40,0
137181,10140,-22.422632734385346,40,0
137191,10141,107.49219265608393,10,1
137201,10142,57.44370170251032,10,1
137211,10143,101.77530440159583,10,1
137221,10144,85.9028353752589,10,1
137231,10145,146.68186140443538,10,1
137241,10146,116.7448857101371,10,1
137251,10147,49.086728399606855,10,1
137261,10148,75.87052243988455,10,1
137271,10149,53.72926860093615,10,1
137281,10150,124.26576647235434,10,1
137291,10151,91.7483765978813,10,1
137301,10152,122.14663165975229,10,1
137311,10153,72.40552853171613,10,1
137321,10154,114.73043831679566,10,1
137331,10155,96.42337994130484,10,1
137341,10156,126.70901722247702,10,1
137351,10157,129.37133487624556,10,1
137361,10158,117.33426068726531,10,1
137384,10159,78.78082842593862,23,1
137394,10160,75.77660876919197,10,1
137404,10161,116.42408256071928,10,1
137444,10162,-21.4631321446311,40,0
137454,10163,79.75277533464863,10,1
137464,10164,122.91013876039004,10,1
137474,10165,111.9151541553939,10,1
137484,10166,54.98253372528354,10,1
137497,10167,48.7503607575531,13,1
137507,10168,26.590098036637603,10,1
137517,10169,132.08065339817162,10,1
137527,10170,102.93704432267792,10,1
137567,10171,-22.036734423322844,40,0
137607,10172,-28.419139018079463,40,0
137617,10173,96.36967572909478,10,1
137657,10174,-21.45803662539179,40,0
137667,10175,118.53771862144056,10,1
137677,10176,34.503458954747934,10,1
137687,10177,120.56397069588188,10,1
137697,10178,73.49400894844055,10,1
137707,10179,106.52091840812388,10,1
137717,10180,69.17392185910816,10,1
137727,10181,131.82835444722105,10,1
137737,10182,99.52900912837944,10,1
137747,10183,125.67291099399502,10,1
137760,10184,118.2330452124083,13,1
137770,10185,89.56823996424131,10,1
137780,10186,100.88373733588924,10,1
137790,10187,116.80260482014624,10,1
137800,10188,130.08065106661797,10,1
137810,10189,146.0079223630763,10,1
137820,10190,84.99507142067503,10,1
137830,10191,70.7233827737848,10,1
137840,10192,109.28258979797025,10,1
137862,10193,43.79975663649216,22,1
137872,10194,114.68751993406505,10,1
137882,10195,119.74717877571248,10,1
137892,10196,48.87118888422148,10,1
137902,10197,85.54274092018167,10,1
137912,10198,110.96552729667226,10,1
137922,10199,88.34086250451531,10,1
137932,10200,96.66670254338453,10,1
137942,10201,107.60883976500666,10,1
137952,10202,91.26718435196453,10,1
137962,10203,138.8710138628856,10,1
137972,10204,98.95205239806502,10,1
138012,10205,-23.959907001999916,40,0
138022,10206,101.30988742381786,10,1
138032,10207,58.06959028089866,10,1
138042,10208,84.52172160355497,10,1
138052,10209,145.53290565261636,10,1
138062,10210,105.73700996955783,10,1
138072,10211,107.67308818155186,10,1
138082,10212,107.56374750503169,10,1
138092,10213,104.64201007541588,10,1
138102,10214,111.38805829239143,10,1
138112,10215,36.37209014699726,10,1
138122,10216,116.13091932139541,10,1
138132,10217,129.12697462342632,10,1
138142,10218,118.76610323660339,10,1
138182,10219,-21.483798046184397,40,0
138192,10220,99.36946919900655,10,1
138202,10221,123.80817306922602,10,1
138212,10222,120.58857929382722,10,1
138222,10223,107.03177365302403,10,1
138232,10224,117.02084840286815,10,1
138242,10225,130.18850174448804,10,1
138252,10226,116.37147770281544,10,1
138262,10227,120.14563735000772,10,1
138272,10228,105.25682388543375,10,1
138282,10229,72.52609409092493,10,1
138292,10230,60.72888138714786,10,1
138302,10231,110.51995389296029,10,1
138313,10232,86.71893856006712,11,1
138323,10233,136.23550490714985,10,1
138333,10234,30.495213005407525,10,1
138343,10235,54.38242611108099,10,1
138353,10236,69.88635184835164,10,1
138363,10237,88.04610806572528,10,1
138373,10238,108.95408145086832,10,1
138383,10239,102.97635820735994,10,1
138393,10240,132.7765750966924,10,1
138403,10241,124.73994156321952,10,1
138413,10242,86.16702739722577,10,1
138423,10243,100.46758637692345,10,1
138433,10244,131.53473641017857,10,1
138443,10245,129.3270443527108,10,1
138453,10246,98.9276089260099,10,1
138463,10247,127.81924050415765,10,1
138473,10248,105.00543528791317,10,1
138483,10249,114.8775168579606,10,1
138493,10250,138.99209640734765,10,1
138503,10251,38.16539603999049,10,1
138543,10252,-24.324694832272257,40,0
138553,10253,85.72015543929602,10,1
138563,10254,65.70628032784023,10,1
138573,10255,55.14332436387615,10,1
138583,10256,129.21757976438394,10,1
138593,10257,92.87628944534617,10,1
138603,10258,52.95974568660524,10,1
138613,10259,58.50392686588058,10,1
138623,10260,145.93026920768548,10,1
138633,10261,26.96564061022919,10,1
138643,10262,126.42883868243477,10,1
138653,10263,18.37679841440979,10,1
138663,10264,130.61560038313596,10,1
138673,10265,80.50080966094282,10,1
138683,10266,63.527277577251986,10,1
138693,10267,34.90023842226067,10,1
138703,10268,120.94266661179164,10,1
138713,10269,128.09251612582563,10,1
138753,10270,-23.600887620637415,40,0
138763,10271,64.69329997712677,10,1
138773,10272,65.16918868856465,10,1
138783,10273,46.07748975874658,10,1
138793,10274,128.43032165369712,10,1
138833,10275,-20.386124582137878,40,0
138843,10276,88.1976021017771,10,1
138853,10277,98.48209411101388,10,1
138863,10278,93.57145635394998,10,1
138873,10279,101.62025013254124,10,1
138883,10280,118.61591283364436,10,1
138893,10281,113.20955609184088,10,1
138903,10282,76.76780385211019,10,1
138913,10283,101.56242387669634,10,1
138923,10284,94.04733964125786,10,1
138933,10285,86.50500986363734,10,1
138943,10286,113.51051487904505,10,1
138953,10287,62.68251339282144,10,1
138963,10288,67.96492518677236,10,1
138973,10289,102.92822455834902,10,1
138983,10290,48.65616019616116,10,1
138993,10291,82.24465885321509,10,1
139003,10292,127.16401160904232,10,1
139013,10293,87.34204744431185,10,1
139023,10294,87.06328250431382,10,1
139033,10295,86.0955274586939,10,1
139043,10296,70.8290261863669,10,1
139053,10297,30.793711115916985,10,1
139063,10298,111.97228488776098,10,1
139073,10299,82.95720212726168,10,1
139083,10300,127.95109666109255,10,1
139093,10301,92.05544256733593,10,1
139104,10302,72.54049629635978,11,1
139114,10303,98.7408523363971,10,1
139124,10304,99.88865846285147,10,1
139134,10305,29.37464593389938,10,1
139144,10306,90.26310029434505,10,1
139184,10307,-21.603964419256872,40,0
139194,10308,67.8422974155114,10,1
139234,10309,-27.577915620027234,40,0
139244,10310,85.4416232258275,10,1
139255,10311,92.93735228595753,11,1
139265,10312,108.8461551233684,10,1
139275,10313,117.704949327401,10,1
139285,10314,123.14879731462477,10,1
139295,10315,113.39763789962309,10,1
139335,10316,-21.315505782716826,40,0
139345,10317,128.3846373985736,10,1
139355,10318,110.36021965809263,10,1
139365,10319,104.63177075010509,10,1
139405,10320,-22.352548962439272,40,0
139445,10321,-22.78404134464634,40,0
139455,10322,106.8923251452417,10,1
139495,10323,-22.145223519574643,40,0
139505,10324,90.0753531927891,10,1
139515,10325,59.394398520317466,10,1
139525,10326,64.68348077413602,10,1
139535,10327,132.8091088416554,10,1
139545,10328,130.40221535855872,10,1
139555,10329,130.46710168134712,10,1
139565,10330,121.62499073512679,10,1
139575,10331,37.19489538576461,10,1
139585,10332,93.67186078633976,10,1
139595,10333,38.08786512452893,10,1
139605,10334,131.02874387958272,10,1
139615,10335,10.612513219791722,10,1
139625,10336,116.5004042285423,10,1
139665,10337,-25.393097535872,40,0
139675,10338,32.365700985312124,10,1
139685,10339,90.57000303535503,10,1
139695,10340,133.97299531682174,10,1
139705,10341,120.10449665252578,10,1
139715,10342,86.34703490580085,10,1
139725,10343,103.29869186195072,10,1
139735,10344,114.28258615065484,10,1
139745,10345,125.04511737531699,10,1
139755,10346,128.85546496105036,10,1
139765,10347,130.70059595347803,10,1
139775,10348,99.39335409942487,10,1
139785,10349,70.39067211190704,10,1
139796,10350,106.11914438653204,11,1
139806,10351,54.53580473620412,10,1
139816,10352,118.69169173867465,10,1
139826,10353,107.26971596642511,10,1
139836,10354,115.32586257428945,10,1
139846,10355,5.678908716857786,10,1
139856,10356,95.52028359355852,10,1
139866,10357,124.80975949742171,10,1
139876,10358,122.54764428212165,10,1
139886,10359,24.33613310754687,10,1
139903,10360,95.57289915239126,17,1
139913,10361,96.58608388748095,10,1
139923,10362,87.22776958663249,10,1
139933,10363,105.71593983554844,10,1
139943,10364,96.3583894283386,10,1
139953,10365,121.76487263505352,10,1
139963,10366,90.751050417343,10,1
139973,10367,98.51345206062558,10,1
139983,10368,128.50581925831267,10,1
139993,10369,135.8162917464731,10,1
140003,10370,119.05231751503739,10,1
140013,10371,130.83666763359548,10,1
140023,10372,89.47762035444624,10,1
140033,10373,117.00366020515175,10,1
140047,10374,77.1557367198884,14,1
140057,10375,116.45658845958462,10,1
140067,10376,92.25833756349078,10,1
140077,10377,86.67664760683448,10,1
140087,10378,126.1791317723295,10,1
140097,10379,107.50443890085707,10,1
140107,10380,83.14323311139637,10,1
140117,10381,124.35453027108973,10,1
140136,10382,20.155554206430175,19,1
140147,10383,54.24827298139547,11,1
140157,10384,111.83724577341005,10,1
140167,10385,107.60473181591247,10,1
140207,10386,-21.664372884704715,40,0
140217,10387,127.24522570290249,10,1
140257,10388,-20.420003018392887,40,0
140267,10389,131.94446159816616,10,1
140277,10390,124.42991267210971,10,1
140287,10391,132.0253609603236,10,1
140297,10392,132.00988303750975,10,1
140307,10393,79.5642421613997,10,1
140317,10394,105.16507824887046,10,1
140327,10395,78.27080455258051,10,1
140339,10396,84.29460120002368,12,1
140349,10397,78.37729856132505,10,1
140359,10398,116.34549609862135,10,1
140369,10399,128.69827118452122,10,1
140379,10400,133.2106314065669,10,1
140389,10401,125.87223267884504,10,1
140399,10402,100.25379974644298,10,1
140409,10403,132.21212422027682,10,1
140419,10404,138.14126027471167,10,1
140429,10405,126.64897247363167,10,1
140439,10406,132.39405647685564,10,1
140449,10407,118.81511856134921,10,1
140489,10408,-20.58453175320232,40,0
140499,10409,96.19550284501906,10,1
140509,10410,127.75083186558898,10,1
140519,10411,95.81611191292981,10,1
140529,10412,61.50178637661798,10,1
140539,10413,72.7635864869637,10,1
140549,10414,90.34966402435589,10,1
140559,10415,74.10805192630914,10,1
140569,10416,75.86062013492307,10,1
140609,10417,-20.38187873855042,40,0
140619,10418,122.05926153008852,10,1
140629,10419,82.0927037047611,10,1
140639,10420,106.71167835259602,10,1
140649,10421,59.25176798487507,10,1
140659,10422,119.64794485029701,10,1
140669,10423,120.68467744084252,10,1
140679,10424,116.18565678124993,10,1
140689,10425,96.070750569626,10,1
140699,10426,96.16221908567056,10,1
140709,10427,67.80184146206257,10,1
140719,10428,116.22454345210346,10,1
140729,10429,83.36217301334436,10,1
140739,10430,91.51813647199117,10,1
140749,10431,98.25917535100855,10,1
140759,10432,90.02009515034908,10,1
140769,10433,132.35076818914138,10,1
140779,10434,137.48593894153618,10,1
140789,10435,120.79963313914837,10,1
140799,10436,132.65757201281468,10,1
140809,10437,111.08076492167999,10,1
140819,10438,116.67774142385983,10,1
140829,10439,35.624318113271244,10,1
140839,10440,111.9000469899798,10,1
140849,10441,112.62396171815314,10,1
140859,10442,78.7105935091811,10,1
140869,10443,123.63833185355473,10,1
140879,10444,113.56553850716894,10,1
140889,10445,86.3667288335788,10,1
140899,10446,127.42022346146778,10,1
140909,10447,116.14447993461671,10,1
140919,10448,124.5087279788945,10,1
140929,10449,71.24265520041125,10,1
140939,10450,112.39935999007993,10,1
140951,10451,94.3903593544942,12,1
140961,10452,138.25684319901205,10,1
140971,10453,31.88106934327315,10,1
140981,10454,70.39388344449524,10,1
140991,10455,124.90963435997682,10,1
141001,10456,18.475890014077876,10,1
141011,10457,101.54914596833778,10,1
141021,10458,129.28430391527542,10,1
141031,10459,96.65446198157152,10,1
141041,10460,130.37722145131616,10,1
141051,10461,49.38347389152544,10,1
141061,10462,129.23720969301624,10,1
141071,10463,138.9859393111215,10,1
141081,10464,109.15897502019472,10,1
141091,10465,105.53496964341896,10,1
141101,10466,32.52023323328936,10,1
141111,10467,64.65846245580956,10,1
141121,10468,104.22130486438773,10,1
141131,10469,114.38663359126785,10,1
141141,10470,130.43206965791217,10,1
141151,10471,89.14463713305568,10,1
141161,10472,138.28930478055415,10,1
141171,10473,128.97643482365254,10,1
141183,10474,25.30948960176779,12,1
141193,10475,111.71909028634796,10,1
141203,10476,139.01429846523143,10,1
141243,10477,-20.686764316159337,40,0
141253,10478,121.2804375719478,10,1
141263,10479,109.60227069836785,10,1
141273,10480,106.84488453462755,10,1
141283,10481,117.83562312518269,10,1
141293,10482,86.65522272382921,10,1
141303,10483,105.31241041252922,10,1
141313,10484,127.60380437713198,10,1
141323,10485,114.03051736557504,10,1
141333,10486,81.75155109349264,10,1
141343,10487,99.34248633578775,10,1
141353,10488,49.63230804271042,10,1
141363,10489,89.58257254490607,10,1
141373,10490,119.61428826862121,10,1
141383,10491,138.18414222173942,10,1
141393,10492,119.70214021434306,10,1
141403,10493,129.38685110503909,10,1
141413,10494,114.33378836103505,10,1
141423,10495,123.75523558815702,10,1
141434,10496,86.58976484770153,11,1
141444,10497,112.73125439236819,10,1
141454,10498,99.59746522636527,10,1
141464,10499,65.43662671973777,10,1
141474,10500,72.34980172038239,10,1
141484,10501,102.55462938458018,10,1
141494,10502,103.11677608502416,10,1
141504,10503,65.78529487280396,10,1
141514,10504,117.10331821734881,10,1
141524,10505,115.3287296595103,10,1
141534,10506,110.91304359594879,10,1
141544,10507,100.24491759594255,10,1
141554,10508,127.86449197750987,10,1
141564,10509,65.48083333797429,10,1
141574,10510,88.7248532571203,10,1
141584,10511,84.93982949355181,10,1
141594,10512,102.4567351919155,10,1
141604,10513,125.15847566936161,10,1
141614,10514,78.75793740174765,10,1
141624,10515,19.469165886482607,10,1
141634,10516,127.95073941173811,10,1
141644,10517,106.70367170077846,10,1
141654,10518,117.37128422668722,10,1
141664,10519,103.23083892780181,10,1
141675,10520,120.20188417406767,11,1
141685,10521,76.77448787399662,10,1
141725,10522,-20.580210496970277,40,0
141735,10523,102.501698226809,10,1
141745,10524,102.51026226957329,10,1
141755,10525,129.82145393799638,10,1
141765,10526,91.60414789583126,10,1
141775,10527,84.84476005799786,10,1
141785,10528,115.10554609711036,10,1
141795,10529,133.1174757177278,10,1
141805,10530,130.99697483859595,10,1
141815,10531,108.17711784633848,10,1
141825,10532,70.86171452352707,10,1
141835,10533,129.98557772911178,10,1
141845,10534,88.89205594115656,10,1
141860,10535,110.97067420978946,15,1
141870,10536,77.21280017728435,10,1
141880,10537,114.62969909236612,10,1
141920,10538,-25.638546449124465,40,0
141930,10539,137.61919043885587,10,1
141940,10540,124.52824285404033,10,1
141950,10541,94.51824395043678,10,1
141960,10542,123.63222027043975,10,1
141970,10543,94.32133728165701,10,1
141980,10544,95.06263344507998,10,1
141990,10545,68.92297774931315,10,1
142000,10546,94.55768953222534,10,1
142010,10547,114.60829504454601,10,1
142020,10548,118.92623575304688,10,1
142030,10549,117.89285944777146,10,1
142042,10550,30.03513929420123,12,1
142064,10551,118.84870730343107,22,1
142074,10552,86.7319726670949,10,1
142089,10553,79.31793341019922,15,1
142099,10554,115.40404698901816,10,1
142109,10555,68.11120549029769,10,1
142119,10556,103.04632536996674,10,1
142129,10557,120.44855406754465,10,1
142139,10558,101.57559094110786,10,1
142149,10559,40.33075536482794,10,1
142159,10560,128.9463501538483,10,1
142169,10561,109.74506815374768,10,1
142179,10562,108.93938029840368,10,1
142189,10563,108.29136304214632,10,1
142199,10564,122.87842344385264,10,1
142209,10565,132.2547489222392,10,1
142219,10566,105.04070485509712,10,1
142229,10567,119.53137987659784,10,1
142239,10568,114.06303571877136,10,1
142249,10569,24.172615082439584,10,1
142259,10570,23.61556162138842,10,1
142284,10571,18.685850094535805,25,1
142294,10572,105.26827873936683,10,1
142304,10573,129.95069080000764,10,1
142314,10574,130.44456566529934,10,1
142324,10575,20.84612498406034,10,1
142334,10576,128.64873083737774,10,1
142344,10577,75.91835968926348,10,1
142354,10578,119.58094232655918,10,1
142364,10579,80.90968182716887,10,1
142374,10580,121.55029622740574,10,1
142384,10581,87.29632171627911,10,1
142394,10582,85.77696285304603,10,1
142404,10583,83.09777642771206,10,1
142414,10584,66.49826090778333,10,1
142428,10585,37.46641567056266,14,1
142438,10586,108.08362134583591,10,1
142448,10587,95.8688677371246,10,1
142458,10588,130.1960649985102,10,1
142470,10589,74.53754233446601,12,1
142480,10590,112.02162451331576,10,1
142490,10591,84.23375965148196,10,1
142500,10592,115.62559594203687,10,1
142510,10593,128.2166372540684,10,1
142520,10594,134.15005623437256,10,1
142542,10595,45.82608831765475,22,1
142552,10596,56.60590889083624,10,1
142562,10597,90.83941754456069,10,1
142572,10598,60.63349503586367,10,1
142582,10599,82.57887225848413,10,1
142592,10600,118.10336261515211,10,1
142602,10601,40.807860368381135,10,1
142612,10602,110.70402532411964,10,1
142622,10603,132.03985054997264,10,1
142632,10604,115.82760702429684,10,1
142672,10605,-22.063296529344235,40,0
142687,10606,8.436092368623756,15,1
142697,10607,137.77889757251222,10,1
142707,10608,114.6500829235939,10,1
142717,10609,121.40035723281379,10,1
142727,10610,119.4766515975997,10,1
142737,10611,99.02334713160839,10,1
142747,10612,133.12554682629207,10,1
142757,10613,62.877767992759736,10,1
142767,10614,56.195671394758236,10,1
142807,10615,-22.33414811443309,40,0
142817,10616,131.00414706638009,10,1
142827,10617,134.02343637232576,10,1
142837,10618,78.29957577055333,10,1
142847,10619,61.88582427719801,10,1
142857,10620,80.8417174006573,10,1
142867,10621,132.20414885730142,10,1
142877,10622,96.47317207734866,10,1
142887,10623,115.69499376449983,10,1
142897,10624,130.04910977679043,10,1
142907,10625,90.77112391790382,10,1
142917,10626,127.73997901074802,10,1
142927,10627,122.03836202457336,10,1
142937,10628,85.80691646536725,10,1
142947,10629,37.39311943812225,10,1
142957,10630,115.59310319446881,10,1
142967,10631,116.70601247368552,10,1
142977,10632,124.41511592938254,10,1
142987,10633,131.3246733579513,10,1
142997,10634,95.28548609446224,10,1
143007,10635,115.55500549880225,10,1
143017,10636,64.41909210969342,10,1
143027,10637,128.12485821282797,10,1
143037,10638,117.96537538372955,10,1
143047,10639,137.92713870830713,10,1
143057,10640,115.47945965824073,10,1
143067,10641,28.476874208771342,10,1
143077,10642,108.98987219892254,10,1
143087,10643,114.0042457752255,10,1
143097,10644,71.80813990927003,10,1
143107,10645,130.04604160099333,10,1
143117,10646,128.94319485173517,10,1
143127,10647,131.98895940539444,10,1
143137,10648,92.3066293255087,10,1
143147,10649,86.04007559678797,10,1
143157,10650,136.38469792396765,10,1
143167,10651,132.42032008783102,10,1
143177,10652,74.63846607135922,10,1
143187,10653,123.90831207355082,10,1
143197,10654,97.75323652041786,10,1
143207,10655,127.5951561044371,10,1
143217,10656,90.24190868633826,10,1
143227,10657,86.74559821753132,10,1
143237,10658,90.8241999671444,10,1
143247,10659,77.60355158328673,10,1
143257,10660,114.55337786538807,10,1
143267,10661,105.9608244360714,10,1
143277,10662,116.74381031484366,10,1
143287,10663,129.18333249678957,10,1
143297,10664,113.05204885368418,10,1
143307,10665,72.25784607128513,10,1
143317,10666,67.48779413652271,10,1
143327,10667,56.22268355730353,10,1
143337,10668,108.18122208926795,10,1
143347,10669,115.22686909051549,10,1
143357,10670,96.19619828484022,10,1
143367,10671,108.346818545497,10,1
143377,10672,132.68802181115228,10,1
143387,10673,114.56825448822822,10,1
143397,10674,125.8447489779318,10,1
143407,10675,109.85099593057517,10,1
143417,10676,114.24480189216492,10,1
143427,10677,129.05375813130556,10,1
143437,10678,85.71637911535116,10,1
143447,10679,112.24410137396578,10,1
143457,10680,127.23304531817126,10,1
143467,10681,94.15435515518254,10,1
143477,10682,123.16091576629015,10,1
143517,10683,-20.440672437830305,40,0
143527,10684,82.51272861569221,10,1
143537,10685,126.88584722553422,10,1
143547,10686,88.03511632834153,10,1
143557,10687,102.87888358880103,10,1
143567,10688,93.0222816660543,10,1
143577,10689,101.64581533249986,10,1
143587,10690,82.22777666403844,10,1
143597,10691,131.6825824287985,10,1
143607,10692,74.43003716008411,10,1
143617,10693,119.1958199641025,10,1
143627,10694,131.9770375514877,10,1
143637,10695,131.69417598804247,10,1
143647,10696,94.88335828602048,10,1
143657,10697,114.12351598979596,10,1
143667,10698,118.01897053932726,10,1
143677,10699,114.03796182927731,10,1
143687,10700,77.56264319605059,10,1
143697,10701,78.01182639878692,10,1
143707,10702,37.58214929794814,10,1
143717,10703,113.73425394287408,10,1
143727,10704,105.05372183012452,10,1
143737,10705,116.01942938291927,10,1
143747,10706,121.71407914469314,10,1
143757,10707,119.12347344442104,10,1
143767,10708,31.747975294792518,10,1
143777,10709,99.41334732798937,10,1
143787,10710,24.34598760969245,10,1
143797,10711,125.43605916836965,10,1
143807,10712,133.22888853298934,10,1
143817,10713,121.48050269291817,10,1
143827,10714,120.14240683129893,10,1
143837,10715,137.1038091274314,10,1
143847,10716,129.2516408509779,10,1
143857,10717,124.33447158944591,10,1
143867,10718,93.04486702791179,10,1
143877,10719,71.07912170705991,10,1
143887,10720,137.01692749757552,10,1
143897,10721,100.09431042450673,10,1
143907,10722,100.8550097802119,10,1
143917,10723,105.49681913484658,10,1
143927,10724,120.97644640445426,10,1
143937,10725,36.45647322955608,10,1
143947,10726,130.58391158778275,10,1
143957,10727,94.59618059845894,10,1
143967,10728,124.981797744958,10,1
143977,10729,109.6953895416411,10,1
143987,10730,112.62927650754996,10,1
143997,10731,118.943652945125,10,1
144007,10732,127.11623392300764,10,1
144017,10733,131.11521314239423,10,1
144027,10734,80.9226336153732,10,1
144038,10735,91.92719585352219,11,1
144048,10736,65.75072524552368,10,1
144058,10737,132.27798995143942,10,1
144068,10738,112.1184773432948,10,1
144079,10739,82.72045157200691,11,1
144089,10740,121.42301748218111,10,1
144099,10741,136.12754632112393,10,1
144109,10742,132.77689503691627,10,1
144119,10743,95.70985297890545,10,1
144129,10744,116.27921388253124,10,1
144139,10745,124.20363168350347,10,1
144149,10746,120.94710390342597,10,1
144159,10747,130.94336108051803,10,1
144169,10748,137.83521136237314,10,1
144179,10749,82.17186619086675,10,1
144189,10750,107.19248067397938,10,1
144199,10751,63.81430097152817,10,1
144209,10752,128.22690887947803,10,1
144219,10753,127.45428293397707,10,1
144229,10754,133.03782920270658,10,1
144239,10755,122.59960165063643,10,1
144249,10756,124.90739485586695,10,1
144259,10757,110.75818671021297,10,1
144269,10758,106.15036178032024,10,1
144279,10759,83.35706195792689,10,1
144289,10760,127.91793287930355,10,1
144299,10761,132.8281413058372,10,1
144309,10762,138.5591282532765,10,1
144319,10763,106.56994979812455,10,1
144329,10764,103.80605519247148,10,1
144339,10765,58.27351487014192,10,1
144349,10766,136.792571978829,10,1
144359,10767,94.85007448559058,10,1
144369,10768,123.66649138937979,10,1
144379,10769,139.3777392931024,10,1
144389,10770,89.81854729284967,10,1
144399,10771,127.89454226531662,10,1
144412,10772,103.56768175040327,13,1
144422,10773,128.12736901191704,10,1
144432,10774,130.27227782577572,10,1
144442,10775,91.02985794952453,10,1
144452,10776,40.78046656445004,10,1
144462,10777,139.28690760703512,10,1
144472,10778,94.15501294891091,10,1
144482,10779,64.47671445883427,10,1
144492,10780,122.03880006821211,10,1
144502,10781,98.13506329930122,10,1
144512,10782,117.7469289876647,10,1
144522,10783,129.67224263170652,10,1
144532,10784,104.35596206655673,10,1
144542,10785,97.2520833730815,10,1
144552,10786,104.65807190586877,10,1
144562,10787,116.2374768735051,10,1
144572,10788,112.22265244881346,10,1
144582,10789,125.9072611828095,10,1
144592,10790,129.1177829497115,10,1
144602,10791,56.76586012772177,10,1
144612,10792,60.554436809397316,10,1
144622,10793,40.73373910720304,10,1
144632,10794,131.24161487778096,10,1
144642,10795,118.18772611287685,10,1
144652,10796,138.19254077577162,10,1
144662,10797,109.75221951089677,10,1
144672,10798,104.68347626190057,10,1
144682,10799,138.64001377262855,10,1
144692,10800,131.8336616405258,10,1
144702,10801,122.03045298839365,10,1
144712,10802,22.978107507744088,10,1
144722,10803,123.44001095812969,10,1
144732,10804,99.79945761766555,10,1
144742,10805,123.08109750562795,10,1
144752,10806,93.20379796662502,10,1
144762,10807,113.85338732390773,10,1
144772,10808,95.23799528612737,10,1
144782,10809,112.57867258276139,10,1
144792,10810,85.23566763684151,10,1
144802,10811,94.63513626006947,10,1
144812,10812,115.45454502463343,10,1
144822,10813,68.57137406239974,10,1
144832,10814,59.50902898375634,10,1
144842,10815,55.207388949250486,10,1
144852,10816,126.91168439491122,10,1
144862,10817,102.62681478513713,10,1
144872,10818,70.12802889122915,10,1
144882,10819,95.65526385225645,10,1
144892,10820,81.70409483617102,10,1
144902,10821,114.85477415868256,10,1
144912,10822,59.05773847989647,10,1
144924,10823,57.950990437440026,12,1
144934,10824,129.2038206542997,10,1
144944,10825,26.993122905850722,10,1
144954,10826,-19.811284937028553,10,1
144964,10827,80.27367536110194,10,1
144974,10828,89.45154917303344,10,1
144984,10829,124.61630247239054,10,1
144994,10830,129.6917869623128,10,1
145006,10831,18.311909732388088,12,1
145016,10832,103.21454210867536,10,1
145026,10833,132.97121205912183,10,1
145036,10834,78.63362868822469,10,1
145046,10835,100.07811701689772,10,1
145056,10836,130.26334173050614,10,1
145066,10837,93.97543566068767,10,1
145076,10838,130.7695384296034,10,1
145086,10839,120.88514132674887,10,1
145096,10840,130.10208840668528,10,1
145136,10841,-24.109498113326392,40,0
145146,10842,109.52887596087676,10,1
145156,10843,139.0413815614943,10,1
145166,10844,130.33690125898278,10,1
145206,10845,-20.32992123790137,40,0
145246,10846,-20.492473632268105,40,0
145256,10847,114.47027608782606,10,1
145266,10848,61.85895023292437,10,1
145276,10849,144.10249728439848,10,1
145286,10850,127.0735047856118,10,1
145296,10851,114.58816502771417,10,1
145306,10852,91.205058983575,10,1
145316,10853,72.79956770793069,10,1
145326,10854,59.055317959149995,10,1
145336,10855,128.36438678090883,10,1
145346,10856,124.81837777047136,10,1
145356,10857,122.8619962044796,10,1
145366,10858,57.21427373690227,10,1
145376,10859,74.47447236369555,10,1
145386,10860,98.11233680343538,10,1
145396,10861,132.30894259435192,10,1
145406,10862,129.9661784851435,10,1
145416,10863,124.31589399551086,10,1
145426,10864,117.44008636069682,10,1
145436,10865,97.61584167082043,10,1
145476,10866,-25.103411718140986,40,0
145516,10867,-20.449996092711295,40,0
145526,10868,55.65482430151282,10,1
145536,10869,105.07861382279341,10,1
145546,10870,129.70979271975798,10,1
145556,10871,110.20763451563853,10,1
145566,10872,106.76334381907027,10,1
145576,10873,87.05538113233952,10,1
145586,10874,104.18555706815552,10,1
145596,10875,134.13658191347403,10,1
145606,10876,19.658621965617016,10,1
145616,10877,88.8751296489913,10,1
145626,10878,64.13470386421109,10,1
145636,10879,99.8082597460202,10,1
145646,10880,107.96012321020692,10,1
145656,10881,121.55065680505673,10,1
145666,10882,121.05714892839062,10,1
145676,10883,112.7564396251928,10,1
145686,10884,117.94221173754892,10,1
145696,10885,122.92025961741741,10,1
145706,10886,119.56381091386437,10,1
145716,10887,86.09462164501191,10,1
145726,10888,89.06977369927222,10,1
145736,10889,111.84152834371152,10,1
145746,10890,131.10579605456928,10,1
145756,10891,133.56176002499438,10,1
145766,10892,115.52147800951359,10,1
145776,10893,62.02794522845831,10,1
145786,10894,118.01013489552777,10,1
145796,10895,110.86383748996946,10,1
145806,10896,112.74591717657242,10,1
145816,10897,114.60143589710005,10,1
145826,10898,133.0264709750954,10,1
145836,10899,106.87286999056315,10,1
145846,10900,91.03930977640462,10,1
145856,10901,96.763756968054,10,1
145866,10902,132.81909177552836,10,1
145877,10903,92.63114017635982,11,1
145887,10904,125.09782294429263,10,1
145898,10905,130.29064006754373,11,1
145908,10906,126.540410655576,10,1
145918,10907,124.16699886985278,10,1
145928,10908,104.37500511661786,10,1
145938,10909,114.66173747557123,10,1
145948,10910,123.05438683250769,10,1
145958,10911,112.05401503323937,10,1
145968,10912,84.63886537874886,10,1
145978,10913,132.36407042190183,10,1
145988,10914,123.67875919147133,10,1
145998,10915,103.40190591340996,10,1
146008,10916,36.04183392756969,10,1
146018,10917,121.79700815895075,10,1
146028,10918,82.32658300704531,10,1
146038,10919,88.06154852528613,10,1
146048,10920,61.218539669907074,10,1
146058,10921,127.2023556049395,10,1
146068,10922,128.10258778519943,10,1
146078,10923,72.71657787067555,10,1
146088,10924,79.3687366920623,10,1
146098,10925,133.54687498476486,10,1
146108,10926,116.76197032732014,10,1
146118,10927,52.514058818909696,10,1
146128,10928,118.23109807529386,10,1
146138,10929,138.20518098557673,10,1
146148,10930,57.8755617810497,10,1
146188,10931,-20.515258873266895,40,0
146198,10932,137.07298562504974,10,1
146208,10933,71.20326091412488,10,1
146218,10934,95.4385430282824,10,1
146228,10935,134.21183642463913,10,1
146238,10936,128.83822195327446,10,1
146248,10937,130.69559450731103,10,1
146258,10938,89.93816402317731,10,1
146268,10939,120.04874313846952,10,1
146278,10940,81.73288905147568,10,1
146288,10941,106.29261927741152,10,1
146298,10942,120.84403074384907,10,1
146308,10943,130.352209224057,10,1
146318,10944,124.54081308565377,10,1
146328,10945,117.9313939781666,10,1
146338,10946,61.90497011239708,10,1
146348,10947,87.91989550076146,10,1
146358,10948,132.9866352184594,10,1
146368,10949,55.41299633993202,10,1
146378,10950,116.08313473241427,10,1
146388,10951,87.95111348681084,10,1
146398,10952,121.09592161897706,10,1
146408,10953,103.30462768629928,10,1
146418,10954,118.55720465781445,10,1
146428,10955,102.72502546174486,10,1
146438,10956,125.57181302780572,10,1
146448,10957,75.33221549254026,10,1
146458,10958,116.26483274315362,10,1
146468,10959,130.7378993513243,10,1
146478,10960,62.68266260276642,10,1
146488,10961,98.54575890795154,10,1
146498,10962,112.30071461751098,10,1
146508,10963,42.50946495946245,10,1
146518,10964,101.57448208514818,10,1
146528,10965,25.975416323244534,10,1
146538,10966,129.61584937635914,10,1
146548,10967,138.87592824170494,10,1
146558,10968,119.418596804791,10,1
146568,10969,110.65825568603734,10,1
146578,10970,109.02125774497117,10,1
146588,10971,123.90190873377601,10,1
146598,10972,137.96851787131553,10,1
146608,10973,86.79090911811788,10,1
146618,10974,111.74327163209139,10,1
146628,10975,58.88770021022401,10,1
146638,10976,126.47816726038904,10,1
146648,10977,117.38876828705463,10,1
146658,10978,93.95657362526141,10,1
146668,10979,57.095028874139075,10,1
146678,10980,131.55400876286427,10,1
146688,10981,127.66677241817904,10,1
146698,10982,122.13987397290087,10,1
146708,10983,88.2427718983852,10,1
146718,10984,98.86191974837921,10,1
146728,10985,127.83745178902429,10,1
146738,10986,115.68223793208,10,1
146748,10987,130.60715065261593,10,1
146758,10988,124.53303006695627,10,1
146768,10989,130.5485182907146,10,1
146778,10990,85.07479940546959,10,1
146788,10991,86.48566266873824,10,1
146798,10992,58.99361202869513,10,1
146808,10993,127.47497689666903,10,1
146818,10994,63.34014704372753,10,1
146828,10995,121.8910676712364,10,1
146838,10996,123.98081730199902,10,1
146848,10997,70.67634729703691,10,1
146858,10998,75.91541987944011,10,1
146868,10999,83.69391167694364,10,1
146878,11000,112.29881180078506,10,1
146888,11001,94.5016964677432,10,1
146907,11002,138.68928547502347,19,1
146917,11003,123.67141882094963,10,1
146927,11004,26.71505563612184,10,1
146937,11005,106.31758968034082,10,1
146947,11006,53.45461353148717,10,1
146957,11007,131.74066488528004,10,1
146967,11008,95.67298921799072,10,1
146977,11009,129.09014400772116,10,1
146987,11010,113.9816908485019,10,1
146997,11011,102.80131400683885,10,1
147008,11012,31.947632187986105,11,1
147018,11013,138.5465892807281,10,1
147028,11014,127.44170065275343,10,1
147038,11015,138.16855132367465,10,1
147048,11016,53.40056773789766,10,1
147058,11017,81.9461527174488,10,1
147068,11018,108.4839850186441,10,1
147078,11019,112.93269933919555,10,1
147088,11020,84.934511034999,10,1
147098,11021,44.42411158835614,10,1
147108,11022,114.29833704093599,10,1
147118,11023,80.6005479635304,10,1
147128,11024,97.08159058846218,10,1
147138,11025,111.57150466155197,10,1
147148,11026,124.87025087352978,10,1
147158,11027,109.398811960736,10,1
147168,11028,1.1852371765223242,10,1
147178,11029,128.6986421784711,10,1
147188,11030,116.62136029106856,10,1
147198,11031,108.71530403075741,10,1
147208,11032,90.42983322018551,10,1
147218,11033,128.9669739440685,10,1
147228,11034,83.39425987393828,10,1
147238,11035,129.64237917524417,10,1
147248,11036,86.09925162779653,10,1
147258,11037,122.36996994399814,10,1
147268,11038,145.1903219729309,10,1
147278,11039,71.82203920049285,10,1
147288,11040,127.63825417894705,10,1
147298,11041,92.83743125154169,10,1
147308,11042,64.44717686045065,10,1
147318,11043,122.26556976533195,10,1
147328,11044,131.23357387130957,10,1
147338,11045,107.97963173633272,10,1
147348,11046,14.710888671760843,10,1
147358,11047,126.11484103204747,10,1
147368,11048,109.07844013906431,10,1
147378,11049,126.58548155317204,10,1
147388,11050,101.29663623360157,10,1
147398,11051,136.98914277779966,10,1
147408,11052,77.2972981245717,10,1
147418,11053,62.43422292966028,10,1
147428,11054,94.60864328808098,10,1
147438,11055,81.03854686814316,10,1
147448,11056,130.6659000781332,10,1
147458,11057,18.300787920699698,10,1
147468,11058,31.210020703022536,10,1
147478,11059,123.52810064430288,10,1
147488,11060,109.33234670700233,10,1
147498,11061,112.40429057522626,10,1
147508,11062,94.54707413707548,10,1
147518,11063,84.4709353241062,10,1
147528,11064,100.84613569767174,10,1
147538,11065,100.73943228077987,10,1
147548,11066,112.73257357413269,10,1
147558,11067,106.24018097974104,10,1
147568,11068,138.84523050722126,10,1
147578,11069,116.66261902233256,10,1
147588,11070,108.33885023712597,10,1
147598,11071,105.1918606105212,10,1
147608,11072,125.4945403655103,10,1
147618,11073,115.10132901131917,10,1
147628,11074,116.07131054138071,10,1
147638,11075,112.293227732285,10,1
147648,11076,117.18634213115865,10,1
147658,11077,42.86181073058564,10,1
147668,11078,73.2048372593109,10,1
147678,11079,111.28377243261059,10,1
147688,11080,129.29501490871257,10,1
147698,11081,81.90044028769017,10,1
147708,11082,127.51115137264081,10,1
147718,11083,103.85782860430561,10,1
147728,11084,104.22161966500124,10,1
147738,11085,92.4850064162539,10,1
147748,11086,49.64217064938138,10,1
147758,11087,101.85013148421235,10,1
147768,11088,125.50061864595925,10,1
147778,11089,80.74989432091428,10,1
147788,11090,132.18813376390568,10,1
147798,11091,83.19601428168718,10,1
147808,11092,104.75353705357615,10,1
147818,11093,105.35919674336702,10,1
147828,11094,138.0539344412591,10,1
147838,11095,126.86122737340867,10,1
147848,11096,106.94380948417053,10,1
147858,11097,129.0550975490651,10,1
147868,11098,93.04962692339399,10,1
147878,11099,133.8372729008961,10,1
147888,11100,108.5675584366009,10,1
147902,11101,35.85045628527143,14,1
147912,11102,131.49451401051385,10,1
147922,11103,129.46899843315626,10,1
147932,11104,129.67806895017344,10,1
147942,11105,78.77117921989652,10,1
147952,11106,115.57741516254454,10,1
147962,11107,102.7544290325176,10,1
147972,11108,124.45457335607975,10,1
147982,11109,132.59695655007621,10,1
147992,11110,80.45102361608025,10,1
148002,11111,61.66098272761039,10,1
148012,11112,70.65618488330433,10,1
148022,11113,33.77958466812554,10,1
148032,11114,109.13237083559117,10,1
148042,11115,115.92629432480481,10,1
148052,11116,101.59314742093952,10,1
148062,11117,125.96832326558352,10,1
148072,11118,69.66191815640005,10,1
148082,11119,107.9677003637494,10,1
148092,11120,139.57479696463022,10,1
148102,11121,122.95960447068158,10,1
148112,11122,133.02588753491654,10,1
148122,11123,132.82660617340412,10,1
148132,11124,133.45232344190538,10,1
148142,11125,92.1972490526822,10,1
148152,11126,97.25312895949165,10,1
148162,11127,111.23847095272276,10,1
148172,11128,109.70801720468808,10,1
148182,11129,116.6134556465474,10,1
148192,11130,110.53457194600435,10,1
148202,11131,110.56169425499286,10,1
148212,11132,94.80333677546668,10,1
148222,11133,137.96713143883116,10,1
148232,11134,124.14824973765185,10,1
148242,11135,133.64804471146087,10,1
148252,11136,103.21341894364932,10,1
148262,11137,115.26424745321867,10,1
148274,11138,72.54422455025353,12,1
148284,11139,129.511697417214,10,1
148294,11140,38.101254895769806,10,1
148304,11141,125.83251543991598,10,1
148314,11142,101.77494299601169,10,1
148324,11143,117.60321824290601,10,1
148334,11144,28.08764020091472,10,1
148344,11145,113.13190860963071,10,1
148354,11146,131.56727648895688,10,1
148364,11147,122.81268708080609,10,1
148404,11148,-20.498040339507668,40,0
148414,11149,130.32852315015074,10,1
148424,11150,107.93646068718813,10,1
148434,11151,110.81290566012562,10,1
148444,11152,89.32237924451066,10,1
148454,11153,118.46969762596733,10,1
148464,11154,59.56689915007071,10,1
148474,11155,126.28584438209585,10,1
148484,11156,100.9576408351582,10,1
148494,11157,98.18177420967179,10,1
148504,11158,72.25622082343764,10,1
148514,11159,123.8310643519658,10,1
148524,11160,137.59350994565548,10,1
148534,11161,122.4440179676027,10,1
148544,11162,112.50332373544768,10,1
148554,11163,119.27120055553304,10,1
148564,11164,117.46030865323574,10,1
148574,11165,122.70483049569482,10,1
148584,11166,91.93052786503668,10,1
148594,11167,125.0363117757764,10,1
148634,11168,-20.72704714328411,40,0
148644,11169,125.92028511951553,10,1
148654,11170,93.20097612515403,10,1
148664,11171,128.78095448402942,10,1
148680,11172,64.832609486097,16,1
148690,11173,114.48972772465964,10,1
148700,11174,73.04394241835864,10,1
148710,11175,103.92439453400583,10,1
148720,11176,125.8623750685902,10,1
148730,11177,106.95660411088974,10,1
148740,11178,98.87806763714421,10,1
148750,11179,82.48688877580982,10,1
148760,11180,103.21715153500872,10,1
148770,11181,120.80995724807147,10,1
148780,11182,128.6668744445198,10,1
148790,11183,99.4126789517763,10,1
148800,11184,127.83343464142925,10,1
148810,11185,105.00493764509929,10,1
148820,11186,118.66255816864502,10,1
148830,11187,86.6986675531731,10,1
148840,11188,107.24461002886686,10,1
148850,11189,130.6175705855579,10,1
148860,11190,109.53331408477257,10,1
148870,11191,123.43691576406272,10,1
148880,11192,99.54175277417129,10,1
148890,11193,131.38119254821632,10,1
148900,11194,109.24920340336578,10,1
148910,11195,71.76734621670086,10,1
148920,11196,138.5587850052851,10,1
148930,11197,113.50090037482668,10,1
148940,11198,89.64434958627902,10,1
148950,11199,48.139601905608586,10,1
148960,11200,94.94834278065849,10,1
148970,11201,118.35755600206859,10,1
148980,11202,128.75235606322346,10,1
148990,11203,107.67793717135858,10,1
149000,11204,89.1237990842146,10,1
149010,11205,88.38442289014117,10,1
149020,11206,81.97717271631096,10,1
149030,11207,105.47511620748415,10,1
149040,11208,78.80433401456472,10,1
149050,11209,131.7574698886889,10,1
149060,11210,127.53488446228147,10,1
149070,11211,126.48980908728579,10,1
149080,11212,124.83940570264778,10,1
149090,11213,47.699014566395604,10,1
149100,11214,137.41436203266537,10,1
149110,11215,49.054870443417926,10,1
149120,11216,127.91453737677759,10,1
149130,11217,77.64380889264628,10,1
149140,11218,118.56824339951979,10,1
149150,11219,129.4966740619485,10,1
149160,11220,125.38305814070254,10,1
149170,11221,123.08082369031922,10,1
149180,11222,70.70952630155985,10,1
149190,11223,119.96018532543253,10,1
149200,11224,132.91153291545388,10,1
149210,11225,133.50466524090442,10,1
149220,11226,127.92579566642192,10,1
149230,11227,130.39360402081414,10,1
149240,11228,119.83865530512685,10,1
149250,11229,118.44614651422732,10,1
149260,11230,131.04891397352873,10,1
149270,11231,121.65482181394623,10,1
149280,11232,116.07301074510305,10,1
149290,11233,85.65603047552787,10,1
149300,11234,129.18648035215614,10,1
149310,11235,57.40609992205772,10,1
149320,11236,81.93933623756709,10,1
149330,11237,130.97212480975708,10,1
149340,11238,127.36781855223495,10,1
149350,11239,125.64529016753622,10,1
149360,11240,137.45746617053777,10,1
149370,11241,117.08199041977056,10,1
149380,11242,122.35278763571151,10,1
149390,11243,108.31528822711704,10,1
149400,11244,116.19807422275943,10,1
149410,11245,124.00958543314243,10,1
149420,11246,130.40427523020728,10,1
149430,11247,137.5302020454129,10,1
149440,11248,115.05061537740342,10,1
149450,11249,84.46078234164072,10,1
149460,11250,129.01315352203,10,1
149470,11251,123.01580869546363,10,1
149480,11252,122.71898709693104,10,1
149490,11253,80.38053357153312,10,1
149500,11254,134.43006708497583,10,1
149515,11255,90.08746783007557,15,1
149525,11256,99.43279731857022,10,1
149535,11257,131.7200345282673,10,1
149545,11258,117.51064301378288,10,1
149555,11259,17.448437897094557,10,1
149565,11260,128.03914679272975,10,1
149575,11261,146.4375946449786,10,1
149585,11262,107.4903951523796,10,1
149595,11263,127.35854701506597,10,1
149605,11264,99.54276094115393,10,1
149615,11265,139.64014749413053,10,1
149625,11266,137.8178997645415,10,1
149635,11267,94.86422698806277,10,1
149645,11268,121.92816499965102,10,1
149655,11269,127.22205255290854,10,1
149665,11270,122.30908048401353,10,1
149675,11271,122.26624606632298,10,1
149685,11272,131.14655182026186,10,1
149695,11273,127.96873517354916,10,1
149705,11274,115.28360556129282,10,1
149715,11275,138.03803679239894,10,1
149725,11276,89.2148238791645,10,1
149735,11277,131.6724145663186,10,1
149746,11278,102.04055144354224,11,1
149756,11279,31.45701080069161,10,1
149766,11280,122.90696995745957,10,1
149776,11281,128.41983058812886,10,1
149786,11282,124.94281820199552,10,1
149796,11283,118.84599374905089,10,1
149806,11284,77.18455554004049,10,1
149816,11285,127.62754193196307,10,1
149826,11286,130.44414151827334,10,1
149836,11287,115.47671043427233,10,1
149846,11288,131.43039248906518,10,1
149856,11289,121.03486102755873,10,1
149866,11290,111.73700234827818,10,1
149876,11291,139.01171735337536,10,1
149886,11292,117.46263942155296,10,1
149896,11293,122.15137548437697,10,1
149906,11294,125.68134212215716,10,1
149916,11295,131.0837266500853,10,1
149926,11296,96.5878123848337,10,1
149936,11297,111.51135407834106,10,1
149946,11298,121.50268535695217,10,1
149956,11299,102.7511098692356,10,1
149966,11300,130.3303847419191,10,1
149976,11301,146.09428026842667,10,1
149986,11302,133.09107218079896,10,1
149996,11303,53.76325405066999,10,1
150006,11304,97.50352783133616,10,1
150016,11305,129.32713884956826,10,1
150026,11306,130.50376305385996,10,1
150036,11307,122.45211246469475,10,1
150046,11308,115.50126475108259,10,1
150056,11309,86.66744879816504,10,1
150066,11310,87.78270021999225,10,1
150076,11311,76.3392045550936,10,1
150086,11312,107.62497234113314,10,1
150096,11313,129.57462778954562,10,1
150106,11314,94.88671692282215,10,1
150116,11315,122.62971380046888,10,1
150126,11316,130.824533731368,10,1
150136,11317,97.96485891622933,10,1
150146,11318,99.61580810988114,10,1
150156,11319,83.31073836911078,10,1
150166,11320,123.56822764091969,10,1
150176,11321,100.25561600832009,10,1
150186,11322,124.86526918325345,10,1
150196,11323,126.85859613288251,10,1
150206,11324,129.66237221559723,10,1
150216,11325,117.56826184554484,10,1
150226,11326,95.56485761629992,10,1
150236,11327,15.458783783668952,10,1
150246,11328,131.95145594115348,10,1
150256,11329,128.32608231722068,10,1
150266,11330,130.4657972183664,10,1
150276,11331,130.713095167953,10,1
150286,11332,124.27060356740346,10,1
150296,11333,63.311583818892984,10,1
150306,11334,124.27163498985027,10,1
150316,11335,119.33595701795427,10,1
150326,11336,126.46080523589008,10,1
150336,11337,110.67250695295971,10,1
150346,11338,126.38153575344325,10,1
150356,11339,118.03850251366394,10,1
150366,11340,139.33401721544627,10,1
150376,11341,125.76427420509907,10,1
150386,11342,130.121365847994,10,1
150396,11343,112.7283755615847,10,1
150406,11344,104.60670759696953,10,1
150416,11345,118.40855954035763,10,1
150426,11346,113.19679909822814,10,1
150443,11347,83.60858556287619,17,1
150453,11348,132.15745713284346,10,1
150463,11349,139.69618642474666,10,1
150473,11350,113.08336042263903,10,1
150483,11351,133.28498358212286,10,1
150493,11352,132.2181126973721,10,1
150503,11353,114.06230066889589,10,1
150513,11354,98.08431426074317,10,1
150523,11355,46.33186820699892,10,1
150533,11356,20.78651026309863,10,1
150543,11357,111.69639245912822,10,1
150553,11358,109.121095483643,10,1
150563,11359,130.9121889866979,10,1
150573,11360,28.312514123848597,10,1
150583,11361,121.82010020594551,10,1
150593,11362,102.22906259422103,10,1
150603,11363,96.20457743807371,10,1
150613,11364,93.51318491871206,10,1
150623,11365,61.40697863964627,10,1
150633,11366,87.83255904290183,10,1
150643,11367,115.90780577138422,10,1
150653,11368,120.14874855643784,10,1
150663,11369,109.81515915172973,10,1
150673,11370,114.21913028909835,10,1
150683,11371,15.818527958559423,10,1
150693,11372,119.0274631181964,10,1
150703,11373,103.62045024244948,10,1
150713,11374,124.43421877959261,10,1
150723,11375,136.97253288954275,10,1
150733,11376,119.1911842377392,10,1
150743,11377,97.1805264782849,10,1
150753,11378,114.45959776770029,10,1
150763,11379,86.47236478542337,10,1
150773,11380,113.6847462940237,10,1
150783,11381,83.24079075176411,10,1
150793,11382,128.77802470714286,10,1
150803,11383,90.37210696080363,10,1
150813,11384,120.01161108705324,10,1
150823,11385,133.60201871829707,10,1
150833,11386,112.31083708776963,10,1
150843,11387,121.03034732442335,10,1
150853,11388,120.22104203481271,10,1
150863,11389,118.63971023901703,10,1
150873,11390,131.97253023684547,10,1
150883,11391,129.42507583815654,10,1
150893,11392,108.69621849297316,10,1
150903,11393,67.08796453147173,10,1
150913,11394,131.23514156377485,10,1
150923,11395,133.6469348283973,10,1
150933,11396,137.12336184748074,10,1
150943,11397,114.63073623543252,10,1
150953,11398,120.43998380923614,10,1
150963,11399,114.12984217954089,10,1
150973,11400,126.93137151168354,10,1
150983,11401,126.34950663807145,10,1
150993,11402,82.97827655157518,10,1
151003,11403,124.8922703943915,10,1
151013,11404,125.60175670056383,10,1
151023,11405,116.62828241284514,10,1
151033,11406,114.08560595722884,10,1
151043,11407,138.44326614621264,10,1
151053,11408,128.96007713055286,10,1
151063,11409,107.78692230001306,10,1
151073,11410,93.01075812316265,10,1
151083,11411,130.48850993415417,10,1
151093,11412,119.47949006516495,10,1
151103,11413,117.22702607688535,10,1
151113,11414,66.4933946765589,10,1
151123,11415,146.13827139149592,10,1
151133,11416,119.77889056913583,10,1
151143,11417,132.3379743532949,10,1
151153,11418,110.7908225110738,10,1
151163,11419,60.65923043014575,10,1
151173,11420,107.57187774705088,10,1
151183,11421,99.2544363996089,10,1
151193,11422,117.6944505755738,10,1
151203,11423,81.23030128894509,10,1
151213,11424,107.64597623792989,10,1
151223,11425,87.27892994180452,10,1
151233,11426,128.66993322799908,10,1
151243,11427,111.49682348963066,10,1
151253,11428,102.0508220924968,10,1
151264,11429,82.18048605574229,11,1
151274,11430,110.06664646880317,10,1
151284,11431,137.89240436756435,10,1
151294,11432,108.804320213286,10,1
151304,11433,119.54979967253252,10,1
151314,11434,73.57612521521774,10,1
151324,11435,22.126587141277323,10,1
151334,11436,109.8651196570966,10,1
151344,11437,97.99980183942813,10,1
151354,11438,117.8604427161263,10,1
151364,11439,111.1731642767496,10,1
151374,11440,137.18906217351332,10,1
151384,11441,72.08238557310327,10,1
151394,11442,127.69575547291312,10,1
151404,11443,129.19754196914917,10,1
151414,11444,84.8562140784978,10,1
151424,11445,145.47496057451326,10,1
151434,11446,98.60085579972656,10,1
151444,11447,120.622724797714,10,1
151454,11448,132.91307742424004,10,1
151464,11449,130.46022622068966,10,1
151474,11450,111.70746155851398,10,1
151484,11451,133.25509395613935,10,1
151494,11452,139.10800143217716,10,1
151504,11453,109.133951200239,10,1
151514,11454,115.99979119707086,10,1
151524,11455,114.96340543703353,10,1
151534,11456,83.49768320770256,10,1
151544,11457,130.51243417683426,10,1
151555,11458,100.21221052882449,11,1
151565,11459,124.93803254699446,10,1
151575,11460,46.325646881226675,10,1
151585,11461,85.67746390714233,10,1
151595,11462,120.13498813048626,10,1
151605,11463,35.269367419080396,10,1
151615,11464,53.75092874642214,10,1
151625,11465,114.76927408889463,10,1
151635,11466,103.18957397874921,10,1
151645,11467,100.9226476348186,10,1
151655,11468,124.14107463092878,10,1
151665,11469,33.06630038167981,10,1
151675,11470,101.85241940076527,10,1
151685,11471,98.27517559689635,10,1
151695,11472,126.71702615118761,10,1
151705,11473,127.10872662751933,10,1
151715,11474,86.86659433646395,10,1
151725,11475,94.30044936190613,10,1
151735,11476,105.07899368675908,10,1
151745,11477,131.39197940544275,10,1
151755,11478,116.30329759194649,10,1
151765,11479,115.7708103112598,10,1
151775,11480,84.60602182677165,10,1
151785,11481,80.17368768155863,10,1
151795,11482,92.58548337983083,10,1
151805,11483,30.262390555141142,10,1
151815,11484,124.39858163651908,10,1
151825,11485,131.7875885798678,10,1
151835,11486,129.9853983534286,10,1
151845,11487,114.59395807655487,10,1
151855,11488,107.16436937591857,10,1
151865,11489,122.69871660422771,10,1
151875,11490,87.50964190190987,10,1
151885,11491,123.64186405982356,10,1
151895,11492,82.52166604863935,10,1
151905,11493,112.05074864836472,10,1
151915,11494,38.28613904985964,10,1
151925,11495,76.927302726255,10,1
151935,11496,100.33272981035567,10,1
151945,11497,109.73453816453066,10,1
151955,11498,114.44344946922556,10,1
151966,11499,36.83165338121493,11,1
151976,11500,120.74115943397126,10,1
151986,11501,70.31936072046145,10,1
151996,11502,95.88429157120595,10,1
152006,11503,45.69777030925636,10,1
152016,11504,113.92277808697393,10,1
152026,11505,130.1621271326443,10,1
152036,11506,131.88332621554187,10,1
152046,11507,104.63531166819132,10,1
152056,11508,93.47807930329088,10,1
152066,11509,121.39086524693721,10,1
152076,11510,111.59938415914084,10,1
152086,11511,128.78819045023516,10,1
152096,11512,96.93085303491765,10,1
152106,11513,127.81537762197348,10,1
152116,11514,84.44189071292476,10,1
152126,11515,85.4425647061396,10,1
152136,11516,98.84456250367349,10,1
152146,11517,115.198681175117,10,1
152156,11518,124.48887516665863,10,1
152166,11519,116.15061993618447,10,1
152176,11520,38.61735752152237,10,1
152216,11521,-20.502994691248436,40,0
152226,11522,136.73141414860586,10,1
152236,11523,118.0179911759001,10,1
152246,11524,112.06911080068157,10,1
152256,11525,127.48331628553645,10,1
152266,11526,109.54229323243777,10,1
152276,11527,90.85178871796533,10,1
152286,11528,40.92895177648521,10,1
152296,11529,131.80673477425088,10,1
152306,11530,48.04584220799741,10,1
152316,11531,93.1694579854934,10,1
152326,11532,87.12451795434391,10,1
152336,11533,99.8147703022086,10,1
152346,11534,146.38585870955438,10,1
152356,11535,103.09727264176216,10,1
152366,11536,99.61375717126087,10,1
152376,11537,96.19383189669091,10,1
152386,11538,108.47056745305625,10,1
152396,11539,128.33258720054178,10,1
152406,11540,104.60564458579425,10,1
152416,11541,121.65354830533308,10,1
152426,11542,121.38250250262381,10,1
152436,11543,131.3417531247452,10,1
152446,11544,102.11951647332346,10,1
152456,11545,66.92111772005957,10,1
152466,11546,130.60624303578416,10,1
152479,11547,65.22229637397056,13,1
152489,11548,126.77264442795342,10,1
152499,11549,129.15713601747933,10,1
152509,11550,90.57299125059289,10,1
152519,11551,124.22301937552348,10,1
152529,11552,107.16625268369593,10,1
152539,11553,105.79969240266084,10,1
152549,11554,102.44862057754162,10,1
152559,11555,103.58552465598034,10,1
152569,11556,108.82911807472182,10,1
152579,11557,127.87504347887753,10,1
152589,11558,103.99381835337276,10,1
152603,11559,18.635468991013934,14,1
152613,11560,124.73911433588175,10,1
152623,11561,101.3827201833888,10,1
152633,11562,131.1166623495607,10,1
152643,11563,119.45402068356398,10,1
152653,11564,49.34812193948244,10,1
152663,11565,121.05824283830945,10,1
152673,11566,45.08340974489099,10,1
152683,11567,138.56893915914253,10,1
152693,11568,121.46327165010142,10,1
152703,11569,100.91035735444157,10,1
152713,11570,111.87626792780134,10,1
152723,11571,42.82095736731221,10,1
152733,11572,105.44076832541342,10,1
152743,11573,114.21672860926434,10,1
152753,11574,93.64986741622097,10,1
152763,11575,114.61484629422047,10,1
152773,11576,102.1316071618617,10,1
152783,11577,82.15018631426955,10,1
152793,11578,125.82994543237918,10,1
152803,11579,138.57766748603902,10,1
152813,11580,85.0910581292542,10,1
152823,11581,85.2517180926936,10,1
152833,11582,133.01579472926898,10,1
152843,11583,57.888006246522586,10,1
152853,11584,74.22918045528134,10,1
152863,11585,103.22091343503507,10,1
152874,11586,31.189507488855,11,1
152884,11587,99.27439340629658,10,1
152894,11588,120.14118729411963,10,1
152904,11589,132.13554176066145,10,1
152914,11590,129.99563346727504,10,1
152924,11591,75.13777248709516,10,1
152934,11592,127.82037546373711,10,1
152944,11593,134.4479410454202,10,1
152954,11594,105.34532488462388,10,1
152965,11595,21.904896840409798,11,1
152975,11596,92.87464335956281,10,1
152985,11597,111.73780783256717,10,1
152995,11598,105.90992710353378,10,1
153005,11599,29.665626691014797,10,1
153015,11600,128.47193209657567,10,1
153025,11601,118.8124808630793,10,1
153035,11602,138.69424441704902,10,1
153046,11603,80.82334671634828,11,1
153056,11604,110.1749199189678,10,1
153066,11605,48.00811569651322,10,1
153076,11606,125.24302914513439,10,1
153086,11607,84.95580399315143,10,1
153096,11608,136.13452486899428,10,1
153106,11609,130.75626758845743,10,1
153116,11610,144.93031839585672,10,1
153126,11611,124.52080519633549,10,1
153136,11612,105.96968560277882,10,1
153146,11613,123.79760944229015,10,1
153156,11614,101.21928155435393,10,1
153166,11615,120.73337949331278,10,1
153176,11616,132.86071032763658,10,1
153186,11617,125.81676887222554,10,1
153196,11618,73.32116129890461,10,1
153208,11619,98.81475589633718,12,1
153218,11620,82.80514923988068,10,1
153228,11621,47.654231665119624,10,1
153238,11622,125.73586632108241,10,1
153248,11623,102.23171444644206,10,1
153258,11624,96.44964479367174,10,1
153268,11625,128.58932767153834,10,1
153278,11626,109.80069148498825,10,1
153288,11627,89.49236101710945,10,1
153298,11628,132.37899633981652,10,1
153308,11629,130.02407174435734,10,1
153318,11630,118.17837531505738,10,1
153328,11631,85.55188939647094,10,1
153338,11632,126.25308292241861,10,1
153348,11633,92.36671684997742,10,1
153363,11634,104.65801166141064,15,1
153373,11635,82.42156113337337,10,1
153383,11636,83.44707586148584,10,1
153393,11637,45.84986899068778,10,1
153403,11638,84.17177023042267,10,1
153413,11639,49.59984949845191,10,1
153423,11640,107.62291568625551,10,1
153433,11641,138.67029439871456,10,1
153443,11642,117.49453244930172,10,1
153453,11643,39.433028710859396,10,1
153463,11644,138.65819144464777,10,1
153473,11645,109.01369403013665,10,1
153483,11646,126.92597198625752,10,1
153493,11647,124.8909198316628,10,1
153503,11648,102.06342941499115,10,1
153513,11649,126.4981358975713,10,1
153523,11650,132.05774827656597,10,1
153533,11651,128.39885545447777,10,1
153543,11652,126.25903447220458,10,1
153553,11653,86.39549959195469,10,1
153563,11654,122.68491907647063,10,1
153573,11655,104.67019128459636,10,1
153583,11656,124.72921113326514,10,1
153593,11657,126.52458113214755,10,1
153603,11658,124.48642549983407,10,1
153613,11659,93.98708226656522,10,1
153623,11660,115.19156104522578,10,1
153633,11661,83.21856086964763,10,1
153643,11662,115.74056081884369,10,1
153653,11663,128.02850837466562,10,1
153663,11664,103.30710656705338,10,1
153673,11665,132.75078167300774,10,1
153683,11666,121.88390126798754,10,1
153693,11667,132.04775069995497,10,1
153703,11668,109.46349646562935,10,1
153713,11669,110.97186529421128,10,1
153723,11670,109.37581312301887,10,1
153733,11671,50.24300280839546,10,1
153743,11672,112.62887592582649,10,1
153753,11673,112.7848970288402,10,1
153763,11674,105.41820682134055,10,1
153773,11675,117.33762076777735,10,1
153783,11676,120.99650037960612,10,1
153793,11677,133.66427061395513,10,1
153803,11678,122.06941811180332,10,1
153813,11679,132.66932258368246,10,1
153823,11680,89.54941987782804,10,1
153833,11681,112.86997906049729,10,1
153843,11682,113.15663329914389,10,1
153853,11683,107.53653693050683,10,1
153863,11684,90.6903232076043,10,1
153873,11685,113.28874830020642,10,1
153883,11686,100.70759984434724,10,1
153893,11687,91.10821177784476,10,1
153903,11688,74.46568886926995,10,1
153913,11689,126.14734090842354,10,1
153923,11690,114.72228061426378,10,1
153933,11691,131.94207645195098,10,1
153943,11692,133.17041161762734,10,1
153979,11693,-12.472515234422815,36,1
153989,11694,108.00622295935455,10,1
153999,11695,97.26441936910314,10,1
154010,11696,138.97867142156792,11,1
154020,11697,130.6925599665571,10,1
154030,11698,90.74911753536601,10,1
154040,11699,132.25670050955893,10,1
154080,11700,-20.42550292912907,40,0
154090,11701,113.66224234075636,10,1
154100,11702,117.65787003341957,10,1
154110,11703,123.92277667356942,10,1
154120,11704,125.05921023433328,10,1
154130,11705,113.98091744250654,10,1
154140,11706,26.206339231466597,10,1
154150,11707,132.3330090704052,10,1
154160,11708,110.58280375140085,10,1
154170,11709,118.27313534476822,10,1
154180,11710,128.5424717418365,10,1
154190,11711,115.95513149051732,10,1
154200,11712,77.37718951744301,10,1
154210,11713,124.80035962052602,10,1
154220,11714,121.61394373642841,10,1
154230,11715,115.83509755771044,10,1
154240,11716,146.26551027632325,10,1
154250,11717,42.23067101037419,10,1
154260,11718,58.80165935600019,10,1
154270,11719,128.25817043622922,10,1
154280,11720,114.41742680825212,10,1
154290,11721,131.55235995070652,10,1
154300,11722,80.04497961762718,10,1
154310,11723,84.2771298572685,10,1
154320,11724,115.3136103037652,10,1
154330,11725,82.47840356162048,10,1
154340,11726,107.53874963039223,10,1
154380,11727,-20.564367461052925,40,0
154390,11728,131.97492160294823,10,1
154400,11729,128.8971319040246,10,1
154410,11730,127.84191025964866,10,1
154420,11731,115.96014550962097,10,1
154430,11732,97.4537934923119,10,1
154440,11733,122.51434818738429,10,1
154450,11734,129.49360323352553,10,1
154460,11735,115.65370121808864,10,1
154470,11736,36.20160216130472,10,1
154480,11737,117.08862771408423,10,1
154490,11738,125.69636590211587,10,1
154500,11739,16.86290597029545,10,1
154512,11740,87.35632889981724,12,1
154522,11741,115.83958425901673,10,1
154532,11742,98.23245020201082,10,1
154542,11743,124.62537500073607,10,1
154552,11744,129.99971512883153,10,1
154562,11745,61.783286869189,10,1
154572,11746,43.29153876247628,10,1
154582,11747,53.16831193091715,10,1
154592,11748,126.80233695915882,10,1
154602,11749,125.49903965565885,10,1
154612,11750,133.38602323110263,10,1
154622,11751,92.25636148962954,10,1
154633,11752,69.6156457354755,11,1
154643,11753,126.0962659355607,10,1
154653,11754,123.62670856939184,10,1
154663,11755,139.1415667801073,10,1
154673,11756,115.50028000311795,10,1
154683,11757,85.53179005881356,10,1
154693,11758,131.54448335254224,10,1
154703,11759,113.42047731017394,10,1
154713,11760,80.43979035388473,10,1
154723,11761,102.61918245045005,10,1
154763,11762,-20.556810325368915,40,0
154773,11763,65.9106761112799,10,1
154783,11764,127.16471938839977,10,1
154793,11765,112.93902945450404,10,1
154803,11766,123.43538217618618,10,1
154813,11767,82.87488314181384,10,1
154823,11768,114.15927488663377,10,1
154833,11769,100.33506218533267,10,1
154843,11770,109.18654254812223,10,1
154853,11771,112.26066329698253,10,1
154863,11772,113.11471826626014,10,1
154874,11773,45.03666892057449,11,1
154884,11774,131.96111367461114,10,1
154894,11775,117.76631306715487,10,1
154904,11776,121.29536465045352,10,1
154914,11777,84.64076952137988,10,1
154924,11778,130.87726283687886,10,1
154934,11779,128.42003992693284,10,1
154944,11780,129.77226236755436,10,1
154954,11781,118.44002543838454,10,1
154964,11782,131.25643292802093,10,1
154974,11783,138.319399653138,10,1
154984,11784,124.34188673495662,10,1
154994,11785,128.40525478200345,10,1
155004,11786,128.1777083847543,10,1
155014,11787,129.2808405782619,10,1
155024,11788,69.58071554651166,10,1
155034,11789,125.761599320565,10,1
155044,11790,68.75259769073553,10,1
155054,11791,121.89820251602526,10,1
155064,11792,132.3668946848622,10,1
155074,11793,95.46322337848632,10,1
155084,11794,123.98910683855284,10,1
155094,11795,113.66020478070047,10,1
155104,11796,146.59290779946906,10,1
155114,11797,126.28045157112679,10,1
155124,11798,125.37324111193472,10,1
155134,11799,130.92844553352867,10,1
155144,11800,93.03542526943691,10,1
155154,11801,123.25083064547975,10,1
155164,11802,128.2177906289245,10,1
155174,11803,116.55738465606836,10,1
155185,11804,113.36151938426333,11,1
155195,11805,134.49406215365673,10,1
155207,11806,84.4823217390712,12,1
155217,11807,118.96015824953625,10,1
155227,11808,69.98720316941198,10,1
155237,11809,130.4606308316481,10,1
155247,11810,129.70362131767973,10,1
155257,11811,126.60312050662804,10,1
155267,11812,122.63463673807023,10,1
155277,11813,51.2782985455819,10,1
155287,11814,131.972719365421,10,1
155297,11815,115.39148982454233,10,1
155307,11816,110.35878173798116,10,1
155317,11817,124.67282487901849,10,1
155330,11818,100.68852751269056,13,1
155340,11819,123.5629673673955,10,1
155351,11820,100.70246366254472,11,1
155361,11821,139.40598260821275,10,1
155371,11822,87.20080675918915,10,1
155381,11823,146.43898677476386,10,1
155391,11824,107.24549654389209,10,1
155401,11825,89.28648078928325,10,1
155411,11826,110.08891582566467,10,1
155421,11827,86.56662233763517,10,1
155431,11828,130.5408549693375,10,1
155441,11829,113.98335479899009,10,1
155451,11830,106.25837399516308,10,1
155461,11831,89.13439588397763,10,1
155481,11832,23.071880448164663,20,1
155491,11833,27.988901592177395,10,1
155501,11834,130.68354281528764,10,1
155511,11835,124.2701804359542,10,1
155521,11836,104.11547731547962,10,1
155531,11837,119.28029648182898,10,1
155541,11838,128.79352177704737,10,1
155551,11839,68.92383392519285,10,1
155561,11840,121.31322535259541,10,1
155571,11841,127.14913767827215,10,1
155581,11842,45.55061510377858,10,1
155591,11843,126.60069202025139,10,1
155601,11844,126.23060786793395,10,1
155611,11845,133.06877929173197,10,1
155621,11846,132.43609881599988,10,1
155631,11847,71.10840753442997,10,1
155641,11848,114.9954833219633,10,1
155651,11849,129.48412411776957,10,1
155661,11850,86.13307954563943,10,1
155671,11851,130.0073204333228,10,1
155681,11852,98.18560504001755,10,1
155691,11853,121.52292107630981,10,1
155701,11854,119.68953228976623,10,1
155711,11855,124.21234754739994,10,1
155721,11856,74.70230610529674,10,1
155731,11857,53.77543376975776,10,1
155741,11858,138.24413228241076,10,1
155751,11859,41.940433604925744,10,1
155761,11860,105.39922830301742,10,1
155771,11861,127.15870264759839,10,1
155781,11862,40.434272167377834,10,1
155791,11863,94.38620602034828,10,1
155801,11864,128.31365434027256,10,1
155811,11865,139.18165057235828,10,1
155821,11866,123.31710249523516,10,1
155831,11867,138.12258675347738,10,1
155841,11868,73.52231183292535,10,1
155851,11869,126.67255988806177,10,1
155861,11870,133.37662317727637,10,1
155871,11871,83.75010916857369,10,1
155881,11872,83.25485199659265,10,1
155891,11873,116.20522913170109,10,1
155901,11874,131.43933748637366,10,1
155911,11875,137.49655351989958,10,1
155921,11876,90.70591875195703,10,1
155931,11877,76.59354505886597,10,1
155941,11878,33.774552007708984,10,1
155951,11879,89.4202697947512,10,1
155961,11880,131.295347503409,10,1
155971,11881,94.45033516178432,10,1
155981,11882,118.20615425707425,10,1
155991,11883,130.35128893411206,10,1
156001,11884,128.98750931887795,10,1
156011,11885,110.64627850843002,10,1
156021,11886,74.6634668374147,10,1
156031,11887,110.17682568118872,10,1
156041,11888,131.80772752343466,10,1
156051,11889,120.40627486714791,10,1
156061,11890,125.10728979487149,10,1
156071,11891,76.09852981008888,10,1
156081,11892,95.93954401965856,10,1
156091,11893,108.52621741961255,10,1
156101,11894,102.07796537894633,10,1
156111,11895,68.92134511110329,10,1
156121,11896,80.23010927944267,10,1
156131,11897,115.06767162441695,10,1
156141,11898,144.52856659615543,10,1
156151,11899,124.52856250167632,10,1
156161,11900,91.18233104716177,10,1
156171,11901,103.04870175955588,10,1
156181,11902,56.23435670923151,10,1
156191,11903,125.21647750098712,10,1
156201,11904,119.74679396648745,10,1
156211,11905,120.96497313451137,10,1
156221,11906,98.23907486806024,10,1
156231,11907,115.30188791269663,10,1
156241,11908,109.56375512243767,10,1
156251,11909,99.09143008136634,10,1
156261,11910,123.56972162894543,10,1
156271,11911,105.78049025199697,10,1
156281,11912,124.5704427789911,10,1
156291,11913,133.3766631427977,10,1
156301,11914,111.48797914845329,10,1
156311,11915,122.14338040235597,10,1
156321,11916,88.96154051542663,10,1
156331,11917,124.06007154057157,10,1
156341,11918,115.55567379765172,10,1
156351,11919,129.9396661877702,10,1
156361,11920,130.26095735610625,10,1
156371,11921,92.92149110576256,10,1
156381,11922,112.03941590800838,10,1
156391,11923,103.3858358858841,10,1
156402,11924,48.20349514983664,11,1
156412,11925,53.37123019096545,10,1
156422,11926,117.98233915122918,10,1
156432,11927,127.39563050395311,10,1
156442,11928,122.41759251343343,10,1
156452,11929,132.2137301622664,10,1
156462,11930,88.86990561434952,10,1
156472,11931,98.08578333656396,10,1
156482,11932,115.83489206322486,10,1
156492,11933,115.11455299253372,10,1
156502,11934,41.551138359667256,10,1
156512,11935,97.64240944122118,10,1
156522,11936,116.10013936155633,10,1
156533,11937,46.22922937780419,11,1
156543,11938,124.80161932640338,10,1
156553,11939,128.66283871226634,10,1
156563,11940,121.82528856258959,10,1
156573,11941,133.03063956390605,10,1
156583,11942,116.55249767067434,10,1
156593,11943,126.48294837395505,10,1
156603,11944,49.30672755834569,10,1
156613,11945,125.99786743189976,10,1
156623,11946,93.70667472596337,10,1
156633,11947,80.89537734693394,10,1
156643,11948,132.4610819351695,10,1
156653,11949,123.9843450074344,10,1
156663,11950,109.58249658569461,10,1
156673,11951,132.85539060100947,10,1
156683,11952,107.52060421222225,10,1
156693,11953,109.61377120906855,10,1
156703,11954,138.336221823955,10,1
156713,11955,83.10308429469741,10,1
156723,11956,64.36510894121726,10,1
156733,11957,111.28780469167991,10,1
156743,11958,132.19082210143887,10,1
156753,11959,126.75429304302041,10,1
156763,11960,94.08523817800916,10,1
156773,11961,127.4859528993381,10,1
156783,11962,125.46895307873224,10,1
156794,11963,34.0510149438322,11,1
156804,11964,121.73589822590819,10,1
156814,11965,90.1317595935709,10,1
156824,11966,109.04894593842685,10,1
156834,11967,126.2686203927792,10,1
156844,11968,124.285209571762,10,1
156854,11969,139.27070305312944,10,1
156864,11970,123.56870115223573,10,1
156874,11971,122.3510504942398,10,1
156884,11972,71.88111607052564,10,1
156894,11973,48.76448698062245,10,1
156904,11974,113.18959524554644,10,1
156914,11975,85.30243721986221,10,1
156924,11976,120.87121222802168,10,1
156934,11977,125.07199834524808,10,1
156944,11978,128.4643653202739,10,1
156954,11979,25.389736786630756,10,1
156964,11980,127.19956030897403,10,1
156974,11981,130.64367212125418,10,1
156984,11982,105.62832520638848,10,1
156994,11983,104.67130934432087,10,1
157004,11984,123.76542145228143,10,1
157014,11985,85.77109815471232,10,1
157024,11986,81.61345189749912,10,1
157034,11987,131.9962384829054,10,1
157044,11988,133.500932644312,10,1
157054,11989,128.59136798145562,10,1
157064,11990,86.08746509989972,10,1
157074,11991,128.85054397810586,10,1
157084,11992,91.73702638564647,10,1
157124,11993,-20.57766332813189,40,0
157134,11994,139.07395547067102,10,1
157144,11995,119.71202633414357,10,1
157154,11996,125.85586013777578,10,1
157164,11997,96.93296382176187,10,1
157174,11998,123.5671867642871,10,1
157184,11999,119.4849886971605,10,1
157194,12000,129.33289782849684,10,1
157204,12001,115.2278852494855,10,1
157214,12002,105.94681207900733,10,1
157224,12003,129.41701729373614,10,1
157234,12004,109.37102254965399,10,1
157244,12005,112.3910513583929,10,1
157254,12006,120.0279636415983,10,1
157264,12007,128.4092676319014,10,1
157274,12008,110.6100729417323,10,1
157284,12009,126.73333831191384,10,1
157294,12010,130.11337522581113,10,1
157304,12011,123.50674107932146,10,1
157314,12012,137.24372987862253,10,1
157324,12013,132.01211333638224,10,1
157334,12014,118.88533580473351,10,1
157344,12015,75.38567963599458,10,1
157354,12016,123.04691833528604,10,1
157364,12017,62.115780874638126,10,1
157374,12018,137.61223215960126,10,1
157386,12019,115.93838481450294,12,1
157396,12020,34.41854822422553,10,1
157406,12021,118.48078517921081,10,1
157416,12022,64.47572527287942,10,1
157426,12023,117.30493366179208,10,1
157436,12024,123.15436365524168,10,1
157476,12025,-20.41382427391203,40,0
157486,12026,77.32913032645827,10,1
157496,12027,94.66438277983411,10,1
157506,12028,120.95641004164092,10,1
157516,12029,120.2836412021637,10,1
157526,12030,97.85349743224585,10,1
157536,12031,111.58309491130855,10,1
157546,12032,138.3510402200997,10,1
157556,12033,90.2046377033959,10,1
157566,12034,116.71662489052291,10,1
157576,12035,137.52361938071024,10,1
157586,12036,87.69026046779824,10,1
157596,12037,124.17150107027419,10,1
157606,12038,108.93144339930413,10,1
157616,12039,102.14647945943425,10,1
157626,12040,103.19056406917038,10,1
157636,12041,102.16808492890536,10,1
157646,12042,129.0851471050316,10,1
157656,12043,57.42623733681751,10,1
157666,12044,99.87854771356771,10,1
157676,12045,113.99072359815521,10,1
157686,12046,127.52138091469548,10,1
157696,12047,126.68206504496469,10,1
157706,12048,103.05569895636302,10,1
157716,12049,102.66242175967487,10,1
157726,12050,132.81396061671163,10,1
157736,12051,83.79684355779735,10,1
157748,12052,81.02924200525018,12,1
157758,12053,112.4251585533917,10,1
157768,12054,99.42371020114669,10,1
157778,12055,125.79104513183168,10,1
157788,12056,70.69342982477006,10,1
157798,12057,131.78741237523215,10,1
157808,12058,129.99591341907822,10,1
157818,12059,119.86481339058281,10,1
157828,12060,94.39502465265686,10,1
157838,12061,130.99567792866603,10,1
157848,12062,124.36248797672704,10,1
157858,12063,137.54780466872836,10,1
157868,12064,95.93602305095177,10,1
157878,12065,138.7893777674805,10,1
157888,12066,125.76843567649851,10,1
157898,12067,120.59443976034416,10,1
157908,12068,127.1925951595177,10,1
157918,12069,101.4342454252993,10,1
157928,12070,128.23124584690115,10,1
157938,12071,82.41866744440419,10,1
157948,12072,130.24723081665405,10,1
157958,12073,119.92561161047152,10,1
157968,12074,121.16173299395994,10,1
157978,12075,78.73409811250413,10,1
157988,12076,132.06739161066602,10,1
157998,12077,120.31690465768624,10,1
158008,12078,100.20529880460539,10,1
158018,12079,122.14735524893746,10,1
158028,12080,127.1480348839887,10,1
158038,12081,118.23156425159,10,1
158048,12082,56.265845131918155,10,1
158058,12083,132.09584213614423,10,1
158068,12084,121.20437002853888,10,1
158087,12085,74.25083495549518,19,1
158098,12086,111.84354220836642,11,1
158108,12087,106.96427980756954,10,1
158118,12088,78.50853742370667,10,1
158128,12089,121.59053480172715,10,1
158138,12090,139.53107303230556,10,1
158148,12091,144.67154792837243,10,1
158158,12092,113.84174481466972,10,1
158168,12093,72.97247060517951,10,1
158178,12094,139.34476348194448,10,1
158188,12095,116.21611048657945,10,1
158198,12096,88.44282507642413,10,1
158208,12097,98.5521747132983,10,1
158218,12098,120.87959207074121,10,1
158228,12099,109.382531020163,10,1
158239,12100,72.25980539710535,11,1
158249,12101,51.50419859731114,10,1
158260,12102,39.17909292022675,11,1
158270,12103,122.07062647874467,10,1
158280,12104,136.49181316279763,10,1
158290,12105,124.84757393939203,10,1
158300,12106,90.12112795358634,10,1
158310,12107,117.57682267025659,10,1
158320,12108,111.96632730028065,10,1
158330,12109,121.47961884876457,10,1
158340,12110,128.6702193570396,10,1
158350,12111,111.33331132436872,10,1
158360,12112,61.20942107962469,10,1
158370,12113,102.61111197576543,10,1
158380,12114,109.88065983019929,10,1
158390,12115,128.14193783269346,10,1
158400,12116,122.72098434284707,10,1
158410,12117,119.86160618145986,10,1
158420,12118,125.28437166959547,10,1
158430,12119,108.96524046804704,10,1
158440,12120,75.9936172245167,10,1
158450,12121,121.93463411638831,10,1
158460,12122,118.23801272490203,10,1
158470,12123,92.99820749152425,10,1
158480,12124,110.5060654877309,10,1
158490,12125,100.34751597359443,10,1
158500,12126,112.63807832429886,10,1
158510,12127,131.98793431334653,10,1
158520,12128,49.24544073517481,10,1
158530,12129,90.38538585732422,10,1
158540,12130,122.56837976335233,10,1
158550,12131,119.55891601580564,10,1
158560,12132,132.82197947368508,10,1
158570,12133,133.87635546890465,10,1
158580,12134,119.81363461519608,10,1
158590,12135,126.14536291411241,10,1
158600,12136,139.19238094060333,10,1
158610,12137,115.32828004628655,10,1
158620,12138,70.72923504844763,10,1
158630,12139,116.37335522229256,10,1
158640,12140,111.77313553544163,10,1
158650,12141,103.28917036655108,10,1
158660,12142,109.6897134505329,10,1
158670,12143,123.24314308899194,10,1
158680,12144,112.94515589956603,10,1
158690,12145,128.88966743977693,10,1
158700,12146,139.16494067953556,10,1
158710,12147,137.04193585268612,10,1
158720,12148,129.36671446883878,10,1
158730,12149,99.38214899548935,10,1
158740,12150,128.0861559385408,10,1
158750,12151,124.12074962478471,10,1
158760,12152,126.09687630698369,10,1
158770,12153,81.73184294533952,10,1
158780,12154,66.54559290735654,10,1
158790,12155,124.90190272315427,10,1
158800,12156,118.798988697706,10,1
158810,12157,116.24442289270603,10,1
158820,12158,131.3871907579003,10,1
158830,12159,106.2766600415767,10,1
158840,12160,114.84464842472059,10,1
158850,12161,123.90715090834712,10,1
158860,12162,118.80731453017019,10,1
158870,12163,78.07044259436321,10,1
158880,12164,138.55684445057676,10,1
158890,12165,120.5073550029939,10,1
158900,12166,126.0651816781075,10,1
158910,12167,128.17121664170406,10,1
158920,12168,86.62140882505578,10,1
158930,12169,119.78202191998123,10,1
158940,12170,95.13368330111687,10,1
158950,12171,127.85662412501121,10,1
158960,12172,46.64367937239708,10,1
158970,12173,123.15338207023127,10,1
158980,12174,31.60426091748319,10,1
158990,12175,104.70246637260276,10,1
159000,12176,131.54120780750404,10,1
159010,12177,135.85354732841003,10,1
159020,12178,125.30623405854483,10,1
159030,12179,117.18981835121173,10,1
159040,12180,123.55980961467822,10,1
159050,12181,93.55276300801958,10,1
159060,12182,122.96304356746315,10,1
159070,12183,120.10643809464405,10,1
159110,12184,-20.65308872962044,40,0
159120,12185,121.40384166560017,10,1
159130,12186,127.06546938339183,10,1
159140,12187,131.53306866196542,10,1
159150,12188,128.3544464019703,10,1
159160,12189,113.31823044571465,10,1
159170,12190,107.74963658846153,10,1
159180,12191,107.7283936435622,10,1
159190,12192,100.10633828168339,10,1
159200,12193,105.89538030546763,10,1
159210,12194,25.59774213760853,10,1
159220,12195,89.73225132566945,10,1
159230,12196,35.27256161787192,10,1
159240,12197,65.91592533174784,10,1
159250,12198,44.41332076158701,10,1
159260,12199,145.04030404143785,10,1
159270,12200,110.76640424679842,10,1
159280,12201,131.4536109490913,10,1
159290,12202,131.6518051275551,10,1
159300,12203,112.92538965028247,10,1
159310,12204,98.11747072129874,10,1
159320,12205,24.644018542955866,10,1
159330,12206,128.80175868335803,10,1
159340,12207,102.92849916577704,10,1
159350,12208,87.54161458784509,10,1
159360,12209,100.90708773740802,10,1
159370,12210,116.50891106098484,10,1
159380,12211,113.74817549489829,10,1
159390,12212,92.31982120289857,10,1
159400,12213,88.35979100734849,10,1
159410,12214,123.51170923416842,10,1
159420,12215,145.67306439524086,10,1
159430,12216,117.46092317221148,10,1
159440,12217,56.95600494007846,10,1
159451,12218,123.14999746071601,11,1
159461,12219,124.45802405482887,10,1
159471,12220,130.13559952760676,10,1
159481,12221,106.0286525653849,10,1
159491,12222,97.06507533472572,10,1
159502,12223,40.63092776889832,11,1
159512,12224,71.64467705661087,10,1
159522,12225,138.76073619635497,10,1
159532,12226,131.513858512604,10,1
159542,12227,96.64579429834515,10,1
159552,12228,129.2252395182359,10,1
159562,12229,87.08940936295932,10,1
159572,12230,113.97473972983714,10,1
159582,12231,126.97577085657768,10,1
159592,12232,131.31620944892356,10,1
159602,12233,129.1353352956224,10,1
159612,12234,101.52493507422287,10,1
159622,12235,113.49111734734828,10,1
159632,12236,116.24953107512476,10,1
159642,12237,131.933052515396,10,1
159652,12238,105.6003205026464,10,1
159662,12239,128.30185525587217,10,1
159672,12240,88.76796995086907,10,1
159682,12241,123.22831274961317,10,1
159692,12242,126.56569903583647,10,1
159702,12243,96.12471960955709,10,1
159712,12244,61.43805008151209,10,1
159722,12245,104.03322914682029,10,1
159732,12246,126.75195875561194,10,1
159742,12247,91.1328253365325,10,1
159752,12248,114.68768429806485,10,1
159762,12249,110.65157060015883,10,1
159772,12250,118.3722817001115,10,1
159782,12251,127.73316405799692,10,1
159792,12252,109.76125383712706,10,1
159802,12253,112.61390332009769,10,1
159812,12254,126.91479722438916,10,1
159822,12255,99.8873402515403,10,1
159832,12256,131.37423957352453,10,1
159842,12257,86.65101782880566,10,1
159852,12258,89.81905457883217,10,1
159862,12259,103.043983962939,10,1
159872,12260,123.35316090091712,10,1
159882,12261,123.01902346085055,10,1
159892,12262,119.94648188896876,10,1
159902,12263,43.08492372160848,10,1
159912,12264,116.51089024357044,10,1
159922,12265,64.58815736205416,10,1
159932,12266,26.975325142187646,10,1
159942,12267,96.74648822201497,10,1
159952,12268,84.82792587064961,10,1
159962,12269,42.17737079995493,10,1
159972,12270,112.3857020230628,10,1
159982,12271,118.34515391010432,10,1
159992,12272,48.338732884495286,10,1
160002,12273,79.58225451731418,10,1
160012,12274,120.10756329294317,10,1
160022,12275,69.52642944667565,10,1
160032,12276,99.66484419760414,10,1
160042,12277,63.4852037722479,10,1
160052,12278,102.48426566378814,10,1
160062,12279,133.53937437051846,10,1
160072,12280,137.21053959572396,10,1
160082,12281,99.73043797228877,10,1
160092,12282,119.60613329443287,10,1
160102,12283,139.10422424327157,10,1
160112,12284,35.785973935855786,10,1
160122,12285,130.76517407223272,10,1
160132,12286,132.21808461499893,10,1
160142,12287,129.3495032584232,10,1
160152,12288,129.46556457049954,10,1
160162,12289,98.23931639736446,10,1
160172,12290,125.4973931981512,10,1
160182,12291,129.6195384802781,10,1
160192,12292,112.31149127416242,10,1
160202,12293,89.82280219500379,10,1
160212,12294,112.48617863288078,10,1
160222,12295,125.6488893440037,10,1
160232,12296,75.71134708426925,10,1
160242,12297,131.1432845332145,10,1
160252,12298,109.190589300775,10,1
160262,12299,122.47123771022967,10,1
160272,12300,99.68109968974558,10,1
160282,12301,113.52484270224416,10,1
160293,12302,15.42391813846747,11,1
160303,12303,70.57073775198509,10,1
160313,12304,114.24855985053235,10,1
160323,12305,124.58288862586001,10,1
160333,12306,98.4531068668948,10,1
160343,12307,96.95525739196805,10,1
160353,12308,110.49580723135362,10,1
160363,12309,34.970497764364254,10,1
160373,12310,128.19837171313455,10,1
160383,12311,132.32918004268276,10,1
160393,12312,103.80696533142728,10,1
160403,12313,108.41458322455318,10,1
160413,12314,101.23219691920018,10,1
160423,12315,132.02829834520082,10,1
160433,12316,121.42941955618438,10,1
160443,12317,131.84883025813832,10,1
160453,12318,104.07109667052595,10,1
160463,12319,55.89167748039032,10,1
160473,12320,122.22520415671981,10,1
160483,12321,131.00554296489386,10,1
160493,12322,123.21146950023729,10,1
160503,12323,130.1325499277235,10,1
160513,12324,105.38328342829222,10,1
160523,12325,125.17570928609238,10,1
160533,12326,89.71944409277769,10,1
160543,12327,102.31976126293816,10,1
160553,12328,126.36922804786343,10,1
160563,12329,97.7845669870859,10,1
160573,12330,123.86283065459342,10,1
160583,12331,120.80166850966326,10,1
160593,12332,127.84309809131486,10,1
160603,12333,114.85525456418492,10,1
160613,12334,109.33682287032829,10,1
160623,12335,106.8098167653266,10,1
160633,12336,75.36633108370219,10,1
160643,12337,130.4725629347319,10,1
160653,12338,99.76502037154845,10,1
160663,12339,128.69710389228558,10,1
160673,12340,87.23776004311992,10,1
160683,12341,94.19547306265314,10,1
160693,12342,128.57457476205357,10,1
160704,12343,86.46818676326352,11,1
160714,12344,120.16671737087783,10,1
160724,12345,103.38676582847359,10,1
160734,12346,117.34397001819971,10,1
160744,12347,138.89074007642134,10,1
160754,12348,131.5014821394169,10,1
160764,12349,113.08465325984956,10,1
160774,12350,130.31724647299788,10,1
160784,12351,137.6023762756484,10,1
160794,12352,84.32899845479038,10,1
160804,12353,107.50114858878891,10,1
160814,12354,123.33854148675567,10,1
160828,12355,124.94128149777347,14,1
160838,12356,113.26644141766354,10,1
160848,12357,127.29398050373659,10,1
160858,12358,123.52732075376608,10,1
160868,12359,91.56855689422225,10,1
160878,12360,131.7381014546462,10,1
160888,12361,35.65476556558597,10,1
160898,12362,130.30202859337706,10,1
160908,12363,132.17909499657262,10,1
160918,12364,126.7718033501154,10,1
160928,12365,139.0505457026512,10,1
160938,12366,127.68309240132136,10,1
160948,12367,125.73560570585016,10,1
160958,12368,97.58102217468475,10,1
160968,12369,121.83379629612536,10,1
160978,12370,73.665475669465,10,1
160988,12371,131.89358661670448,10,1
160998,12372,131.88325443004555,10,1
161008,12373,109.22146158559474,10,1
161018,12374,115.20485997586634,10,1
161028,12375,127.22911781351871,10,1
161068,12376,-20.611333773696835,40,0
161078,12377,111.02135045363983,10,1
161088,12378,126.62862368580048,10,1
161098,12379,128.5117963334095,10,1
161108,12380,123.5749409020041,10,1
161118,12381,130.54963605477275,10,1
161128,12382,130.19912341988336,10,1
161138,12383,120.77790480893155,10,1
161148,12384,116.01985742132436,10,1
161158,12385,107.70568146689756,10,1
161198,12386,-20.49313295078979,40,0
161208,12387,113.91098772313362,10,1
161218,12388,114.10342359566313,10,1
161228,12389,133.38687375950707,10,1
161238,12390,128.40415696484246,10,1
161248,12391,117.35498079372583,10,1
161258,12392,138.42216000546833,10,1
161268,12393,133.6226814396975,10,1
161278,12394,111.89664795168183,10,1
161288,12395,128.94718836083698,10,1
161298,12396,103.98071645186621,10,1
161308,12397,63.89708902290376,10,1
161318,12398,130.73418742297181,10,1
161328,12399,122.87375920776329,10,1
161338,12400,132.1834084448569,10,1
161348,12401,137.62787681001262,10,1
161358,12402,123.17908993105476,10,1
161368,12403,109.08729338646617,10,1
161378,12404,116.44741054761077,10,1
161388,12405,57.60179687346138,10,1
161398,12406,127.83987183296699,10,1
161408,12407,129.28721394290588,10,1
161418,12408,123.17280742476697,10,1
161428,12409,132.00550084879674,10,1
161438,12410,86.35172079238559,10,1
161448,12411,74.0602563540618,10,1
161458,12412,126.80407227919902,10,1
161468,12413,130.7528420445042,10,1
161478,12414,132.87874490153783,10,1
161488,12415,104.5163353607602,10,1
161498,12416,100.01302730086447,10,1
161508,12417,132.12304375907917,10,1
161518,12418,120.17052728593234,10,1
161528,12419,124.14986614729393,10,1
161538,12420,94.19880578665357,10,1
161548,12421,98.0411018977728,10,1
161558,12422,129.71958776815652,10,1
161568,12423,137.5075320201279,10,1
161578,12424,126.33211911561735,10,1
161588,12425,68.14309607141327,10,1
161598,12426,133.55458148479994,10,1
161608,12427,126.49195060347954,10,1
161618,12428,68.82648565816227,10,1
161628,12429,125.65749661094411,10,1
161638,12430,39.630236809139,10,1
161648,12431,118.55739227484621,10,1
161658,12432,131.50551292893857,10,1
161668,12433,129.4612137933281,10,1
161678,12434,122.99766740214469,10,1
161688,12435,126.29889196026619,10,1
161698,12436,122.20621889758625,10,1
161708,12437,108.72901566829351,10,1
161718,12438,80.99989075707505,10,1
161728,12439,126.73492002915977,10,1
161738,12440,76.7368626930357,10,1
161748,12441,116.05801458660163,10,1
161758,12442,112.41260788696289,10,1
161768,12443,131.61450142836594,10,1
161778,12444,109.816458094894,10,1
161788,12445,138.76683076667638,10,1
161798,12446,126.22983943162365,10,1
161808,12447,129.07743395113786,10,1
161818,12448,128.8474884405989,10,1
161828,12449,136.3598026326438,10,1
161838,12450,139.67050029542895,10,1
161848,12451,116.07749561675897,10,1
161858,12452,129.43498164664385,10,1
161868,12453,101.11014853160539,10,1
161878,12454,125.31232235359174,10,1
161918,12455,-20.700182063745977,40,0
161928,12456,43.698676621091316,10,1
161938,12457,122.87225214201649,10,1
161948,12458,126.39750039816678,10,1
161958,12459,145.70208076546555,10,1
161968,12460,88.84817551596814,10,1
161978,12461,128.38209325669263,10,1
161988,12462,129.22686968638854,10,1
161999,12463,95.80390673112139,11,1
162009,12464,138.4139559554226,10,1
162019,12465,129.40355080485747,10,1
162029,12466,126.55786746673576,10,1
162039,12467,128.15071232817746,10,1
162049,12468,127.08788867036363,10,1
162059,12469,130.38992587135763,10,1
162069,12470,128.90093449680296,10,1
162079,12471,146.7413857929294,10,1
162089,12472,124.21510049198089,10,1
162099,12473,125.49626826194917,10,1
162109,12474,29.936235838522837,10,1
162119,12475,101.69722704681054,10,1
162129,12476,136.05644948545924,10,1
162139,12477,119.01315081362975,10,1
162149,12478,112.174148559748,10,1
162159,12479,86.74404646054042,10,1
162169,12480,127.29175173792707,10,1
162179,12481,125.29487839543408,10,1
162189,12482,110.32372536497307,10,1
162199,12483,131.93349680695985,10,1
162209,12484,96.16491945138822,10,1
162219,12485,60.18334438693711,10,1
162229,12486,126.17976948091345,10,1
162239,12487,70.43274084780118,10,1
162249,12488,128.70539441820262,10,1
162259,12489,126.62371929163963,10,1
162299,12490,-21.431886622945267,40,0
162309,12491,131.85826793377345,10,1
162319,12492,133.30638189292188,10,1
162329,12493,103.62702920579083,10,1
162339,12494,138.95572236318304,10,1
162349,12495,128.9569885713115,10,1
162359,12496,87.74740068453674,10,1
162369,12497,123.28945556150371,10,1
162379,12498,138.57173918613248,10,1
162389,12499,128.29739841424367,10,1
162399,12500,103.37952754070503,10,1
162409,12501,93.71223053293427,10,1
162419,12502,114.92664579997165,10,1
162430,12503,49.39580997798277,11,1
162440,12504,116.7265283195493,10,1
162450,12505,80.60478066286518,10,1
162460,12506,123.38493452798384,10,1
162470,12507,94.6589360343546,10,1
162480,12508,36.31980797034904,10,1
162490,12509,127.56822639339623,10,1
162500,12510,123.69430853987981,10,1
162540,12511,-20.56388116031544,40,0
162550,12512,122.48054115624385,10,1
162560,12513,101.81783135983017,10,1
162570,12514,130.08192878369672,10,1
162580,12515,106.86029973867876,10,1
162590,12516,126.82948866659822,10,1
162600,12517,113.17297977510177,10,1
162610,12518,112.33485976313557,10,1
162620,12519,118.98489786723515,10,1
162630,12520,91.73728590502571,10,1
162640,12521,132.34646619789902,10,1
162650,12522,121.06014770173581,10,1
162660,12523,131.50093833477834,10,1
162670,12524,120.2800705470069,10,1
162680,12525,138.81578838643526,10,1
162690,12526,72.79937361550232,10,1
162700,12527,37.704113785264525,10,1
162710,12528,126.14229093139757,10,1
162720,12529,121.76671160538702,10,1
162730,12530,126.15021932141713,10,1
162740,12531,130.68453127744252,10,1
162750,12532,133.75315204879044,10,1
162760,12533,146.55001210421452,10,1
162770,12534,73.16116075573456,10,1
162780,12535,107.65648951026691,10,1
162790,12536,128.0627807576203,10,1
162800,12537,127.2989657607244,10,1
162810,12538,119.64604590209547,10,1
162820,12539,66.6428897334585,10,1
162830,12540,106.7326710317888,10,1
162840,12541,76.05380008902107,10,1
162850,12542,109.12768924486323,10,1
162860,12543,128.9028672561544,10,1
162870,12544,130.1033043292972,10,1
162880,12545,122.84838781506808,10,1
162890,12546,54.663225149157626,10,1
162900,12547,98.91999577944426,10,1
162910,12548,104.83183195106884,10,1
162920,12549,113.33615360727447,10,1
162930,12550,41.81203578785037,10,1
162940,12551,110.2367175217482,10,1
162950,12552,30.675835867763677,10,1
162960,12553,83.59968025137675,10,1
162970,12554,139.18030493273022,10,1
162980,12555,105.16558205967344,10,1
162990,12556,75.04126939191283,10,1
163000,12557,139.99588218719282,10,1
163010,12558,102.27107817251215,10,1
163020,12559,119.17870732620138,10,1
163030,12560,106.45314248784861,10,1
163040,12561,120.43746058691175,10,1
163050,12562,118.2399713683799,10,1
163060,12563,133.24787075344724,10,1
163070,12564,121.71139675586164,10,1
163080,12565,90.03422694291355,10,1
163090,12566,129.41158949800436,10,1
163100,12567,117.13806480108445,10,1
163110,12568,124.68855168772599,10,1
163120,12569,109.90577041872857,10,1
163130,12570,109.44530876008308,10,1
163140,12571,105.80282175587611,10,1
163150,12572,43.36846349705302,10,1
163160,12573,40.65204486704755,10,1
163170,12574,114.71687572725594,10,1
163180,12575,95.24971526131628,10,1
163190,12576,75.39802090879927,10,1
163200,12577,128.32132432629567,10,1
163210,12578,119.47526880286327,10,1
163220,12579,119.46989662872909,10,1
163230,12580,36.49461908992082,10,1
163240,12581,130.0435209333206,10,1
163250,12582,126.83854624651707,10,1
163260,12583,131.1360009507329,10,1
163270,12584,100.85519039891132,10,1
163280,12585,128.90348391405828,10,1
163290,12586,122.78480084023995,10,1
163300,12587,85.91457296120635,10,1
163310,12588,113.38540899345584,10,1
163320,12589,121.4516793406269,10,1
163330,12590,121.35112405284978,10,1
163340,12591,125.73331924704652,10,1
163350,12592,125.53925768926874,10,1
163360,12593,68.31344589253798,10,1
163370,12594,131.29019059809076,10,1
163380,12595,114.96493851343483,10,1
163390,12596,118.94870448922184,10,1
163400,12597,121.34283734054799,10,1
163410,12598,106.55119802270168,10,1
163420,12599,124.10797785257661,10,1
163430,12600,86.2806126014361,10,1
163440,12601,131.85263293199733,10,1
163450,12602,114.85089138805398,10,1
163460,12603,120.3802728364421,10,1
163470,12604,124.99822165596005,10,1
163480,12605,126.21797359461942,10,1
163490,12606,119.67103336247811,10,1
163500,12607,110.18506772915364,10,1
163510,12608,32.29113941772066,10,1
163520,12609,136.59473327187865,10,1
163530,12610,133.5920496051901,10,1
163540,12611,139.71040852433433,10,1
163550,12612,125.85763643492855,10,1
163560,12613,130.87587976074784,10,1
163570,12614,129.81633008181706,10,1
163580,12615,138.54875400845728,10,1
163590,12616,114.44102786353628,10,1
163600,12617,104.60048544146406,10,1
163610,12618,139.59821810655447,10,1
163620,12619,125.64246159872387,10,1
163630,12620,120.50117868955002,10,1
163640,12621,133.58851693869084,10,1
163650,12622,82.29667775334292,10,1
163660,12623,134.07317108745832,10,1
163670,12624,120.17685701166411,10,1
163680,12625,128.44044979844546,10,1
163690,12626,122.77009815584576,10,1
163701,12627,73.04512071982154,11,1
163711,12628,118.89481467182233,10,1
163721,12629,131.50290349476722,10,1
163731,12630,63.40577722430564,10,1
163741,12631,128.8845886347125,10,1
163751,12632,101.47751260410432,10,1
163761,12633,126.88880945382394,10,1
163771,12634,126.84143910441185,10,1
163781,12635,133.29379392568595,10,1
163791,12636,106.61246318042902,10,1
163801,12637,127.05052851004044,10,1
163811,12638,138.5857005859255,10,1
163821,12639,87.80625305916091,10,1
163831,12640,146.60758624286777,10,1
163841,12641,130.067513967109,10,1
163851,12642,64.91602665552776,10,1
163861,12643,120.86325838939234,10,1
163871,12644,130.84390820422024,10,1
163881,12645,146.1397233154332,10,1
163891,12646,129.08838006455932,10,1
163901,12647,127.36309426516432,10,1
163911,12648,82.24645818298427,10,1
163921,12649,127.8340738318457,10,1
163931,12650,124.64573136544547,10,1
163941,12651,120.54186790430848,10,1
163951,12652,57.08121391561502,10,1
163961,12653,126.4867514401734,10,1
163971,12654,119.4106987806702,10,1
163981,12655,38.56016660793131,10,1
163991,12656,107.38280223846935,10,1
164001,12657,103.31371158457034,10,1
164011,12658,114.25697334977811,10,1
164021,12659,96.72863829154954,10,1
164054,12660,32.98724650744394,33,1
164064,12661,101.30625189082231,10,1
164074,12662,124.27171108121476,10,1
164084,12663,125.58201867727217,10,1
164094,12664,131.60646999436366,10,1
164104,12665,137.92270433096024,10,1
164114,12666,138.57793432263844,10,1
164124,12667,108.90205937291374,10,1
164134,12668,126.92100053416145,10,1
164144,12669,126.84155674514436,10,1
164154,12670,130.58868299628824,10,1
164164,12671,118.5517677006018,10,1
164174,12672,138.29689809656657,10,1
164184,12673,121.19668318687285,10,1
164194,12674,124.33871857853978,10,1
164204,12675,127.85698523033474,10,1
164214,12676,101.4830809328563,10,1
164224,12677,108.65077668331023,10,1
164234,12678,125.5972802487592,10,1
164244,12679,126.04655988671894,10,1
164254,12680,99.91268035533199,10,1
164264,12681,138.92218869289067,10,1
164274,12682,133.7897172645252,10,1
164284,12683,107.10657331282185,10,1
164294,12684,132.01450283011792,10,1
164304,12685,128.53187445848073,10,1
164314,12686,131.05436664363395,10,1
164324,12687,121.86042591167914,10,1
164334,12688,114.0307078557705,10,1
164344,12689,117.07868456943783,10,1
164354,12690,111.85604634029879,10,1
164365,12691,92.10262356999135,11,1
164375,12692,17.242631775182108,10,1
164386,12693,27.016549460052996,11,1
164396,12694,108.70415707901539,10,1
164406,12695,132.55354966107478,10,1
164416,12696,115.73394309235856,10,1
164426,12697,98.15774217195195,10,1
164436,12698,22.494635846282637,10,1
164446,12699,138.22028020582982,10,1
164456,12700,86.15621654238012,10,1
164466,12701,132.61715559662082,10,1
164476,12702,111.73086760181991,10,1
164486,12703,107.03238620755147,10,1
164496,12704,82.79783388435844,10,1
164506,12705,113.55176414840722,10,1
164516,12706,123.08037994889901,10,1
164526,12707,130.93198979255118,10,1
164536,12708,132.8049125213553,10,1
164546,12709,118.68933049748154,10,1
164556,12710,87.56834804099303,10,1
164566,12711,129.75661959790057,10,1
164576,12712,120.83213326014139,10,1
164586,12713,85.74734544498224,10,1
164596,12714,123.65797184523664,10,1
164606,12715,93.05467780729897,10,1
164616,12716,137.70006662784698,10,1
164626,12717,130.98604382624802,10,1
164636,12718,129.80114303062203,10,1
164646,12719,121.37787694484629,10,1
164656,12720,118.6401850114065,10,1
164666,12721,107.51326168257467,10,1
164676,12722,146.4999991139828,10,1
164686,12723,81.40870404791585,10,1
164696,12724,24.18955862569349,10,1
164706,12725,106.49293478546524,10,1
164716,12726,133.04414651006059,10,1
164726,12727,110.99057124526296,10,1
164736,12728,122.90196002938369,10,1
164746,12729,111.80983881990305,10,1
164756,12730,125.71941202697496,10,1
164766,12731,52.220487654684895,10,1
164776,12732,128.39301831871947,10,1
164786,12733,119.72478995135693,10,1
164796,12734,126.64914281373525,10,1
164806,12735,138.34739004076349,10,1
164816,12736,56.033290114628144,10,1
164826,12737,126.4769047006729,10,1
164836,12738,128.32948281324542,10,1
164846,12739,125.3499310041263,10,1
164856,12740,131.676337406982,10,1
164866,12741,129.66282120076667,10,1
164876,12742,70.51556588381418,10,1
164886,12743,130.023837763924,10,1
164896,12744,123.05295347623719,10,1
164906,12745,61.514785923524116,10,1
164916,12746,137.92948203663755,10,1
164926,12747,128.3640266238377,10,1
164936,12748,122.05159632801251,10,1
164946,12749,132.00741220875486,10,1
164956,12750,126.82426709290117,10,1
164966,12751,106.30715444762744,10,1
164976,12752,44.99618234381784,10,1
164986,12753,116.25260182947143,10,1
164996,12754,112.36052296914217,10,1
165006,12755,125.12029998124929,10,1
165016,12756,53.540507941209356,10,1
165026,12757,128.9198304527512,10,1
165036,12758,131.56848958593235,10,1
165046,12759,107.92508003726579,10,1
165056,12760,94.34432406422363,10,1
165066,12761,118.36039350270072,10,1
165076,12762,131.5791975245492,10,1
165086,12763,139.583852665128,10,1
165096,12764,121.15202537960653,10,1
165106,12765,127.11646052447196,10,1
165116,12766,125.30294594269263,10,1
165126,12767,125.15181123060427,10,1
165136,12768,122.7601524146984,10,1
165146,12769,124.45420116591937,10,1
165156,12770,99.32451283346009,10,1
165166,12771,56.97988517812909,10,1
165176,12772,119.84824969862999,10,1
165186,12773,81.42850044248472,10,1
165196,12774,112.2160189433103,10,1
165206,12775,98.80626589020427,10,1
165216,12776,94.81787949356175,10,1
165226,12777,130.52392391774566,10,1
165236,12778,102.97798328444848,10,1
165246,12779,114.04483901727275,10,1
165256,12780,138.1934503241633,10,1
165266,12781,119.71026764684086,10,1
165276,12782,101.48077517348416,10,1
165286,12783,116.33824516400185,10,1
165296,12784,131.16553096598795,10,1
165306,12785,130.71229319707757,10,1
165316,12786,126.37442034259415,10,1
165326,12787,110.32471207896674,10,1
165336,12788,127.6426448775944,10,1
165346,12789,129.84252915488202,10,1
165356,12790,105.97376287667903,10,1
165366,12791,136.86302980437412,10,1
165376,12792,127.82596570462815,10,1
165386,12793,124.78330358460204,10,1
165396,12794,114.08862404933801,10,1
165406,12795,66.36925035194871,10,1
165416,12796,125.99651327759364,10,1
165426,12797,129.40750527347154,10,1
165436,12798,105.83616144475289,10,1
165446,12799,99.71140014979113,10,1
165456,12800,115.63409966538427,10,1
165466,12801,111.68555805584333,10,1
165476,12802,120.87481380294264,10,1
165486,12803,123.62801160077282,10,1
165496,12804,110.32982863715436,10,1
165506,12805,146.00670376295167,10,1
165516,12806,125.91068226875753,10,1
165526,12807,129.04292435598663,10,1
165536,12808,138.4538877459113,10,1
165546,12809,106.87693718203059,10,1
165556,12810,130.66821914122932,10,1
165566,12811,137.17684880374165,10,1
165576,12812,132.1400945552357,10,1
165586,12813,57.90458965703156,10,1
165596,12814,137.8020643045857,10,1
165606,12815,111.8024449306781,10,1
165616,12816,124.69592891974078,10,1
165626,12817,126.68021928390475,10,1
165636,12818,118.89137329400495,10,1
165646,12819,93.44795704916531,10,1
165656,12820,85.41696496056525,10,1
165666,12821,132.55746003536868,10,1
165676,12822,129.6009275876842,10,1
165686,12823,55.00519588589219,10,1
165696,12824,131.52973468078088,10,1
165706,12825,109.6865629314925,10,1
165716,12826,102.84987351630573,10,1
165726,12827,139.87757933827996,10,1
165736,12828,116.74779161399184,10,1
165746,12829,65.14178822723548,10,1
165756,12830,115.696383460208,10,1
165766,12831,103.01471432021381,10,1
165776,12832,127.75971048101506,10,1
165786,12833,131.64978598883567,10,1
165796,12834,137.6266664107036,10,1
165806,12835,104.73211255396104,10,1
165816,12836,127.76244243303954,10,1
165828,12837,64.32113237502551,12,1
165838,12838,124.34961147365648,10,1
165848,12839,136.39777373207374,10,1
165858,12840,126.91274530334852,10,1
165868,12841,87.6460026046122,10,1
165878,12842,111.47984185651498,10,1
165888,12843,87.79992666927568,10,1
165898,12844,103.59152140104486,10,1
165909,12845,49.023941501360824,11,1
165919,12846,115.57698916725751,10,1
165929,12847,112.21548180643423,10,1
165939,12848,123.56220974274586,10,1
165949,12849,66.39179473987069,10,1
165959,12850,130.46404176282505,10,1
165969,12851,127.4302270539921,10,1
165979,12852,37.45217558706575,10,1
165989,12853,132.60710510378456,10,1
165999,12854,123.25231924160661,10,1
166009,12855,132.93431339760804,10,1
166019,12856,117.34993241477773,10,1
166029,12857,57.4690266100041,10,1
166039,12858,88.81915712220534,10,1
166049,12859,131.4784949612876,10,1
166059,12860,125.27778975997525,10,1
166069,12861,130.79871205789965,10,1
166079,12862,129.8233707797455,10,1
166089,12863,132.84129977664867,10,1
166099,12864,114.09381735056391,10,1
166109,12865,61.5226012487511,10,1
166119,12866,111.02952561643887,10,1
166129,12867,131.03501824482953,10,1
166139,12868,129.99831315625582,10,1
166149,12869,132.2234103194759,10,1
166159,12870,102.4731753459789,10,1
166169,12871,128.06215111744746,10,1
166179,12872,130.5381488486894,10,1
166189,12873,122.47581928611245,10,1
166199,12874,114.19204029689382,10,1
166209,12875,125.12644346246567,10,1
166219,12876,118.51360519618186,10,1
166229,12877,130.78852221194902,10,1
166239,12878,133.37077810614264,10,1
166249,12879,118.51318321555709,10,1
166259,12880,22.8897590581264,10,1
166269,12881,84.41629857993416,10,1
166279,12882,133.0081182277293,10,1
166289,12883,123.26722924228966,10,1
166299,12884,114.4216869484,10,1
166309,12885,106.00169493184133,10,1
166319,12886,85.12588603055957,10,1
166329,12887,109.91673541754804,10,1
166339,12888,100.67269872875093,10,1
166349,12889,53.09180312244129,10,1
166359,12890,117.10255432933859,10,1
166369,12891,114.28684823644166,10,1
166379,12892,85.51823717652661,10,1
166389,12893,104.86110744490924,10,1
166399,12894,117.62721179675287,10,1
166409,12895,137.40429369745272,10,1
166419,12896,83.20839680555692,10,1
166429,12897,133.66127303183083,10,1
166439,12898,128.63115130402053,10,1
166449,12899,131.3014801493081,10,1
166459,12900,132.406871630374,10,1
166469,12901,132.08607196551748,10,1
166479,12902,120.00134197499696,10,1
166489,12903,130.65347116195525,10,1
166499,12904,125.14135905186593,10,1
166509,12905,92.46411588011189,10,1
166519,12906,133.35774923504604,10,1
166529,12907,124.48152340646395,10,1
166539,12908,108.30482817460081,10,1
166549,12909,24.36389286954161,10,1
166559,12910,122.67810910171188,10,1
166569,12911,84.53075106954972,10,1
166579,12912,131.41296546173854,10,1
166589,12913,96.16027193493503,10,1
166599,12914,36.325155997246334,10,1
166609,12915,128.5867097385767,10,1
166619,12916,29.63060910810481,10,1
166629,12917,137.51635424869633,10,1
166639,12918,56.64826178604259,10,1
166649,12919,130.2936654077096,10,1
166659,12920,119.3967121228106,10,1
166669,12921,117.46175812140766,10,1
166679,12922,131.36412171373607,10,1
166689,12923,122.69946316455743,10,1
166699,12924,132.99187991108207,10,1
166709,12925,27.017712548985713,10,1
166720,12926,63.55462622096535,11,1
166730,12927,83.82444993088139,10,1
166740,12928,130.22480560801327,10,1
166750,12929,126.67190540188146,10,1
166760,12930,75.99500309112689,10,1
166770,12931,138.26260338347086,10,1
166780,12932,131.4170973098638,10,1
166791,12933,17.225427535118307,11,1
166801,12934,89.52590012098852,10,1
166811,12935,115.93019873364636,10,1
166821,12936,127.14529593303192,10,1
166831,12937,114.89884313758166,10,1
166841,12938,132.06193982948702,10,1
166851,12939,125.42668421267533,10,1
166861,12940,128.2439285849631,10,1
166871,12941,128.64539153271156,10,1
166881,12942,127.05343961625037,10,1
166891,12943,111.68423036296576,10,1
166901,12944,114.37977503876361,10,1
166911,12945,130.52634551562636,10,1
166921,12946,121.09132167833752,10,1
166931,12947,110.4544810821372,10,1
166941,12948,116.73895186321148,10,1
166951,12949,90.73171224630424,10,1
166961,12950,121.96169723496023,10,1
166971,12951,129.90270324803913,10,1
166981,12952,132.57156883481954,10,1
166991,12953,93.75906992213366,10,1
167001,12954,135.99285713468439,10,1
167011,12955,119.66946517195814,10,1
167021,12956,121.3971401297107,10,1
167031,12957,131.43824406265847,10,1
167041,12958,123.24515406304926,10,1
167051,12959,119.9208353379929,10,1
167061,12960,75.15168993840375,10,1
167074,12961,57.11015864561388,13,1
167084,12962,62.55209635282258,10,1
167095,12963,132.68225309402337,11,1
167108,12964,66.54483496337642,13,1
167118,12965,117.6553172320967,10,1
167128,12966,122.69903131530697,10,1
167138,12967,57.681771991348114,10,1
167148,12968,22.894876735221043,10,1
167158,12969,117.32238346372,10,1
167168,12970,122.93936221917477,10,1
167178,12971,131.40233387580187,10,1
167188,12972,116.50757451401162,10,1
167198,12973,127.24646026880454,10,1
167208,12974,80.65820105445033,10,1
167218,12975,120.48062582283855,10,1
167228,12976,85.46531896053263,10,1
167238,12977,121.03905749232321,10,1
167248,12978,97.5683574424679,10,1
167258,12979,146.21445924483692,10,1
167268,12980,106.57248215418309,10,1
167278,12981,104.68507503229051,10,1
167288,12982,131.8581291473274,10,1
167298,12983,107.74735970673973,10,1
167308,12984,103.73706007342733,10,1
167318,12985,124.23792040614208,10,1
167328,12986,96.34067078544312,10,1
167338,12987,133.5272258261833,10,1
167348,12988,91.23821448330987,10,1
167358,12989,74.56511399433163,10,1
167368,12990,115.93689482527608,10,1
167378,12991,92.20156266068123,10,1
167388,12992,90.36422813126048,10,1
167398,12993,127.30344664307964,10,1
167408,12994,42.61065249150352,10,1
167418,12995,132.5224716360851,10,1
167428,12996,130.0123000613176,10,1
167438,12997,111.87568172401038,10,1
167448,12998,50.194238858011985,10,1
167458,12999,96.18375818614632,10,1
167468,13000,129.41240454077428,10,1
167478,13001,125.24693330833456,10,1
167488,13002,126.5791914451335,10,1
167498,13003,130.87729942019095,10,1
167508,13004,80.48300371658098,10,1
167518,13005,38.600861538294794,10,1
167528,13006,93.80201719156256,10,1
167538,13007,124.33224393614674,10,1
167548,13008,130.1660137129979,10,1
167558,13009,126.36983572303971,10,1
167568,13010,31.20165616549839,10,1
167578,13011,45.00888260235856,10,1
167588,13012,138.5504824325389,10,1
167598,13013,90.28679010059162,10,1
167608,13014,127.98380967057852,10,1
167618,13015,128.78695836894036,10,1
167628,13016,118.13121647183621,10,1
167638,13017,125.71753993281776,10,1
167648,13018,120.82110971480701,10,1
167658,13019,128.52757222641037,10,1
167668,13020,120.98748471300699,10,1
167678,13021,97.51396074007502,10,1
167688,13022,138.66745403378826,10,1
167698,13023,128.85780158833336,10,1
167708,13024,91.60589488216593,10,1
167718,13025,127.31757703239556,10,1
167728,13026,109.00650891870283,10,1
167740,13027,108.45592226319874,12,1
167750,13028,130.08548737591585,10,1
167760,13029,100.42123895970775,10,1
167770,13030,131.08217236721975,10,1
167780,13031,121.09287696692572,10,1
167790,13032,74.0034825059462,10,1
167800,13033,35.90478891746293,10,1
167810,13034,112.16664384057651,10,1
167820,13035,27.13889608811104,10,1
167830,13036,130.404207869704,10,1
167840,13037,106.39519028933333,10,1
167850,13038,120.53843883937962,10,1
167860,13039,126.37842425725462,10,1
167870,13040,109.48612199915794,10,1
167880,13041,125.89396172704441,10,1
167890,13042,131.11522767670454,10,1
167900,13043,112.86240665389818,10,1
167910,13044,72.75377647102898,10,1
167920,13045,112.18034379994904,10,1
167930,13046,122.59229611282768,10,1
167940,13047,126.90671207923141,10,1
167950,13048,87.84195123526706,10,1
167960,13049,101.8791750422611,10,1
167970,13050,129.45505338550774,10,1
167980,13051,122.89209096710296,10,1
167990,13052,127.56039907128897,10,1
168000,13053,114.54638673397645,10,1
168010,13054,136.97516955572397,10,1
168020,13055,131.00568534500803,10,1
168030,13056,107.12061934376476,10,1
168040,13057,91.73832641975447,10,1
168050,13058,91.2355486015745,10,1
168060,13059,132.25572532970673,10,1
168071,13060,113.83731037319993,11,1
168082,13061,98.93156152395245,11,1
168092,13062,106.88258738986138,10,1
168102,13063,87.80618067174422,10,1
168112,13064,119.17737383002941,10,1
168122,13065,126.97163342649515,10,1
168132,13066,131.57369095093162,10,1
168142,13067,114.68776448591586,10,1
168152,13068,129.7504483940621,10,1
168162,13069,130.79277098926204,10,1
168172,13070,124.20236883841032,10,1
168182,13071,104.63382698620889,10,1
168192,13072,131.10188716253379,10,1
168202,13073,64.61004150088945,10,1
168212,13074,137.194138443115,10,1
168222,13075,133.59479080028606,10,1
168232,13076,124.33033561372564,10,1
168242,13077,97.93889478206796,10,1
168252,13078,129.89134619630656,10,1
168262,13079,127.28687290536494,10,1
168272,13080,121.35275926805467,10,1
168282,13081,87.71260631447471,10,1
168292,13082,26.24816753262784,10,1
168302,13083,100.941639508693,10,1
168312,13084,69.50741221480692,10,1
168322,13085,115.10839060803518,10,1
168332,13086,91.38321175383172,10,1
168342,13087,88.93699542709977,10,1
168352,13088,84.76612390231271,10,1
168362,13089,115.95616829569124,10,1
168372,13090,126.23317970378767,10,1
168382,13091,64.18731693722127,10,1
168392,13092,122.35362994188306,10,1
168402,13093,119.46908006823939,10,1
168412,13094,127.0180524421016,10,1
168422,13095,122.48685835650834,10,1
168432,13096,132.85716141006245,10,1
168442,13097,106.6361863093638,10,1
168452,13098,115.27191335701536,10,1
168462,13099,112.0147654645427,10,1
168472,13100,108.02391524314721,10,1
168482,13101,123.62969448002833,10,1
168492,13102,126.79285233454101,10,1
168502,13103,132.40795572459328,10,1
168512,13104,116.91433493169217,10,1
168522,13105,146.1957757890043,10,1
168532,13106,131.43737726511912,10,1
168542,13107,99.0920577691907,10,1
168552,13108,126.61236352542441,10,1
168562,13109,94.45296361402617,10,1
168578,13110,86.50001371826963,16,1
168588,13111,126.47542007221959,10,1
168598,13112,128.42202852387456,10,1
168608,13113,117.03645462246253,10,1
168618,13114,102.97991990068395,10,1
168628,13115,145.85910499586907,10,1
168638,13116,96.52425490003259,10,1
168648,13117,124.21955955444702,10,1
168658,13118,17.781019195140228,10,1
168668,13119,124.18582194415792,10,1
168678,13120,132.397111895121,10,1
168688,13121,138.9709463305851,10,1
168698,13122,130.73008144908366,10,1
168708,13123,125.18306177118261,10,1
168718,13124,93.06445115770447,10,1
168728,13125,123.86133612645463,10,1
168738,13126,126.27480942066221,10,1
168748,13127,105.22216135913777,10,1
168758,13128,21.678311062126987,10,1
168771,13129,72.5537882885,13,1
168781,13130,113.84524269731712,10,1
168791,13131,82.38912108018033,10,1
168801,13132,108.88799378922515,10,1
168811,13133,146.33079807087398,10,1
168821,13134,126.18240423385484,10,1
168831,13135,130.47706353551246,10,1
168841,13136,130.99811999107922,10,1
168851,13137,124.33643562949639,10,1
168861,13138,126.37089099566442,10,1
168871,13139,115.57116338747953,10,1
168881,13140,97.37658151428491,10,1
168891,13141,86.13540712815409,10,1
168901,13142,114.4768893802543,10,1
168911,13143,117.66810682644864,10,1
168921,13144,85.90260231282285,10,1
168931,13145,119.42950258691862,10,1
168941,13146,138.52051652048968,10,1
168951,13147,124.6418064857973,10,1
168962,13148,30.533418310818153,11,1
168972,13149,129.7674566296345,10,1
168982,13150,76.22652969887004,10,1
168992,13151,126.72033996641905,10,1
169002,13152,127.08835868469026,10,1
169012,13153,116.45621891195749,10,1
169022,13154,123.32822006986949,10,1
169032,13155,128.49118993320448,10,1
169042,13156,128.42014758486255,10,1
169052,13157,111.87939016091053,10,1
169062,13158,38.232894152488115,10,1
169072,13159,122.72382814789742,10,1
169082,13160,88.88171018257279,10,1
169092,13161,137.49939481270098,10,1
169102,13162,121.26947387171808,10,1
169112,13163,95.30652641890156,10,1
169122,13164,98.3899121850109,10,1
169132,13165,104.58706063577213,10,1
169142,13166,80.56674577964675,10,1
169152,13167,119.63157376366462,10,1
169162,13168,131.03163155177594,10,1
169172,13169,122.20326308196506,10,1
169182,13170,123.29869304587787,10,1
169192,13171,106.03272170645484,10,1
169202,13172,117.24135744075869,10,1
169212,13173,126.68329766876195,10,1
169222,13174,129.2040919166389,10,1
169232,13175,126.65742695818793,10,1
169243,13176,5.852871355738464,11,1
169253,13177,122.53618589545177,10,1
169263,13178,114.31397702369472,10,1
169273,13179,131.63780102633555,10,1
169283,13180,69.34127680580944,10,1
169293,13181,131.0543937588559,10,1
169303,13182,110.15132531482436,10,1
169313,13183,100.0852901382048,10,1
169323,13184,127.37253371701439,10,1
169333,13185,121.0070537815174,10,1
169343,13186,130.065615501845,10,1
169353,13187,122.66168889476144,10,1
169363,13188,115.78133243968306,10,1
169373,13189,124.5492723840392,10,1
169383,13190,74.14277475879062,10,1
169393,13191,144.87859296502901,10,1
169403,13192,119.49230682321297,10,1
169413,13193,126.56413311556653,10,1
169423,13194,119.8292104169017,10,1
169433,13195,84.5200114843736,10,1
169443,13196,94.2626956643511,10,1
169453,13197,129.9473462013549,10,1
169463,13198,137.5023579327434,10,1
169473,13199,126.13178893458601,10,1
169483,13200,94.78204001634558,10,1
169493,13201,133.9518505154736,10,1
169504,13202,77.20263473420945,11,1
169514,13203,130.5488779143727,10,1
169524,13204,81.30016528087558,10,1
169534,13205,71.86779439959813,10,1
169544,13206,73.50671153888355,10,1
169554,13207,107.01850614527034,10,1
169564,13208,130.74366475191414,10,1
169574,13209,106.19034565750493,10,1
169584,13210,100.70497128419582,10,1
169594,13211,116.51152813430944,10,1
169604,13212,73.99313582995505,10,1
169614,13213,123.16329104680833,10,1
169624,13214,134.0348817098461,10,1
169634,13215,127.09055035236499,10,1
169644,13216,89.61126237627361,10,1
169654,13217,99.62812151655815,10,1
169664,13218,39.33020966602342,10,1
169674,13219,128.027757027209,10,1
169684,13220,128.25815803518083,10,1
169694,13221,126.36444397603918,10,1
169704,13222,123.84315749463357,10,1
169714,13223,127.86304912844187,10,1
169724,13224,106.72142286949516,10,1
169734,13225,128.8499202159147,10,1
169744,13226,129.1765909016883,10,1
169754,13227,101.9666655524763,10,1
169764,13228,132.74482647714635,10,1
169774,13229,120.04324304444386,10,1
169784,13230,116.83167598764722,10,1
169794,13231,133.43632198453403,10,1
169804,13232,119.47545757361759,10,1
169814,13233,128.4475770952223,10,1
169824,13234,127.57814406593425,10,1
169834,13235,129.42240635227782,10,1
169844,13236,127.7397190145319,10,1
169854,13237,116.63179226886596,10,1
169864,13238,93.80149051347136,10,1
169875,13239,18.55951461027793,11,1
169885,13240,129.62630139244075,10,1
169895,13241,117.1190097719282,10,1
169905,13242,126.41677386362522,10,1
169915,13243,54.22768837451429,10,1
169925,13244,111.69964472019689,10,1
169935,13245,81.04070016083415,10,1
169945,13246,112.49240926075237,10,1
169955,13247,115.99575787121567,10,1
169965,13248,131.8815910757616,10,1
169975,13249,137.73979838779996,10,1
169985,13250,104.3972864603203,10,1
169995,13251,121.52132617100155,10,1
170005,13252,113.7916817511585,10,1
170015,13253,123.31028594832524,10,1
170025,13254,117.97087983844699,10,1
170035,13255,68.65203884480374,10,1
170045,13256,95.9142940302993,10,1
170055,13257,110.82578794097775,10,1
170065,13258,123.62191109328855,10,1
170075,13259,130.2889464869302,10,1
170085,13260,136.75635252771977,10,1
170095,13261,103.67270144828535,10,1
170105,13262,118.15544613700541,10,1
170115,13263,130.53469060455257,10,1
170125,13264,130.16298729139996,10,1
170135,13265,79.86691509687785,10,1
170145,13266,131.6198938772883,10,1
170155,13267,110.04490290357482,10,1
170165,13268,120.28202418939894,10,1
170176,13269,72.30356168794717,11,1
170186,13270,102.92085713887955,10,1
170196,13271,124.70875269859334,10,1
170206,13272,103.75154184406264,10,1
170216,13273,78.79224421582498,10,1
170226,13274,65.53695054975216,10,1
170236,13275,79.04698693871256,10,1
170246,13276,125.13681354721481,10,1
170256,13277,130.62710691354906,10,1
170266,13278,132.8264090686415,10,1
170276,13279,133.89437908825772,10,1
170286,13280,119.16070745775548,10,1
170296,13281,107.90144384527277,10,1
170306,13282,109.9302062685879,10,1
170316,13283,33.75210563537966,10,1
170326,13284,126.12827798174389,10,1
170366,13285,-20.326597253403026,40,0
170376,13286,122.45613722960015,10,1
170386,13287,93.6482493508535,10,1
170396,13288,126.84478194409685,10,1
170406,13289,98.08819607767279,10,1
170416,13290,103.56196072555878,10,1
170426,13291,71.66072088343658,10,1
170436,13292,128.50549026547174,10,1
170446,13293,133.32914485373212,10,1
170456,13294,115.28545360428846,10,1
170466,13295,23.55520200306441,10,1
170476,13296,123.8603199823062,10,1
170486,13297,122.71213415077712,10,1
170496,13298,120.12072715777124,10,1
170506,13299,106.02612594568694,10,1
170516,13300,112.95318304078845,10,1
170526,13301,113.07568897527246,10,1
170536,13302,46.690989685531484,10,1
170546,13303,130.66133715482175,10,1
170556,13304,131.66219671390678,10,1
170566,13305,99.79955502851978,10,1
170576,13306,128.79657983688574,10,1
170586,13307,128.84671633656689,10,1
170596,13308,132.5300006691142,10,1
170607,13309,67.37905369795364,11,1
170617,13310,116.86494703997936,10,1
170627,13311,138.9955131060716,10,1
170637,13312,131.3964594474496,10,1
170647,13313,81.32316886820313,10,1
170657,13314,56.32749911227034,10,1
170667,13315,124.00474473854476,10,1
170677,13316,114.09714869218489,10,1
170687,13317,119.72159420798535,10,1
170697,13318,109.3479027312316,10,1
170707,13319,101.62402717990179,10,1
170717,13320,77.03645779525816,10,1
170727,13321,123.10706004321338,10,1
170737,13322,73.54599722439055,10,1
170747,13323,131.53780607314908,10,1
170757,13324,114.74496328820665,10,1
170767,13325,119.03972931291304,10,1
170777,13326,67.37585841415503,10,1
170787,13327,127.06182979256589,10,1
170797,13328,109.0724829353263,10,1
170807,13329,112.8584149779422,10,1
170817,13330,91.58111375802814,10,1
170827,13331,52.63770361455094,10,1
170837,13332,117.0676827625219,10,1
170847,13333,132.12169922045695,10,1
170857,13334,130.66459276426636,10,1
170867,13335,128.19009316086166,10,1
170877,13336,122.029255765449,10,1
170887,13337,131.44889613197196,10,1
170897,13338,144.89307707716802,10,1
170907,13339,67.5082229842168,10,1
170917,13340,111.80602065481648,10,1
170927,13341,69.95492609333655,10,1
170937,13342,122.90755286198787,10,1
170947,13343,66.66804083610828,10,1
170957,13344,128.28061814164735,10,1
170967,13345,113.65846202393624,10,1
170977,13346,93.80990160720955,10,1
170987,13347,111.0912758622533,10,1
170997,13348,127.85895434329993,10,1
171007,13349,128.39445497126118,10,1
171017,13350,130.97362401191134,10,1
171027,13351,139.24882278843828,10,1
171037,13352,100.7151731580218,10,1
171047,13353,104.22948881898833,10,1
171057,13354,79.1644228646011,10,1
171067,13355,138.92681356027632,10,1
171077,13356,128.07822290328681,10,1
171087,13357,133.89349619989895,10,1
171097,13358,123.7284799300001,10,1
171107,13359,125.03406774461445,10,1
171117,13360,28.25380437178823,10,1
171127,13361,122.23150507435,10,1
171137,13362,114.92212994491003,10,1
171147,13363,139.69008185089976,10,1
171157,13364,105.9234170947446,10,1
171167,13365,100.15729852085632,10,1
171177,13366,59.39997909468052,10,1
171187,13367,88.51804590756213,10,1
171197,13368,96.66650439140254,10,1
171207,13369,130.77967559633365,10,1
171217,13370,120.20565439704646,10,1
171227,13371,130.41429003214284,10,1
171237,13372,119.95479501272058,10,1
171247,13373,120.46954035827954,10,1
171257,13374,21.49730580723856,10,1
171267,13375,91.40204357677553,10,1
171277,13376,123.54582939182619,10,1
171287,13377,92.70835832847199,10,1
171297,13378,31.897282320554808,10,1
171307,13379,80.6737084860205,10,1
171317,13380,15.464222081997562,10,1
171327,13381,129.9634346436371,10,1
171337,13382,122.1612239294281,10,1
171347,13383,131.05937979731277,10,1
171357,13384,133.40637519666478,10,1
171367,13385,131.09325686249608,10,1
171377,13386,90.07376371670688,10,1
171387,13387,127.82009024986435,10,1
171397,13388,111.51992989942086,10,1
171407,13389,116.03268236287035,10,1
171417,13390,118.15318495123292,10,1
171427,13391,137.89400121079493,10,1
171467,13392,-20.680473591588996,40,0
171477,13393,132.2187696230926,10,1
171487,13394,33.26044430921302,10,1
171497,13395,24.83931972891667,10,1
171507,13396,132.46982628953825,10,1
171517,13397,117.91345103443939,10,1
171527,13398,108.82415559457746,10,1
171537,13399,90.11219792051885,10,1
171547,13400,131.41204462242413,10,1
171557,13401,69.49337090908806,10,1
171567,13402,132.78663963494782,10,1
171577,13403,132.05894102252827,10,1
171587,13404,54.85670572496041,10,1
171597,13405,123.50022679076089,10,1
171607,13406,32.16908151396962,10,1
171617,13407,110.86865982254054,10,1
171627,13408,108.2732230795171,10,1
171637,13409,110.2798374779283,10,1
171647,13410,129.4931723414698,10,1
171657,13411,128.26815959867866,10,1
171667,13412,20.470388987253912,10,1
171677,13413,112.42426916827229,10,1
171687,13414,82.44627644420699,10,1
171698,13415,90.9967527508035,11,1
171708,13416,129.465696614894,10,1
171718,13417,101.32091750012673,10,1
171728,13418,113.91112179490646,10,1
171738,13419,113.53915387687307,10,1
171748,13420,115.76984297752745,10,1
171758,13421,125.71669029769609,10,1
171768,13422,104.57190963408965,10,1
171778,13423,122.47457440388773,10,1
171788,13424,132.577115907667,10,1
171798,13425,54.617874725286036,10,1
171808,13426,101.91860679579497,10,1
171818,13427,118.2484711540203,10,1
171828,13428,96.54908340937449,10,1
171838,13429,114.33528437121934,10,1
171848,13430,131.40756778854754,10,1
171858,13431,128.43672518161745,10,1
171868,13432,98.87499931179963,10,1
171878,13433,95.54582001108366,10,1
171888,13434,133.78674707048097,10,1
171898,13435,115.09699855765679,10,1
171908,13436,133.33559343872176,10,1
171918,13437,82.76356460305254,10,1
171928,13438,126.73483847147658,10,1
171938,13439,132.1242879905793,10,1
171948,13440,122.89749297927277,10,1
171958,13441,114.91211912655731,10,1
171968,13442,114.83143468103202,10,1
171978,13443,119.45866161855591,10,1
171988,13444,134.37632716707867,10,1
171998,13445,126.59484561395124,10,1
172008,13446,118.78130389406651,10,1
172018,13447,78.58528290722278,10,1
172028,13448,119.18070259472218,10,1
172038,13449,137.57101999434596,10,1
172048,13450,129.16835884088974,10,1
172058,13451,115.2562789066945,10,1
172068,13452,125.35891575424961,10,1
172078,13453,130.41624487234478,10,1
172088,13454,130.26883216466976,10,1
172098,13455,82.07860932713324,10,1
172108,13456,124.29129797643255,10,1
172118,13457,125.55189828321326,10,1
172128,13458,128.6956859893061,10,1
172138,13459,121.050779215328,10,1
172148,13460,121.43706467242342,10,1
172158,13461,130.37650873267552,10,1
172168,13462,131.21983326570097,10,1
172178,13463,132.19169085924932,10,1
172188,13464,116.53402064976275,10,1
172198,13465,125.16719283665702,10,1
172208,13466,119.91456083504839,10,1
172218,13467,120.9513866309646,10,1
172228,13468,114.869141505665,10,1
172239,13469,16.340124012775902,11,1
172249,13470,50.00746848479412,10,1
172259,13471,121.33151018461027,10,1
172269,13472,115.79783407556933,10,1
172279,13473,129.27005523520626,10,1
172289,13474,116.77756107782331,10,1
172299,13475,122.14567065443661,10,1
172309,13476,116.75105986685786,10,1
172319,13477,131.5551077042724,10,1
172329,13478,103.17683857887161,10,1
172339,13479,99.96739796418285,10,1
172349,13480,88.54392695403196,10,1
172359,13481,124.53913337561563,10,1
172369,13482,118.0817786151632,10,1
172379,13483,132.0886723198021,10,1
172389,13484,129.31536424885596,10,1
172399,13485,117.71156869834863,10,1
172409,13486,122.89237967864328,10,1
172419,13487,128.5318624055644,10,1
172429,13488,119.77625090759665,10,1
172439,13489,131.74702683808567,10,1
172449,13490,129.47772955503447,10,1
172459,13491,131.44391781296667,10,1
172469,13492,74.35881659837686,10,1
172479,13493,130.6354646499376,10,1
172489,13494,110.58676758829073,10,1
172499,13495,114.63017690765408,10,1
172509,13496,129.5295212509025,10,1
172520,13497,86.423648612193,11,1
172530,13498,50.95498870551968,10,1
172540,13499,109.98098708225756,10,1
172550,13500,98.57231022481301,10,1
172560,13501,92.01799202611603,10,1
172570,13502,128.45841665772804,10,1
172580,13503,120.37276107055608,10,1
172590,13504,103.92539620248634,10,1
172600,13505,80.36635749028764,10,1
172610,13506,70.28191943660252,10,1
172620,13507,96.69776313954914,10,1
172630,13508,146.68051508208748,10,1
172640,13509,121.70570819053566,10,1
172650,13510,121.0987552797929,10,1
172660,13511,132.50206510930272,10,1
172670,13512,138.98451906320827,10,1
172680,13513,124.22602827100143,10,1
172690,13514,145.3624793862374,10,1
172700,13515,127.74923925090535,10,1
172710,13516,94.9314567109966,10,1
172720,13517,128.42884937889548,10,1
172730,13518,113.93553100067678,10,1
172740,13519,138.10722871783977,10,1
172750,13520,81.54084436818027,10,1
172760,13521,138.42234702790867,10,1
172770,13522,75.41757573452898,10,1
172780,13523,116.06327208794845,10,1
172790,13524,126.54255549998962,10,1
172800,13525,107.63880693497592,10,1
172810,13526,130.4483579730566,10,1
172820,13527,30.249614700715323,10,1
172830,13528,115.73467561094986,10,1
172840,13529,112.1301598676509,10,1
172850,13530,87.31637407969383,10,1
172860,13531,124.74752537238858,10,1
172870,13532,119.18029012399273,10,1
172880,13533,127.45156060542759,10,1
172890,13534,71.98196740102551,10,1
172900,13535,131.941783726984,10,1
172910,13536,128.80098730249549,10,1
172920,13537,97.87271505852246,10,1
172930,13538,139.70862445773054,10,1
172940,13539,132.44693085352543,10,1
172951,13540,62.9389098578445,11,1
172961,13541,76.53644650073615,10,1
172971,13542,131.06237343728623,10,1
172981,13543,127.98764229033412,10,1
172991,13544,122.67982096335768,10,1
173001,13545,134.35744789451147,10,1
173011,13546,129.96691527572585,10,1
173021,13547,19.727225299186514,10,1
173031,13548,128.4976451682836,10,1
173041,13549,128.53648651875955,10,1
173051,13550,122.08369692230954,10,1
173064,13551,104.50068374265669,13,1
173074,13552,122.30299651678256,10,1
173084,13553,113.54323231465564,10,1
173094,13554,116.50781294525596,10,1
173104,13555,138.3584749315839,10,1
173114,13556,71.82547744787017,10,1
173124,13557,52.324884483469965,10,1
173134,13558,124.73276830509774,10,1
173144,13559,109.06137001777287,10,1
173154,13560,107.67421446105155,10,1
173164,13561,118.5548534683807,10,1
173175,13562,31.18790467364164,11,1
173185,13563,130.57025685902985,10,1
173195,13564,115.82099826030309,10,1
173205,13565,108.86178806341849,10,1
173215,13566,128.6412840503115,10,1
173225,13567,84.61695413595268,10,1
173235,13568,128.52233364461148,10,1
173245,13569,133.05275236558782,10,1
173255,13570,110.4797725120026,10,1
173265,13571,120.48147601856546,10,1
173275,13572,127.82994041272367,10,1
173285,13573,19.959301826963358,10,1
173295,13574,103.29780425478556,10,1
173305,13575,111.76220586011345,10,1
173315,13576,128.13220184756483,10,1
173325,13577,129.88591437988848,10,1
173335,13578,86.00188559351204,10,1
173345,13579,54.373564238396874,10,1
173355,13580,131.52891358213688,10,1
173365,13581,79.02225657227427,10,1
173375,13582,127.8489576178408,10,1
173385,13583,119.14067618446946,10,1
173395,13584,130.5627324932088,10,1
173405,13585,111.06355650295376,10,1
173415,13586,126.40344164078896,10,1
173425,13587,104.95560825213553,10,1
173435,13588,102.45430904682082,10,1
173445,13589,105.65314867233626,10,1
173455,13590,134.28689863963723,10,1
173465,13591,136.52262730908095,10,1
173475,13592,131.87215909183647,10,1
173485,13593,82.02384302469748,10,1
173495,13594,127.41892509449808,10,1
173505,13595,145.6317491866989,10,1
173515,13596,130.42907541319644,10,1
173525,13597,45.83964477231173,10,1
173535,13598,109.92077492508989,10,1
173545,13599,103.03157061426286,10,1
173555,13600,124.06046830056866,10,1
173565,13601,138.44690491118138,10,1
173575,13602,134.02093752823302,10,1
173585,13603,46.318461120419016,10,1
173595,13604,106.87030445573257,10,1
173605,13605,126.92072658126303,10,1
173615,13606,116.72139977822714,10,1
173625,13607,132.256155424905,10,1
173635,13608,121.23483511270443,10,1
173645,13609,122.99438764444568,10,1
173655,13610,82.05809718759417,10,1
173665,13611,101.46269619967723,10,1
173675,13612,123.15262275244666,10,1
173685,13613,123.75787169851108,10,1
173695,13614,87.87828786670329,10,1
173735,13615,-20.943663484038954,40,0
173745,13616,123.37008366026329,10,1
173755,13617,13.32788577408125,10,1
173765,13618,30.88374258485899,10,1
173775,13619,107.81164124512738,10,1
173785,13620,127.45883933838078,10,1
173795,13621,105.45321531517035,10,1
173805,13622,133.00436922969814,10,1
173815,13623,25.895500000962528,10,1
173825,13624,124.39058309728651,10,1
173835,13625,110.6339274680109,10,1
173845,13626,102.90797695964984,10,1
173856,13627,82.1788179451538,11,1
173866,13628,109.60412778751902,10,1
173876,13629,101.86009280558785,10,1
173886,13630,121.29839270215766,10,1
173896,13631,105.46344099339466,10,1
173906,13632,83.15303632017137,10,1
173916,13633,94.60198219484802,10,1
173926,13634,121.32848870955087,10,1
173936,13635,132.6766995054276,10,1
173946,13636,82.64459711517628,10,1
173956,13637,116.36619135856411,10,1
173966,13638,123.12734190657216,10,1
173976,13639,133.3157426139945,10,1
173986,13640,133.61233373936327,10,1
173999,13641,42.02208173991195,13,1
174009,13642,43.36497117775375,10,1
174019,13643,129.29068067689556,10,1
174029,13644,132.0041744394921,10,1
174039,13645,106.16173659063699,10,1
174049,13646,112.25229639713731,10,1
174059,13647,139.69940403392806,10,1
174069,13648,136.80467150164893,10,1
174079,13649,126.4924439941382,10,1
174089,13650,105.73865422243895,10,1
174099,13651,108.54584977585016,10,1
174109,13652,128.30930862180125,10,1
174119,13653,105.06421883355581,10,1
174129,13654,84.83702422188269,10,1
174139,13655,118.3860083821781,10,1
174149,13656,133.83966703765196,10,1
174159,13657,116.40611196946928,10,1
174169,13658,115.4626739819388,10,1
174179,13659,123.71634683933648,10,1
174189,13660,125.68001898445746,10,1
174199,13661,69.65719078951298,10,1
174209,13662,110.51231151313141,10,1
174219,13663,68.17013597058764,10,1
174229,13664,113.8081916248021,10,1
174239,13665,49.15662987130374,10,1
174249,13666,127.13786747690526,10,1
174259,13667,117.93083540628167,10,1
174269,13668,128.0024937747877,10,1
174279,13669,118.61376257033807,10,1
174289,13670,119.72183269547989,10,1
174299,13671,103.54116164852397,10,1
174309,13672,119.29124448723184,10,1
174319,13673,129.08647695753487,10,1
174329,13674,117.82797081113195,10,1
174339,13675,131.34669415413015,10,1
174349,13676,97.53087418929613,10,1
174359,13677,123.79600291242733,10,1
174369,13678,127.33390871554232,10,1
174379,13679,91.62270129697288,10,1
174389,13680,90.0334945793106,10,1
174399,13681,77.61872381544693,10,1
174409,13682,123.62438062640855,10,1
174419,13683,138.17499910528554,10,1
174429,13684,128.01923745510803,10,1
174439,13685,129.30482398803727,10,1
174449,13686,90.35757617522982,10,1
174459,13687,131.62562783028665,10,1
174469,13688,138.3987393246511,10,1
174479,13689,108.71754242844787,10,1
174489,13690,114.10977540742547,10,1
174499,13691,119.76098955172574,10,1
174509,13692,6.6745638376539915,10,1
174519,13693,136.50577246586138,10,1
174529,13694,128.2505772330658,10,1
174569,13695,-21.02285452395671,40,0
174579,13696,123.75104700616991,10,1
174589,13697,117.20157345513962,10,1
174599,13698,129.41233993420764,10,1
174609,13699,83.0211385449569,10,1
174619,13700,130.02019129134942,10,1
174629,13701,119.40096315855277,10,1
174639,13702,129.8631490357434,10,1
174649,13703,122.88839563477575,10,1
174659,13704,131.21586441912507,10,1
174669,13705,136.83265122284837,10,1
174679,13706,115.27354441881562,10,1
174689,13707,132.45766351741878,10,1
174699,13708,123.23790143969539,10,1
174709,13709,126.13832410407446,10,1
174719,13710,110.98707966152404,10,1
174729,13711,60.24573715100677,10,1
174739,13712,41.92308756960718,10,1
174749,13713,27.351401872612275,10,1
174759,13714,125.87686440908868,10,1
174769,13715,128.7402069538048,10,1
174779,13716,113.40401546155928,10,1
174789,13717,96.39678040198184,10,1
174799,13718,128.36787222098303,10,1
174809,13719,124.59713649337485,10,1
174821,13720,96.50204685644889,12,1
174831,13721,82.64766435124989,10,1
174841,13722,93.96045851996207,10,1
174851,13723,133.941674617414,10,1
174861,13724,131.72451190033127,10,1
174871,13725,121.69805207220521,10,1
174881,13726,127.47758520857315,10,1
174891,13727,72.57843415651266,10,1
174901,13728,128.99029909899923,10,1
174911,13729,117.81951069230426,10,1
174921,13730,120.21366616008409,10,1
174931,13731,90.12104891190967,10,1
174941,13732,132.33521223095207,10,1
174951,13733,111.11573472656515,10,1
174961,13734,25.69129081790362,10,1
174971,13735,130.67765842538074,10,1
174981,13736,77.18348939205916,10,1
174991,13737,123.06451824446086,10,1
175001,13738,80.66705005108201,10,1
175011,13739,69.68317403978624,10,1
175021,13740,90.90999817192518,10,1
175031,13741,123.89714642843194,10,1
175041,13742,128.95129956878594,10,1
175051,13743,131.3638247238081,10,1
175061,13744,116.252794486435,10,1
175071,13745,103.09683449158341,10,1
175081,13746,138.52268720383904,10,1
175091,13747,131.39987281407662,10,1
175101,13748,98.98569608832706,10,1
175111,13749,112.82119584892536,10,1
175121,13750,128.797274024071,10,1
175131,13751,106.3606448371282,10,1
175142,13752,16.338458543111784,11,1
175152,13753,128.86312579949535,10,1
175162,13754,37.56321868530418,10,1
175172,13755,88.19270775494131,10,1
175182,13756,109.41431017724872,10,1
175192,13757,92.91242834326513,10,1
175202,13758,68.33832280880904,10,1
175212,13759,137.00228531216487,10,1
175222,13760,113.49820721724072,10,1
175232,13761,139.62626571640772,10,1
175242,13762,83.67896521984682,10,1
175252,13763,122.03664055986545,10,1
175262,13764,124.95480223180972,10,1
175272,13765,125.457248113826,10,1
175283,13766,66.2297285386929,11,1
175293,13767,138.19073309010477,10,1
175303,13768,117.01555084165085,10,1
175313,13769,112.82435825148781,10,1
175323,13770,102.67943860875955,10,1
175333,13771,124.26887734492422,10,1
175343,13772,138.42950711252755,10,1
175353,13773,127.7083816400472,10,1
175363,13774,106.89583461650182,10,1
175373,13775,133.07054358365994,10,1
175383,13776,120.87285608485546,10,1
175393,13777,123.59052307179455,10,1
175403,13778,119.97556112359483,10,1
175413,13779,114.90207791409753,10,1
175423,13780,129.76932055766247,10,1
175433,13781,114.99081752265607,10,1
175443,13782,57.93395571763382,10,1
175453,13783,130.2184923917718,10,1
175463,13784,106.23421245036914,10,1
175473,13785,118.4041616193855,10,1
175483,13786,132.29369237208564,10,1
175493,13787,127.53954240215079,10,1
175503,13788,130.08532315461508,10,1
175513,13789,107.42549239054142,10,1
175523,13790,113.75933034811501,10,1
175533,13791,115.94425786292996,10,1
175543,13792,122.52359854618199,10,1
175553,13793,89.64623427889069,10,1
175563,13794,101.57211389620643,10,1
175573,13795,113.9365281351216,10,1
175583,13796,100.65950130021712,10,1
175593,13797,123.67457553284962,10,1
175603,13798,131.78192020717597,10,1
175613,13799,115.57923811022486,10,1
175623,13800,130.62151187556157,10,1
175633,13801,92.1608733609244,10,1
175643,13802,133.5801765054922,10,1
175653,13803,116.18207808433961,10,1
175663,13804,108.65948463082398,10,1
175686,13805,64.2761956387006,23,1
175696,13806,122.90969923914419,10,1
175706,13807,119.77924276702424,10,1
175716,13808,101.831086603043,10,1
175726,13809,131.80419722637347,10,1
175736,13810,139.72619964180973,10,1
175746,13811,124.25260916199316,10,1
175756,13812,128.32524440988703,10,1
175770,13813,29.042371193680896,14,1
175793,13814,14.875551001129635,23,1
175803,13815,119.569971720611,10,1
175813,13816,98.52927223115586,10,1
175823,13817,118.2726297939027,10,1
175833,13818,131.54809070709987,10,1
175843,13819,145.4634505847779,10,1
175853,13820,132.90067428939992,10,1
175863,13821,115.93770768895173,10,1
175873,13822,97.36346096072252,10,1
175883,13823,107.6621231900038,10,1
175893,13824,133.2968450293315,10,1
175903,13825,82.87343858851271,10,1
175913,13826,131.84036319904203,10,1
175923,13827,131.7708622793109,10,1
175933,13828,114.91161129385708,10,1
175943,13829,130.6619433034037,10,1
175953,13830,128.84877317624992,10,1
175963,13831,122.0448536740022,10,1
175973,13832,128.4656826360961,10,1
175983,13833,134.13473877669696,10,1
175993,13834,140.00661936870188,10,1
176003,13835,128.7637644919554,10,1
176013,13836,99.31102810629224,10,1
176023,13837,138.35510531533808,10,1
176033,13838,139.429221330318,10,1
176043,13839,120.07123877681755,10,1
176053,13840,81.54913685452152,10,1
176063,13841,94.02201590768186,10,1
176073,13842,116.04002629262303,10,1
176083,13843,75.23735652384168,10,1
176093,13844,59.46008102325078,10,1
176103,13845,133.1160102672469,10,1
176113,13846,79.47699943984986,10,1
176123,13847,121.63911105811334,10,1
176133,13848,102.4036669033467,10,1
176143,13849,125.67339708491751,10,1
176153,13850,116.94242612241194,10,1
176163,13851,105.83375249959933,10,1
176173,13852,132.27277606963642,10,1
176183,13853,89.05608804338951,10,1
176193,13854,125.75172402325406,10,1
176203,13855,131.91709607671245,10,1
176213,13856,124.95122842296611,10,1
176223,13857,87.53346716565484,10,1
176233,13858,137.74564172222043,10,1
176243,13859,123.43737085289003,10,1
176253,13860,118.37638987624638,10,1
176263,13861,104.62578870068346,10,1
176273,13862,106.62392619002544,10,1
176283,13863,127.33422512384227,10,1
176293,13864,113.03210058378227,10,1
176303,13865,102.27378936262512,10,1
176313,13866,119.36665505533598,10,1
176323,13867,107.62928207601357,10,1
176333,13868,128.10826234657003,10,1
176343,13869,73.85750780502383,10,1
176353,13870,121.88149393692645,10,1
176363,13871,96.52052257961638,10,1
176373,13872,132.74482516501413,10,1
176383,13873,129.28476575881615,10,1
176393,13874,126.27106140024101,10,1
176403,13875,127.63655666946661,10,1
176413,13876,110.50473356212495,10,1
176423,13877,117.7193941294406,10,1
176433,13878,107.22904601538329,10,1
176443,13879,137.6443824844397,10,1
176453,13880,117.79572591965793,10,1
176463,13881,32.36625866731482,10,1
176473,13882,132.65294251064023,10,1
176483,13883,128.37486513381364,10,1
176493,13884,85.50046120620014,10,1
176503,13885,109.54710997947113,10,1
176514,13886,64.81338935228622,11,1
176524,13887,117.61022610744277,10,1
176534,13888,100.8737930403013,10,1
176544,13889,132.25765221436774,10,1
176554,13890,131.80718888938384,10,1
176564,13891,133.5538234745479,10,1
176574,13892,132.36272358151902,10,1
176584,13893,113.9062377489906,10,1
176594,13894,129.4870881098262,10,1
176604,13895,107.5463851568388,10,1
176614,13896,127.10481673299971,10,1
176624,13897,138.13784728308826,10,1
176634,13898,132.68977764896906,10,1
176644,13899,104.77818918328593,10,1
176654,13900,138.85351782772346,10,1
176664,13901,95.673471696587,10,1
176674,13902,109.8534739500132,10,1
176684,13903,91.55471291318028,10,1
176694,13904,114.97218775333022,10,1
176704,13905,128.1520897019156,10,1
176714,13906,138.75729315960027,10,1
176724,13907,126.22245513908793,10,1
176734,13908,111.78847239002114,10,1
176744,13909,61.13243346138452,10,1
176754,13910,85.61444016136836,10,1
176764,13911,102.48472368010486,10,1
176774,13912,32.79044534765431,10,1
176786,13913,58.015313935048525,12,1
176796,13914,34.88778708650502,10,1
176806,13915,132.1218845842118,10,1
176823,13916,39.65394748423013,17,1
176833,13917,76.65905725585212,10,1
176843,13918,65.6553991352278,10,1
176853,13919,95.31699331065505,10,1
176863,13920,98.73190365625294,10,1
176873,13921,97.80577076871982,10,1
176883,13922,119.1951533220951,10,1
176893,13923,100.23830784570725,10,1
176903,13924,33.89071727194996,10,1
176913,13925,119.35764151934433,10,1
176923,13926,88.25513415512636,10,1
176933,13927,-0.46273284517789653,10,1
176943,13928,130.25923294624545,10,1
176953,13929,107.78302865052092,10,1
176963,13930,126.09481698474215,10,1
176976,13931,96.10146590786282,13,1
176986,13932,115.67508900260836,10,1
176996,13933,79.93229834117679,10,1
177007,13934,32.12905077466467,11,1
177017,13935,101.84598233105282,10,1
177027,13936,132.7502925778097,10,1
177067,13937,-22.08385289665603,40,0
177077,13938,126.51696995659807,10,1
177087,13939,117.89573232331274,10,1
177097,13940,105.45152088262755,10,1
177107,13941,112.6357163119613,10,1
177117,13942,115.74261363775176,10,1
177127,13943,120.52363566976679,10,1
177137,13944,112.30524865069468,10,1
177147,13945,121.211943111843,10,1
177157,13946,112.69086543571345,10,1
177167,13947,100.43124949863824,10,1
177177,13948,128.31107206206934,10,1
177187,13949,70.74277135636427,10,1
177197,13950,123.08178378466035,10,1
177207,13951,100.51239241539814,10,1
177217,13952,121.94698844485893,10,1
177227,13953,22.38003352068387,10,1
177237,13954,113.89927581010659,10,1
177249,13955,13.132014915269481,12,1
177259,13956,130.73761609235424,10,1
177269,13957,130.75536446228963,10,1
177280,13958,97.61031676979952,11,1
177290,13959,92.4595866816414,10,1
177300,13960,121.88748987552161,10,1
177310,13961,120.7589673730743,10,1
177320,13962,105.7528128177266,10,1
177330,13963,117.66531543863569,10,1
177341,13964,15.88387426863403,11,1
177351,13965,110.12122743379257,10,1
177361,13966,121.32722230872528,10,1
177371,13967,138.71666055413067,10,1
177381,13968,113.61192435104259,10,1
177391,13969,29.260810838426856,10,1
177401,13970,101.47870903721645,10,1
177411,13971,130.0480541536281,10,1
177421,13972,88.1466029221229,10,1
177431,13973,124.54194687499749,10,1
177441,13974,107.0295126864201,10,1
177451,13975,129.4368682311009,10,1
177491,13976,-20.96462221515785,40,0
177501,13977,132.1507460641295,10,1
177511,13978,132.31783807469216,10,1
177521,13979,100.81294259113218,10,1
177531,13980,129.64825405456358,10,1
177541,13981,102.02316643550202,10,1
177551,13982,145.75004263600175,10,1
177561,13983,130.91086911588224,10,1
177571,13984,126.0572921845934,10,1
177581,13985,131.460569975946,10,1
177591,13986,32.564385853202296,10,1
177601,13987,92.37226102930197,10,1
177611,13988,124.2253350564322,10,1
177621,13989,123.11717624403813,10,1
177631,13990,118.77285512752313,10,1
177641,13991,69.16357536280438,10,1
177651,13992,109.13595635676286,10,1
177661,13993,87.57048517032821,10,1
177671,13994,113.11058327854057,10,1
177681,13995,44.32011791011181,10,1
177691,13996,55.393395369396146,10,1
177701,13997,111.53607914277418,10,1
177711,13998,130.51384724859557,10,1
177721,13999,110.77326347458872,10,1
177731,14000,115.00689711792835,10,1
177741,14001,129.3720609148747,10,1
177751,14002,111.4401454418164,10,1
177761,14003,128.97294603975564,10,1
177771,14004,126.36060748721266,10,1
177781,14005,100.79526297150791,10,1
177791,14006,132.6069937203021,10,1
177801,14007,74.34399423419231,10,1
177811,14008,101.04171196581845,10,1
177821,14009,62.18051102203931,10,1
177831,14010,130.04785969311246,10,1
177841,14011,136.3135350857192,10,1
177851,14012,122.03683065948624,10,1
177861,14013,132.38879726024726,10,1
177871,14014,104.23701333291582,10,1
177881,14015,131.89340642792834,10,1
177891,14016,101.25500850494332,10,1
177903,14017,79.7316929622695,12,1
177913,14018,81.05637133131123,10,1
177923,14019,118.3008929389713,10,1
177933,14020,121.37816289824248,10,1
177943,14021,127.97260838296283,10,1
177953,14022,110.30427499877906,10,1
177963,14023,114.86246778881318,10,1
177973,14024,131.00154656221804,10,1
177983,14025,129.70869114292947,10,1
177993,14026,125.93161694421893,10,1
178003,14027,123.34975389166384,10,1
178013,14028,123.30932096136463,10,1
178023,14029,113.96073317500256,10,1
178033,14030,125.4029720748063,10,1
178043,14031,89.33073964050234,10,1
178053,14032,89.69502951072656,10,1
178063,14033,130.06955682971372,10,1
178073,14034,117.56912172166459,10,1
178083,14035,107.82584120988678,10,1
178093,14036,111.68016445366018,10,1
178103,14037,57.67420839240579,10,1
178113,14038,97.59479729807636,10,1
178123,14039,133.6643027612559,10,1
178133,14040,132.32325770568764,10,1
178143,14041,137.86944758411983,10,1
178153,14042,74.4067315839339,10,1
178166,14043,73.48655141874212,13,1
178176,14044,101.49016751656447,10,1
178186,14045,129.36904522982158,10,1
178196,14046,126.15681638779598,10,1
178206,14047,132.09907379406133,10,1
178216,14048,125.02359659279223,10,1
178226,14049,69.09574730173004,10,1
178236,14050,91.52019115293189,10,1
178246,14051,133.94435277700856,10,1
178256,14052,95.30701761496552,10,1
178296,14053,-20.654114233210542,40,0
178306,14054,129.3690164994487,10,1
178316,14055,137.97099519984184,10,1
178326,14056,137.96238655333417,10,1
178336,14057,136.6047917024962,10,1
178347,14058,18.569138574630482,11,1
178357,14059,126.48801619970257,10,1
178369,14060,80.56112101404452,12,1
178379,14061,116.66875070197764,10,1
178389,14062,72.79574338477236,10,1
178399,14063,129.11030102276527,10,1
178409,14064,129.09150381411277,10,1
178419,14065,76.61355577508606,10,1
178459,14066,-20.727715997037546,40,0
178469,14067,109.30213939135544,10,1
178479,14068,118.53014749286366,10,1
178489,14069,100.10227316228114,10,1
178499,14070,120.19384539358714,10,1
178509,14071,110.3568850385377,10,1
178519,14072,115.67082381468026,10,1
178529,14073,96.68953075244389,10,1
178539,14074,110.06941595789326,10,1
178549,14075,94.48093874169543,10,1
178559,14076,138.41145271515052,10,1
178572,14077,38.9357332638955,13,1
178583,14078,94.68889623843071,11,1
178593,14079,131.5895902675938,10,1
178633,14080,-20.657449934674926,40,0
178643,14081,138.51134357805847,10,1
178653,14082,113.85619745246343,10,1
178663,14083,137.49460823733156,10,1
178673,14084,139.26689970750056,10,1
178683,14085,108.74658273276573,10,1
178693,14086,111.07343002003195,10,1
178703,14087,132.82747031047634,10,1
178713,14088,106.10854120158197,10,1
178723,14089,110.26285192198675,10,1
178733,14090,121.9322257204703,10,1
178743,14091,23.637438227446708,10,1
178753,14092,127.27825557160773,10,1
178763,14093,136.97325218971903,10,1
178773,14094,122.24458808444128,10,1
178784,14095,1.1032889672807324,11,1
178794,14096,72.66989357694148,10,1
178804,14097,126.39340582396554,10,1
178814,14098,78.72280921287854,10,1
178824,14099,72.55518900655112,10,1
178834,14100,85.45771828816171,10,1
178844,14101,96.8894808807622,10,1
178854,14102,100.4396278528119,10,1
178864,14103,130.38114998079848,10,1
178874,14104,114.60917375563196,10,1
178884,14105,127.79384003962649,10,1
178894,14106,76.7771655279725,10,1
178904,14107,103.77518677296555,10,1
178914,14108,132.86719739893468,10,1
178924,14109,116.68192573362691,10,1
178934,14110,123.8840424362624,10,1
178944,14111,133.73229893144574,10,1
178954,14112,115.66655445159732,10,1
178964,14113,97.57343215120926,10,1
178974,14114,90.72096095313651,10,1
178984,14115,53.95321823296851,10,1
178994,14116,130.04228217273555,10,1
179004,14117,108.2569053257156,10,1
179014,14118,77.50635013468157,10,1
179024,14119,125.76364208688241,10,1
179034,14120,115.97498971769389,10,1
179044,14121,58.79068492857788,10,1
179054,14122,89.31591308586405,10,1
179064,14123,4.091639330379193,10,1
179074,14124,110.0240522672307,10,1
179114,14125,-20.78426788136915,40,0
179124,14126,130.3016726255689,10,1
179134,14127,45.30281248386467,10,1
179144,14128,56.95329325795635,10,1
179154,14129,131.27528280672735,10,1
179164,14130,70.55171107268147,10,1
179174,14131,125.56176456502338,10,1
179184,14132,114.91240594503422,10,1
179194,14133,108.32966658675949,10,1
179204,14134,128.495382115799,10,1
179214,14135,128.83178205339254,10,1
179224,14136,125.24313101359662,10,1
179235,14137,74.35264412024226,11,1
179275,14138,-20.840648918232585,40,0
179285,14139,138.81482395630562,10,1
179295,14140,130.84853363518005,10,1
179305,14141,127.06467707983664,10,1
179315,14142,31.425979094895123,10,1
179325,14143,117.53946003932666,10,1
179365,14144,-20.88495853627512,40,0
179375,14145,127.77884896100336,10,1
179385,14146,133.86594859930236,10,1
179395,14147,123.56507475209153,10,1
179405,14148,137.30930310415314,10,1
179415,14149,128.50313765496662,10,1
179425,14150,98.79162082839748,10,1
179435,14151,120.09571845900297,10,1
179447,14152,14.040506567132805,12,1
179457,14153,129.56534881931168,10,1
179467,14154,129.9255796670947,10,1
179477,14155,122.70948475296396,10,1
179487,14156,130.8022442528303,10,1
179497,14157,125.50015773988365,10,1
179507,14158,124.6450443706602,10,1
179517,14159,90.18012975191482,10,1
179527,14160,124.32485051428223,10,1
179567,14161,-20.950580549618454,40,0
179577,14162,130.4015700503203,10,1
179617,14163,-20.584548816996385,40,0
179627,14164,131.1633676030831,10,1
179637,14165,114.0416925740506,10,1
179647,14166,97.36382898636296,10,1
179657,14167,102.51721299994635,10,1
179667,14168,112.13294973549104,10,1
179677,14169,124.62207729170264,10,1
179717,14170,-20.66908222676177,40,0
179729,14171,62.24686279875195,12,1
179739,14172,133.30780261472313,10,1
179749,14173,137.14844443145836,10,1
179759,14174,125.84799986094029,10,1
179769,14175,137.66684852972134,10,1
179779,14176,118.12565691694708,10,1
179789,14177,128.02454073802042,10,1
179799,14178,121.25358349158554,10,1
179809,14179,128.56488818958556,10,1
179819,14180,131.14084600948482,10,1
179829,14181,116.18653656307006,10,1
179839,14182,57.87715995852911,10,1
179849,14183,120.45962791672908,10,1
179859,14184,129.8516065346712,10,1
179869,14185,125.98708833827547,10,1
179879,14186,114.94289902348402,10,1
179889,14187,87.15593248514845,10,1
179899,14188,117.48265179829086,10,1
179909,14189,126.0369589961198,10,1
179919,14190,127.24609118456699,10,1
179929,14191,78.55729992409742,10,1
179939,14192,127.24770728708486,10,1
179949,14193,111.55179773256799,10,1
179959,14194,125.12417647475426,10,1
179969,14195,1.7712940420867356,10,1
179979,14196,89.51674877746045,10,1
179989,14197,123.78959459453677,10,1
179999,14198,129.22417593047817,10,1
180009,14199,121.59710844128628,10,1
180019,14200,104.88094981120939,10,1
180030,14201,91.6928482510933,11,1
180040,14202,109.87206692907691,10,1
180050,14203,116.16592668067341,10,1
180060,14204,112.35639634390775,10,1
180070,14205,125.16714432725159,10,1
180080,14206,130.8673681707382,10,1
180090,14207,74.54514528662901,10,1
180100,14208,91.04395790993115,10,1
180110,14209,132.3929237651243,10,1
180120,14210,133.31681569577603,10,1
180130,14211,139.25919587216137,10,1
180140,14212,116.18835517481828,10,1
180150,14213,130.82751166282856,10,1
180190,14214,-21.466865690556425,40,0
180200,14215,139.08164235687656,10,1
180210,14216,131.57731106262858,10,1
180220,14217,89.18465525655097,10,1
180230,14218,84.82903737523,10,1
180240,14219,102.33301081966573,10,1
180250,14220,75.29912334439679,10,1
180290,14221,-21.8871716683376,40,0
180300,14222,80.51413150293556,10,1
180340,14223,-21.425046703730953,40,0
180380,14224,-20.765103548444028,40,0
180390,14225,126.96417680747663,10,1
180430,14226,-20.36543650863682,40,0
180440,14227,121.58078739414769,10,1
180453,14228,107.252389123815,13,1
180463,14229,110.21958598221924,10,1
180473,14230,127.48828045597094,10,1
180483,14231,91.27647738548644,10,1
180523,14232,-21.209049196996492,40,0
180533,14233,119.12851915936622,10,1
180543,14234,132.90790185712245,10,1
180553,14235,74.70667142229567,10,1
180563,14236,104.85760022284646,10,1
180573,14237,122.89314210006553,10,1
180613,14238,-21.709185466321518,40,0
180623,14239,119.20662393558632,10,1
180633,14240,138.2221450961246,10,1
180670,14241,10.049397429156835,37,1
180680,14242,129.57562808019028,10,1
180699,14243,139.15077324806643,19,1
180709,14244,12.597551458647347,10,1
180719,14245,116.0761234784645,10,1
180729,14246,117.73077409602179,10,1
180769,14247,-20.659072322273197,40,0
180809,14248,-20.704744691873643,40,0
180819,14249,129.5325647430418,10,1
180829,14250,116.57604515328929,10,1
180839,14251,127.90798201791902,10,1
180879,14252,-21.995115271681726,40,0
180889,14253,101.47621955648164,10,1
180899,14254,132.2621070812988,10,1
180909,14255,114.41010184625138,10,1
180919,14256,121.85896954583839,10,1
180929,14257,132.66066989804307,10,1
180939,14258,112.5469311281494,10,1
180949,14259,131.9959564301641,10,1
180959,14260,102.03958491465606,10,1
180969,14261,130.17881086282515,10,1
181009,14262,-21.722169548822276,40,0
181020,14263,23.703975248310527,11,1
181030,14264,123.52694243550424,10,1
181040,14265,87.76716933362928,10,1
181050,14266,55.26675912825125,10,1
181060,14267,106.1062235458931,10,1
181070,14268,130.598316374368,10,1
181080,14269,117.5959323973886,10,1
181090,14270,86.64207800908504,10,1
181100,14271,126.01037922179016,10,1
181110,14272,120.64600860186441,10,1
181120,14273,94.63073086076093,10,1
181130,14274,97.30232403673615,10,1
181170,14275,-21.381307285861745,40,0
181180,14276,114.87994114353047,10,1
181190,14277,104.29461828147848,10,1
181201,14278,32.50735232879899,11,1
181211,14279,104.06341366523071,10,1
181221,14280,94.78013131975965,10,1
181231,14281,20.426050004138236,10,1
181241,14282,66.7993826974805,10,1
181251,14283,95.33336443500708,10,1
181261,14284,133.25704832562283,10,1
181301,14285,-21.6003652101811,40,0
181311,14286,116.32196851669721,10,1
181351,14287,-20.92154393268818,40,0
181391,14288,-21.443105594007655,40,0
181431,14289,-24.32826800701641,40,0
181441,14290,122.17472123300442,10,1
181481,14291,-22.260164431942414,40,0
181491,14292,144.4844035530179,10,1
181531,14293,-21.15114805189337,40,0
181541,14294,133.1782343137514,10,1
181551,14295,122.86142513415817,10,1
181561,14296,130.99246109729248,10,1
181571,14297,124.62706086778391,10,1
181581,14298,26.30809209791,10,1
181621,14299,-29.148224089203744,40,0
181631,14300,121.39275699581054,10,1
181641,14301,138.01429336401017,10,1
181651,14302,125.19398088639358,10,1
181661,14303,81.27067343936491,10,1
181671,14304,139.18865381391117,10,1
181681,14305,132.64331955659543,10,1
181694,14306,84.77625679185226,13,1
181704,14307,84.89985356362607,10,1
181714,14308,104.2327054440051,10,1
181724,14309,129.6297625611917,10,1
181734,14310,10.987579730069497,10,1
181774,14311,-22.761988623098294,40,0
181814,14312,-21.507167010902357,40,0
181824,14313,128.28110941075704,10,1
181834,14314,108.7303634421982,10,1
181844,14315,124.61618322558365,10,1
181854,14316,128.1709171099665,10,1
181864,14317,105.78321417478179,10,1
181904,14318,-21.340164242433406,40,0
181914,14319,11.671749430392449,10,1
181954,14320,-22.260515890612005,40,0
181964,14321,128.89065566448767,10,1
181974,14322,124.08514049540103,10,1
181984,14323,61.438116965155,10,1
181994,14324,132.03491127881344,10,1
182004,14325,110.87442256255203,10,1
182044,14326,-21.687422323293298,40,0
182054,14327,109.74247204713205,10,1
182064,14328,132.8576646999329,10,1
182074,14329,122.94527080231633,10,1
182084,14330,75.50245091381328,10,1
182094,14331,78.33720726873321,10,1
182104,14332,107.30320918721857,10,1
182114,14333,117.62844180875263,10,1
182124,14334,116.57034755611257,10,1
182134,14335,110.10549479649012,10,1
182144,14336,126.70562441213309,10,1
182154,14337,109.19044322915373,10,1
182164,14338,136.5634395508105,10,1
182174,14339,126.33671524131148,10,1
182214,14340,-21.666807510410496,40,0
182226,14341,66.49760610441773,12,1
182236,14342,124.12655879757537,10,1
182246,14343,119.47894762794722,10,1
182256,14344,123.71881714096533,10,1
182266,14345,132.68202207942198,10,1
182276,14346,126.21990271049076,10,1
182286,14347,127.30602708778085,10,1
182296,14348,45.54063121549212,10,1
182306,14349,102.95342091940518,10,1
182316,14350,113.68645904510184,10,1
182326,14351,120.74710262783108,10,1
182336,14352,80.0049936305603,10,1
182376,14353,-21.275956941380414,40,0
182386,14354,89.49149817531604,10,1
182396,14355,125.02338147240664,10,1
182406,14356,131.64512037096836,10,1
182446,14357,-22.272017867882457,40,0
182456,14358,130.09468527608018,10,1
182466,14359,59.14077672276994,10,1
182506,14360,-23.14697893953293,40,0
182516,14361,87.05491674079713,10,1
182526,14362,131.7341727515362,10,1
182536,14363,39.970845832187855,10,1
182546,14364,128.3236207779791,10,1
182586,14365,-21.632211402970608,40,0
182596,14366,95.07747114403782,10,1
182606,14367,130.955849959792,10,1
182616,14368,32.279025034708575,10,1
182626,14369,107.43192353964464,10,1
182636,14370,125.9830287597963,10,1
182646,14371,118.63898112217476,10,1
182656,14372,123.11995242007055,10,1
182666,14373,131.6963774523255,10,1
182676,14374,127.78120744671358,10,1
182686,14375,129.0648460536582,10,1
182696,14376,105.44461396219317,10,1
182706,14377,84.57149160071162,10,1
182716,14378,124.82336772524214,10,1
182726,14379,114.43052971822027,10,1
182736,14380,131.67964612737617,10,1
182746,14381,131.6858882120354,10,1
182756,14382,56.549178305381524,10,1
182766,14383,111.02012456938935,10,1
182806,14384,-21.39695012230774,40,0
182816,14385,139.07321617632718,10,1
182826,14386,109.08206771813678,10,1
182836,14387,73.0756085683057,10,1
182876,14388,-21.341894774004082,40,0
182886,14389,107.8599293283457,10,1
182896,14390,96.75744144609627,10,1
182906,14391,104.59921340564317,10,1
182916,14392,79.30571127035383,10,1
182926,14393,131.6888314116766,10,1
182966,14394,-21.40165136246633,40,0
183006,14395,-22.30961755927293,40,0
183016,14396,116.8659436410642,10,1
183056,14397,-22.17230511486282,40,0
183066,14398,118.71578133689329,10,1
183076,14399,106.18093421070816,10,1
183086,14400,133.48945042811704,10,1
183096,14401,132.99512817451057,10,1
183106,14402,128.61544785483852,10,1
183116,14403,83.9038419158884,10,1
183156,14404,-22.301023679074778,40,0
183166,14405,130.79209966739705,10,1
183176,14406,128.01233729631429,10,1
183186,14407,120.69899624205054,10,1
183196,14408,27.887948462753986,10,1
183206,14409,125.98554267615543,10,1
183216,14410,27.665515763775634,10,1
183226,14411,145.45766750218738,10,1
183266,14412,-21.912269834307754,40,0
183276,14413,133.17899044024844,10,1
183286,14414,112.51046495118851,10,1
183296,14415,41.514339691096744,10,1
183306,14416,122.33087042200192,10,1
183316,14417,118.78270045562454,10,1
183356,14418,-22.01828507149962,40,0
183366,14419,29.307588910539913,10,1
183376,14420,114.24138697390187,10,1
183386,14421,128.55083527452814,10,1
183396,14422,102.72362466863228,10,1
183406,14423,30.493789225888758,10,1
183446,14424,-21.36001669954039,40,0
183456,14425,122.9643510403193,10,1
183466,14426,113.27411860549543,10,1
183476,14427,103.59705409136292,10,1
183486,14428,114.57584684793622,10,1
183496,14429,125.38025841762088,10,1
183506,14430,130.06857023765113,10,1
183546,14431,-22.625940038541767,40,0
183556,14432,68.51264755439611,10,1
183566,14433,127.32145095959883,10,1
183576,14434,123.40142967965646,10,1
183616,14435,-21.781897810485496,40,0
183626,14436,107.57150545447799,10,1
183636,14437,132.79806855393488,10,1
183646,14438,129.4119501648428,10,1
183686,14439,-22.551302664199227,40,0
183696,14440,125.40207432540446,10,1
183706,14441,117.63613966411657,10,1
183716,14442,120.78209775380152,10,1
183726,14443,122.77139351649309,10,1
183736,14444,111.951494351106,10,1
183746,14445,139.38359823123676,10,1
183756,14446,121.0626137907922,10,1
183766,14447,128.7703828067449,10,1
183776,14448,125.27045745263142,10,1
183786,14449,102.10661807381999,10,1
183796,14450,131.0472089908416,10,1
183806,14451,123.46019090599619,10,1
183846,14452,-21.132961896035756,40,0
183856,14453,86.67209657057488,10,1
183896,14454,-22.26382115042823,40,0
183906,14455,121.51500540701888,10,1
183946,14456,-22.057906196361504,40,0
183956,14457,126.3606371525694,10,1
183966,14458,121.49450627384019,10,1
184006,14459,-21.96512946452038,40,0
184017,14460,57.77016413005119,11,1
184027,14461,129.84674560034907,10,1
184037,14462,112.23831040062377,10,1
184047,14463,82.91644826998177,10,1
184057,14464,72.53086510273607,10,1
184067,14465,83.7912301558146,10,1
184077,14466,104.15119476632206,10,1
184087,14467,127.12278781000403,10,1
184097,14468,125.7157300425605,10,1
184137,14469,-21.82056859775928,40,0
184147,14470,126.58603226404757,10,1
184157,14471,122.31406719373972,10,1
184167,14472,68.66997119456211,10,1
184177,14473,138.58017292717088,10,1
184187,14474,43.916626297464255,10,1
184197,14475,127.8900198918068,10,1
184207,14476,107.84890612780971,10,1
184247,14477,-20.673118204384167,40,0
184257,14478,115.96792555187002,10,1
184267,14479,123.69043241518521,10,1
184307,14480,-20.62144450982932,40,0
184317,14481,128.1119002624777,10,1
184327,14482,131.9684419736988,10,1
184337,14483,110.93030775854335,10,1
184347,14484,136.09286596096163,10,1
184357,14485,133.20883654953965,10,1
184367,14486,96.82624939167458,10,1
184377,14487,125.99081487959849,10,1
184387,14488,110.22397652433034,10,1
184397,14489,128.12539046031398,10,1
184407,14490,120.42051036635938,10,1
184417,14491,113.17647984009231,10,1
184427,14492,122.17983640299848,10,1
184437,14493,103.97951962003341,10,1
184477,14494,-21.597949793606777,40,0
184487,14495,137.71363003968784,10,1
184497,14496,102.93102608138929,10,1
184507,14497,132.59110515988,10,1
184547,14498,-21.963363849590444,40,0
184557,14499,121.11967648545333,10,1
184567,14500,131.82925082374697,10,1
184577,14501,120.53078563471898,10,1
184587,14502,132.13378828259522,10,1
184597,14503,132.9287377155184,10,1
184607,14504,117.86160891670015,10,1
184617,14505,130.38026375627066,10,1
184627,14506,96.20936880851772,10,1
184637,14507,106.80770780071519,10,1
184677,14508,-21.597058783364016,40,0
184687,14509,91.0832030989322,10,1
184697,14510,126.22444551343435,10,1
184707,14511,127.05844722867042,10,1
184717,14512,124.8322893871351,10,1
184757,14513,-22.13685893711795,40,0
184768,14514,84.56418454088559,11,1
184778,14515,131.45690674628503,10,1
184818,14516,-21.19412443463957,40,0
184828,14517,69.31071614688106,10,1
184838,14518,110.67911432103038,10,1
184848,14519,128.69636107129446,10,1
184858,14520,121.60120718895159,10,1
184868,14521,113.82510706365433,10,1
184878,14522,124.51308486843402,10,1
184888,14523,95.95587300881967,10,1
184898,14524,63.96635134811322,10,1
184908,14525,118.4111894450652,10,1
184918,14526,123.0761617401459,10,1
184928,14527,132.13724900311337,10,1
184938,14528,109.43680800585513,10,1
184948,14529,126.8343451338201,10,1
184958,14530,132.97058019722238,10,1
184968,14531,117.15276971231211,10,1
184978,14532,125.6355528271221,10,1
184988,14533,127.21251586960103,10,1
184998,14534,129.5456556843062,10,1
185008,14535,132.38111018137377,10,1
185018,14536,131.10131752032754,10,1
185028,14537,117.02671163120719,10,1
185038,14538,105.92568026272545,10,1
185048,14539,116.41458411424091,10,1
185058,14540,130.33993897424088,10,1
185068,14541,106.02373849591537,10,1
185078,14542,129.3122140836221,10,1
185088,14543,120.63752729818228,10,1
185128,14544,-21.286342522497893,40,0
185138,14545,117.27818481668498,10,1
185148,14546,115.61665575570444,10,1
185158,14547,123.607846284358,10,1
185168,14548,130.7612161323416,10,1
185178,14549,97.24461373300218,10,1
185188,14550,98.5902526602929,10,1
185198,14551,145.18721251860393,10,1
185238,14552,-21.62667291979198,40,0
185248,14553,87.74187973477476,10,1
185258,14554,119.11935249635815,10,1
185268,14555,97.27259835708266,10,1
185278,14556,122.32128647574818,10,1
185288,14557,40.94740470229375,10,1
185298,14558,124.37820197936624,10,1
185308,14559,136.63694068698294,10,1
185318,14560,122.50330558928815,10,1
185328,14561,131.20447250425838,10,1
185338,14562,120.899862895609,10,1
185348,14563,79.8724655779818,10,1
185358,14564,125.59028486375041,10,1
185368,14565,123.61953086030204,10,1
185378,14566,105.87907038986934,10,1
185418,14567,-20.774438154616963,40,0
185428,14568,118.59497618016154,10,1
185438,14569,134.0788869407863,10,1
185448,14570,127.99807867134422,10,1
185488,14571,-21.687626690721263,40,0
185528,14572,-21.102133438557395,40,0
185538,14573,128.39104344361235,10,1
185548,14574,106.37724529322539,10,1
185558,14575,71.17358413824275,10,1
185568,14576,137.24048989923045,10,1
185578,14577,67.68839544474173,10,1
185588,14578,126.09985762067426,10,1
185598,14579,123.2860443553101,10,1
185608,14580,96.39659546599097,10,1
185618,14581,129.06657655063765,10,1
185628,14582,106.2661863321231,10,1
185668,14583,-21.502137829184374,40,0
185678,14584,54.22593239266869,10,1
185718,14585,-20.91127959544799,40,0
185728,14586,128.47138422214,10,1
185738,14587,87.56937670586333,10,1
185748,14588,117.06375509693888,10,1
185758,14589,138.99797780642467,10,1
185798,14590,-20.99316404302528,40,0
185808,14591,111.7185125245894,10,1
185818,14592,94.33055772495248,10,1
185828,14593,126.49413333612594,10,1
185838,14594,112.98117164737361,10,1
185878,14595,-20.639132537977193,40,0
185888,14596,117.09904728408945,10,1
185898,14597,83.4129819876416,10,1
185908,14598,49.64886715403568,10,1
185918,14599,126.4863499053134,10,1
185928,14600,92.49671699598768,10,1
185938,14601,93.04799053652914,10,1
185948,14602,84.10024210477958,10,1
185958,14603,139.16406069028196,10,1
185968,14604,118.33169455195163,10,1
186008,14605,-21.760139069423214,40,0
186018,14606,133.52521431609634,10,1
186028,14607,73.06217254581469,10,1
186038,14608,120.33932677877408,10,1
186048,14609,92.25838817650421,10,1
186058,14610,119.6496195470158,10,1
186068,14611,130.71299245043585,10,1
186078,14612,88.86079554372311,10,1
186088,14613,131.53297458606508,10,1
186098,14614,98.57269688927013,10,1
186108,14615,132.01662534451094,10,1
186118,14616,104.53770165000685,10,1
186128,14617,112.75853256613965,10,1
186138,14618,128.22831477936575,10,1
186148,14619,67.00234146177604,10,1
186158,14620,130.24484217440576,10,1
186198,14621,-20.895938974782982,40,0
186208,14622,129.9041298643967,10,1
186218,14623,119.45118244656936,10,1
186228,14624,122.25015668321511,10,1
186238,14625,111.79201446402024,10,1
186248,14626,110.12116633636137,10,1
186258,14627,120.90285996140192,10,1
186268,14628,75.22090031992673,10,1
186278,14629,131.8597590569268,10,1
186288,14630,138.14456505163915,10,1
186298,14631,108.65513004136615,10,1
186308,14632,132.1967571475717,10,1
186318,14633,121.4037015960996,10,1
186328,14634,128.12256537504922,10,1
186338,14635,144.31373603110526,10,1
186348,14636,114.380379286309,10,1
186358,14637,121.15187049434826,10,1
186368,14638,73.45294528132113,10,1
186378,14639,132.09608606129424,10,1
186388,14640,137.46355316954632,10,1
186399,14641,71.26983086801103,11,1
186439,14642,-21.172389939172085,40,0
186479,14643,-23.106115106578677,40,0
186489,14644,132.58320052288477,10,1
186499,14645,139.90085618093352,10,1
186509,14646,104.96125574617068,10,1
186519,14647,122.89471661390164,10,1
186529,14648,115.18323010235412,10,1
186539,14649,104.66062585697208,10,1
186549,14650,138.17881597201688,10,1
186559,14651,122.30386030626605,10,1
186569,14652,122.18864333215093,10,1
186579,14653,130.79331578456606,10,1
186589,14654,97.40579393348675,10,1
186599,14655,137.9754949737337,10,1
186609,14656,128.8957826036215,10,1
186619,14657,49.634521037602944,10,1
186629,14658,48.991337688915166,10,1
186639,14659,121.55213576546089,10,1
186649,14660,104.10698448432294,10,1
186659,14661,128.65708316111363,10,1
186669,14662,133.55696506230757,10,1
186679,14663,103.26509273066968,10,1
186689,14664,132.41652161708663,10,1
186699,14665,125.99992494497387,10,1
186709,14666,120.70861020879973,10,1
186719,14667,117.59669621785896,10,1
186729,14668,125.60976016815066,10,1
186739,14669,145.40355992291276,10,1
186749,14670,133.1778624380052,10,1
186759,14671,117.43432157507009,10,1
186769,14672,107.84695377289718,10,1
186779,14673,92.76937315201928,10,1
186789,14674,130.45085031367987,10,1
186803,14675,112.16572281202227,14,1
186813,14676,128.08264183757234,10,1
186823,14677,93.6390005690262,10,1
186833,14678,63.97443268851015,10,1
186843,14679,134.1338711120362,10,1
186853,14680,128.80414550598044,10,1
186893,14681,-21.160315607304746,40,0
186903,14682,137.9846179827821,10,1
186913,14683,52.24039682058444,10,1
186923,14684,128.01656287491275,10,1
186933,14685,123.85720434062206,10,1
186943,14686,76.90175270386091,10,1
186953,14687,124.63250984021846,10,1
186963,14688,129.1323161320095,10,1
186973,14689,138.3037003670485,10,1
186983,14690,107.63695947217799,10,1
186993,14691,103.82966668324082,10,1
187003,14692,85.15676068351816,10,1
187013,14693,121.17637060646139,10,1
187053,14694,-21.103152710565904,40,0
187063,14695,109.82798702064969,10,1
187073,14696,125.74524920190565,10,1
187083,14697,137.58452494662527,10,1
187093,14698,121.30726162183397,10,1
187103,14699,64.80350085069219,10,1
187143,14700,-20.848162790614193,40,0
187153,14701,139.25401140515035,10,1
187163,14702,117.75730781306525,10,1
187173,14703,129.97259830969722,10,1
187183,14704,130.3465069529719,10,1
187193,14705,87.89429223537083,10,1
187203,14706,134.1810198587566,10,1
187213,14707,57.881685587611635,10,1
187223,14708,122.15732596217734,10,1
187233,14709,115.27083563895485,10,1
187243,14710,126.98710072747411,10,1
187253,14711,121.60952937221687,10,1
187263,14712,128.00817568444288,10,1
187273,14713,138.37299292496567,10,1
187283,14714,115.35725355841404,10,1
187293,14715,120.37508854055139,10,1
187303,14716,114.08529211046164,10,1
187313,14717,119.26027329931085,10,1
187323,14718,119.02570110497632,10,1
187333,14719,132.18653850566957,10,1
187343,14720,131.57905203990836,10,1
187383,14721,-21.666439762298303,40,0
187394,14722,75.97347574602341,11,1
187404,14723,123.17875156415462,10,1
187414,14724,99.11713322109753,10,1
187424,14725,126.55793102727314,10,1
187436,14726,27.782702020708832,12,1
187446,14727,122.43668336185415,10,1
187456,14728,70.54477265104028,10,1
187466,14729,132.2955440169824,10,1
187476,14730,124.40219452651041,10,1
187486,14731,125.71061791718908,10,1
187496,14732,77.67311024315674,10,1
187506,14733,129.0116772339933,10,1
187516,14734,113.26211093676629,10,1
187526,14735,129.11429716428935,10,1
187536,14736,124.44394892611595,10,1
187546,14737,87.30676584177553,10,1
187556,14738,61.837818767237756,10,1
187566,14739,131.24997353552897,10,1
187576,14740,112.08207912726131,10,1
187586,14741,129.48535593574564,10,1
187596,14742,131.18904405661192,10,1
187606,14743,107.83414133104469,10,1
187616,14744,139.89881002944878,10,1
187626,14745,66.44883588354182,10,1
187636,14746,103.63729059353929,10,1
187646,14747,97.55477046091977,10,1
187656,14748,126.80182806582303,10,1
187666,14749,126.76953618124655,10,1
187676,14750,103.60637563606366,10,1
187686,14751,130.01682447573603,10,1
187696,14752,94.37921904341015,10,1
187706,14753,129.87423182590393,10,1
187716,14754,133.23465926937533,10,1
187726,14755,129.77453075780434,10,1
187736,14756,120.24225933995913,10,1
187746,14757,129.28743406847232,10,1
187756,14758,133.04617843757552,10,1
187766,14759,131.36702053065528,10,1
187776,14760,110.99602860324954,10,1
187786,14761,132.38820771775954,10,1
187796,14762,129.47632681845565,10,1
187806,14763,100.56495324099377,10,1
187816,14764,127.51285496132436,10,1
187826,14765,146.1249915606357,10,1
187836,14766,123.2780500205282,10,1
187850,14767,31.13142907425156,14,1
187860,14768,114.0738089928762,10,1
187870,14769,131.78793427046028,10,1
187880,14770,109.25708542753323,10,1
187890,14771,111.34706785692659,10,1
187900,14772,145.65253954649526,10,1
187910,14773,139.26237104649672,10,1
187920,14774,110.29379262343605,10,1
187930,14775,138.6002149530481,10,1
187940,14776,115.64443163034264,10,1
187950,14777,125.22393613970885,10,1
187960,14778,76.53968654886265,10,1
188000,14779,-20.701827379937125,40,0
188010,14780,137.86198282331307,10,1
188020,14781,125.56319474137285,10,1
188030,14782,121.15837160707957,10,1
188041,14783,56.27954386343191,11,1
188051,14784,104.24840297057838,10,1
188061,14785,77.42800789499252,10,1
188071,14786,85.43044573573744,10,1
188081,14787,112.22902500182781,10,1
188091,14788,109.8914502917187,10,1
188101,14789,116.63847786216547,10,1
188111,14790,128.35429389626708,10,1
188121,14791,122.12544369587984,10,1
188131,14792,50.03479856753497,10,1
188141,14793,122.07724152893184,10,1
188151,14794,107.44098075769304,10,1
188161,14795,44.33421169444941,10,1
188171,14796,120.12245553714003,10,1
188181,14797,123.8287827674511,10,1
188191,14798,117.43468363423678,10,1
188201,14799,98.11492046561845,10,1
188211,14800,124.99103691376826,10,1
188221,14801,77.58303127169694,10,1
188231,14802,96.02919031564879,10,1
188241,14803,103.53725438223147,10,1
188251,14804,129.53838702340795,10,1
188261,14805,112.60526470312539,10,1
188271,14806,130.48224155977633,10,1
188281,14807,52.67784496307416,10,1
188291,14808,137.8051869055933,10,1
188301,14809,125.08457647684077,10,1
188311,14810,131.17479297132078,10,1
188321,14811,128.32148489473195,10,1
188331,14812,28.75014552793342,10,1
188341,14813,122.81552397640485,10,1
188351,14814,132.3385810097186,10,1
188361,14815,117.90971922500816,10,1
188371,14816,116.06739367842506,10,1
188381,14817,126.29902762087912,10,1
188391,14818,119.37374748110136,10,1
188401,14819,122.22378501118693,10,1
188411,14820,118.93000026792733,10,1
188421,14821,123.32159276164056,10,1
188431,14822,138.58783828034845,10,1
188441,14823,99.6840196749166,10,1
188451,14824,118.43190187227448,10,1
188461,14825,127.32066929973547,10,1
188471,14826,77.1935819491128,10,1
188481,14827,120.04141934095286,10,1
188491,14828,117.89324605599242,10,1
188501,14829,72.97239860220103,10,1
188514,14830,98.87406937043478,13,1
188524,14831,113.44523835265119,10,1
188534,14832,107.7651603891251,10,1
188544,14833,124.80018953843808,10,1
188554,14834,137.9691772789325,10,1
188564,14835,119.26591791177434,10,1
188574,14836,120.98851044382296,10,1
188584,14837,120.80939706485357,10,1
188594,14838,77.78359856707976,10,1
188604,14839,102.93265204991923,10,1
188614,14840,117.09158027667117,10,1
188624,14841,129.9950658560972,10,1
188634,14842,130.39261968468782,10,1
188644,14843,110.88081721679586,10,1
188654,14844,84.44332795036306,10,1
188664,14845,132.3840074018728,10,1
188674,14846,118.22706151569702,10,1
188684,14847,126.16291760682296,10,1
188694,14848,112.0339034599824,10,1
188704,14849,98.33304047442931,10,1
188714,14850,108.17788993868778,10,1
188724,14851,119.7903548975606,10,1
188734,14852,131.1559091650133,10,1
188744,14853,78.91753708432762,10,1
188754,14854,132.8903244866644,10,1
188764,14855,122.20026632737324,10,1
188774,14856,31.876209605669906,10,1
188784,14857,117.1145152000931,10,1
188794,14858,126.14164451704664,10,1
188804,14859,130.85331397835466,10,1
188814,14860,95.50849293903859,10,1
188824,14861,119.47708570212988,10,1
188864,14862,-20.544132611953597,40,0
188874,14863,131.81642457914407,10,1
188884,14864,131.10035713818888,10,1
188896,14865,60.22152742642458,12,1
188906,14866,28.611929209472795,10,1
188916,14867,108.63630866500353,10,1
188926,14868,138.3222297813699,10,1
188936,14869,130.95042221639943,10,1
188946,14870,139.18820711786037,10,1
188956,14871,102.92287733190075,10,1
188966,14872,115.97600316569167,10,1
188976,14873,120.13885539656744,10,1
188986,14874,123.02732500173775,10,1
188996,14875,129.77460714581534,10,1
189006,14876,109.35562991235189,10,1
189016,14877,113.47582273586413,10,1
189026,14878,130.53109225400925,10,1
189036,14879,119.66299305152567,10,1
189046,14880,60.98439822035417,10,1
189056,14881,119.66099223842112,10,1
189066,14882,107.19767085478784,10,1
189076,14883,112.90437739240926,10,1
189086,14884,130.14593569988006,10,1
189096,14885,121.96666477616249,10,1
189106,14886,85.32703442085855,10,1
189116,14887,131.04161316887976,10,1
189126,14888,102.49258755451125,10,1
189136,14889,129.17228650044277,10,1
189146,14890,124.33605112264041,10,1
189156,14891,145.33020781114425,10,1
189166,14892,126.19701757711837,10,1
189176,14893,117.647309175266,10,1
189186,14894,40.86790741682113,10,1
189196,14895,132.7098277563031,10,1
189206,14896,116.19315842844847,10,1
189216,14897,128.83867717399383,10,1
189226,14898,139.17220440723997,10,1
189236,14899,119.09142900728855,10,1
189246,14900,133.1142770272613,10,1
189256,14901,138.35274964257604,10,1
189266,14902,138.5166579595664,10,1
189276,14903,129.42540156973132,10,1
189286,14904,123.96603709302862,10,1
189296,14905,125.29063806384916,10,1
189306,14906,137.8259442081672,10,1
189316,14907,113.35015804474732,10,1
189326,14908,145.3704426574248,10,1
189336,14909,89.46300854629638,10,1
189346,14910,115.1058421515996,10,1
189356,14911,101.98403957784821,10,1
189366,14912,117.04851917711868,10,1
189376,14913,130.17671896822705,10,1
189386,14914,92.839995521002,10,1
189399,14915,64.24601165817782,13,1
189409,14916,122.02725083262095,10,1
189420,14917,77.49009604375719,11,1
189430,14918,128.24615326616902,10,1
189440,14919,99.70352068244026,10,1
189451,14920,97.92024604097882,11,1
189461,14921,146.39463992920162,10,1
189471,14922,111.94999638300092,10,1
189481,14923,114.94747793215447,10,1
189491,14924,117.79282975183187,10,1
189501,14925,127.58830607356958,10,1
189513,14926,119.11058330457068,12,1
189523,14927,138.84555995877022,10,1
189533,14928,139.61893832445665,10,1
189543,14929,106.36347701275622,10,1
189555,14930,78.33892045518652,12,1
189565,14931,121.06406600004307,10,1
189575,14932,115.07243595547259,10,1
189585,14933,130.3904362353442,10,1
189595,14934,130.64519178921043,10,1
189605,14935,130.72101412842773,10,1
189615,14936,122.1819157881036,10,1
189625,14937,110.70935484008773,10,1
189636,14938,67.644938571228,11,1
189676,14939,-20.689915210453925,40,0
189686,14940,124.90251602948887,10,1
189696,14941,96.99200652382743,10,1
189706,14942,139.83751611412603,10,1
189716,14943,62.31349283889558,10,1
189726,14944,109.16642494262193,10,1
189736,14945,124.03995032062844,10,1
189746,14946,132.44052343424573,10,1
189756,14947,134.08070652234903,10,1
189766,14948,126.08599516481421,10,1
189776,14949,138.87435105069974,10,1
189786,14950,129.668750940135,10,1
189796,14951,137.17207694636988,10,1
189836,14952,-20.541537400218772,40,0
189846,14953,132.5219210867526,10,1
189856,14954,119.75841654440924,10,1
189866,14955,118.60707899857735,10,1
189877,14956,113.91611669661235,11,1
189887,14957,132.9681034770028,10,1
189897,14958,124.93205025253835,10,1
189907,14959,23.88837844874185,10,1
189917,14960,85.02964556292964,10,1
189927,14961,137.35146946946045,10,1
189937,14962,111.47463557602204,10,1
189947,14963,124.1569521011075,10,1
189957,14964,125.38128730825115,10,1
189967,14965,133.4694700957555,10,1
189977,14966,138.5446343243914,10,1
189988,14967,70.35663930764287,11,1
189998,14968,126.34161415197217,10,1
190008,14969,137.87479696008842,10,1
190018,14970,139.6221074315686,10,1
190028,14971,132.01857002530517,10,1
190038,14972,79.64639859132251,10,1
190048,14973,113.50566747140955,10,1
190058,14974,107.47229979331739,10,1
190068,14975,100.15109612869821,10,1
190078,14976,132.6911246530864,10,1
190088,14977,57.004943323528515,10,1
190098,14978,121.94729629164722,10,1
190108,14979,137.16079400480746,10,1
190118,14980,46.27122348134221,10,1
190128,14981,103.29538757037162,10,1
190138,14982,113.12433928596977,10,1
190148,14983,139.91779253088532,10,1
190158,14984,129.93837907346503,10,1
190168,14985,128.63476178688228,10,1
190178,14986,127.56897534827833,10,1
190189,14987,74.4938401246753,11,1
190200,14988,32.63381793650658,11,1
190210,14989,116.55470431899248,10,1
190220,14990,126.03772406726334,10,1
190230,14991,125.36702581607157,10,1
190240,14992,126.83348050761674,10,1
190250,14993,127.81345535923779,10,1
190260,14994,131.23396799397392,10,1
190270,14995,104.22828904032207,10,1
190280,14996,133.40976135509425,10,1
190290,14997,133.89590220359293,10,1
190300,14998,105.22651257933813,10,1
190310,14999,79.99008798950268,10,1
190320,15000,57.32773572322142,10,1
190330,15001,138.99166740050012,10,1
190340,15002,123.61113247174427,10,1
190350,15003,112.17529551834363,10,1
190360,15004,83.97623445958561,10,1
190370,15005,97.14337136927472,10,1
190384,15006,79.00241590186336,14,1
190394,15007,110.66515339004631,10,1
190404,15008,91.6002714446849,10,1
190414,15009,117.21106274893931,10,1
190424,15010,131.82488900186536,10,1
190434,15011,83.32493947777874,10,1
190444,15012,111.11316238735695,10,1
190454,15013,133.32807176426363,10,1
190465,15014,41.97325507316696,11,1
190475,15015,139.51726738684232,10,1
190485,15016,26.77426521156035,10,1
190495,15017,126.58356397278638,10,1
190505,15018,110.46233867787976,10,1
190515,15019,128.57940832075752,10,1
190525,15020,112.09766242251013,10,1
190535,15021,28.2621364692241,10,1
190545,15022,103.75865671460393,10,1
190555,15023,116.64855415321246,10,1
190565,15024,120.86140643782186,10,1
190575,15025,96.04183524396534,10,1
190585,15026,139.32671057307215,10,1
190595,15027,138.06272739328463,10,1
190605,15028,133.2193124947985,10,1
190615,15029,90.5687570047386,10,1
190625,15030,37.613602167049784,10,1
190635,15031,139.3158473438656,10,1
190645,15032,76.13041555893481,10,1
190655,15033,138.61994636183016,10,1
190665,15034,108.49674766056975,10,1
190675,15035,121.57205306981969,10,1
190685,15036,126.9242559746266,10,1
190695,15037,125.71507654289628,10,1
190708,15038,89.13698764570836,13,1
190718,15039,123.24701241643398,10,1
190728,15040,36.3622751599598,10,1
190738,15041,74.46586245969924,10,1
190748,15042,79.78350511025964,10,1
190758,15043,137.90622262143384,10,1
190768,15044,126.86210082506342,10,1
190778,15045,123.25466698535428,10,1
190788,15046,127.77803534505286,10,1
190800,15047,106.3509431677009,12,1
190810,15048,132.28086307470087,10,1
190850,15049,-21.236398005510992,40,0
190860,15050,133.35629998876428,10,1
190870,15051,131.79885678605612,10,1
190880,15052,121.31321045497575,10,1
190890,15053,138.57537955298906,10,1
190900,15054,103.63904021123854,10,1
190910,15055,115.46489980052472,10,1
190920,15056,94.75505892977482,10,1
190930,15057,127.45628351245601,10,1
190940,15058,137.75138346175456,10,1
190950,15059,130.77409219514885,10,1
190960,15060,119.58495916222,10,1
190970,15061,129.6251422482283,10,1
190980,15062,124.30140054198422,10,1
190990,15063,115.51845271563597,10,1
191000,15064,98.8098408248852,10,1
191010,15065,53.64152892859489,10,1
191021,15066,96.56099731867617,11,1
191031,15067,117.36629122934298,10,1
191041,15068,131.55685320263635,10,1
191051,15069,128.36499866433348,10,1
191061,15070,138.61664086399088,10,1
191071,15071,124.957513907484,10,1
191081,15072,125.1342339655292,10,1
191091,15073,83.49941048741087,10,1
191101,15074,103.8683080700702,10,1
191111,15075,20.413800393137326,10,1
191121,15076,112.16973958111579,10,1
191131,15077,131.62336390731164,10,1
191144,15078,64.96986245443415,13,1
191154,15079,124.68018315863272,10,1
191164,15080,133.32934845801114,10,1
191175,15081,92.01571069229246,11,1
191185,15082,137.5565102860468,10,1
191195,15083,94.31058956670776,10,1
191205,15084,109.56500026718334,10,1
191215,15085,33.65833159026511,10,1
191228,15086,113.82194289554853,13,1
191238,15087,127.14330445064053,10,1
191248,15088,115.66237902063334,10,1
191259,15089,123.81784819605315,11,1
191269,15090,119.92171695840734,10,1
191279,15091,137.361234449943,10,1
191289,15092,128.23573640551953,10,1
191299,15093,90.48389630750806,10,1
191310,15094,25.51009943433645,11,1
191320,15095,129.00244882716598,10,1
191332,15096,96.55139407582573,12,1
191342,15097,125.61976175964709,10,1
191352,15098,128.9263436100486,10,1
191362,15099,46.037067557796526,10,1
191372,15100,72.83152836822977,10,1
191382,15101,133.477432616363,10,1
191392,15102,130.247734353216,10,1
191402,15103,131.3818249649297,10,1
191412,15104,93.2533342245803,10,1
191422,15105,129.77859156289122,10,1
191432,15106,125.31998510959117,10,1
191442,15107,131.10560220443176,10,1
191452,15108,125.03478803256061,10,1
191462,15109,128.87714632505848,10,1
191472,15110,104.14461006849979,10,1
191482,15111,22.27165930540538,10,1
191492,15112,127.00750218066018,10,1
191502,15113,131.82241554067429,10,1
191512,15114,129.76770399785462,10,1
191522,15115,131.1255813759232,10,1
191532,15116,125.7024146192459,10,1
191542,15117,130.45565613347847,10,1
191552,15118,138.41547954411627,10,1
191562,15119,122.82544168942454,10,1
191572,15120,103.67915225084185,10,1
191582,15121,128.31731976280926,10,1
191592,15122,132.8872931112568,10,1
191603,15123,133.21090339842468,11,1
191613,15124,125.78158083328023,10,1
191624,15125,72.25501466542133,11,1
191634,15126,122.0910785866463,10,1
191674,15127,-20.687173892375878,40,0
191685,15128,64.01688899309801,11,1
191695,15129,121.32242042903349,10,1
191705,15130,131.0866697606655,10,1
191715,15131,67.15215151901599,10,1
191725,15132,122.80774071986522,10,1
191735,15133,131.7064347134606,10,1
191745,15134,110.59137235785286,10,1
191755,15135,133.03819777462255,10,1
191765,15136,128.8032008324475,10,1
191775,15137,82.73563658866159,10,1
191785,15138,114.26601604948051,10,1
191795,15139,95.18003748395321,10,1
191805,15140,127.2148118642299,10,1
191815,15141,70.44447831495366,10,1
191825,15142,38.485423192506154,10,1
191835,15143,55.986292177073864,10,1
191845,15144,130.1047895146075,10,1
191855,15145,144.12134733429187,10,1
191865,15146,129.27324191171047,10,1
191875,15147,129.6531788536408,10,1
191885,15148,36.85975642443234,10,1
191895,15149,137.74386591745917,10,1
191905,15150,81.21917127428566,10,1
191915,15151,103.22025304361895,10,1
191925,15152,56.64549371100916,10,1
191935,15153,137.81192486802826,10,1
191945,15154,138.66473283837306,10,1
191955,15155,131.17946914524134,10,1
191965,15156,122.27555757286903,10,1
191975,15157,132.916452234226,10,1
191985,15158,64.27747744186324,10,1
191995,15159,113.359535894791,10,1
192005,15160,131.81636866375325,10,1
192015,15161,88.27988814284721,10,1
192025,15162,126.07864821843678,10,1
192035,15163,112.85224662042049,10,1
192045,15164,75.05368449047694,10,1
192055,15165,134.29568159392645,10,1
192065,15166,24.368353605546787,10,1
192075,15167,40.4197316866701,10,1
192085,15168,132.45722961308795,10,1
192095,15169,129.21724002517234,10,1
192105,15170,82.3891922559865,10,1
192115,15171,131.88231909811205,10,1
192125,15172,120.84882232627879,10,1
192135,15173,104.5022092522155,10,1
192145,15174,27.395738122500784,10,1
192155,15175,131.47232048366754,10,1
192165,15176,79.48556740150356,10,1
192175,15177,127.26342557811833,10,1
192185,15178,139.78432619879067,10,1
192195,15179,119.93854109794358,10,1
192205,15180,132.839971481194,10,1
192215,15181,119.13231022484709,10,1
192225,15182,98.91070782487502,10,1
192235,15183,91.39989978077799,10,1
192245,15184,100.21358047107,10,1
192255,15185,110.09822384948255,10,1
192265,15186,112.26062718685611,10,1
192276,15187,55.04681803959952,11,1
192286,15188,131.71431064725488,10,1
192296,15189,36.30531839712585,10,1
192306,15190,112.3361459814501,10,1
192316,15191,138.64993229346834,10,1
192326,15192,132.52758615104278,10,1
192336,15193,124.31116067406941,10,1
192346,15194,105.47705578248099,10,1
192356,15195,112.22364204344035,10,1
192366,15196,117.27952246563292,10,1
192377,15197,66.24905748414837,11,1
192387,15198,122.53352426504124,10,1
192397,15199,133.4057013641996,10,1
192407,15200,84.41719940470215,10,1
192417,15201,127.29316024328465,10,1
192427,15202,119.15870150218416,10,1
192437,15203,132.47344182514152,10,1
192447,15204,111.10298248202349,10,1
192457,15205,138.04010203406904,10,1
192467,15206,97.0503068819737,10,1
192477,15207,46.53209039609346,10,1
192487,15208,95.83407059655686,10,1
192497,15209,131.5456831600267,10,1
192507,15210,105.63281294733957,10,1
192517,15211,110.47399271756075,10,1
192527,15212,125.09549719740967,10,1
192537,15213,127.72855627635076,10,1
192547,15214,108.62404448958587,10,1
192557,15215,114.52311347547864,10,1
192567,15216,123.60424487487033,10,1
192577,15217,124.05838588768677,10,1
192587,15218,139.55959282540863,10,1
192597,15219,119.72398325840732,10,1
192607,15220,80.9518616762505,10,1
192617,15221,114.3052888103076,10,1
192630,15222,75.60928287000316,13,1
192640,15223,131.09387593421894,10,1
192650,15224,138.84900456416526,10,1
192660,15225,123.0309031064194,10,1
192670,15226,145.38870421260276,10,1
192680,15227,128.14827125991542,10,1
192690,15228,70.33902583525021,10,1
192700,15229,126.25626995643864,10,1
192710,15230,123.37913877055577,10,1
192720,15231,74.27490745746184,10,1
192730,15232,131.60710687174074,10,1
192740,15233,35.197648429993365,10,1
192750,15234,64.2652049415754,10,1
192760,15235,124.5475174748057,10,1
192770,15236,128.36620829587673,10,1
192780,15237,45.06254828811586,10,1
192790,15238,132.65672577465773,10,1
192800,15239,114.4390590174579,10,1
192810,15240,93.72660163959452,10,1
192820,15241,131.44531190490363,10,1
192830,15242,128.73433910354447,10,1
192840,15243,98.1562460560779,10,1
192850,15244,120.7132814412745,10,1
192860,15245,137.87288097112898,10,1
192870,15246,118.82495264187553,10,1
192880,15247,125.09308652853801,10,1
192890,15248,131.33937605283973,10,1
192900,15249,62.084303582965774,10,1
192910,15250,67.75613602821059,10,1
192920,15251,122.82035596618529,10,1
192930,15252,121.50236928156666,10,1
192940,15253,132.4979137080324,10,1
192950,15254,115.80597685737553,10,1
192960,15255,125.81360247179748,10,1
192970,15256,131.48556578658446,10,1
192980,15257,110.93173841384194,10,1
192990,15258,145.60224794748459,10,1
193000,15259,130.2991117713656,10,1
193010,15260,79.38262662262682,10,1
193020,15261,132.13366210633134,10,1
193030,15262,124.29747606822593,10,1
193040,15263,137.34446946830064,10,1
193052,15264,44.51375789488787,12,1
193062,15265,96.22201549923956,10,1
193073,15266,80.4177303713933,11,1
193083,15267,128.01488004835767,10,1
193093,15268,131.58966034714393,10,1
193103,15269,114.05452517462419,10,1
193113,15270,106.95802440632364,10,1
193153,15271,-20.681096881722492,40,0
193163,15272,122.45015528042529,10,1
193173,15273,95.41578882499702,10,1
193183,15274,129.90793633855054,10,1
193193,15275,48.4812093120265,10,1
193203,15276,120.22990212530577,10,1
193213,15277,137.33094879054428,10,1
193224,15278,94.1666939508495,11,1
193234,15279,130.31523681417596,10,1
193244,15280,131.09747121663275,10,1
193254,15281,22.386022983349523,10,1
193264,15282,100.20782642063925,10,1
193276,15283,33.41723900242396,12,1
193286,15284,127.82485797887101,10,1
193296,15285,126.62458002586129,10,1
193306,15286,138.99780052287477,10,1
193316,15287,87.34127474643086,10,1
193326,15288,130.31640560229246,10,1
193336,15289,127.62796070839406,10,1
193346,15290,116.49608879786864,10,1
193356,15291,87.53456099164941,10,1
193366,15292,139.30578178153488,10,1
193376,15293,132.5044643333259,10,1
193386,15294,113.9314727550363,10,1
193396,15295,72.99204656265009,10,1
193406,15296,131.44683565731393,10,1
193416,15297,132.25214609333432,10,1
193426,15298,104.2615748780759,10,1
193436,15299,112.36370371362278,10,1
193446,15300,130.19694963975365,10,1
193456,15301,127.24144935251942,10,1
193483,15302,26.478215602526145,27,1
193494,15303,24.03246439882328,11,1
193504,15304,137.48150167762898,10,1
193514,15305,131.86135684545408,10,1
193524,15306,83.06528617508526,10,1
193534,15307,108.33881127868804,10,1
193544,15308,122.83966099664842,10,1
193554,15309,132.75421677146102,10,1
193564,15310,109.16616519953924,10,1
193574,15311,50.94756556465079,10,1
193584,15312,94.09492717321346,10,1
193594,15313,118.44182630384667,10,1
193604,15314,137.815380333385,10,1
193615,15315,74.75974704607178,11,1
193625,15316,124.79672545598827,10,1
193665,15317,-20.69654201257357,40,0
193675,15318,132.91644918208442,10,1
193685,15319,74.51231104108437,10,1
193695,15320,139.1916909805106,10,1
193705,15321,127.33465756965782,10,1
193715,15322,133.55948850733617,10,1
193726,15323,34.04010177093792,11,1
193736,15324,119.6153093153618,10,1
193748,15325,28.687107954590132,12,1
193758,15326,113.10993806931539,10,1
193768,15327,55.50734531721421,10,1
193778,15328,117.02775813571088,10,1
193788,15329,30.40199990924736,10,1
193798,15330,130.40758013165444,10,1
193808,15331,138.55124058216626,10,1
193818,15332,108.87506860195292,10,1
193828,15333,104.0894457334223,10,1
193838,15334,113.41390047015045,10,1
193848,15335,110.26282152480248,10,1
193858,15336,130.32457982577898,10,1
193868,15337,120.7416989961562,10,1
193880,15338,58.259005589241745,12,1
193890,15339,105.45375162688822,10,1
193900,15340,133.70839240796934,10,1
193910,15341,132.56107552172764,10,1
193922,15342,68.74216109560696,12,1
193932,15343,37.186685369043495,10,1
193972,15344,-20.809140783516145,40,0
193982,15345,103.11836391938948,10,1
193992,15346,145.54957381956402,10,1
194002,15347,101.7522934267277,10,1
194042,15348,-20.681088379082606,40,0
194052,15349,133.38926755308702,10,1
194062,15350,93.07854366210145,10,1
194072,15351,74.2375457870758,10,1
194112,15352,-20.756227956936822,40,0
194122,15353,129.71286404313156,10,1
194132,15354,118.45276866423036,10,1
194143,15355,109.12739002909638,11,1
194153,15356,92.42272766707514,10,1
194163,15357,44.452073521641694,10,1
194173,15358,125.96238598983209,10,1
194183,15359,104.20922672025247,10,1
194193,15360,107.81053546011222,10,1
194204,15361,65.37167425532378,11,1
194214,15362,102.94795407389354,10,1
194224,15363,132.39686738682187,10,1
194235,15364,57.11884752632578,11,1
194245,15365,133.07996356539502,10,1
194255,15366,102.36393955030344,10,1
194265,15367,108.34279966435425,10,1
194275,15368,128.43938625967598,10,1
194285,15369,128.32319632426538,10,1
194295,15370,130.50881665892962,10,1
194335,15371,-20.57098082303003,40,0
194345,15372,60.97007757073737,10,1
194355,15373,130.95748231327562,10,1
194365,15374,116.36011167749062,10,1
194375,15375,128.32665174633343,10,1
194385,15376,130.52508023570147,10,1
194395,15377,128.4439635400219,10,1
194405,15378,44.17148979130908,10,1
194415,15379,81.4486577108033,10,1
194425,15380,69.173168124253,10,1
194435,15381,129.2328932568861,10,1
194445,15382,96.24511614586679,10,1
194455,15383,88.99752016743729,10,1
194465,15384,99.5310732005239,10,1
194475,15385,94.94319913525987,10,1
194515,15386,-21.357957489346585,40,0
194525,15387,139.33896615861445,10,1
194536,15388,65.82904070812707,11,1
194546,15389,118.05578500024177,10,1
194556,15390,87.28239356787198,10,1
194566,15391,123.73233613730983,10,1
194599,15392,8.43008642181072,33,1
194609,15393,119.40844759510743,10,1
194619,15394,130.89903289824636,10,1
194629,15395,128.3613820477748,10,1
194639,15396,133.17189692899709,10,1
194649,15397,128.02044219351518,10,1
194659,15398,107.58933838391157,10,1
194669,15399,127.4654495400078,10,1
194679,15400,124.68492660944645,10,1
194689,15401,124.99735795543278,10,1
194699,15402,119.13328045074302,10,1
194709,15403,138.60168791002775,10,1
194719,15404,92.77950407823246,10,1
194729,15405,133.45119898874688,10,1
194739,15406,131.86107372567494,10,1
194749,15407,130.7019807415196,10,1
194759,15408,32.639101372964426,10,1
194769,15409,131.53245899663142,10,1
194779,15410,124.75104866777959,10,1
194789,15411,129.5642400871454,10,1
194799,15412,133.77221898821966,10,1
194811,15413,42.320897374507716,12,1
194821,15414,67.75268866032586,10,1
194831,15415,114.9319788413733,10,1
194841,15416,127.20574722883208,10,1
194851,15417,129.22437463946264,10,1
194861,15418,119.3416553662129,10,1
194871,15419,107.19477233810778,10,1
194881,15420,138.38870984427172,10,1
194891,15421,106.52484032271437,10,1
194901,15422,27.642686068343366,10,1
194911,15423,120.83142809622342,10,1
194921,15424,68.36439148542033,10,1
194932,15425,82.72189519006845,11,1
194943,15426,105.94371389052138,11,1
194953,15427,34.43939613055263,10,1
194963,15428,136.98982137613552,10,1
194973,15429,130.39727447384465,10,1
194983,15430,133.79139844688436,10,1
194993,15431,123.27248444226655,10,1
195003,15432,143.9918219571051,10,1
195013,15433,100.89059200834818,10,1
195023,15434,130.15020410060097,10,1
195033,15435,108.44765747279534,10,1
195043,15436,121.79487491489725,10,1
195053,15437,130.48452428865798,10,1
195063,15438,126.3844203201114,10,1
195073,15439,128.53162043680442,10,1
195083,15440,137.3654590241942,10,1
195093,15441,90.77972408081733,10,1
195103,15442,96.88510790264365,10,1
195113,15443,131.3083219760099,10,1
195123,15444,130.35847600375385,10,1
195133,15445,122.42891794030272,10,1
195143,15446,60.77312271219761,10,1
195153,15447,106.7122752851542,10,1
195167,15448,28.128853444759695,14,1
195177,15449,96.69887292992854,10,1
195187,15450,108.19896337830922,10,1
195197,15451,124.44452554641255,10,1
195207,15452,108.60226680948989,10,1
195217,15453,127.21829867853162,10,1
195227,15454,133.25634261542507,10,1
195237,15455,132.3662046569646,10,1
195247,15456,129.27606016150006,10,1
195257,15457,129.2374029770574,10,1
195267,15458,122.66991531353344,10,1
195278,15459,113.76212743706898,11,1
195288,15460,108.90152139439778,10,1
195298,15461,109.97433150871598,10,1
195308,15462,131.2066641403286,10,1
195318,15463,128.53631763193846,10,1
195328,15464,120.01371620800268,10,1
195338,15465,107.73640576836908,10,1
195348,15466,131.73503757103478,10,1
195358,15467,107.71458505138847,10,1
195368,15468,106.00239081401901,10,1
195378,15469,89.11887623507643,10,1
195388,15470,132.46042624541337,10,1
195398,15471,139.3039745283812,10,1
195408,15472,129.86939606357652,10,1
195418,15473,127.52530994060498,10,1
195429,15474,51.28175869482047,11,1
195439,15475,101.6976544900244,10,1
195449,15476,70.59560397069852,10,1
195459,15477,134.41613653410957,10,1
195469,15478,97.86053050663878,10,1
195479,15479,132.9429131331755,10,1
195489,15480,121.08414467848569,10,1
195499,15481,100.27637642143048,10,1
195509,15482,117.83093139363609,10,1
195520,15483,50.48877925106937,11,1
195530,15484,125.3155181679493,10,1
195540,15485,137.56499488825202,10,1
195550,15486,88.40149113854642,10,1
195590,15487,-21.350923153367532,40,0
195600,15488,139.22864050937892,10,1
195610,15489,126.47214009853968,10,1
195620,15490,126.82060372318746,10,1
195630,15491,90.10319418432556,10,1
195640,15492,105.11521530975315,10,1
195650,15493,94.9853624249016,10,1
195660,15494,102.76633507088751,10,1
195676,15495,86.93125697221589,16,1
195686,15496,130.22443380991834,10,1
195696,15497,122.10826546825967,10,1
195706,15498,136.48789082591856,10,1
195716,15499,128.222552293845,10,1
195726,15500,79.4731555965859,10,1
195736,15501,132.586765639838,10,1
195746,15502,126.67454803626464,10,1
195756,15503,129.8795745294811,10,1
195766,15504,109.6787299220659,10,1
195776,15505,133.71481151676284,10,1
195786,15506,128.23164522088413,10,1
195796,15507,112.4050138996318,10,1
195807,15508,76.34158147826103,11,1
195817,15509,88.95311125933466,10,1
195827,15510,127.9755755438991,10,1
195837,15511,108.60681621571675,10,1
195847,15512,132.33127009106897,10,1
195857,15513,114.27019592333382,10,1
195867,15514,131.01375052389045,10,1
195877,15515,128.61902469063227,10,1
195888,15516,134.12048142695042,11,1
195898,15517,121.4032067507349,10,1
195908,15518,132.02058735366938,10,1
195918,15519,122.56119171546699,10,1
195928,15520,131.03310077858336,10,1
195938,15521,117.66721062044421,10,1
195948,15522,129.1969219859829,10,1
195958,15523,129.49061660007158,10,1
195968,15524,133.48692837298069,10,1
195978,15525,116.3014751928412,10,1
195988,15526,129.14633567642346,10,1
195998,15527,127.46379275313399,10,1
196008,15528,138.53352832916391,10,1
196018,15529,101.07019629240808,10,1
196028,15530,126.08225976919329,10,1
196038,15531,97.21386601837878,10,1
196048,15532,133.71757770669774,10,1
196058,15533,130.9530031694172,10,1
196068,15534,29.44459899469129,10,1
196078,15535,134.4481926409869,10,1
196088,15536,46.70252833051837,10,1
196102,15537,138.73773947570027,14,1
196112,15538,132.71972730830132,10,1
196124,15539,64.51732382975828,12,1
196134,15540,130.6326832136092,10,1
196144,15541,108.17899376295823,10,1
196154,15542,78.08947980016804,10,1
196164,15543,47.051429623333036,10,1
196174,15544,91.48449516339704,10,1
196184,15545,132.2314832182208,10,1
196194,15546,129.27160710787052,10,1
196206,15547,115.70585428194,12,1
196216,15548,97.83921133220173,10,1
196226,15549,121.37869309589803,10,1
196236,15550,104.78745478535211,10,1
196246,15551,137.1800302171304,10,1
196256,15552,138.04242337112856,10,1
196266,15553,105.08278339451688,10,1
196276,15554,113.7861793162417,10,1
196288,15555,104.60932274115311,12,1
196298,15556,128.10415908345797,10,1
196308,15557,106.30763599474817,10,1
196319,15558,29.06248649388248,11,1
196329,15559,115.14406068615642,10,1
196339,15560,125.56556820580869,10,1
196349,15561,80.29655863471586,10,1
196359,15562,128.25141169281,10,1
196369,15563,124.81751671562394,10,1
196379,15564,111.207027907572,10,1
196389,15565,93.28245182288643,10,1
196429,15566,-20.917740824151107,40,0
196441,15567,117.21634421636598,12,1
196451,15568,132.06724322983774,10,1
196461,15569,127.77729205694098,10,1
196471,15570,32.0386512403577,10,1
196481,15571,117.38083683452335,10,1
196491,15572,99.09261249956282,10,1
196501,15573,114.18256060688181,10,1
196511,15574,132.27594236554594,10,1
196521,15575,138.1267320542096,10,1
196531,15576,123.69891880710077,10,1
196541,15577,50.78679305191642,10,1
196551,15578,146.37766802492624,10,1
196561,15579,125.57533237519058,10,1
196571,15580,130.7392227496632,10,1
196581,15581,137.72418813589096,10,1
196591,15582,118.83916873800047,10,1
196601,15583,110.65316948737303,10,1
196611,15584,78.15529920482429,10,1
196621,15585,125.94142207019719,10,1
196631,15586,139.5675700278626,10,1
196641,15587,145.07075918839163,10,1
196651,15588,107.57182519240835,10,1
196661,15589,120.23255178328193,10,1
196671,15590,52.78364298322657,10,1
196681,15591,126.05470324418081,10,1
196691,15592,113.39755030971253,10,1
196701,15593,129.1029069706837,10,1
196711,15594,93.26954101234988,10,1
196721,15595,132.14700209650036,10,1
196731,15596,29.651286422237373,10,1
196741,15597,131.9431414857443,10,1
196751,15598,95.12051709471143,10,1
196761,15599,119.41191702214462,10,1
196771,15600,66.11153182648049,10,1
196781,15601,145.17857554182277,10,1
196791,15602,126.07205682644258,10,1
196801,15603,112.427951327984,10,1
196811,15604,128.02278462394514,10,1
196821,15605,115.70413672684845,10,1
196831,15606,91.56210183720815,10,1
196841,15607,133.20391918496017,10,1
196851,15608,99.10481659428088,10,1
196861,15609,124.75921987447514,10,1
196871,15610,130.7405786865073,10,1
196881,15611,119.46859438549676,10,1
196891,15612,122.41537225082661,10,1
196902,15613,107.53503506842328,11,1
196912,15614,124.8126146832923,10,1
196923,15615,102.40139099197094,11,1
196933,15616,130.1424598621426,10,1
196943,15617,128.5076462424353,10,1
196953,15618,146.01451924419547,10,1
196963,15619,111.87978945473259,10,1
196973,15620,121.24762458110554,10,1
196983,15621,85.08284990310442,10,1
196993,15622,94.13159509589725,10,1
197003,15623,126.37455029674481,10,1
197013,15624,123.86145298683489,10,1
197023,15625,93.8029470443435,10,1
197033,15626,130.11666745490334,10,1
197043,15627,128.23731319031052,10,1
197053,15628,121.99692860203804,10,1
197063,15629,139.8289104870899,10,1
197073,15630,125.16844144154803,10,1
197083,15631,84.49642292460541,10,1
197093,15632,97.70681538333137,10,1
197103,15633,125.55031710165032,10,1
197113,15634,121.06820933839712,10,1
197123,15635,121.71551066563782,10,1
197133,15636,114.88433496672909,10,1
197143,15637,103.00382141808285,10,1
197153,15638,51.0706873699371,10,1
197163,15639,146.42286898920275,10,1
197173,15640,123.78320811388579,10,1
197183,15641,116.06908228597604,10,1
197193,15642,101.51604084929954,10,1
197203,15643,125.18274161269314,10,1
197213,15644,131.98036710904836,10,1
197223,15645,128.9457968384301,10,1
197233,15646,133.99194108171073,10,1
197243,15647,109.87761708969141,10,1
197253,15648,133.44459596645163,10,1
197263,15649,122.86589773258386,10,1
197273,15650,130.11556759204387,10,1
197283,15651,116.86452234697599,10,1
197293,15652,127.24924549180105,10,1
197303,15653,121.44795635220089,10,1
197313,15654,130.80283747937898,10,1
197323,15655,131.25129940798365,10,1
197333,15656,62.71258604757205,10,1
197344,15657,66.73249487567324,11,1
197354,15658,129.1016877161013,10,1
197364,15659,129.46224299458956,10,1
197374,15660,109.13061298659001,10,1
197384,15661,59.72765422793881,10,1
197394,15662,111.32791886040516,10,1
197404,15663,144.9980821433995,10,1
197414,15664,106.39642336705921,10,1
197424,15665,27.47951302802348,10,1
197434,15666,138.67367577305532,10,1
197444,15667,145.88268740889185,10,1
197454,15668,132.708854944345,10,1
197464,15669,127.6817019715688,10,1
197474,15670,137.92701168611273,10,1
197484,15671,91.04013366578108,10,1
197494,15672,94.03928215745549,10,1
197504,15673,126.38086881006399,10,1
197514,15674,120.30337136679299,10,1
197524,15675,125.21665662611733,10,1
197534,15676,136.927917279945,10,1
197544,15677,122.86643152091924,10,1
197557,15678,127.64537900549186,13,1
197567,15679,129.62968479569926,10,1
197577,15680,133.32962949428068,10,1
197587,15681,138.55401474908518,10,1
197597,15682,131.67397045067722,10,1
197607,15683,67.37160791287955,10,1
197617,15684,136.9030941859169,10,1
197627,15685,113.08785722449215,10,1
197638,15686,94.39887655143147,11,1
197648,15687,133.68552414016926,10,1
197658,15688,130.8690432233936,10,1
197668,15689,133.0622683738649,10,1
197678,15690,130.94035090424484,10,1
197688,15691,98.63828370692195,10,1
197698,15692,131.8522980646511,10,1
197708,15693,119.67892731595506,10,1
197718,15694,138.8835743198426,10,1
197728,15695,129.35626587997334,10,1
197738,15696,131.13890424606535,10,1
197748,15697,130.33946215149916,10,1
197758,15698,118.55810066424425,10,1
197768,15699,138.88265200336008,10,1
197780,15700,103.48801125514991,12,1
197790,15701,100.75558480656039,10,1
197800,15702,129.63959210570457,10,1
197810,15703,134.1045297530111,10,1
197820,15704,126.91690644010568,10,1
197830,15705,126.46787743195817,10,1
197840,15706,88.9901992856606,10,1
197850,15707,92.62811242172727,10,1
197860,15708,119.16811186020244,10,1
197870,15709,126.63263451123665,10,1
197881,15710,86.68732304134723,11,1
197891,15711,103.47732241115793,10,1
197901,15712,119.28210381501897,10,1
197912,15713,101.19581815656659,11,1
197922,15714,99.13017802583528,10,1
197932,15715,124.1599802903443,10,1
197942,15716,130.01820188785197,10,1
197952,15717,121.64277732606736,10,1
197962,15718,133.08911161607975,10,1
197972,15719,127.730142241321,10,1
197982,15720,125.425353108982,10,1
197992,15721,117.78790996511707,10,1
198002,15722,96.28515853503232,10,1
198012,15723,98.86020080282856,10,1
198022,15724,120.65614295461049,10,1
198037,15725,118.72192248308363,15,1
198047,15726,125.54407671159453,10,1
198057,15727,137.407205619602,10,1
198067,15728,106.97211949906591,10,1
198077,15729,119.65207064760942,10,1
198087,15730,131.61149350963788,10,1
198097,15731,133.3854889045287,10,1
198107,15732,94.94958926906617,10,1
198117,15733,77.59143799174515,10,1
198127,15734,123.67450069283234,10,1
198137,15735,139.02113658412907,10,1
198147,15736,119.31180676113337,10,1
198157,15737,121.39222562827419,10,1
198167,15738,132.69154821913153,10,1
198177,15739,127.48061578100938,10,1
198187,15740,138.02452870492468,10,1
198197,15741,132.1300128891565,10,1
198207,15742,133.0545778998712,10,1
198217,15743,121.31328920918313,10,1
198227,15744,121.41896943143473,10,1
198237,15745,84.87316873729542,10,1
198247,15746,129.8664447605786,10,1
198257,15747,121.59030337893992,10,1
198267,15748,95.73127581179992,10,1
198277,15749,132.12121561402247,10,1
198287,15750,106.42657585087841,10,1
198297,15751,112.45990807726703,10,1
198307,15752,145.82913603878384,10,1
198317,15753,119.00813247223128,10,1
198327,15754,116.47908040961588,10,1
198337,15755,120.31496618999478,10,1
198347,15756,120.53254332873263,10,1
198357,15757,132.09998839149677,10,1
198367,15758,122.20821456035502,10,1
198377,15759,99.83726883339163,10,1
198388,15760,55.30421776268443,11,1
198399,15761,96.80340760075912,11,1
198409,15762,127.02358759207542,10,1
198419,15763,104.58713958346061,10,1
198429,15764,129.59337525257564,10,1
198439,15765,121.34259952872416,10,1
198449,15766,48.34830399844996,10,1
198459,15767,112.06761982312426,10,1
198469,15768,114.61755759678827,10,1
198479,15769,78.98137583497854,10,1
198519,15770,-20.58278236243091,40,0
198529,15771,21.59818042593699,10,1
198539,15772,127.19989734161013,10,1
198549,15773,80.84443211319449,10,1
198559,15774,69.45889933827823,10,1
198569,15775,133.78509214613536,10,1
198579,15776,115.13059518758939,10,1
198589,15777,129.32703456227995,10,1
198599,15778,103.7710495887318,10,1
198609,15779,127.7670774915038,10,1
198619,15780,102.59859596445085,10,1
198629,15781,120.18383217341312,10,1
198639,15782,114.30009872120243,10,1
198649,15783,86.51075654918195,10,1
198659,15784,122.2405094131856,10,1
198669,15785,131.8813955170547,10,1
198679,15786,137.78449301400516,10,1
198689,15787,137.95478645376895,10,1
198699,15788,137.95746151721255,10,1
198709,15789,129.3758475339679,10,1
198719,15790,111.42448866443014,10,1
198729,15791,128.2848299724408,10,1
198739,15792,122.08153062870574,10,1
198749,15793,117.82937011958067,10,1
198759,15794,131.53177028428476,10,1
198769,15795,102.16993064920598,10,1
198779,15796,104.92624372756573,10,1
198789,15797,133.3664655289105,10,1
198799,15798,144.7711190118784,10,1
198809,15799,126.76071611940193,10,1
198819,15800,119.35639234527498,10,1
198829,15801,120.88191948331598,10,1
198839,15802,82.50163393434657,10,1
198849,15803,138.92627857201322,10,1
198859,15804,139.9308150194187,10,1
198869,15805,124.5848018079347,10,1
198879,15806,139.07659901338755,10,1
198890,15807,50.13165784173715,11,1
198900,15808,129.77868005518158,10,1
198910,15809,111.2206332728172,10,1
198920,15810,120.92549071297299,10,1
198930,15811,119.86450252067456,10,1
198940,15812,129.26008624091807,10,1
198950,15813,115.6370182640686,10,1
198960,15814,111.15532748141557,10,1
198970,15815,130.9761695130222,10,1
198980,15816,139.48720986462,10,1
198990,15817,23.849034985000674,10,1
199001,15818,104.0667617021482,11,1
199011,15819,45.249898790328054,10,1
199021,15820,129.63438117364396,10,1
199031,15821,112.24958809928754,10,1
199041,15822,125.45956687483555,10,1
199051,15823,62.82946676549442,10,1
199061,15824,113.30143182947684,10,1
199071,15825,131.2706464219637,10,1
199081,15826,27.09024194508049,10,1
199091,15827,93.26297480675811,10,1
199101,15828,131.41939801085456,10,1
199111,15829,118.45926892736247,10,1
199121,15830,130.4422012557609,10,1
199131,15831,144.18043649194476,10,1
199141,15832,127.67546631095675,10,1
199151,15833,128.513619930364,10,1
199161,15834,112.94537225257648,10,1
199171,15835,138.40402167188026,10,1
199181,15836,137.62805259462684,10,1
199191,15837,130.2323830288107,10,1
199201,15838,132.88999384494377,10,1
199211,15839,139.07348980412357,10,1
199221,15840,110.19545627014747,10,1
199231,15841,91.51739677119274,10,1
199241,15842,138.85781759056542,10,1
199251,15843,128.87787727319315,10,1
199261,15844,119.1187461666598,10,1
199271,15845,130.9851886789111,10,1
199281,15846,69.53075899893011,10,1
199291,15847,130.35436916706476,10,1
199301,15848,131.08579936778364,10,1
199311,15849,125.05349168790657,10,1
199321,15850,108.32796984782283,10,1
199331,15851,120.58938740991827,10,1
199343,15852,53.250988722218366,12,1
199353,15853,139.0461266418195,10,1
199363,15854,100.18031049467825,10,1
199373,15855,124.327709388365,10,1
199383,15856,121.12271482762237,10,1
199393,15857,128.9948742609817,10,1
199403,15858,128.16977678640353,10,1
199413,15859,130.74565403533276,10,1
199423,15860,127.83173694392302,10,1
199435,15861,44.90938921435078,12,1
199445,15862,132.8776665518717,10,1
199455,15863,108.71737200157034,10,1
199465,15864,127.5725753965159,10,1
199475,15865,133.67578197302984,10,1
199485,15866,117.43593313873919,10,1
199495,15867,128.9461810202788,10,1
199505,15868,102.29695946777555,10,1
199515,15869,138.3469654873197,10,1
199525,15870,118.10254908267154,10,1
199535,15871,138.93128760370365,10,1
199545,15872,125.88181044629945,10,1
199555,15873,131.10669021456025,10,1
199565,15874,119.88595136366337,10,1
199575,15875,126.94122736696124,10,1
199585,15876,131.21577852137867,10,1
199595,15877,138.83402643024553,10,1
199605,15878,88.62977182893746,10,1
199616,15879,75.02087775825,11,1
199626,15880,129.03811196653703,10,1
199636,15881,132.4712953541988,10,1
199646,15882,126.56898799267951,10,1
199656,15883,128.72427970205942,10,1
199666,15884,128.71926034818694,10,1
199676,15885,103.22809228600744,10,1
199686,15886,124.7357409991803,10,1
199696,15887,66.22723851473471,10,1
199706,15888,129.79871465423653,10,1
199716,15889,134.41731656619893,10,1
199726,15890,128.9564339294596,10,1
199736,15891,83.45124391673595,10,1
199746,15892,57.5353545778253,10,1
199756,15893,133.29635859533826,10,1
199766,15894,124.11269946205063,10,1
199776,15895,127.07672005813345,10,1
199786,15896,125.34624172007821,10,1
199796,15897,131.8673330515014,10,1
199806,15898,126.02623327845419,10,1
199816,15899,126.94398956461298,10,1
199826,15900,132.83232508052967,10,1
199836,15901,138.66278543127297,10,1
199846,15902,37.68399063491964,10,1
199856,15903,126.71207171144862,10,1
199866,15904,114.02980722357172,10,1
199876,15905,118.09667017129054,10,1
199886,15906,132.23162775072166,10,1
199896,15907,121.24639086091112,10,1
199906,15908,126.86217352960969,10,1
199916,15909,56.93306860540633,10,1
199926,15910,128.45389730731836,10,1
199936,15911,131.97831229163614,10,1
199946,15912,128.71955093600533,10,1
199956,15913,117.66616359400945,10,1
199966,15914,120.2129046745083,10,1
199976,15915,137.9813531020333,10,1
199986,15916,129.7722618224908,10,1
199996,15917,131.44426450993208,10,1
