env_step,episode_index,episode_return,episode_length,released
14,1,-1.8199376279317994,14,1
28,2,-3.265361536515173,14,1
42,3,-3.266312255340916,14,1
56,4,0.37292257289560954,14,1
70,5,85.86012667939164,14,1
84,6,-1.0803979050681887,14,1
98,7,2.0713218999525345,14,1
112,8,-5.213121666086514,14,1
126,9,-1.3076613624110154,14,1
140,10,8.266860403191172,14,1
154,11,5.306387553532165,14,1
168,12,2.64076375174434,14,1
182,13,-5.226594233832124,14,1
196,14,3.2850076602833465,14,1
210,15,26.13997409544306,14,1
224,16,43.52195017210071,14,1
238,17,1.5628195791450463,14,1
252,18,5.00409171792416,14,1
266,19,2.720964902937001,14,1
280,20,-3.6895473041467914,14,1
294,21,-2.8948926991446244,14,1
308,22,-6.501510932706537,14,1
322,23,20.13420781508707,14,1
336,24,79.91542502556389,14,1
350,25,-5.25057331908529,14,1
364,26,-1.5877094601452546,14,1
378,27,-2.6471965888589004,14,1
392,28,13.643896134354003,14,1
406,29,-0.49291642378483624,14,1
420,30,102.5830268213473,14,1
434,31,-4.92042951018911,14,1
448,32,-1.0996386071498268,14,1
462,33,-3.2985443645404837,14,1
476,34,-3.8171135893588057,14,1
490,35,15.919044199549123,14,1
504,36,-3.0957013521923047,14,1
518,37,15.25352619584938,14,1
532,38,70.30950201377992,14,1
546,39,-3.5927100120277387,14,1
560,40,14.282727622772194,14,1
574,41,1.6722128233465765,14,1
588,42,-4.377542147753032,14,1
602,43,-3.5663166420037826,14,1
616,44,6.839817219470818,14,1
630,45,3.7085441444801255,14,1
644,46,20.0577877345066,14,1
658,47,3.6683984952085464,14,1
672,48,5.484489917777383,14,1
686,49,12.985638679159466,14,1
700,50,-4.647354502662881,14,1
714,51,18.57407864337805,14,1
728,52,40.51680038344649,14,1
742,53,-1.234605987140272,14,1
756,54,31.821048545907093,14,1
770,55,-3.418204470862737,14,1
784,56,9.546562613364301,14,1
798,57,17.270388377695078,14,1
812,58,-3.8939607422214744,14,1
826,59,-1.3963148422965186,14,1
840,60,89.1694731169349,14,1
854,61,-0.1540068341383825,14,1
868,62,-1.771550203569712,14,1
882,63,13.063295053556663,14,1
896,64,34.87414368243367,14,1
910,65,-3.836345467240044,14,1
924,66,-1.1841259877323762,14,1
938,67,6.0531243501849215,14,1
952,68,4.099802547797473,14,1
966,69,20.782825490210673,14,1
980,70,45.618404248442985,14,1
994,71,5.954776090486772,14,1
1008,72,4.769986508343622,14,1
1022,73,3.034468734126283,14,1
1036,74,-1.5598713260670525,14,1
1050,75,5.102079996171693,14,1
1064,76,0.12174781626413228,14,1
1078,77,17.716183428249977,14,1
1092,78,17.33658968354806,14,1
1106,79,-2.8785782363007884,14,1
1120,80,66.98793063668485,14,1
1134,81,-0.8988283878511214,14,1
1148,82,4.110301941321104,14,1
1162,83,-0.8999609528250267,14,1
1176,84,-1.7133115103444663,14,1
1190,85,8.849332567501062,14,1
1204,86,51.313182899408616,14,1
1218,87,3.7233534046932726,14,1
1232,88,-1.2105799842020857,14,1
1246,89,-7.839039262221768,14,1
1260,90,6.43249736176534,14,1
1274,91,29.306916179041313,14,1
1288,92,0.14558381940850235,14,1
1302,93,5.585492747377199,14,1
1316,94,10.028688735342799,14,1
1330,95,-3.008244409695049,14,1
1344,96,2.155730732726132,14,1
1358,97,-2.4670632624813216,14,1
1372,98,-2.1649153243775845,14,1
1386,99,-2.3210148692883297,14,1
1400,100,0.44594268040981344,14,1
1414,101,-1.4252046473336841,14,1
1428,102,17.746145233371138,14,1
1442,103,-2.621733781801949,14,1
1456,104,41.14483349563388,14,1
1470,105,10.006955739457148,14,1
1485,106,-2.994581709970378,15,1
1499,107,-0.826094194801438,14,1
1513,108,9.12386485426539,14,1
1527,109,-5.647111746186096,14,1
1541,110,6.9026501289327955,14,1
1555,111,3.1199072847479776,14,1
1569,112,29.894755190347794,14,1
1583,113,78.1476755192163,14,1
1597,114,-5.513070652787095,14,1
1611,115,-1.1785083047933598,14,1
1625,116,-1.0319777337378544,14,1
1639,117,-1.1398873346076106,14,1
1653,118,55.698263417439556,14,1
1667,119,-2.4282779701073323,14,1
1681,120,-1.7694116965131803,14,1
1695,121,-4.940906601641455,14,1
1709,122,-2.1515792962909557,14,1
1723,123,0.7766081264391934,14,1
1737,124,-5.6295117664487195,14,1
1751,125,4.342658089681738,14,1
1765,126,2.51087266730851,14,1
1779,127,80.57248919292905,14,1
1794,128,-2.7797401151026837,15,1
1808,129,16.58286674226953,14,1
1822,130,3.4521117140492334,14,1
1836,131,-3.4193753191676612,14,1
1850,132,3.75273511228443,14,1
1864,133,1.094593247773087,14,1
1878,134,-9.053426446232075,14,1
1892,135,-1.7508135422677684,14,1
1906,136,-2.6096422042471428,14,1
1920,137,-1.5048642689358185,14,1
1934,138,1.6144557100962091,14,1
1948,139,15.680584358930007,14,1
1962,140,4.203239924959406,14,1
1976,141,1.2894543120769064,14,1
1990,142,19.592338773585936,14,1
2004,143,-2.17144959572716,14,1
2018,144,4.425633476836645,14,1
2032,145,118.25554596155011,14,1
2046,146,2.3078497740564186,14,1
2060,147,46.27774781607783,14,1
2074,148,1.4167044121194794,14,1
2088,149,-1.4127174213914369,14,1
2102,150,-1.2276988451881596,14,1
2116,151,-6.173969770855522,14,1
2130,152,-3.04363601719426,14,1
2144,153,-0.42487642270120163,14,1
2158,154,-3.200121200758138,14,1
2172,155,-3.162331959248012,14,1
2186,156,0.8956890994411377,14,1
2200,157,12.660982683088523,14,1
2214,158,-7.1183146497442635,14,1
2228,159,60.90227324457931,14,1
2242,160,16.338504969545166,14,1
2256,161,-1.7637724404279325,14,1
2270,162,-3.528021415103089,14,1
2284,163,0.014585779194103976,14,1
2298,164,105.46893587929365,14,1
2312,165,-1.3926302391338468,14,1
2326,166,26.864707822530388,14,1
2340,167,-3.7305093424972973,14,1
2354,168,-0.04976241371794776,14,1
2368,169,-1.9012071300718054,14,1
2382,170,-0.08209736710780013,14,1
2396,171,-3.5860391913871554,14,1
2410,172,88.6184355250597,14,1
2424,173,-6.268006657945922,14,1
2438,174,1.5484098452903954,14,1
2452,175,5.608660423627467,14,1
2466,176,-5.150202892363545,14,1
2480,177,-1.6674259865335366,14,1
2494,178,-3.1992312949606676,14,1
2508,179,-4.360472305939711,14,1
2522,180,17.1490209647344,14,1
2536,181,-0.8543811142884012,14,1
2550,182,11.031145162056227,14,1
2564,183,53.12935691239204,14,1
2578,184,0.47351868201577096,14,1
2592,185,4.1426583878247,14,1
2606,186,43.51027262608521,14,1
2620,187,107.77164230951345,14,1
2634,188,12.653155412299006,14,1
2648,189,43.27830184956196,14,1
2662,190,-3.244386286236633,14,1
2676,191,30.638256489285602,14,1
2692,192,9.53711763184879,16,1
2706,193,-3.566137953500272,14,1
2720,194,42.08916450325071,14,1
2734,195,67.31768387373234,14,1
2748,196,-0.6531218175512106,14,1
2762,197,76.77774273506712,14,1
2776,198,100.88482952303899,14,1
2790,199,11.221292423348206,14,1
2804,200,15.982729122908742,14,1
2818,201,20.436858005963884,14,1
2832,202,-2.536889945196323,14,1
2846,203,6.817614392791659,14,1
2860,204,-2.123742090585722,14,1
2874,205,14.782714196226811,14,1
2888,206,13.527933793681289,14,1
2902,207,130.2850360195336,14,1
2916,208,30.997002527291492,14,1
2930,209,18.655804580519316,14,1
2944,210,6.581875917140311,14,1
2958,211,21.575523597923258,14,1
2972,212,-1.6000955193268829,14,1
2986,213,85.22486529088067,14,1
3000,214,28.67047521887612,14,1
3014,215,2.4414294879791787,14,1
3028,216,29.413827809720594,14,1
3042,217,102.90754766849838,14,1
3056,218,8.992656946837181,14,1
3070,219,43.78367545407699,14,1
3084,220,-0.6224661584886402,14,1
3098,221,15.283534488902111,14,1
3112,222,6.138391913165732,14,1
3126,223,18.02284857573686,14,1
3140,224,6.588250005681584,14,1
3154,225,126.514900514015,14,1
3168,226,33.154072516558124,14,1
3182,227,10.599115690559792,14,1
3196,228,0.40997555231288724,14,1
3210,229,15.430163244402548,14,1
3224,230,39.98494519548554,14,1
3238,231,5.92325136034022,14,1
3252,232,20.28230913061956,14,1
3266,233,34.622788926056025,14,1
3280,234,40.14074339802549,14,1
3294,235,18.399821512079033,14,1
3308,236,7.366047398111792,14,1
3322,237,8.27768496651297,14,1
3336,238,-0.13877436464951165,14,1
3350,239,-2.6340439883721047,14,1
3364,240,65.4981683569162,14,1
3378,241,10.719602972927145,14,1
3392,242,10.308327863953439,14,1
3406,243,10.866344272963726,14,1
3420,244,25.107622676545983,14,1
3434,245,119.89218577748638,14,1
3448,246,-0.7874488943531675,14,1
3462,247,5.090106131283202,14,1
3476,248,40.09086682472136,14,1
3490,249,0.32579435079901675,14,1
3504,250,-0.8091364329759072,14,1
3518,251,-0.9736507472376912,14,1
3532,252,4.6026002298320865,14,1
3546,253,-1.9900441833363136,14,1
3560,254,0.42341414968152513,14,1
3574,255,3.9039554203902123,14,1
3588,256,4.537547503834895,14,1
3603,257,-0.3400565459675524,15,1
3617,258,9.942582250394766,14,1
3631,259,-1.75099001473294,14,1
3645,260,16.538512328993875,14,1
3659,261,2.375290130462442,14,1
3673,262,12.720564995310495,14,1
3687,263,-0.9926041717844248,14,1
3701,264,6.916741670011297,14,1
3715,265,10.725749548962689,14,1
3729,266,3.747428928575695,14,1
3743,267,16.211741712580885,14,1
3757,268,-2.2301270613868134,14,1
3771,269,-1.561731174085986,14,1
3785,270,-0.5922436340532097,14,1
3799,271,0.1254377383154156,14,1
3813,272,-1.1221420286793258,14,1
3827,273,0.978157713641731,14,1
3841,274,-0.8550771174188931,14,1
3855,275,3.1377041279510327,14,1
3869,276,0.6042551154181006,14,1
3883,277,-1.224895370107053,14,1
3897,278,-5.012728004140562,14,1
3911,279,-2.7590975888497664,14,1
3925,280,5.918269185250849,14,1
3939,281,-0.4423372119545697,14,1
3953,282,1.084788421971125,14,1
3967,283,0.6755241152054094,14,1
3981,284,-3.46166748300244,14,1
3995,285,13.24780131917929,14,1
4009,286,9.00722332654538,14,1
4023,287,-1.960956268808637,14,1
4037,288,-2.8301924816390365,14,1
4051,289,1.9604990393342134,14,1
4065,290,28.709143141065958,14,1
4079,291,-0.9552431731329105,14,1
4093,292,-1.6059899336592043,14,1
4107,293,-1.484748984770867,14,1
4121,294,-1.816791450549894,14,1
4135,295,18.823930312950193,14,1
4149,296,-4.3325112467452565,14,1
4163,297,-0.5039657031279206,14,1
4177,298,-0.7211363388326111,14,1
4191,299,-0.2733517453328575,14,1
4205,300,-4.067240549690141,14,1
4219,301,31.368487166142636,14,1
4233,302,-2.4405974108259603,14,1
4247,303,0.34739135239647567,14,1
4261,304,-2.698322520900003,14,1
4275,305,-4.904874580227634,14,1
4289,306,-2.8030199313279422,14,1
4303,307,-2.732101793709144,14,1
4317,308,-4.283391013895566,14,1
4331,309,1.9125125322955756,14,1
4345,310,7.73923545254961,14,1
4359,311,15.795517309540063,14,1
4373,312,0.4029217768172693,14,1
4387,313,5.517019505742385,14,1
4401,314,34.621955081300065,14,1
4415,315,3.856202617000624,14,1
4429,316,57.65294457347938,14,1
4443,317,93.98530664363122,14,1
4457,318,14.331806827305664,14,1
4471,319,10.63630765368559,14,1
4486,320,44.8422399311674,15,1
4500,321,36.969218389080254,14,1
4514,322,20.85596907491259,14,1
4528,323,119.96946051686169,14,1
4542,324,67.2274938549753,14,1
4556,325,92.83893373661779,14,1
4570,326,7.539196551446853,14,1
4584,327,53.22707163347078,14,1
4598,328,32.26382666115074,14,1
4613,329,59.44750735811447,15,1
4627,330,62.80099940004551,14,1
4642,331,17.73996771282377,15,1
4656,332,83.42000301727805,14,1
4670,333,91.84300876192752,14,1
4684,334,70.99860776746885,14,1
4698,335,115.19608366090218,14,1
4712,336,75.87452334800788,14,1
4726,337,120.22628877557962,14,1
4740,338,19.09706720012207,14,1
4754,339,83.12535435427789,14,1
4768,340,106.20263384885114,14,1
4782,341,46.641584542177725,14,1
4796,342,59.240964747886544,14,1
4810,343,46.848614047939996,14,1
4825,344,25.07708146298638,15,1
4839,345,79.03596951358739,14,1
4853,346,71.94758453534926,14,1
4867,347,140.64289228200718,14,1
4881,348,142.5602404521651,14,1
4895,349,126.52971725902562,14,1
4909,350,115.02926914903293,14,1
4923,351,98.26632012821543,14,1
4937,352,125.30855672050197,14,1
4952,353,124.02732985818781,15,1
4966,354,103.74690915227346,14,1
4980,355,68.92158305590026,14,1
4994,356,59.26703994805809,14,1
5008,357,78.88804581576571,14,1
5022,358,90.120992993475,14,1
5036,359,96.83730368096467,14,1
5050,360,130.93809155216707,14,1
5064,361,44.736564910643246,14,1
5078,362,28.616096098005624,14,1
5093,363,53.295244262406186,15,1
5107,364,96.20669516804917,14,1
5121,365,69.72560518820154,14,1
5135,366,68.6311797646671,14,1
5149,367,142.28783624680528,14,1
5163,368,131.2803629818938,14,1
5177,369,95.171127914803,14,1
5191,370,121.64950678393363,14,1
5205,371,132.815704495695,14,1
5219,372,80.55473760248313,14,1
5234,373,83.805550011213,15,1
5249,374,37.078129726225,15,1
5264,375,84.26066558874578,15,1
5278,376,9.528409532848565,14,1
5293,377,62.346114193849495,15,1
5307,378,94.21637758213583,14,1
5321,379,96.7789331123971,14,1
5335,380,49.278543955664944,14,1
5349,381,135.88972611349234,14,1
5363,382,109.64865980535279,14,1
5377,383,128.25411644889428,14,1
5391,384,134.1310026605919,14,1
5405,385,128.60835057677068,14,1
5419,386,106.97141064326436,14,1
5433,387,49.53056686496252,14,1
5448,388,128.3953993189468,15,1
5462,389,122.74273548393153,14,1
5476,390,88.04849618184363,14,1
5495,391,103.52309231763742,19,1
5509,392,86.04200938445146,14,1
5523,393,127.06394647885335,14,1
5538,394,85.28180121400518,15,1
5552,395,121.31812589940955,14,1
5567,396,127.48092531140584,15,1
5581,397,134.54939658551913,14,1
5595,398,135.13910039684603,14,1
5610,399,49.9446459469486,15,1
5624,400,87.51411415452836,14,1
5638,401,61.49850802586844,14,1
5653,402,119.06506160179642,15,1
5667,403,130.26734150320092,14,1
5681,404,22.1012656880459,14,1
5695,405,128.50634600712087,14,1
5709,406,132.86618274663923,14,1
5724,407,100.09868797749903,15,1
5738,408,73.60120285288012,14,1
5752,409,36.76127755612399,14,1
5766,410,99.27463392137663,14,1
5780,411,46.63356082107568,14,1
5794,412,85.80035300625451,14,1
5808,413,33.49733946903005,14,1
5823,414,113.2309756435473,15,1
5838,415,121.99373042684473,15,1
5852,416,45.05419011307908,14,1
5868,417,14.658977846390139,16,1
5882,418,92.53969313792403,14,1
5896,419,43.215447004184064,14,1
5912,420,36.850906992549646,16,1
5926,421,45.14377376634774,14,1
5940,422,82.9377361323112,14,1
5955,423,72.22955438846549,15,1
5969,424,90.83485861283489,14,1
5983,425,26.82107964799416,14,1
5997,426,133.40672506955934,14,1
6011,427,109.98945186011883,14,1
6025,428,59.285912688758124,14,1
6039,429,42.64568071838298,14,1
6054,430,51.41361759673911,15,1
6070,431,50.33535792514881,16,1
6084,432,16.976366099135433,14,1
6099,433,8.574181630443757,15,1
6113,434,40.893107775113016,14,1
6127,435,48.24178501767482,14,1
6141,436,6.435061827406642,14,1
6155,437,86.13397988094579,14,1
6170,438,112.44297386044333,15,1
6184,439,17.36353485523393,14,1
6198,440,49.52361182975565,14,1
6212,441,17.91375504774357,14,1
6227,442,29.47068818363258,15,1
6241,443,10.429412258948275,14,1
6255,444,88.25389458416792,14,1
6269,445,86.79760880474839,14,1
6283,446,60.3460548743844,14,1
6297,447,25.390431134586137,14,1
6312,448,38.24832653264608,15,1
6326,449,13.026541179378873,14,1
6340,450,21.47009985296559,14,1
6354,451,21.161743421929067,14,1
6368,452,15.972105312016634,14,1
6382,453,64.80129556661825,14,1
6396,454,123.22154994411726,14,1
6410,455,101.35662689435061,14,1
6426,456,94.16839162202945,16,1
6440,457,18.928836258950252,14,1
6454,458,71.34451208832463,14,1
6468,459,41.072183954306084,14,1
6482,460,17.906400882508304,14,1
6496,461,133.9932143386272,14,1
6510,462,96.10832088636906,14,1
6524,463,29.67123678120866,14,1
6538,464,133.87065798398686,14,1
6553,465,36.73702763695521,15,1
6567,466,114.06398288274062,14,1
6581,467,45.56346202655486,14,1
6595,468,126.88320415801256,14,1
6609,469,45.84864642985261,14,1
6623,470,12.573927005821824,14,1
6637,471,6.809700622708152,14,1
6651,472,115.00571333257375,14,1
6665,473,123.08118119260776,14,1
6679,474,49.29543415657886,14,1
6693,475,53.40532638858477,14,1
6707,476,121.95343969790683,14,1
6721,477,66.37116258760244,14,1
6736,478,99.11344869077357,15,1
6750,479,135.06637558521516,14,1
6766,480,52.487174464938896,16,1
6780,481,114.64550777602473,14,1
6794,482,78.45482005715489,14,1
6808,483,123.49461022754787,14,1
6822,484,42.037779372842635,14,1
6836,485,93.87828783828034,14,1
6850,486,112.44628397518926,14,1
6864,487,141.97888705851213,14,1
6878,488,101.56466918765668,14,1
6892,489,133.56732255795987,14,1
6906,490,124.90615091447111,14,1
6920,491,18.78109713584125,14,1
6936,492,103.5656972340477,16,1
6950,493,108.23970320061987,14,1
6964,494,135.18973277898456,14,1
6978,495,53.429749214632636,14,1
6992,496,8.086681821627346,14,1
7006,497,59.75946240169522,14,1
7020,498,86.57705582297348,14,1
7035,499,126.9107374355974,15,1
7050,500,30.014852067789583,15,1
7064,501,67.97325275901746,14,1
7078,502,-0.9261564423010213,14,1
7092,503,37.545044188666914,14,1
7106,504,78.79389378806354,14,1
7120,505,107.10444290972275,14,1
7134,506,0.4680451378293094,14,1
7148,507,-5.29153674864914,14,1
7162,508,-2.4976344490921667,14,1
7176,509,0.7807876811588019,14,1
7190,510,131.3184673605222,14,1
7205,511,11.647489919663498,15,1
7219,512,-17.885634643065604,14,1
7233,513,-29.970260616479614,14,1
7247,514,-12.178206374175211,14,1
7261,515,-41.27415906509276,14,1
7275,516,-17.62192192709438,14,1
7289,517,-1.0280725465615166,14,1
7303,518,-10.26871438405426,14,1
7317,519,-12.775018448725072,14,1
7331,520,-0.5660742000807555,14,1
7345,521,130.03798105880887,14,1
7359,522,-5.940537603306829,14,1
7373,523,-4.324504926165083,14,1
7387,524,48.960668028323354,14,1
7403,525,31.620965026590437,16,1
7417,526,11.66557979953238,14,1
7431,527,-6.121556431225446,14,1
7445,528,-1.6906214925270704,14,1
7459,529,-3.8362663516809166,14,1
7473,530,6.210437108254127,14,1
7488,531,-8.5455049083972,15,1
7502,532,17.234362334531262,14,1
7516,533,-4.5120599623818896,14,1
7530,534,-2.9339772054334494,14,1
7544,535,-2.517222876143308,14,1
7558,536,4.973542084989042,14,1
7574,537,4.068783105451976,16,1
7588,538,-3.264808867686383,14,1
7602,539,12.718151265015662,14,1
7616,540,-2.2638729969201905,14,1
7630,541,-1.0732761905049792,14,1
7645,542,5.193291867229979,15,1
7659,543,17.728333027799195,14,1
7675,544,51.49747946228992,16,1
7689,545,57.04094073783256,14,1
7703,546,76.9206303239848,14,1
7719,547,25.633180717964695,16,1
7733,548,8.28983405867829,14,1
7747,549,38.957466307921976,14,1
7761,550,11.522717198934853,14,1
7775,551,29.301059508189105,14,1
7789,552,44.88907467463493,14,1
7803,553,6.485055514621655,14,1
7817,554,33.83198453827242,14,1
7831,555,76.41227055951538,14,1
7846,556,39.808590276132854,15,1
7862,557,79.10049535702251,16,1
7876,558,26.547139832357068,14,1
7890,559,103.50981743033988,14,1
7904,560,83.9494084419935,14,1
7918,561,94.38196025042798,14,1
7934,562,18.031364791314065,16,1
7948,563,81.440452695788,14,1
7963,564,94.8684869579275,15,1
7977,565,59.083833087902256,14,1
7991,566,132.96315318590305,14,1
8005,567,63.421094934414974,14,1
8021,568,104.71896833556289,16,1
8035,569,124.68052012009196,14,1
8050,570,63.94102669979255,15,1
8064,571,46.498200838512034,14,1
8078,572,29.066677668709968,14,1
8092,573,64.6399158703446,14,1
8106,574,52.62166287799677,14,1
8120,575,79.35802780543239,14,1
8136,576,68.6518640033899,16,1
8150,577,14.074399679128451,14,1
8168,578,61.42293835316513,18,1
8182,579,35.54334476599211,14,1
8197,580,122.49138703837578,15,1
8211,581,71.2559301454006,14,1
8225,582,41.19643004771126,14,1
8239,583,33.03067345759029,14,1
8254,584,105.6773159415496,15,1
8268,585,95.41836744289569,14,1
8283,586,22.346355117835458,15,1
8298,587,124.26348099171547,15,1
8313,588,66.2339719298775,15,1
8327,589,120.51735569088869,14,1
8341,590,125.01062159380638,14,1
8355,591,90.59949958008288,14,1
8369,592,91.05532159726313,14,1
8384,593,114.48566241948274,15,1
8398,594,63.24942077422866,14,1
8412,595,28.599417934625286,14,1
8426,596,48.17283749115247,14,1
8440,597,95.12934203639992,14,1
8454,598,51.74695871178957,14,1
8469,599,76.17554222927049,15,1
8483,600,0.19075601126542524,14,1
8498,601,12.229201068096549,15,1
8512,602,41.132198366766104,14,1
8526,603,9.86580380510735,14,1
8541,604,53.14062481856542,15,1
8555,605,33.11612884367562,14,1
8569,606,47.14509565390189,14,1
8583,607,58.261426568089966,14,1
8597,608,65.13100832785322,14,1
8611,609,45.50581110780988,14,1
8625,610,61.13167967940787,14,1
8639,611,18.19263433583344,14,1
8654,612,63.14009407035119,15,1
8668,613,18.06862521279255,14,1
8682,614,63.57508317648647,14,1
8696,615,26.74894413665706,14,1
8710,616,62.92083046304816,14,1
8724,617,65.67716664794355,14,1
8738,618,44.87254059143444,14,1
8754,619,53.441275350208194,16,1
8769,620,62.01426378392399,15,1
8783,621,64.92880696920072,14,1
8797,622,91.1901565484037,14,1
8811,623,109.11195764873439,14,1
8825,624,91.17916747200063,14,1
8840,625,113.11173691793117,15,1
8854,626,133.2230643541609,14,1
8868,627,98.4347680267157,14,1
8885,628,39.17892547895381,17,1
8901,629,85.99829073977993,16,1
8915,630,11.98203793302977,14,1
8929,631,49.91190780744054,14,1
8943,632,97.30556919527271,14,1
8957,633,30.864488230889624,14,1
8971,634,123.71185656539514,14,1
8985,635,93.80328358369324,14,1
8999,636,80.48993383534884,14,1
9013,637,98.10647022747341,14,1
9027,638,107.30466495454438,14,1
9041,639,107.45005518000836,14,1
9055,640,80.0923936115261,14,1
9069,641,122.39750129111374,14,1
9083,642,129.3252119065354,14,1
9097,643,48.19684765884366,14,1
9112,644,97.92584569015791,15,1
9126,645,126.7032941613011,14,1
9140,646,88.18501562498217,14,1
9155,647,102.62511064110737,15,1
9169,648,66.99408168503783,14,1
9183,649,64.80939791124317,14,1
9198,650,86.64844470673995,15,1
9212,651,67.09217877622524,14,1
9226,652,78.0578854412982,14,1
9240,653,88.85437369762961,14,1
9256,654,67.95541981444414,16,1
9270,655,107.63300594015979,14,1
9284,656,95.4831962734641,14,1
9298,657,85.89934952775755,14,1
9312,658,119.28400430546647,14,1
9329,659,24.921889370440322,17,1
9343,660,83.60896171118277,14,1
9357,661,62.6005904442192,14,1
9371,662,93.78227488180782,14,1
9385,663,88.08752309544927,14,1
9400,664,111.84111429691184,15,1
9414,665,49.07763792167958,14,1
9428,666,71.24125113174834,14,1
9442,667,88.13930428642591,14,1
9456,668,62.31942702741747,14,1
9470,669,61.16839591324178,14,1
9485,670,86.17764912539609,15,1
9499,671,60.610704683971186,14,1
9513,672,103.72974960489005,14,1
9527,673,93.93838863842831,14,1
9541,674,60.3607163709223,14,1
9555,675,61.84879144234821,14,1
9569,676,86.80889522381196,14,1
9583,677,101.14062582325639,14,1
9597,678,110.84589724762446,14,1
9611,679,30.039875031465822,14,1
9625,680,39.05231884982379,14,1
9639,681,133.605100050994,14,1
9654,682,39.112519017940194,15,1
9668,683,101.32833766820518,14,1
9682,684,96.00013719603362,14,1
9697,685,111.60116941150825,15,1
9712,686,98.73698578681683,15,1
9726,687,119.10607695484937,14,1
9740,688,70.00957225022606,14,1
9755,689,67.25521737277246,15,1
9770,690,62.08979030234295,15,1
9784,691,61.98759405819085,14,1
9798,692,88.1761604587911,14,1
9812,693,86.99023043278156,14,1
9826,694,112.43211575736754,14,1
9840,695,67.51383822963282,14,1
9856,696,122.9241526581134,16,1
9870,697,41.897293378287465,14,1
9884,698,124.03705711217422,14,1
9898,699,63.202352248767305,14,1
9912,700,63.81451849340591,14,1
9926,701,100.39019395568214,14,1
9941,702,105.25342335573669,15,1
9955,703,73.20179954772347,14,1
9969,704,30.163341225778854,14,1
9983,705,51.33229278603201,14,1
9997,706,124.0237719769103,14,1
10012,707,61.22436708641241,15,1
10026,708,50.22812248146276,14,1
10041,709,23.230172046903252,15,1
10057,710,35.40750145902471,16,1
10071,711,42.42851865779054,14,1
10085,712,38.07269286516589,14,1
10099,713,65.91073584085305,14,1
10113,714,52.112055744589256,14,1
10127,715,109.44048403188127,14,1
10141,716,131.112446077698,14,1
10155,717,43.865201388546396,14,1
10169,718,65.27242943439691,14,1
10183,719,49.97904476899939,14,1
10197,720,37.773243827474055,14,1
10211,721,63.84690993694762,14,1
10225,722,69.29847988682928,14,1
10239,723,133.0005084957461,14,1
10253,724,31.968110189051195,14,1
10268,725,30.354841708149348,15,1
10282,726,77.70578224388656,14,1
10296,727,105.44521819832548,14,1
10310,728,34.31074207747486,14,1
10324,729,64.49587257990027,14,1
10338,730,20.56761621066538,14,1
10352,731,70.18930910220104,14,1
10366,732,42.873655350745665,14,1
10383,733,79.48423731029067,17,1
10397,734,43.74989197498712,14,1
10411,735,72.5615938999435,14,1
10426,736,46.9788433784014,15,1
10440,737,98.93783256584872,14,1
10454,738,112.45889910886486,14,1
10468,739,72.2919818045211,14,1
10482,740,128.1678203188289,14,1
10496,741,24.69462032184479,14,1
10510,742,15.166546607127966,14,1
10525,743,8.31427469862755,15,1
10539,744,25.661429917187636,14,1
10553,745,112.86327085975746,14,1
10567,746,105.54028974712946,14,1
10582,747,43.476682895911964,15,1
10596,748,116.84474261235836,14,1
10612,749,19.767195342194814,16,1
10628,750,42.711236727038504,16,1
10643,751,43.710668102632404,15,1
10658,752,54.43411517182418,15,1
10672,753,104.00004541031399,14,1
10686,754,24.28678421279474,14,1
10700,755,26.845831140735715,14,1
10716,756,30.757826173743336,16,1
10730,757,46.5158656265784,14,1
10745,758,46.04865284630989,15,1
10759,759,37.696912301394384,14,1
10773,760,17.483362282573406,14,1
10787,761,11.031766186346125,14,1
10801,762,47.522961119187066,14,1
10815,763,70.58870066623032,14,1
10829,764,45.94515503446756,14,1
10843,765,27.44302307266909,14,1
10857,766,25.832416724711198,14,1
10871,767,36.13620325134065,14,1
10885,768,22.08924218875098,14,1
10901,769,41.23831999819751,16,1
10916,770,127.59035267543345,15,1
10930,771,14.508461195525662,14,1
10944,772,34.29940363693729,14,1
10958,773,4.9942923731766475,14,1
10972,774,4.334440426998212,14,1
10987,775,-0.795192778370267,15,1
11002,776,5.436421279195984,15,1
11016,777,-0.583751804178189,14,1
11030,778,31.122362963797904,14,1
11044,779,7.243128355850804,14,1
11058,780,-1.2524174288740457,14,1
11072,781,36.830313830505986,14,1
11087,782,31.07944206285175,15,1
11101,783,9.75383203081553,14,1
11115,784,5.927842054916751,14,1
11129,785,29.72430746182656,14,1
11144,786,1.9924771634699352,15,1
11158,787,21.31980487040078,14,1
11172,788,65.06093968582638,14,1
11186,789,44.56443244542128,14,1
11200,790,12.280706332746286,14,1
11214,791,16.03184892629269,14,1
11230,792,17.649020748984377,16,1
11244,793,9.648882840689076,14,1
11258,794,25.630346208558585,14,1
11272,795,44.4967099415316,14,1
11286,796,6.371112031163681,14,1
11300,797,19.115244468572477,14,1
11316,798,10.136469978948334,16,1
11330,799,80.82919767100482,14,1
11345,800,5.67620406264853,15,1
11359,801,76.32327370789667,14,1
11373,802,-2.6190475851317236,14,1
11387,803,11.215793179404914,14,1
11402,804,6.096054106185561,15,1
11416,805,33.47843522299401,14,1
11432,806,16.367647130779,16,1
11448,807,18.10828166332936,16,1
11462,808,19.065475136486505,14,1
11477,809,21.141750180197967,15,1
11491,810,26.674157536378992,14,1
11507,811,71.14136567942703,16,1
11521,812,65.65074608279136,14,1
11535,813,56.33997891481886,14,1
11550,814,7.878723870508113,15,1
11565,815,63.02412906107001,15,1
11580,816,10.329813948981354,15,1
11595,817,41.342948055249835,15,1
11610,818,9.72886563512698,15,1
11624,819,51.93950541950191,14,1
11638,820,120.43980880116725,14,1
11652,821,12.200452645419782,14,1
11666,822,64.71832258771482,14,1
11680,823,67.88260952019843,14,1
11694,824,124.39077143788903,14,1
11708,825,32.034639524850704,14,1
11722,826,53.84733964983721,14,1
11736,827,79.37179428684529,14,1
11750,828,75.60434331333816,14,1
11764,829,78.98426988583347,14,1
11781,830,5.217304528503208,17,1
11795,831,110.54202753047224,14,1
11809,832,89.25571041680044,14,1
11824,833,80.61473759440834,15,1
11838,834,27.761133675867647,14,1
11852,835,121.17785873930572,14,1
11866,836,59.064109606448504,14,1
11881,837,34.54703661722468,15,1
11895,838,60.86033650496728,14,1
11910,839,54.450493036640935,15,1
11924,840,44.329696880456595,14,1
11938,841,21.759043100859728,14,1
11952,842,55.4566101463494,14,1
11966,843,50.87506551816656,14,1
11981,844,32.81204313823694,15,1
11996,845,112.98369957666384,15,1
12010,846,81.6800086949222,14,1
12024,847,90.51276486982016,14,1
12038,848,49.886116454577795,14,1
12052,849,19.829002697713634,14,1
12066,850,84.73032056404978,14,1
12081,851,97.9691400946816,15,1
12095,852,82.36244553786173,14,1
12109,853,55.06433044848612,14,1
12123,854,0.37283867186710384,14,1
12137,855,25.992923140874655,14,1
12151,856,77.51184025078413,14,1
12166,857,15.859092959614202,15,1
12181,858,1.659929248528073,15,1
12195,859,118.69183215153586,14,1
12211,860,89.19456537174888,16,1
12225,861,54.59667405101139,14,1
12241,862,98.91557110309724,16,1
12255,863,87.01376879684459,14,1
12271,864,84.03025201231402,16,1
12287,865,106.92777073859575,16,1
12301,866,4.166392755607363,14,1
12315,867,4.630087718472287,14,1
12330,868,72.40018056452841,15,1
12344,869,13.379520467468016,14,1
12360,870,-1.8388511140923494,16,1
12374,871,-1.8094460063934081,14,1
12389,872,-0.4615983812893714,15,1
12403,873,0.1333009170712831,14,1
12417,874,0.10724363980767854,14,1
12431,875,28.27603320130626,14,1
12445,876,-1.8706987919761235,14,1
12459,877,2.012482398082663,14,1
12474,878,6.353233403020408,15,1
12488,879,14.481919641296097,14,1
12502,880,-1.1139413657191888,14,1
12516,881,7.19686492825689,14,1
12538,882,93.41684155887627,22,1
12557,883,3.5983028328806728,19,1
12571,884,-3.7452206267824186,14,1
12585,885,42.10675622749992,14,1
12601,886,127.45056931283709,16,1
12616,887,21.69386676107032,15,1
12630,888,0.5954946601723745,14,1
12644,889,-0.3153551718507805,14,1
12665,890,112.13599648943574,21,1
12679,891,31.81049060442177,14,1
12694,892,127.94513342566404,15,1
12710,893,-6.051490188303019,16,1
12726,894,-4.882531463400666,16,1
12740,895,-1.1880099033331657,14,1
12754,896,-4.6401858000571075,14,1
12769,897,2.9718069877485718,15,1
12783,898,6.3312248635359145,14,1
12797,899,-4.108516199613326,14,1
12811,900,-7.077212450023317,14,1
12826,901,38.00300729999109,15,1
12840,902,-0.5430959194365901,14,1
12855,903,27.165091302766385,15,1
12869,904,-0.5965421053529705,14,1
12883,905,-3.2576958549979036,14,1
12899,906,-10.751880320315102,16,1
12913,907,-4.394938025263708,14,1
12928,908,-4.738281890870663,15,1
12943,909,-6.6763953433569005,15,1
12957,910,-7.4757253779806385,14,1
12973,911,-7.648200305375339,16,1
12987,912,-3.7799871411757895,14,1
13002,913,-6.245509145242978,15,1
13017,914,-7.066584079275321,15,1
13031,915,-12.656776549341815,14,1
13045,916,-9.18452625697413,14,1
13061,917,-11.79170903355322,16,1
13077,918,-8.071478697060506,16,1
13091,919,-6.86193828937242,14,1
13105,920,-7.881068809379888,14,1
13122,921,-8.422491661639828,17,1
13138,922,-6.010445536359059,16,1
13159,923,-3.83532040337678,21,1
13173,924,-6.708885542693121,14,1
13187,925,-6.559863088787009,14,1
13202,926,-10.633972508549725,15,1
13217,927,-3.053835684511551,15,1
13234,928,-4.40465277685345,17,1
13248,929,-8.648762592294718,14,1
13262,930,0.08020613355345829,14,1
13276,931,-1.519236171337564,14,1
13290,932,-2.2038231961050787,14,1
13308,933,-2.7694288624970427,18,1
13322,934,-2.9409588020812465,14,1
13336,935,-1.804291565013488,14,1
13352,936,-7.085767458130967,16,1
13366,937,-2.177505466269118,14,1
13380,938,-3.2154772855074842,14,1
13394,939,-2.5216252364790646,14,1
13409,940,-4.908671308452282,15,1
13423,941,-3.598722444710203,14,1
13438,942,-1.3376645860986027,15,1
13452,943,-3.190745278784568,14,1
13466,944,-0.007834926943143972,14,1
13480,945,-3.5887550393336554,14,1
13497,946,-4.457467646105861,17,1
13511,947,-2.023905262031814,14,1
13525,948,-1.7072065468051154,14,1
13541,949,-2.7858085207130485,16,1
13555,950,-1.4237726609120505,14,1
13573,951,-3.071297626187608,18,1
13587,952,-0.09204040909162198,14,1
13601,953,-1.5161683335735727,14,1
13616,954,0.00960636065356113,15,1
13631,955,-2.927531932402032,15,1
13645,956,-2.4910907745101256,14,1
13659,957,-1.5365959455071538,14,1
13673,958,-2.6234694912739513,14,1
13687,959,-0.2913882577696867,14,1
13701,960,0.4978782110898493,14,1
13716,961,-0.39872236144918805,15,1
13730,962,-1.7207526189710356,14,1
13744,963,-2.63012243853034,14,1
13760,964,-0.40691694670313633,16,1
13774,965,-1.8488100111568062,14,1
13788,966,-3.2417437620239484,14,1
13805,967,-3.507877959940958,17,1
13819,968,1.649507474968431,14,1
13835,969,-0.7890982638155553,16,1
13849,970,-0.8784177928663324,14,1
13863,971,9.6852162384939,14,1
13879,972,0.5604014389718761,16,1
13896,973,-0.8555220938174537,17,1
13911,974,-1.0633671417159902,15,1
13926,975,-2.202982443420753,15,1
13943,976,-0.8548503016754416,17,1
13958,977,11.617357462293457,15,1
13972,978,-0.9547181707575729,14,1
13986,979,46.0009234419638,14,1
14001,980,2.937132004203285,15,1
14015,981,9.004411440607626,14,1
14029,982,-1.116256983935335,14,1
14045,983,7.278149755601211,16,1
14059,984,13.009992017738218,14,1
14074,985,32.078712963716384,15,1
14088,986,14.099284611132362,14,1
14102,987,9.063968042084996,14,1
14116,988,18.78324444047393,14,1
14131,989,0.8401055309040513,15,1
14145,990,14.830681876447583,14,1
14159,991,2.9194367060674344,14,1
14173,992,38.9801663710254,14,1
14187,993,15.019962968128256,14,1
14201,994,1.0995002935453997,14,1
14215,995,0.24344008732667732,14,1
14229,996,34.76160789626409,14,1
14243,997,37.0735095638319,14,1
14258,998,18.90175989880426,15,1
14273,999,12.487453706460077,15,1
14287,1000,-1.5056032330376987,14,1
14304,1001,24.179000018512298,17,1
14318,1002,5.109877015168553,14,1
14332,1003,41.296582731873976,14,1
14346,1004,29.27470194720589,14,1
14360,1005,5.822200851236235,14,1
14374,1006,0.8617405695175622,14,1
14388,1007,68.34800845493845,14,1
14402,1008,8.413832484260922,14,1
14418,1009,10.869867405058352,16,1
14432,1010,12.594525181376385,14,1
14447,1011,53.70549062233866,15,1
14461,1012,19.947207573699405,14,1
14475,1013,48.650809206226086,14,1
14489,1014,17.623955625620294,14,1
14503,1015,2.4576831310539466,14,1
14518,1016,7.71757594230024,15,1
14533,1017,87.95320567189842,15,1
14547,1018,19.892983067301063,14,1
14561,1019,6.281788256472017,14,1
14575,1020,27.984777991180287,14,1
14591,1021,58.934691589377344,16,1
14605,1022,40.50623584934574,14,1
14619,1023,1.0211591464513452,14,1
14633,1024,18.924404231194483,14,1
14648,1025,14.649286705842643,15,1
14663,1026,19.11338040998616,15,1
14677,1027,7.499388387547406,14,1
14692,1028,119.14097745897978,15,1
14706,1029,25.93733021190971,14,1
14720,1030,6.371555785050707,14,1
14737,1031,34.16995808849433,17,1
14751,1032,36.154018626076194,14,1
14765,1033,11.002075832545641,14,1
14779,1034,2.543042852094007,14,1
14793,1035,36.297698052611885,14,1
14807,1036,5.622994025340843,14,1
14821,1037,41.5083465461364,14,1
14835,1038,10.475611893349505,14,1
14851,1039,77.21881714405146,16,1
14865,1040,10.775729608363369,14,1
14879,1041,43.79465152370657,14,1
14893,1042,19.42289750499096,14,1
14911,1043,82.6945827284209,18,1
14926,1044,94.34409080132406,15,1
14940,1045,-0.6608268828458939,14,1
14954,1046,22.067047694607385,14,1
14968,1047,14.322504469709498,14,1
14982,1048,33.44235666785696,14,1
14996,1049,13.783736344577061,14,1
15012,1050,123.52290583197235,16,1
15026,1051,51.62210100768068,14,1
15040,1052,14.455193759867567,14,1
15054,1053,11.580379891758785,14,1
15068,1054,112.32486235986634,14,1
15085,1055,73.3254007092095,17,1
15100,1056,62.74138152737696,15,1
15114,1057,85.12748982067723,14,1
15128,1058,105.22963878194857,14,1
15142,1059,104.69944347343375,14,1
15156,1060,21.437821555462374,14,1
15171,1061,45.36506657140036,15,1
15185,1062,40.37209355802658,14,1
15199,1063,60.94199331060655,14,1
15213,1064,98.56951001709653,14,1
15228,1065,77.28726986055108,15,1
15242,1066,45.35485629870825,14,1
15256,1067,42.53943761848238,14,1
15270,1068,34.307107103154635,14,1
15284,1069,32.427818432501766,14,1
15298,1070,16.18928099190629,14,1
15312,1071,30.200826520956326,14,1
15326,1072,7.714326460763238,14,1
15340,1073,12.687065616586514,14,1
15355,1074,64.35406659970185,15,1
15369,1075,1.1644188761141636,14,1
15383,1076,35.97245067981058,14,1
15397,1077,8.288464751284213,14,1
15411,1078,13.381920127765245,14,1
15425,1079,62.413307045123425,14,1
15439,1080,27.470972942361364,14,1
15453,1081,27.86452431732829,14,1
15467,1082,7.787859059610751,14,1
15481,1083,113.73008161770792,14,1
15495,1084,31.72286423235129,14,1
15509,1085,21.18194062342021,14,1
15523,1086,32.211403647908334,14,1
15542,1087,18.043395951122974,19,1
15556,1088,42.37254096506588,14,1
15570,1089,12.61647329342298,14,1
15586,1090,77.80223061476923,16,1
15600,1091,76.69916627517077,14,1
15615,1092,57.61031571957493,15,1
15630,1093,25.199441376810338,15,1
15644,1094,33.3700003789901,14,1
15658,1095,25.465467294255646,14,1
15673,1096,33.87603787893909,15,1
15687,1097,48.45010849599943,14,1
15703,1098,59.65883322380518,16,1
15717,1099,22.683362679981336,14,1
15731,1100,29.851709887779933,14,1
15745,1101,87.37170640428933,14,1
15760,1102,87.43433195517572,15,1
15779,1103,49.275976422732874,19,1
15793,1104,40.48641177077504,14,1
15807,1105,15.783903923362708,14,1
15821,1106,15.813114935915468,14,1
15836,1107,38.355581315252486,15,1
15850,1108,49.06292192200413,14,1
15864,1109,10.501847372547797,14,1
15881,1110,103.89212223186719,17,1
15895,1111,26.439030458797376,14,1
15909,1112,32.973131877380204,14,1
15923,1113,13.173007917416466,14,1
15938,1114,88.81838681560131,15,1
15952,1115,35.75978119248711,14,1
15967,1116,27.32134471449179,15,1
15982,1117,14.205245463501207,15,1
15996,1118,62.360240116863125,14,1
16011,1119,5.151707392904026,15,1
16025,1120,28.885251537134906,14,1
16040,1121,37.014506831910886,15,1
16056,1122,51.33961888025558,16,1
16070,1123,27.880126038950205,14,1
16084,1124,71.52474510357001,14,1
16099,1125,30.074344843300615,15,1
16114,1126,41.292512224228105,15,1
16128,1127,13.024393258523062,14,1
16142,1128,37.087874672600876,14,1
16156,1129,61.448797036785685,14,1
16170,1130,33.69570344680185,14,1
16188,1131,68.56308728934279,18,1
16202,1132,24.80031180202891,14,1
16216,1133,18.178616759893917,14,1
16230,1134,69.65955225265286,14,1
16244,1135,7.51615684187976,14,1
16261,1136,19.01925212240146,17,1
16275,1137,38.276966052376274,14,1
16289,1138,67.87585865437185,14,1
16303,1139,38.12642788762679,14,1
16317,1140,104.69328182639121,14,1
16332,1141,22.450454938358895,15,1
16348,1142,32.44084716087137,16,1
16363,1143,7.328352161264091,15,1
16386,1144,17.669610890532763,23,1
16400,1145,19.068486911759333,14,1
16415,1146,71.73839674308907,15,1
16435,1147,107.7924493203956,20,1
16450,1148,124.25653593759522,15,1
16465,1149,17.270358306600915,15,1
16480,1150,24.907942305771936,15,1
16494,1151,10.648877519591228,14,1
16511,1152,4.922907640157136,17,1
16525,1153,31.440924691514372,14,1
16541,1154,90.36807626993365,16,1
16555,1155,55.183793196271445,14,1
16570,1156,17.766049088265373,15,1
16584,1157,4.876421619561316,14,1
16598,1158,-0.6546115765989569,14,1
16613,1159,95.47188521698982,15,1
16627,1160,11.058596732435108,14,1
16643,1161,46.444771830496535,16,1
16657,1162,21.715991529199965,14,1
16672,1163,25.529592602379065,15,1
16686,1164,35.518682270279086,14,1
16701,1165,114.07005929551535,15,1
16715,1166,56.46767924797542,14,1
16729,1167,77.69766431742524,14,1
16744,1168,93.293050125051,15,1
16763,1169,105.48590752793336,19,1
16779,1170,57.2070782168142,16,1
16794,1171,4.9221906488066764,15,1
16808,1172,63.12960947082041,14,1
16823,1173,18.226787056828844,15,1
16839,1174,60.62557675124646,16,1
16855,1175,100.04776967900581,16,1
16869,1176,91.24686090524726,14,1
16883,1177,36.56950485805873,14,1
16902,1178,35.32631719315346,19,1
16916,1179,0.6581708145371282,14,1
16930,1180,5.524142842670156,14,1
16945,1181,25.48281425035132,15,1
16959,1182,23.459436918140238,14,1
16973,1183,10.627668777962523,14,1
16987,1184,0.4961215326673743,14,1
17001,1185,19.057487727867702,14,1
17015,1186,-2.7974478546150157,14,1
17029,1187,103.95948983159592,14,1
17045,1188,120.63043728089582,16,1
17064,1189,103.44180274672699,19,1
17079,1190,9.217471337991572,15,1
17096,1191,97.37395842709749,17,1
17110,1192,1.0665186822516508,14,1
17125,1193,130.59788489541452,15,1
17139,1194,32.489746730687074,14,1
17158,1195,91.68776821915269,19,1
17172,1196,54.72446225331654,14,1
17186,1197,30.036542867958943,14,1
17202,1198,133.42985980778263,16,1
17217,1199,97.31896423902867,15,1
17231,1200,39.63671326530609,14,1
17246,1201,143.4262006660592,15,1
17260,1202,3.4542746848821038,14,1
17275,1203,120.63978092999066,15,1
17289,1204,40.837468626385444,14,1
17303,1205,21.1024898958195,14,1
17320,1206,130.07927874489158,17,1
17334,1207,93.82275639132513,14,1
17348,1208,58.58190145196191,14,1
17362,1209,38.79310402617273,14,1
17376,1210,107.5086177477061,14,1
17391,1211,21.88984101564957,15,1
17405,1212,15.934845959725042,14,1
17421,1213,52.06308265074596,16,1
17435,1214,8.981187714261328,14,1
17449,1215,10.771068541386404,14,1
17464,1216,107.231917365006,15,1
17478,1217,33.82377836495094,14,1
17492,1218,80.6899170456266,14,1
17506,1219,-1.8578935961886558,14,1
17521,1220,21.102469446851007,15,1
17539,1221,143.78084910496776,18,1
17553,1222,3.5272621914201916,14,1
17570,1223,100.81251164619847,17,1
17585,1224,92.49356617025047,15,1
17599,1225,12.889150507812335,14,1
17613,1226,100.41325804754722,14,1
17627,1227,19.547154081300494,14,1
17643,1228,17.528178996162918,16,1
17658,1229,64.10258932436956,15,1
17677,1230,142.87069978114698,19,1
17692,1231,133.43318117990734,15,1
17708,1232,14.264982224989815,16,1
17722,1233,60.175467414532086,14,1
17737,1234,129.05031715261416,15,1
17751,1235,19.915578787757422,14,1
17765,1236,48.77691908936004,14,1
17779,1237,27.98281789502655,14,1
17793,1238,67.74853178948416,14,1
17808,1239,92.38420469465493,15,1
17822,1240,98.6207404014571,14,1
17836,1241,16.397781266149764,14,1
17851,1242,79.4911814754207,15,1
17865,1243,131.2354933764724,14,1
17879,1244,42.623508989119074,14,1
17893,1245,83.11416164181765,14,1
17908,1246,25.323674009503737,15,1
17922,1247,75.6851086641113,14,1
17936,1248,46.210115407895245,14,1
17950,1249,84.75303564717461,14,1
17965,1250,130.21086932320816,15,1
17979,1251,61.52744978617761,14,1
17993,1252,21.055507121102895,14,1
18007,1253,100.39477644270795,14,1
18021,1254,5.774624807103531,14,1
18035,1255,21.567505703265038,14,1
18049,1256,82.02618540192373,14,1
18063,1257,125.04719194971139,14,1
18077,1258,64.10887192866407,14,1
18092,1259,19.85627828370975,15,1
18106,1260,10.656946658909572,14,1
18120,1261,120.2250690483714,14,1
18134,1262,129.8843594761209,14,1
18149,1263,71.44017574915286,15,1
18165,1264,35.40467544794389,16,1
18184,1265,65.05546529275063,19,1
18198,1266,18.354677200065733,14,1
18212,1267,121.0943373014972,14,1
18227,1268,17.419703286274355,15,1
18241,1269,21.63661778407247,14,1
18255,1270,142.499238833658,14,1
18272,1271,103.51961904144295,17,1
18286,1272,93.8427650122566,14,1
18300,1273,57.73311716794889,14,1
18317,1274,44.18230368241568,17,1
18334,1275,14.38022268103901,17,1
18355,1276,-0.6736154026120458,21,1
18369,1277,67.36806478022203,14,1
18385,1278,51.53846964548821,16,1
18404,1279,27.82810009870919,19,1
18423,1280,83.69905744896505,19,1
18438,1281,3.1342659919577938,15,1
18452,1282,142.89986869594054,14,1
18468,1283,25.611318518312505,16,1
18485,1284,83.75073211274446,17,1
18499,1285,18.482851364287626,14,1
18513,1286,131.8623295905634,14,1
18527,1287,119.84374772642109,14,1
18543,1288,25.10681808850931,16,1
18560,1289,49.58425670438974,17,1
18581,1290,14.541424651434872,21,1
18603,1291,36.4652996959292,22,1
18619,1292,108.80636685081286,16,1
18635,1293,51.66291864718623,16,1
18650,1294,82.64290870119046,15,1
18664,1295,82.65228288438641,14,1
18680,1296,87.09027719188983,16,1
18694,1297,20.566792416315877,14,1
18708,1298,31.31407611745604,14,1
18723,1299,20.95562451485875,15,1
18737,1300,142.25014794814422,14,1
18751,1301,34.54713791365499,14,1
18769,1302,84.19114978956257,18,1
18783,1303,31.887513332651917,14,1
18799,1304,15.366410092220912,16,1
18815,1305,127.37505285863328,16,1
18830,1306,32.23317326928964,15,1
18847,1307,83.09089456930916,17,1
18862,1308,34.6682701585859,15,1
18877,1309,5.7682755933673855,15,1
18891,1310,15.740068423602894,14,1
18908,1311,46.543137136844145,17,1
18922,1312,22.10421746658428,14,1
18936,1313,39.267226502393854,14,1
18951,1314,106.31685243573197,15,1
18966,1315,24.570905848367858,15,1
18982,1316,27.056396678528415,16,1
18996,1317,27.850138107512016,14,1
19010,1318,13.202739988586574,14,1
19026,1319,57.9972930310994,16,1
19040,1320,12.410403723711168,14,1
19058,1321,24.816594680598126,18,1
19073,1322,53.664983053052374,15,1
19089,1323,28.23167972766727,16,1
19109,1324,43.010261417428566,20,1
19125,1325,31.94792807212445,16,1
19140,1326,44.32999878858941,15,1
19156,1327,66.26571820662257,16,1
19173,1328,56.77604490738626,17,1
19188,1329,20.743381291594705,15,1
19203,1330,61.44684081624464,15,1
19217,1331,77.39581765239677,14,1
19231,1332,28.713925611296926,14,1
19247,1333,109.32295255530484,16,1
19263,1334,53.80346025316708,16,1
19279,1335,66.6149886127425,16,1
19299,1336,60.05249468765894,20,1
19313,1337,128.76773137059328,14,1
19327,1338,61.255021291641846,14,1
19343,1339,135.95740210606726,16,1
19358,1340,30.769836925966864,15,1
19376,1341,20.87674665659543,18,1
19390,1342,34.853993219323144,14,1
19405,1343,79.63207933170864,15,1
19419,1344,118.13149664374674,14,1
19436,1345,73.6252699725519,17,1
19450,1346,57.519199051239916,14,1
19465,1347,124.10385821805343,15,1
19479,1348,129.3239039006535,14,1
19495,1349,72.72506532912554,16,1
19511,1350,131.0569084330571,16,1
19526,1351,98.92453845436768,15,1
19544,1352,77.29974649072629,18,1
19559,1353,127.541801596529,15,1
19576,1354,-0.16289370684918802,17,1
19590,1355,112.63275673001371,14,1
19610,1356,63.19699938451626,20,1
19626,1357,79.94901437951422,16,1
19644,1358,71.57753127853108,18,1
19659,1359,47.39275421687286,15,1
19675,1360,91.58892870810135,16,1
19689,1361,126.8592474998562,14,1
19703,1362,9.24221231711925,14,1
19717,1363,43.52927028805014,14,1
19735,1364,32.18255292332004,18,1
19758,1365,88.41193344976818,23,1
19773,1366,113.20394191665146,15,1
19789,1367,49.33434687669423,16,1
19818,1368,3.75197012970925,29,1
19832,1369,22.102742524879066,14,1
19848,1370,60.36170854586609,16,1
19864,1371,141.52594129724116,16,1
19878,1372,56.47936943376223,14,1
19892,1373,33.823556605035456,14,1
19907,1374,77.89152511943468,15,1
19921,1375,126.18943908910849,14,1
19935,1376,38.99155473586583,14,1
19951,1377,127.08025432414556,16,1
19965,1378,92.07608433149221,14,1
19979,1379,16.30465168465654,14,1
19998,1380,68.70861272712922,19,1
20017,1381,90.69938931132796,19,1
20031,1382,51.08323422606531,14,1
20045,1383,36.605931452633286,14,1
20059,1384,28.138476499716734,14,1
20074,1385,57.10439518036072,15,1
20089,1386,92.53720759752208,15,1
20106,1387,42.34454333128835,17,1
20127,1388,86.90314468118692,21,1
20142,1389,47.624378672791856,15,1
20158,1390,66.1410047103812,16,1
20172,1391,120.3066631378983,14,1
20186,1392,75.71593703430555,14,1
20200,1393,66.76540457646416,14,1
20216,1394,63.25985768151521,16,1
20234,1395,31.06348100922951,18,1
20249,1396,55.96020795993944,15,1
20263,1397,107.79098745611353,14,1
20277,1398,18.480436003867478,14,1
20291,1399,32.09249475694715,14,1
20305,1400,32.292650627889934,14,1
20323,1401,57.13190890891227,18,1
20337,1402,41.1110014968947,14,1
20351,1403,5.068045511888432,14,1
20368,1404,38.34070155930555,17,1
20386,1405,135.67141713464093,18,1
20401,1406,16.751002130598458,15,1
20415,1407,6.815776844409014,14,1
20431,1408,49.5418670281408,16,1
20447,1409,110.38591023654524,16,1
20465,1410,89.13381604336543,18,1
20480,1411,62.98605405688642,15,1
20495,1412,53.026561292020865,15,1
20509,1413,15.702612577531484,14,1
20523,1414,7.13973218745602,14,1
20537,1415,13.632459991814759,14,1
20551,1416,21.524050943127016,14,1
20566,1417,54.62117548322018,15,1
20580,1418,140.01697028650872,14,1
20597,1419,75.13223376218009,17,1
20617,1420,39.71587553681455,20,1
20631,1421,25.25353447851931,14,1
20647,1422,34.305943242995745,16,1
20662,1423,27.267444024293614,15,1
20678,1424,56.6115675245386,16,1
20693,1425,18.65499165275008,15,1
20707,1426,42.44034956480937,14,1
20722,1427,9.44613229572363,15,1
20736,1428,-2.429669618499772,14,1
20750,1429,-1.0154689984688248,14,1
20765,1430,29.913801413886066,15,1
20782,1431,11.908623027545914,17,1
20801,1432,-8.279804934030038,19,1
20815,1433,-1.0522057835810767,14,1
20829,1434,-3.854643487742802,14,1
20845,1435,14.227826801595334,16,1
20860,1436,14.977335056641047,15,1
20876,1437,-5.846844422783188,16,1
20890,1438,-10.102726855736565,14,1
20904,1439,-2.357652977133304,14,1
20921,1440,-3.5400316792557174,17,1
20938,1441,-6.805866178061621,17,1
20953,1442,-4.236898979044392,15,1
20971,1443,75.6207626658593,18,1
20985,1444,35.740581273373046,14,1
21001,1445,-6.273486819889485,16,1
21015,1446,-9.203813135930275,14,1
21029,1447,-8.39622719223359,14,1
21056,1448,-8.6063103827739,27,1
21073,1449,-5.90011625119555,17,1
21096,1450,37.65414615296581,23,1
21113,1451,-5.246776655730447,17,1
21127,1452,-4.4692622911629085,14,1
21144,1453,-16.388424497843637,17,1
21158,1454,-9.419648795670208,14,1
21175,1455,-23.305468074144123,17,1
21191,1456,-3.5661125734627097,16,1
21206,1457,-6.881643432161704,15,1
21222,1458,-15.116884143204455,16,1
21237,1459,-17.663498153645943,15,1
21254,1460,-29.075698403959965,17,1
21272,1461,-23.541377015623475,18,1
21288,1462,-42.94706092183841,16,1
21305,1463,-25.176490925431843,17,1
21319,1464,-7.580768086373858,14,1
21337,1465,-30.59820483185335,18,1
21352,1466,-12.54785762712079,15,1
21368,1467,-7.855677759051258,16,1
21387,1468,104.8147897654916,19,1
21403,1469,-1.5664241411125834,16,1
21418,1470,-7.328231593415198,15,1
21434,1471,-9.705331502880043,16,1
21449,1472,-4.403189236720483,15,1
21467,1473,-8.65851289456352,18,1
21482,1474,-6.7619577294718125,15,1
21496,1475,-9.008889558229564,14,1
21510,1476,-8.472996003683273,14,1
21525,1477,-8.73760890961135,15,1
21539,1478,-9.878587820238641,14,1
21555,1479,-3.171608554329826,16,1
21572,1480,-7.917822437825122,17,1
21589,1481,-2.676408167280487,17,1
21613,1482,-17.121854576191016,24,1
21627,1483,-3.0265587682272037,14,1
21641,1484,-3.966759744602257,14,1
21655,1485,-2.822237178620672,14,1
21670,1486,-3.7204459516759347,15,1
21688,1487,-5.457138293810179,18,1
21702,1488,-3.84014270100234,14,1
21716,1489,-1.249068733092664,14,1
21730,1490,0.4503779940031648,14,1
21744,1491,-2.0264452386052167,14,1
21763,1492,-6.880120314547201,19,1
21783,1493,-10.989133988618331,20,1
21798,1494,-2.331102487829192,15,1
21824,1495,-18.063290162262682,26,1
21840,1496,-4.398938319580047,16,1
21854,1497,-0.8958635942748696,14,1
21868,1498,-3.151622953020454,14,1
21883,1499,-2.0667842452617435,15,1
21899,1500,-2.9449914719339496,16,1
21916,1501,-4.2066050074986485,17,1
21933,1502,-5.4806837360780385,17,1
21947,1503,-4.898038441426496,14,1
21980,1504,-14.373734895215785,33,1
21994,1505,-1.6633232985172957,14,1
22016,1506,-7.595872179800844,22,1
22031,1507,-4.88225986576839,15,1
22051,1508,-4.610887780958253,20,1
22069,1509,-8.915633089910408,18,1
22087,1510,-3.0513450328106715,18,1
22111,1511,-15.073935179325694,24,1
22126,1512,-4.477497939445829,15,1
22141,1513,-4.5130123951786105,15,1
22159,1514,-7.529785444244256,18,1
22191,1515,-98.44483839246011,32,1
22209,1516,-9.233725579019444,18,1
22223,1517,-7.547669818889209,14,1
22238,1518,-4.578020361005832,15,1
22252,1519,-5.425900638888517,14,1
22270,1520,0.38249406510409306,18,1
22288,1521,-2.9988133385553852,18,1
22302,1522,-1.3313865235889477,14,1
22316,1523,-3.8834266628919347,14,1
22331,1524,-11.883247557245332,15,1
22346,1525,-4.407688723152558,15,1
22361,1526,-11.287826207737762,15,1
22376,1527,4.18048532713425,15,1
22390,1528,3.0540094458189775,14,1
22404,1529,-6.030439371023861,14,1
22421,1530,-11.866135241094689,17,1
22436,1531,-8.57870788816493,15,1
22451,1532,8.867800777620854,15,1
22465,1533,-5.130583942085927,14,1
22482,1534,8.92959416365995,17,1
22500,1535,-3.1700830867494725,18,1
22514,1536,-1.8906339990722927,14,1
22529,1537,-2.8528260399778698,15,1
22543,1538,-3.342919764537641,14,1
22557,1539,-2.9740216318087094,14,1
22572,1540,-1.5276528623528218,15,1
22588,1541,-9.745872766349724,16,1
22602,1542,-1.471669115617571,14,1
22619,1543,-0.5505250309534202,17,1
22633,1544,-3.727352978846186,14,1
22655,1545,0.17704670317937066,22,1
22671,1546,3.5531233595391805,16,1
22692,1547,0.08071271940426783,21,1
22707,1548,-2.499513208565914,15,1
22722,1549,6.650555462964873,15,1
22737,1550,-5.1811314574639695,15,1
22752,1551,4.19658958398673,15,1
22766,1552,-4.919096078533483,14,1
22780,1553,-5.01455630095015,14,1
22794,1554,-1.7577011935884483,14,1
22808,1555,4.604974800707584,14,1
22822,1556,0.08045434823756514,14,1
22839,1557,-0.8854403540201572,17,1
22853,1558,11.014702490269348,14,1
22867,1559,-4.722766264427608,14,1
22892,1560,9.784460873448005,25,1
22916,1561,5.430671894022623,24,1
22930,1562,22.424164643789137,14,1
22947,1563,3.3043863360681716,17,1
22961,1564,15.900545797179632,14,1
22996,1565,2.750063138397564,35,1
23010,1566,44.951631016494126,14,1
23027,1567,35.9995363087107,17,1
23043,1568,37.98812693720561,16,1
23063,1569,24.83727204409817,20,1
23077,1570,16.378440792637075,14,1
23094,1571,15.840469568813395,17,1
23110,1572,37.816270358198864,16,1
23125,1573,34.178257706009965,15,1
23144,1574,17.805215564704472,19,1
23158,1575,23.191957020895117,14,1
23174,1576,7.484002456731718,16,1
23188,1577,10.364011082793155,14,1
23204,1578,53.85784374214108,16,1
23218,1579,20.560424616868744,14,1
23234,1580,55.99204035704407,16,1
23248,1581,36.88863591955662,14,1
23270,1582,2.896367268104284,22,1
23301,1583,-4.855683379808153,31,1
23315,1584,17.240381721245964,14,1
23329,1585,34.60938147191816,14,1
23345,1586,65.12328272550603,16,1
23360,1587,25.398734131505943,15,1
23378,1588,7.2391135217707605,18,1
23396,1589,35.01896011531703,18,1
23410,1590,54.04561820339928,14,1
23424,1591,23.80608590782207,14,1
23438,1592,38.42919675955111,14,1
23459,1593,38.88741588770828,21,1
23473,1594,46.99801107584928,14,1
23502,1595,22.3953555200512,29,1
23522,1596,35.117895412800245,20,1
23536,1597,13.521522672064355,14,1
23552,1598,77.78886728523572,16,1
23566,1599,83.0350758053219,14,1
23587,1600,0.4816504396087689,21,1
23607,1601,78.15429023018238,20,1
23623,1602,65.23314944825525,16,1
23637,1603,35.6129991833065,14,1
23652,1604,75.93585648824262,15,1
23666,1605,20.62176363221525,14,1
23680,1606,92.61685401887235,14,1
23694,1607,102.99489081027905,14,1
23709,1608,63.96622244958639,15,1
23727,1609,102.37902248991665,18,1
23742,1610,72.96691438057798,15,1
23767,1611,11.981873651163136,25,1
23784,1612,122.70271029881559,17,1
23805,1613,17.5642999226007,21,1
23820,1614,62.50359632530387,15,1
23839,1615,37.60738171561267,19,1
23853,1616,72.45883766159645,14,1
23869,1617,142.87114022172602,16,1
23889,1618,2.4143068704988035,20,1
23907,1619,12.607804345332042,18,1
23922,1620,87.67235405035956,15,1
23938,1621,53.74073048809734,16,1
23968,1622,-5.202044978934136,30,1
23983,1623,124.21416414201082,15,1
24009,1624,2.2474470072701176,26,1
24030,1625,-4.0423487595441445,21,1
24048,1626,8.234215316351536,18,1
24071,1627,25.683903359216817,23,1
24085,1628,79.23018625090552,14,1
24111,1629,-6.791744960937424,26,1
24137,1630,11.791211034922638,26,1
24157,1631,21.01023896699226,20,1
24174,1632,19.266595783323393,17,1
24190,1633,24.02804170195893,16,1
24206,1634,23.62751765021433,16,1
24220,1635,34.46245903565277,14,1
24234,1636,1.2843705063243231,14,1
24259,1637,-11.414316135405771,25,1
24278,1638,4.901658665838603,19,1
24294,1639,26.346203658984994,16,1
24311,1640,6.680598638176993,17,1
24325,1641,2.3241028198157805,14,1
24340,1642,0.29514559158977594,15,1
24354,1643,32.14087115960063,14,1
24369,1644,82.82519367401657,15,1
24384,1645,61.7443537377878,15,1
24410,1646,12.492430218359367,26,1
24424,1647,42.6176782759632,14,1
24439,1648,72.15370965634665,15,1
24455,1649,3.5329937630562744,16,1
24470,1650,6.496676749433652,15,1
24496,1651,12.22029936835426,26,1
24516,1652,-0.6188099646170073,20,1
24531,1653,35.55520162044832,15,1
24546,1654,10.29511166062205,15,1
24561,1655,51.229113038237664,15,1
24601,1656,-21.184740873692427,40,0
24615,1657,23.78010078899048,14,1
24633,1658,21.702258054745396,18,1
24653,1659,-6.85037824446558,20,1
24669,1660,-5.120038138921812,16,1
24688,1661,-3.2937568754307223,19,1
24706,1662,-6.891502079524193,18,1
24726,1663,-6.081886240031233,20,1
24746,1664,-18.7675700438461,20,1
24768,1665,-26.473311425718897,22,1
24786,1666,-9.467775592877329,18,1
24808,1667,-14.309400296815966,22,1
24825,1668,-2.6787590040757703,17,1
24840,1669,77.361779453615,15,1
24865,1670,-3.1178239119352753,25,1
24881,1671,104.72224305343612,16,1
24904,1672,-4.380234325558263,23,1
24925,1673,33.09901018022497,21,1
24939,1674,69.62929126392221,14,1
24962,1675,-15.963680881745603,23,1
24987,1676,-18.182385529444023,25,1
25001,1677,136.30531349492614,14,1
25019,1678,9.945509511469988,18,1
25034,1679,52.72786777794042,15,1
25073,1680,-19.614371832828727,39,1
25090,1681,-13.654820053685256,17,1
25109,1682,-9.353426882501772,19,1
25125,1683,-1.0026577280087077,16,1
25147,1684,-6.1409656339505165,22,1
25170,1685,-4.087438599855053,23,1
25193,1686,-5.048911058708096,23,1
25211,1687,-2.0398136189569134,18,1
25229,1688,-2.0172019282360654,18,1
25246,1689,-2.1846890263579963,17,1
25267,1690,-4.110760261134541,21,1
25287,1691,-4.254320025653824,20,1
25304,1692,11.537348549164777,17,1
25320,1693,1.013054081594031,16,1
25337,1694,-0.8708779254547174,17,1
25351,1695,43.61596271187872,14,1
25369,1696,17.723853511194907,18,1
25384,1697,70.70620791242928,15,1
25409,1698,-2.2445565845693944,25,1
25427,1699,-3.3454248225871175,18,1
25453,1700,-6.230139459047109,26,1
25475,1701,-5.402771214541601,22,1
25493,1702,-4.229398180956895,18,1
25511,1703,-3.6608965298323533,18,1
25536,1704,-4.894047572987715,25,1
25552,1705,4.677217510433836,16,1
25571,1706,-3.0246833603948584,19,1
25592,1707,-5.478265349125673,21,1
25606,1708,0.5372082398580307,14,1
25629,1709,-3.5515557777116147,23,1
25654,1710,-36.07636847350678,25,1
25669,1711,-1.9096687836585837,15,1
25686,1712,-2.6634933345028267,17,1
25701,1713,0.12686668364122153,15,1
25723,1714,-9.86952979570363,22,1
25739,1715,2.006412079415195,16,1
25754,1716,-0.6588710108331175,15,1
25769,1717,-0.0598403269604717,15,1
25787,1718,-4.896327389785387,18,1
25805,1719,-4.888656283529926,18,1
25824,1720,-3.703934242079276,19,1
25838,1721,8.135111686263883,14,1
25873,1722,-14.365567174650323,35,1
25913,1723,10.068591651774742,40,1
25940,1724,13.569894502657057,27,1
25956,1725,-2.59464639574799,16,1
25971,1726,-1.9270055119653275,15,1
25995,1727,-3.6632340043031517,24,1
26035,1728,-21.122735318174417,40,0
26061,1729,-42.24513907272369,26,1
26080,1730,1.4647079272712016,19,1
26101,1731,2.882949284240146,21,1
26120,1732,-0.6961297320889726,19,1
26137,1733,1.8650599996647268,17,1
26161,1734,-4.990874730134452,24,1
26179,1735,0.0449945142692984,18,1
26193,1736,33.60236663792637,14,1
26212,1737,-1.4466663216735662,19,1
26230,1738,-1.70212944338668,18,1
26253,1739,-3.7590896239604454,23,1
26279,1740,-5.321235258148728,26,1
26293,1741,7.525177960915446,14,1
26315,1742,-2.7877787218021757,22,1
26333,1743,-1.152228777490334,18,1
26358,1744,-9.835832096449135,25,1
26377,1745,-0.995157666008447,19,1
26403,1746,12.2423283818263,26,1
26436,1747,12.192015506696464,33,1
26450,1748,-1.6339123877776376,14,1
26469,1749,-1.8787424648384154,19,1
26490,1750,-4.86779641054992,21,1
26510,1751,-3.056719540975077,20,1
26534,1752,-22.84200465020394,24,1
26551,1753,-2.683739927309258,17,1
26572,1754,-12.718554369064758,21,1
26590,1755,-3.1202923344039983,18,1
26615,1756,12.753394578026445,25,1
26630,1757,-1.540281641911852,15,1
26646,1758,-1.8698582248586266,16,1
26660,1759,2.0980996345367533,14,1
26676,1760,-3.942682088120276,16,1
26691,1761,-0.9496419266992725,15,1
26708,1762,-1.5603797393564887,17,1
26722,1763,-2.312650284661031,14,1
26742,1764,-3.48458344274575,20,1
26757,1765,-0.4782969919684689,15,1
26771,1766,6.6849147204629125,14,1
26789,1767,-1.679314821608885,18,1
26805,1768,-1.5011736837918122,16,1
26825,1769,-2.857513634993741,20,1
26841,1770,-0.424264316638906,16,1
26860,1771,-3.268936695623376,19,1
26882,1772,-3.042212469517442,22,1
26899,1773,-3.418307385435029,17,1
26923,1774,113.04654056273334,24,1
26948,1775,-14.217985114865627,25,1
26979,1776,12.431006114599645,31,1
27008,1777,12.937186972476475,29,1
27041,1778,12.50143583557838,33,1
27058,1779,-2.19920848838236,17,1
27077,1780,-3.663285935766396,19,1
27094,1781,-1.7683868191414769,17,1
27125,1782,-5.101514401607542,31,1
27163,1783,12.571127508654147,38,1
27194,1784,-104.80656175560182,31,1
27216,1785,-2.7893180988496695,22,1
27237,1786,-5.741792784896243,21,1
27255,1787,-1.140930659402854,18,1
27272,1788,-0.8792148562641622,17,1
27291,1789,-2.2996352416060577,19,1
27305,1790,-1.8837248424158894,14,1
27345,1791,-20.92961383141738,40,0
27371,1792,-3.138631878051872,26,1
27411,1793,-20.870174787869963,40,0
27445,1794,11.494377034444891,34,1
27462,1795,-0.4031438492784377,17,1
27499,1796,11.581552615956108,37,1
27529,1797,12.651238548130504,30,1
27565,1798,-17.14341837116568,36,1
27582,1799,-1.3780173726244247,17,1
27598,1800,12.130396684380814,16,1
27626,1801,13.544585400325177,28,1
27640,1802,11.41472449906863,14,1
27674,1803,11.238752843303901,34,1
27696,1804,-8.374333666468631,22,1
27717,1805,-3.055063615551632,21,1
27736,1806,-3.0161339413335435,19,1
27753,1807,-1.3014160032179274,17,1
27772,1808,-0.3517827370021104,19,1
27812,1809,-20.96294687566566,40,0
27830,1810,-4.032788679989605,18,1
27844,1811,129.2425083384367,14,1
27862,1812,16.672048496459716,18,1
27891,1813,12.142798534259537,29,1
27909,1814,64.06061082034992,18,1
27924,1815,119.7628533474881,15,1
27959,1816,-4.798337053457811,35,1
27992,1817,-10.853001206880851,33,1
28011,1818,-3.214951696036689,19,1
28046,1819,-15.06129129672288,35,1
28065,1820,-3.271780265673791,19,1
28082,1821,81.26202714867637,17,1
28102,1822,9.21845755848776,20,1
28119,1823,8.613925745500218,17,1
28150,1824,-9.13994938368299,31,1
28164,1825,27.309919295001638,14,1
28181,1826,13.175293665765377,17,1
28210,1827,-7.730709882004083,29,1
28237,1828,-8.441723909961254,27,1
28277,1829,-21.103964199407283,40,0
28302,1830,-7.543722704673416,25,1
28317,1831,14.704601404912127,15,1
28343,1832,-5.663214914216881,26,1
28370,1833,-1.8285015647074616,27,1
28384,1834,125.34881898483454,14,1
28398,1835,133.94280172568367,14,1
28412,1836,46.32265576871655,14,1
28428,1837,134.33092847102296,16,1
28445,1838,64.18778951437034,17,1
28459,1839,134.2237221900673,14,1
28475,1840,13.474737948271805,16,1
28489,1841,60.61318237949367,14,1
28508,1842,-0.1500354952230724,19,1
28548,1843,-21.309064713428807,40,0
28584,1844,9.305459257036869,36,1
28598,1845,48.922793536180606,14,1
28612,1846,132.82428571014583,14,1
28636,1847,-9.337288623637939,24,1
28651,1848,93.61524452011668,15,1
28665,1849,127.9653431419803,14,1
28695,1850,-22.96350592351613,30,1
28711,1851,-0.2011456776357726,16,1
28741,1852,-10.571748975896266,30,1
28758,1853,55.141789991545096,17,1
28773,1854,80.96978783182905,15,1
28789,1855,-0.7596649090733834,16,1
28803,1856,40.43904285665068,14,1
28821,1857,1.7247176165370015,18,1
28837,1858,8.422138324663042,16,1
28859,1859,-2.833267495885992,22,1
28875,1860,21.619610212836072,16,1
28902,1861,-10.439375980630185,27,1
28942,1862,-20.931489332956104,40,0
28956,1863,90.90117233073825,14,1
28970,1864,70.70607730722638,14,1
28999,1865,-10.914065929302613,29,1
29039,1866,-20.879431065492692,40,0
29070,1867,-9.651728651712183,31,1
29089,1868,20.31962601123378,19,1
29122,1869,12.45859201793854,33,1
29154,1870,-10.233363072074027,32,1
29170,1871,75.89063512798077,16,1
29198,1872,-9.056259546040417,28,1
29212,1873,132.90616593882044,14,1
29230,1874,2.45347294745134,18,1
29244,1875,126.61117779656452,14,1
29280,1876,9.619557194818555,36,1
29296,1877,3.20401346336744,16,1
29325,1878,12.36661337827534,29,1
29339,1879,69.17437618217713,14,1
29354,1880,13.391142042379895,15,1
29394,1881,-20.90107346706131,40,0
29408,1882,104.53953504428756,14,1
29444,1883,11.66350996156738,36,1
29460,1884,131.99224773712186,16,1
29474,1885,41.88608261454266,14,1
29488,1886,95.92594844475383,14,1
29505,1887,3.752237201940396,17,1
29519,1888,115.39629142618897,14,1
29537,1889,4.004956972956189,18,1
29577,1890,-20.886166724778715,40,0
29592,1891,17.10623170546612,15,1
29632,1892,-21.10520431433984,40,0
29661,1893,-10.75557248646194,29,1
29688,1894,-8.492159313431015,27,1
29710,1895,-9.648815540525753,22,1
29733,1896,-10.08248464927403,23,1
29753,1897,1.8094877842061488,20,1
29783,1898,10.897258638988141,30,1
29800,1899,-1.4209232817543347,17,1
29840,1900,-20.97618275307279,40,0
29878,1901,10.448898095535643,38,1
29899,1902,9.817141844210544,21,1
29913,1903,63.08579465217857,14,1
29928,1904,5.884843463323351,15,1
29942,1905,81.71412890423979,14,1
29966,1906,-8.251467754468539,24,1
29991,1907,-1.7835190314987002,25,1
30010,1908,-0.7829682360660668,19,1
30028,1909,-3.69484376137178,18,1
30054,1910,-5.656505022719332,26,1
30070,1911,9.115318052221323,16,1
30084,1912,89.02085582774762,14,1
30124,1913,-20.932063925010386,40,0
30156,1914,12.511929740399173,32,1
30183,1915,-5.447874098024909,27,1
30223,1916,-20.95872597764805,40,0
30263,1917,-21.109938492797777,40,0
30278,1918,31.323359731415035,15,1
30318,1919,-21.067929291262313,40,0
30358,1920,-20.84708667924785,40,0
30398,1921,-20.879676186254105,40,0
30437,1922,10.264063927153302,39,1
30459,1923,-6.809091549603165,22,1
30491,1924,10.414808295556682,32,1
30520,1925,-9.073400063913017,29,1
30555,1926,10.87059139369092,35,1
30585,1927,-10.574200326635014,30,1
30610,1928,13.640504058345767,25,1
30650,1929,-21.072259647734484,40,0
30690,1930,-20.912617178773917,40,0
30719,1931,12.470800712132267,29,1
30759,1932,-20.85840924937572,40,0
30796,1933,10.8624344388665,37,1
30810,1934,12.21637244625576,14,1
30850,1935,-20.975078172861082,40,0
30875,1936,94.08964900115973,25,1
30915,1937,-20.8815049237652,40,0
30946,1938,10.83296454745951,31,1
30984,1939,11.226602653650321,38,1
31017,1940,12.145888273120777,33,1
31057,1941,-21.18158926717906,40,0
31097,1942,-20.901952670411983,40,0
31137,1943,-20.878720339532602,40,0
31166,1944,12.00737222515686,29,1
31180,1945,9.122403894072267,14,1
31220,1946,-20.886307763150956,40,0
31260,1947,-20.915832210416813,40,0
31300,1948,-20.933109549752057,40,0
31323,1949,-6.88857668141965,23,1
31346,1950,-8.06498845637783,23,1
31386,1951,-20.920369417384236,40,0
31426,1952,-20.936690620223178,40,0
31442,1953,6.904327723261763,16,1
31482,1954,-20.984405918148855,40,0
31522,1955,-20.855439468885127,40,0
31562,1956,-20.963331467089503,40,0
31602,1957,-20.930531423374173,40,0
31642,1958,-20.9238087412699,40,0
31682,1959,-20.878075003049076,40,0
31702,1960,-6.387201574048718,20,1
31725,1961,-8.767801301579485,23,1
31765,1962,-20.989892496840294,40,0
31805,1963,-21.028914728000007,40,0
31845,1964,-21.011403648626942,40,0
31859,1965,12.220580902906853,14,1
31899,1966,-20.841015524960802,40,0
31930,1967,11.188818709082222,31,1
31970,1968,-21.156800594062364,40,0
31994,1969,-7.799937580680022,24,1
32016,1970,12.35883815339902,22,1
32033,1971,-4.914944473153844,17,1
32073,1972,-20.825212761710514,40,0
32113,1973,-20.83101037518178,40,0
32130,1974,-5.11866837191135,17,1
32170,1975,-20.850089094745815,40,0
32210,1976,-21.001504410342097,40,0
32246,1977,11.282997108215548,36,1
32286,1978,-20.90559096673226,40,0
32326,1979,-20.909004561440764,40,0
32366,1980,-20.8786239833345,40,0
32394,1981,-8.94721553561669,28,1
32434,1982,-20.827459934818684,40,0
32474,1983,-20.92990671927709,40,0
32494,1984,-4.850038845296464,20,1
32534,1985,-21.035750716725538,40,0
32574,1986,-21.01353312962461,40,0
32614,1987,-21.02040485415033,40,0
32654,1988,-21.22421224769404,40,0
32694,1989,-21.220952720281236,40,0
32712,1990,121.79001162841614,18,1
32738,1991,-5.72337485964094,26,1
32761,1992,7.188218342999163,23,1
32801,1993,-21.2698143187029,40,0
32815,1994,96.40833894984058,14,1
32855,1995,-20.991342147295683,40,0
32895,1996,-20.85938127110699,40,0
32935,1997,-20.920785301089698,40,0
32975,1998,-21.211317580693375,40,0
33015,1999,-21.15541727767186,40,0
33055,2000,-21.0197856513823,40,0
33095,2001,-21.034764925471336,40,0
33135,2002,-20.971021654821705,40,0
33155,2003,96.61344179046792,20,1
33179,2004,36.33725671794918,24,1
33194,2005,124.14847045241115,15,1
33210,2006,129.7260347382846,16,1
33250,2007,-21.128713707691,40,0
33290,2008,-21.123544485977025,40,0
33330,2009,-20.996898989070868,40,0
33370,2010,-20.929613611717784,40,0
33410,2011,-21.037600799137785,40,0
33433,2012,-2.428464387647452,23,1
33473,2013,-20.862530136312955,40,0
33509,2014,73.98476764062406,36,1
33528,2015,59.60990910093874,19,1
33568,2016,-20.945591089803248,40,0
33587,2017,113.5679632839227,19,1
33607,2018,72.4786116403522,20,1
33625,2019,90.53856864361234,18,1
33665,2020,-20.936614283791876,40,0
33688,2021,31.31967315332435,23,1
33724,2022,5.858098518857593,36,1
33741,2023,132.809214006527,17,1
33757,2024,120.2680502582804,16,1
33771,2025,99.29121315750865,14,1
33785,2026,124.62993537684932,14,1
33802,2027,27.496469446369993,17,1
33820,2028,97.85919278531588,18,1
33840,2029,76.15070605108326,20,1
33880,2030,-20.615732538107185,40,0
33906,2031,20.306535338451155,26,1
33920,2032,127.09565493905774,14,1
33935,2033,130.29331386772924,15,1
33975,2034,-21.02012827996736,40,0
34015,2035,-21.852042785376124,40,0
34030,2036,72.35610809236292,15,1
34050,2037,119.83376871588524,20,1
34090,2038,-21.983678897174972,40,0
34130,2039,-22.07415161056424,40,0
34170,2040,-20.6173859820014,40,0
34210,2041,-20.59242621286032,40,0
34225,2042,125.27782498797998,15,1
34239,2043,41.81435961273291,14,1
34279,2044,-20.576588217717827,40,0
34302,2045,66.15389223496003,23,1
34319,2046,58.12453050772264,17,1
34333,2047,126.59624888553738,14,1
34373,2048,-20.628840368642624,40,0
34413,2049,-20.80041987710446,40,0
34427,2050,63.76695999448011,14,1
34441,2051,115.43835267592782,14,1
34455,2052,96.07990726931374,14,1
34495,2053,-20.63774947742439,40,0
34509,2054,82.58881194777294,14,1
34549,2055,-20.726440593657575,40,0
34589,2056,-20.881740280757946,40,0
34629,2057,-20.907006799391,40,0
34669,2058,-23.565993161210987,40,0
34690,2059,108.73700917556674,21,1
34708,2060,77.2135599872032,18,1
34727,2061,112.7341777634976,19,1
34767,2062,-21.83234743735421,40,0
34807,2063,-21.67582994222682,40,0
34823,2064,126.5352531716971,16,1
34863,2065,-21.137646035621646,40,0
34903,2066,-21.06976331209034,40,0
34943,2067,-21.01823704502286,40,0
34982,2068,-6.736467877417444,39,1
35004,2069,81.7762144070761,22,1
35021,2070,143.47234721589862,17,1
35039,2071,111.2120005260584,18,1
35054,2072,70.02716488753026,15,1
35069,2073,99.52525580724912,15,1
35100,2074,-0.5913147742855016,31,1
35140,2075,-20.859593994670536,40,0
35155,2076,89.49416785329015,15,1
35170,2077,78.63969250369018,15,1
35189,2078,52.746547555216424,19,1
35229,2079,-20.533899858147443,40,0
35252,2080,58.07147693889917,23,1
35275,2081,23.124759994380398,23,1
35296,2082,7.294435145657542,21,1
35322,2083,128.53272539731526,26,1
35343,2084,61.576706948463205,21,1
35357,2085,64.59513878671817,14,1
35376,2086,19.180427182736686,19,1
35400,2087,30.64956045632881,24,1
35414,2088,-0.33039880661812043,14,1
35428,2089,77.51356858802619,14,1
35449,2090,112.71426251809417,21,1
35464,2091,95.15875593242403,15,1
35478,2092,141.30262942094888,14,1
35492,2093,129.24919062392618,14,1
35507,2094,29.45800497334825,15,1
35523,2095,24.792723684131165,16,1
35537,2096,97.08462753423257,14,1
35560,2097,99.30336897038832,23,1
35580,2098,0.06450511811557358,20,1
35597,2099,86.09913571813377,17,1
35619,2100,-0.7079586120302123,22,1
35647,2101,85.47853815335402,28,1
35663,2102,87.76379221669278,16,1
35683,2103,96.06565900151949,20,1
35702,2104,82.76796005438734,19,1
35720,2105,6.99033947787712,18,1
35737,2106,141.40500571760464,17,1
35751,2107,75.30211343401653,14,1
35765,2108,101.7884485314137,14,1
35781,2109,95.96999486105477,16,1
35795,2110,59.962736896223895,14,1
35811,2111,-0.840314491388269,16,1
35827,2112,76.82026890057172,16,1
35867,2113,-20.787855600040857,40,0
35881,2114,76.69483527788057,14,1
35895,2115,100.49752013970662,14,1
35909,2116,81.2507001934581,14,1
35924,2117,93.84636437242196,15,1
35943,2118,17.006347452518327,19,1
35964,2119,65.2981508695232,21,1
35981,2120,87.50763174034952,17,1
35996,2121,120.2335255407025,15,1
36010,2122,11.775897664555913,14,1
36033,2123,-0.7846104059308051,23,1
36047,2124,92.66917065818316,14,1
36063,2125,78.68657631811826,16,1
36089,2126,53.93921452836539,26,1
36107,2127,2.478427815156463,18,1
36121,2128,36.729117915028056,14,1
36137,2129,124.21235025513793,16,1
36151,2130,126.03924079584918,14,1
36166,2131,118.45718659978685,15,1
36183,2132,124.14789304712369,17,1
36198,2133,111.77469704911401,15,1
36223,2134,13.543969018325258,25,1
36237,2135,2.545849577899345,14,1
36252,2136,65.20456360208618,15,1
36266,2137,24.270738256247398,14,1
36286,2138,131.0549607616683,20,1
36300,2139,66.72822163825124,14,1
36314,2140,90.73746169681763,14,1
36328,2141,-1.4971439367908745,14,1
36349,2142,7.074882191842358,21,1
36363,2143,88.65081772074635,14,1
36380,2144,122.7849094171121,17,1
36415,2145,67.27446807427968,35,1
36434,2146,92.88067656518082,19,1
36454,2147,7.62858596900646,20,1
36471,2148,134.60940246967957,17,1
36485,2149,66.09152487965882,14,1
36505,2150,63.56015753508997,20,1
36519,2151,89.87888731754491,14,1
36533,2152,47.64693650024346,14,1
36547,2153,84.1654295224477,14,1
36562,2154,55.624095822669766,15,1
36596,2155,19.369981870704525,34,1
36610,2156,109.23298067129298,14,1
36624,2157,71.324856775556,14,1
36638,2158,113.3893833993441,14,1
36652,2159,130.90874196799788,14,1
36666,2160,66.86328083693506,14,1
36682,2161,-1.2132053250881294,16,1
36696,2162,100.04828241745548,14,1
36710,2163,96.36819565124196,14,1
36727,2164,78.97859593232639,17,1
36744,2165,133.13619342730172,17,1
36760,2166,41.65147350034304,16,1
36774,2167,76.78390230672558,14,1
36788,2168,45.470134068566495,14,1
36802,2169,95.98750118362506,14,1
36818,2170,123.32050340605589,16,1
36832,2171,52.16899214250396,14,1
36848,2172,130.37245166214038,16,1
36862,2173,113.08270841521941,14,1
36876,2174,18.8536247054751,14,1
36902,2175,17.969260333905112,26,1
36917,2176,100.17386421420893,15,1
36932,2177,100.70445578857951,15,1
36948,2178,61.35027534234587,16,1
36965,2179,126.88243342866066,17,1
37005,2180,-20.953598490395578,40,0
37019,2181,123.47303185131871,14,1
37033,2182,94.71255073069088,14,1
37059,2183,95.96829610126038,26,1
37073,2184,18.09793154385517,14,1
37091,2185,93.31099102363352,18,1
37105,2186,112.89177245501914,14,1
37123,2187,122.70326151209204,18,1
37137,2188,133.80288589323024,14,1
37152,2189,-0.45145943270865346,15,1
37166,2190,81.94072675052153,14,1
37185,2191,87.26444405532088,19,1
37201,2192,50.98087379550036,16,1
37216,2193,45.63510384280789,15,1
37234,2194,131.13045603243776,18,1
37248,2195,122.72763169760808,14,1
37265,2196,92.41539335102195,17,1
37280,2197,89.03880539930502,15,1
37320,2198,-20.918766497982855,40,0
37360,2199,-21.31890040352044,40,0
37375,2200,53.300802604615185,15,1
37389,2201,98.02961230161803,14,1
37403,2202,80.07440854809755,14,1
37417,2203,78.23533919628069,14,1
37437,2204,54.072142856435185,20,1
37451,2205,-2.074044272293898,14,1
37467,2206,134.00969481635028,16,1
37483,2207,65.44431600469328,16,1
37497,2208,133.18717002601355,14,1
37520,2209,67.06409623940387,23,1
37534,2210,98.80201073312328,14,1
37549,2211,86.66947488530569,15,1
37563,2212,111.8677697876125,14,1
37584,2213,105.39775351482673,21,1
37599,2214,104.88953671024144,15,1
37614,2215,96.2933472529116,15,1
37628,2216,84.52647950718051,14,1
37645,2217,136.1327647516644,17,1
37659,2218,110.79413450811656,14,1
37674,2219,115.12194826544254,15,1
37688,2220,128.45544874148553,14,1
37702,2221,133.4713928035167,14,1
37722,2222,109.24779594706342,20,1
37736,2223,123.56051633522422,14,1
37757,2224,102.27870064534763,21,1
37771,2225,94.75665497455446,14,1
37785,2226,121.80887276429269,14,1
37799,2227,134.56272657327176,14,1
37813,2228,72.43760032856657,14,1
37830,2229,85.69619792856399,17,1
37844,2230,108.53221345427477,14,1
37858,2231,46.413722562429555,14,1
37872,2232,87.49125819194315,14,1
37886,2233,100.92656550121677,14,1
37901,2234,83.52801052662372,15,1
37919,2235,124.28383664316883,18,1
37933,2236,100.1639959625723,14,1
37950,2237,52.54836101360987,17,1
37990,2238,-21.083226509591224,40,0
38013,2239,64.4830759621654,23,1
38027,2240,122.737881328337,14,1
38041,2241,130.30453568712213,14,1
38055,2242,51.79259971206883,14,1
38069,2243,134.33672312438432,14,1
38083,2244,134.82984740984298,14,1
38097,2245,55.843486488246846,14,1
38111,2246,132.3141784679662,14,1
38125,2247,72.0442563012891,14,1
38144,2248,109.7327340352239,19,1
38158,2249,129.70746173313202,14,1
38172,2250,115.6800530041485,14,1
38186,2251,70.21114072827834,14,1
38201,2252,70.32203259149615,15,1
38221,2253,143.1256703997257,20,1
38236,2254,93.29143637836977,15,1
38253,2255,108.23947341817762,17,1
38268,2256,119.25515359047577,15,1
38282,2257,93.36942386598486,14,1
38296,2258,112.72045438506625,14,1
38311,2259,102.25902619828635,15,1
38325,2260,121.7688593827947,14,1
38339,2261,37.01309836600198,14,1
38353,2262,55.448485034847415,14,1
38368,2263,68.75315437856784,15,1
38382,2264,47.2800666069202,14,1
38396,2265,110.71844069332008,14,1
38410,2266,102.68147336420601,14,1
38424,2267,81.98994255816051,14,1
38446,2268,97.91594929318276,22,1
38460,2269,75.45739702638636,14,1
38474,2270,130.93462396997884,14,1
38490,2271,130.9630247505528,16,1
38508,2272,90.11168934246118,18,1
38522,2273,98.89541511041311,14,1
38536,2274,120.09306901235274,14,1
38554,2275,56.968054081846084,18,1
38568,2276,66.50878843877474,14,1
38582,2277,60.603875362919275,14,1
38598,2278,98.98236820806635,16,1
38612,2279,48.12713236699075,14,1
38626,2280,93.09204785668,14,1
38640,2281,83.42014338841437,14,1
38660,2282,79.42105074470705,20,1
38674,2283,120.53565207692998,14,1
38693,2284,86.57164542744059,19,1
38707,2285,82.02787669158802,14,1
38726,2286,79.42302020377032,19,1
38740,2287,63.18269222453471,14,1
38754,2288,94.4249277812726,14,1
38768,2289,123.80694411904774,14,1
38782,2290,62.79453199613684,14,1
38796,2291,106.73168270507719,14,1
38811,2292,56.53092203591629,15,1
38825,2293,105.17502053319723,14,1
38846,2294,56.319483029466305,21,1
38861,2295,122.37264752915983,15,1
38875,2296,90.42936175573479,14,1
38889,2297,106.52928588123207,14,1
38903,2298,134.69519053058488,14,1
38918,2299,127.18393284064827,15,1
38932,2300,118.88524855217146,14,1
38946,2301,91.71484166995383,14,1
38960,2302,105.26938463693071,14,1
38974,2303,31.357337357995938,14,1
38989,2304,84.90656395362159,15,1
39010,2305,92.903874364263,21,1
39025,2306,64.57480379468446,15,1
39039,2307,100.58258239591017,14,1
39053,2308,98.72324124184233,14,1
39072,2309,58.60637258548214,19,1
39086,2310,142.03260512235798,14,1
39105,2311,49.788925685373975,19,1
39119,2312,99.8588291345388,14,1
39135,2313,121.14401773828314,16,1
39149,2314,54.91100977661337,14,1
39163,2315,87.98094064264315,14,1
39183,2316,38.46127886051943,20,1
39198,2317,93.13131984598311,15,1
39216,2318,121.08731226750126,18,1
39231,2319,67.36740687856967,15,1
39245,2320,96.74204665547241,14,1
39261,2321,83.9459816983113,16,1
39275,2322,113.26522539078583,14,1
39295,2323,91.94099879949532,20,1
39318,2324,0.9541667434973004,23,1
39332,2325,87.22593009849298,14,1
39349,2326,44.01110454248403,17,1
39368,2327,28.853096398090084,19,1
39382,2328,97.98796010330831,14,1
39396,2329,127.6427668341687,14,1
39412,2330,129.9808120976115,16,1
39426,2331,81.3214870918787,14,1
39440,2332,46.168671662853946,14,1
39454,2333,126.89979185001975,14,1
39468,2334,124.67171341495207,14,1
39482,2335,115.15316828244114,14,1
39496,2336,120.29103267070035,14,1
39511,2337,134.27466980785266,15,1
39525,2338,98.39700264382758,14,1
39539,2339,105.13807284151618,14,1
39553,2340,123.28561839608618,14,1
39568,2341,120.22610834906979,15,1
39583,2342,76.98089836958734,15,1
39600,2343,125.89885146347207,17,1
39614,2344,93.07618434794007,14,1
39631,2345,122.507256737126,17,1
39645,2346,108.53236363499727,14,1
39659,2347,98.69657729512373,14,1
39675,2348,115.44762910301127,16,1
39690,2349,135.41612497870494,15,1
39706,2350,129.86115914920794,16,1
39721,2351,78.61413834812905,15,1
39738,2352,130.6107463442561,17,1
39754,2353,134.3590494592364,16,1
39768,2354,103.52065649788175,14,1
39786,2355,81.19856088309335,18,1
39801,2356,111.94859521258148,15,1
39815,2357,133.946595531802,14,1
39829,2358,109.22819231036937,14,1
39843,2359,96.98908992633203,14,1
39857,2360,69.13114924038021,14,1
39871,2361,125.38801438102503,14,1
39885,2362,135.69931555561666,14,1
39901,2363,121.28529785886975,16,1
39915,2364,130.00282882395572,14,1
39929,2365,126.41079746166226,14,1
39943,2366,122.91774424548774,14,1
39957,2367,130.55380003254183,14,1
39971,2368,68.777449719882,14,1
39985,2369,101.72686483522153,14,1
39999,2370,124.8002449614607,14,1
40013,2371,130.83691064056936,14,1
40027,2372,126.1016368804486,14,1
40041,2373,129.34532232158838,14,1
40055,2374,113.79072166822131,14,1
40069,2375,119.76724597835391,14,1
40083,2376,131.8736412487608,14,1
40097,2377,101.05231790896566,14,1
40111,2378,127.44856594730875,14,1
40125,2379,135.42145941201895,14,1
40139,2380,111.92036889008772,14,1
40153,2381,132.76448725490746,14,1
40167,2382,109.82085773961592,14,1
40181,2383,127.46406417841142,14,1
40195,2384,107.43787380181162,14,1
40209,2385,133.0455238341797,14,1
40223,2386,119.6591955684361,14,1
40237,2387,27.738957650827867,14,1
40251,2388,110.70425505935042,14,1
40265,2389,92.0249672576472,14,1
40279,2390,121.7993730912627,14,1
40293,2391,107.03687984980712,14,1
40307,2392,112.17047219264325,14,1
40321,2393,125.89308361931498,14,1
40335,2394,123.53726102849387,14,1
40349,2395,97.54293645406746,14,1
40363,2396,120.4319853199705,14,1
40377,2397,122.9648210588909,14,1
40391,2398,119.08148175710836,14,1
40405,2399,134.27283750016363,14,1
40419,2400,104.6397470046819,14,1
40434,2401,141.22518631671414,15,1
40448,2402,131.2887693358863,14,1
40462,2403,81.58961087788813,14,1
40476,2404,136.09417026196138,14,1
40490,2405,105.70164659175849,14,1
40504,2406,89.52478717775313,14,1
40518,2407,106.92410977113748,14,1
40532,2408,113.80032377141474,14,1
40546,2409,141.7617293447207,14,1
40560,2410,81.5503733251913,14,1
40574,2411,114.5277261258723,14,1
40588,2412,128.36048330325545,14,1
40602,2413,136.10504292643523,14,1
40616,2414,108.08349176518773,14,1
40630,2415,128.94777608447455,14,1
40644,2416,27.82636596745725,14,1
40658,2417,119.5170169919986,14,1
40672,2418,89.35949725169822,14,1
40686,2419,89.26010777824558,14,1
40700,2420,94.76794156066744,14,1
40714,2421,127.6711833119816,14,1
40728,2422,91.74644889334711,14,1
40742,2423,72.0276022453204,14,1
40756,2424,106.78789527748755,14,1
40770,2425,106.84093444254559,14,1
40784,2426,26.202207111295508,14,1
40798,2427,122.89170482131432,14,1
40812,2428,22.955875261789014,14,1
40826,2429,51.30885562728282,14,1
40840,2430,127.99869841086333,14,1
40854,2431,27.21855089328478,14,1
40868,2432,100.3260032547654,14,1
40882,2433,92.25854426921734,14,1
40896,2434,135.83293534099928,14,1
40910,2435,49.93213686676058,14,1
40924,2436,85.71654864680332,14,1
40938,2437,97.28591018881153,14,1
40952,2438,104.83849765636471,14,1
40966,2439,48.3124410323208,14,1
40980,2440,127.32798415131809,14,1
40994,2441,22.31583667353645,14,1
41008,2442,40.915682672179045,14,1
41022,2443,88.30869988289831,14,1
41036,2444,134.3259298641648,14,1
41050,2445,74.35888478190242,14,1
41064,2446,64.08817262871587,14,1
41078,2447,126.82777311957938,14,1
41092,2448,100.3244543594264,14,1
41106,2449,106.05218757723777,14,1
41120,2450,80.80183407162586,14,1
41134,2451,49.11297139003081,14,1
41148,2452,79.13828205018378,14,1
41162,2453,102.47451730928793,14,1
41176,2454,134.91113053020499,14,1
41190,2455,135.6237979902776,14,1
41204,2456,105.75776324975025,14,1
41218,2457,115.32964492933324,14,1
41232,2458,21.647272536732505,14,1
41246,2459,110.7442357134108,14,1
41260,2460,92.96880276907315,14,1
41274,2461,114.20096286088312,14,1
41288,2462,104.66060007837207,14,1
41302,2463,86.71249866597839,14,1
41316,2464,10.648854188376793,14,1
41330,2465,83.53961076471462,14,1
41344,2466,16.861876661462773,14,1
41358,2467,89.03286485351863,14,1
41372,2468,81.70020190607927,14,1
41386,2469,64.58217751897409,14,1
41400,2470,31.916112283162576,14,1
41414,2471,43.4086604180616,14,1
41428,2472,69.44751883680297,14,1
41442,2473,30.728719909876908,14,1
41456,2474,63.694431128467905,14,1
41470,2475,62.09324441099658,14,1
41484,2476,58.82358501090695,14,1
41498,2477,101.92226517408812,14,1
41512,2478,114.24689241023978,14,1
41526,2479,24.639302056886038,14,1
41540,2480,17.819879965560173,14,1
41554,2481,60.27034173819492,14,1
41568,2482,105.22269504174344,14,1
41582,2483,28.732171631372154,14,1
41596,2484,42.74139498156083,14,1
41610,2485,13.813118100313368,14,1
41624,2486,58.573343341021065,14,1
41638,2487,99.50155317490089,14,1
41652,2488,44.49448030103668,14,1
41666,2489,80.65007503187361,14,1
41680,2490,30.68944394496626,14,1
41694,2491,38.959902984324316,14,1
41708,2492,59.02192426559476,14,1
41722,2493,108.39060827157707,14,1
41736,2494,103.55566259632329,14,1
41750,2495,50.11901515448009,14,1
41764,2496,41.72811447598383,14,1
41780,2497,38.802495361787564,16,1
41794,2498,52.08632529722717,14,1
41808,2499,48.97762237423563,14,1
41822,2500,52.50750506692675,14,1
41836,2501,47.60887977026497,14,1
41850,2502,36.65393815551809,14,1
41864,2503,42.392434329546504,14,1
41878,2504,35.897307330462056,14,1
41892,2505,81.9474846463211,14,1
41906,2506,87.12523567577361,14,1
41920,2507,47.18758285217955,14,1
41934,2508,108.20973171416333,14,1
41948,2509,97.12078867369166,14,1
41963,2510,79.37375563538366,15,1
41977,2511,58.72261449146783,14,1
41991,2512,67.75204492892176,14,1
42005,2513,39.654616532519185,14,1
42019,2514,59.07428292646809,14,1
42033,2515,135.40842924213544,14,1
42047,2516,48.47543144103533,14,1
42061,2517,127.00986084860543,14,1
42075,2518,91.89259133263148,14,1
42089,2519,112.41129752076854,14,1
42103,2520,76.26387134853005,14,1
42117,2521,107.7978174681739,14,1
42131,2522,110.14536234567466,14,1
42145,2523,77.68733256735999,14,1
42159,2524,112.57650424864384,14,1
42173,2525,104.69705229313648,14,1
42187,2526,43.91174765736472,14,1
42201,2527,82.96985096979698,14,1
42215,2528,95.48109648923466,14,1
42229,2529,97.70358801974932,14,1
42243,2530,109.48097479457873,14,1
42257,2531,91.56389214525647,14,1
42271,2532,130.56419928483632,14,1
42285,2533,99.00941431542863,14,1
42299,2534,78.46683022068599,14,1
42313,2535,100.35109361480515,14,1
42327,2536,108.33021491723413,14,1
42341,2537,69.69401209042937,14,1
42355,2538,95.01075872132657,14,1
42369,2539,64.42727136136081,14,1
42383,2540,93.09863010650518,14,1
42397,2541,109.72654802293121,14,1
42411,2542,86.14371370582695,14,1
42425,2543,98.87170577172584,14,1
42439,2544,97.80821065405937,14,1
42453,2545,92.2354643598039,14,1
42467,2546,102.00535516287285,14,1
42481,2547,93.08118037120907,14,1
42495,2548,103.60567268296403,14,1
42511,2549,114.03098386654428,16,1
42525,2550,82.03068020690057,14,1
42539,2551,94.45760272784301,14,1
42553,2552,83.65080801218907,14,1
42567,2553,98.00896799555493,14,1
42585,2554,78.85032484456701,18,1
42599,2555,130.0628542821998,14,1
42613,2556,88.89011420553985,14,1
42627,2557,101.332229949611,14,1
42641,2558,119.18173979085951,14,1
42655,2559,112.5464690287745,14,1
42669,2560,101.94893537385566,14,1
42685,2561,142.52428462648038,16,1
42699,2562,98.77545788501573,14,1
42713,2563,126.99742106924778,14,1
42727,2564,110.7276990345794,14,1
42741,2565,131.89761624277767,14,1
42755,2566,105.09804423760171,14,1
42769,2567,114.12019429541066,14,1
42783,2568,113.09001229311802,14,1
42797,2569,93.84712591208775,14,1
42811,2570,65.92100919225014,14,1
42825,2571,134.62597421972694,14,1
42839,2572,123.53802493813436,14,1
42853,2573,46.41843291691568,14,1
42867,2574,89.44203361604156,14,1
42881,2575,88.95054961137257,14,1
42895,2576,106.57410718719294,14,1
42910,2577,126.11633061306442,15,1
42924,2578,64.44857223795799,14,1
42938,2579,70.09347758270606,14,1
42952,2580,122.34122253532003,14,1
42966,2581,107.99837505964582,14,1
42980,2582,84.94394932201365,14,1
42994,2583,72.88358063380818,14,1
43008,2584,133.10535996596136,14,1
43022,2585,97.81538686753737,14,1
43039,2586,96.75857729313459,17,1
43053,2587,135.12362140743727,14,1
43067,2588,98.66748529795264,14,1
43081,2589,105.32757772013426,14,1
43095,2590,101.07228663037841,14,1
43109,2591,86.97126310270868,14,1
43123,2592,119.93872896506451,14,1
43137,2593,142.81257626874026,14,1
43151,2594,100.16844276625446,14,1
43165,2595,102.58883287254916,14,1
43179,2596,119.02830585022777,14,1
43194,2597,121.30160090494421,15,1
43209,2598,97.92681581452841,15,1
43223,2599,100.98523184550675,14,1
43239,2600,85.04864943620396,16,1
43254,2601,124.55450009234958,15,1
43269,2602,102.1346686275249,15,1
43283,2603,128.45063640255933,14,1
43297,2604,123.6789670164303,14,1
43311,2605,127.0184904429217,14,1
43325,2606,113.5528469147474,14,1
43339,2607,110.30844896304498,14,1
43353,2608,102.97323185416448,14,1
43367,2609,134.08360231771513,14,1
43381,2610,124.78805450525948,14,1
43398,2611,109.02560148445977,17,1
43412,2612,112.74217910385576,14,1
43426,2613,103.54162742200178,14,1
43440,2614,98.20768865798561,14,1
43454,2615,127.59283822274566,14,1
43468,2616,101.0720715030019,14,1
43482,2617,123.21163744506622,14,1
43496,2618,108.91142365512201,14,1
43510,2619,112.53778654017196,14,1
43530,2620,31.25020525987121,20,1
43544,2621,134.37074035050125,14,1
43558,2622,104.43885936943009,14,1
43572,2623,115.02606795375927,14,1
43587,2624,99.99216757551429,15,1
43602,2625,89.16104927535024,15,1
43616,2626,41.47331939682395,14,1
43631,2627,107.65883793161309,15,1
43645,2628,87.8742334046712,14,1
43659,2629,121.22369964422121,14,1
43673,2630,92.21230725235618,14,1
43687,2631,125.21737444160958,14,1
43703,2632,69.033914633916,16,1
43717,2633,124.96956104417278,14,1
43735,2634,29.504260478675274,18,1
43749,2635,64.14149707860652,14,1
43763,2636,75.05546982444228,14,1
43777,2637,111.36509132559735,14,1
43791,2638,104.72724617667977,14,1
43805,2639,127.45853765833907,14,1
43820,2640,105.70865973555829,15,1
43834,2641,121.04822108764601,14,1
43848,2642,102.88284361566951,14,1
43862,2643,129.56035264247348,14,1
43876,2644,122.95567188081334,14,1
43890,2645,102.46608839112399,14,1
43904,2646,125.89546254955445,14,1
43919,2647,131.13108980562512,15,1
43933,2648,103.83406712221714,14,1
43950,2649,69.58488162704288,17,1
43964,2650,52.047745425683736,14,1
43978,2651,135.50809695983477,14,1
43992,2652,128.97410749432692,14,1
44006,2653,95.65119689480767,14,1
44023,2654,83.99331568493598,17,1
44037,2655,126.48132319016484,14,1
44051,2656,82.10821492422076,14,1
44065,2657,117.79928714921643,14,1
44082,2658,82.48705504956766,17,1
44098,2659,72.74013423495367,16,1
44112,2660,131.58610282145935,14,1
44128,2661,45.5569888267751,16,1
44142,2662,96.38269474373924,14,1
44157,2663,114.19284535417297,15,1
44175,2664,84.56386520961681,18,1
44192,2665,108.20608482620125,17,1
44206,2666,102.93884322432157,14,1
44220,2667,80.93257143129327,14,1
44234,2668,133.2639122735498,14,1
44248,2669,134.71746741850677,14,1
44262,2670,77.49644124754812,14,1
44276,2671,108.49573815470858,14,1
44290,2672,104.83734116179967,14,1
44304,2673,90.26438822054527,14,1
44318,2674,87.76837749013607,14,1
44332,2675,125.94255660625483,14,1
44347,2676,125.74112270369497,15,1
44361,2677,82.825068659033,14,1
44378,2678,112.5938083596054,17,1
44392,2679,132.37372756644987,14,1
44406,2680,111.84955341271026,14,1
44420,2681,143.50537034511495,14,1
44434,2682,128.70492938657551,14,1
44448,2683,70.55761914600475,14,1
44462,2684,141.89400133087227,14,1
44476,2685,132.4197087588642,14,1
44490,2686,119.94383066087045,14,1
44504,2687,96.26612708826684,14,1
44519,2688,133.86519130994282,15,1
44533,2689,124.53132464643846,14,1
44547,2690,134.81294650913767,14,1
44566,2691,18.439914694230588,19,1
44580,2692,79.3575657375976,14,1
44594,2693,131.84831077945697,14,1
44609,2694,110.35265475088994,15,1
44623,2695,120.32305554855479,14,1
44637,2696,132.50024719765278,14,1
44651,2697,127.99540612651822,14,1
44667,2698,108.49853242593817,16,1
44681,2699,142.08487432816293,14,1
44695,2700,129.72540050084177,14,1
44709,2701,129.26138547758933,14,1
44723,2702,133.31571590582976,14,1
44738,2703,132.18787388218487,15,1
44752,2704,126.02060658841941,14,1
44766,2705,113.37000909305894,14,1
44783,2706,58.20635751427739,17,1
44797,2707,132.8389561088385,14,1
44814,2708,141.97080957516252,17,1
44828,2709,129.4837718257044,14,1
44842,2710,143.3259396170617,14,1
44856,2711,91.75894633345062,14,1
44870,2712,105.17772296870048,14,1
44884,2713,120.39051645623209,14,1
44898,2714,122.5285247623854,14,1
44913,2715,124.1144861983069,15,1
44953,2716,-20.807730644194883,40,0
44967,2717,107.78730921824132,14,1
44981,2718,89.95520242778447,14,1
44995,2719,127.35121924873222,14,1
45009,2720,121.47133958847074,14,1
45023,2721,100.793916986174,14,1
45037,2722,104.28529445556477,14,1
45051,2723,113.90969498794887,14,1
45065,2724,132.80712754444176,14,1
45079,2725,132.0287117712134,14,1
45093,2726,142.2767118527235,14,1
45109,2727,120.90825996533893,16,1
45123,2728,112.02223930597557,14,1
45137,2729,103.99988811126089,14,1
45151,2730,91.5198814870568,14,1
45165,2731,133.43742902989615,14,1
45179,2732,56.64022799054145,14,1
45193,2733,107.86225311597096,14,1
45207,2734,143.45285910285745,14,1
45221,2735,135.13469977120383,14,1
45235,2736,66.372453147791,14,1
45249,2737,142.95942403523335,14,1
45263,2738,124.67616884297449,14,1
45277,2739,143.0008867483769,14,1
45291,2740,58.682722120437816,14,1
45305,2741,126.93957327335998,14,1
45319,2742,124.26170382163296,14,1
45334,2743,102.44674274858181,15,1
45348,2744,104.33570963795829,14,1
45362,2745,130.87082826227012,14,1
45376,2746,131.22678696261448,14,1
45390,2747,127.9893957264971,14,1
45404,2748,78.64189627412145,14,1
45418,2749,141.38985169588852,14,1
45432,2750,103.64092460701875,14,1
45449,2751,95.46503219953522,17,1
45476,2752,1.3862686637665336,27,1
45490,2753,49.62125956220388,14,1
45504,2754,127.12261278728022,14,1
45518,2755,126.35864011865482,14,1
45532,2756,119.77764863386435,14,1
45556,2757,58.59584167476579,24,1
45570,2758,45.77623741788321,14,1
45584,2759,88.56343181216381,14,1
45598,2760,98.09619979920312,14,1
45612,2761,133.30394364850844,14,1
45626,2762,130.46304016657993,14,1
45640,2763,107.32870533264114,14,1
45654,2764,125.86660755526421,14,1
45668,2765,128.89363248871393,14,1
45682,2766,105.11388719040023,14,1
45698,2767,42.18500485541261,16,1
45712,2768,140.48123957071778,14,1
45726,2769,131.53862341721108,14,1
45740,2770,110.70718851927208,14,1
45755,2771,122.45569110159418,15,1
45769,2772,94.33088343371932,14,1
45783,2773,113.92491513306602,14,1
45797,2774,119.92163870599268,14,1
45811,2775,108.82980675342276,14,1
45825,2776,123.72332522387539,14,1
45839,2777,100.1524076877141,14,1
45853,2778,130.7020484991572,14,1
45867,2779,103.25254180176566,14,1
45881,2780,107.15966907263241,14,1
45895,2781,66.12097591325582,14,1
45909,2782,125.70274158911256,14,1
45923,2783,94.95426768140241,14,1
45937,2784,131.5998797780455,14,1
45951,2785,99.58319274373906,14,1
45965,2786,118.98447179842928,14,1
45979,2787,144.2898994316473,14,1
45993,2788,106.37226320341124,14,1
46008,2789,114.20106934591195,15,1
46022,2790,119.15885151140667,14,1
46036,2791,129.08480486125396,14,1
46054,2792,102.51984714739747,18,1
46068,2793,128.666899160653,14,1
46083,2794,48.02774703006665,15,1
46100,2795,57.83414514232707,17,1
46114,2796,110.25613198503855,14,1
46129,2797,28.93905539007371,15,1
46143,2798,128.93118756548913,14,1
46157,2799,134.06183367994336,14,1
46171,2800,141.26426428824797,14,1
46185,2801,115.7068678175978,14,1
46199,2802,134.03774150300964,14,1
46213,2803,120.98387625179177,14,1
46228,2804,120.64113329646186,15,1
46242,2805,96.0091074937557,14,1
46256,2806,100.46831634080094,14,1
46270,2807,135.59182199890458,14,1
46284,2808,75.92157704158387,14,1
46298,2809,124.42489335305979,14,1
46312,2810,125.25619363491768,14,1
46326,2811,129.9081227563811,14,1
46340,2812,124.21531185354792,14,1
46354,2813,131.66396692173274,14,1
46368,2814,133.55365974538955,14,1
46382,2815,58.3000182812945,14,1
46396,2816,30.931178396165095,14,1
46410,2817,113.77795553339193,14,1
46424,2818,121.41357845362657,14,1
46438,2819,112.0923568908696,14,1
46452,2820,132.5828763910421,14,1
46466,2821,119.31147026311602,14,1
46480,2822,123.18223362215444,14,1
46500,2823,109.38967770554947,20,1
46514,2824,121.72745540759948,14,1
46528,2825,135.6861505931883,14,1
46542,2826,125.41172751911337,14,1
46556,2827,128.09590597508623,14,1
46570,2828,143.44658760293365,14,1
46584,2829,131.71577339585403,14,1
46599,2830,108.38869657334158,15,1
46613,2831,37.27211458227493,14,1
46627,2832,108.23650064474253,14,1
46641,2833,86.18889430348118,14,1
46655,2834,109.38609205810009,14,1
46669,2835,124.94009032299152,14,1
46683,2836,107.78354438517891,14,1
46697,2837,126.35638787970056,14,1
46711,2838,59.209760620082534,14,1
46725,2839,90.40774798576668,14,1
46739,2840,120.4926722595588,14,1
46753,2841,48.77626460799351,14,1
46767,2842,97.43061433346251,14,1
46781,2843,119.59236142063675,14,1
46795,2844,113.78730876028304,14,1
46809,2845,122.80763831610898,14,1
46823,2846,143.33821491845887,14,1
46837,2847,127.3670831998102,14,1
46851,2848,129.55908984926984,14,1
46865,2849,119.5688828735719,14,1
46881,2850,75.49035690923775,16,1
46898,2851,25.670722504334144,17,1
46912,2852,142.27007068866845,14,1
46926,2853,108.6592085384967,14,1
46940,2854,106.04246224039544,14,1
46954,2855,107.8614644771252,14,1
46968,2856,94.01552793167362,14,1
46982,2857,134.5739236050708,14,1
46997,2858,64.86313825871211,15,1
47011,2859,96.26753606051031,14,1
47025,2860,127.93893290980435,14,1
47039,2861,114.90257938885382,14,1
47059,2862,11.765857096079063,20,1
47073,2863,105.53904732012265,14,1
47093,2864,28.88129673589889,20,1
47108,2865,110.82399964069998,15,1
47125,2866,53.27573533583849,17,1
47139,2867,129.32767131184096,14,1
47153,2868,118.31005555913474,14,1
47167,2869,130.6871609486407,14,1
47186,2870,13.637473004096151,19,1
47208,2871,127.63926328865183,22,1
47223,2872,63.074063968302575,15,1
47237,2873,54.255760050435306,14,1
47251,2874,84.20873721593694,14,1
47265,2875,95.10260593655295,14,1
47282,2876,39.80691037651104,17,1
47322,2877,-20.739393702287895,40,0
47339,2878,-4.220242855483007,17,1
47353,2879,130.09098742578885,14,1
47367,2880,141.63146230901702,14,1
47381,2881,73.7307567641695,14,1
47395,2882,108.98998283651564,14,1
47418,2883,16.75137435740697,23,1
47432,2884,110.44522103942879,14,1
47448,2885,130.40815837931575,16,1
47462,2886,123.75859387096787,14,1
47478,2887,-2.333033346309034,16,1
47499,2888,119.4679342791764,21,1
47513,2889,112.97997587004717,14,1
47527,2890,120.52968401053943,14,1
47549,2891,123.49224941629883,22,1
47563,2892,131.90564531740245,14,1
47603,2893,-20.959064273602433,40,0
47643,2894,-20.832802146471877,40,0
47659,2895,8.577657150799304,16,1
47673,2896,97.98422316378416,14,1
47687,2897,113.37614717397406,14,1
47705,2898,107.11313759400267,18,1
47745,2899,-21.540586138954833,40,0
47761,2900,121.78557119108902,16,1
47775,2901,127.9410412329738,14,1
47815,2902,-20.76056863495642,40,0
47855,2903,-20.8930724409989,40,0
47895,2904,-21.036034869371882,40,0
47933,2905,11.256930218630218,38,1
47947,2906,135.02676557416618,14,1
47961,2907,107.37524549185774,14,1
47975,2908,0.09387065986292209,14,1
47989,2909,109.52392310969682,14,1
48005,2910,-1.2974676470898256,16,1
48019,2911,5.444230446213898,14,1
48033,2912,120.87532709518926,14,1
48047,2913,134.66815848054722,14,1
48061,2914,49.183939881269055,14,1
48101,2915,-21.306531536754076,40,0
48115,2916,133.12937780626368,14,1
48129,2917,103.65502635516836,14,1
48143,2918,133.15739428144335,14,1
48182,2919,11.359264247737013,39,1
48198,2920,70.8765635690585,16,1
48212,2921,94.4790733116,14,1
48228,2922,33.685748613524424,16,1
48242,2923,95.41905345496744,14,1
48256,2924,119.92600187643633,14,1
48273,2925,130.46830655201202,17,1
48289,2926,108.87922264936631,16,1
48303,2927,101.23144137541357,14,1
48317,2928,142.42665906179528,14,1
48331,2929,143.33601467576517,14,1
48345,2930,128.2499166181194,14,1
48371,2931,17.372746185773597,26,1
48385,2932,85.76909140615207,14,1
48425,2933,-21.111798319036996,40,0
48439,2934,3.1006128203867402,14,1
48453,2935,22.044669912980474,14,1
48467,2936,112.52961563376707,14,1
48481,2937,126.43195676237019,14,1
48521,2938,-21.393359132064635,40,0
48535,2939,103.77656182071303,14,1
48551,2940,33.91307839101982,16,1
48565,2941,18.845853319403417,14,1
48579,2942,92.27453677693047,14,1
48593,2943,127.15074343079877,14,1
48609,2944,81.75015435865106,16,1
48623,2945,127.63589330422415,14,1
48637,2946,99.51366341864606,14,1
48667,2947,8.113487441538876,30,1
48681,2948,109.10404027491593,14,1
48696,2949,35.183998255378185,15,1
48710,2950,125.6877515415355,14,1
48724,2951,2.3373017137311694,14,1
48738,2952,64.854484516691,14,1
48752,2953,122.91102463015152,14,1
48766,2954,134.8160336510557,14,1
48780,2955,3.004224607912068,14,1
48794,2956,92.2534766811989,14,1
48808,2957,133.0511886221922,14,1
48822,2958,34.8102063457753,14,1
48836,2959,133.31529350761568,14,1
48850,2960,5.73708102144891,14,1
48865,2961,-3.9858390020977565,15,1
48879,2962,126.81742406376269,14,1
48893,2963,118.26477723407113,14,1
48907,2964,123.03204210753087,14,1
48921,2965,108.38930442788529,14,1
48935,2966,131.47370843220807,14,1
48949,2967,134.95052556270105,14,1
48963,2968,110.44633881806183,14,1
48977,2969,94.7222471531821,14,1
48991,2970,126.62121421218299,14,1
49005,2971,99.36408933820178,14,1
49019,2972,133.56404879412918,14,1
49033,2973,109.83818801477739,14,1
49049,2974,17.83719881752292,16,1
49068,2975,66.79264874248625,19,1
49082,2976,115.62897971583095,14,1
49096,2977,126.48909340066857,14,1
49110,2978,129.38753432671717,14,1
49125,2979,133.04826609600116,15,1
49139,2980,102.23324055528532,14,1
49153,2981,66.25240460917803,14,1
49167,2982,134.62228550299616,14,1
49181,2983,130.84384179901116,14,1
49195,2984,104.92847742369956,14,1
49211,2985,96.6971755894848,16,1
49227,2986,142.71432252585123,16,1
49267,2987,-21.038245204225753,40,0
49287,2988,78.78774014671205,20,1
49301,2989,133.79697724652664,14,1
49315,2990,97.62018673648167,14,1
49329,2991,92.80730591026285,14,1
49343,2992,114.6595863549236,14,1
49361,2993,87.97247838636525,18,1
49401,2994,-21.360825572742854,40,0
49417,2995,121.53174507994645,16,1
49431,2996,112.3841681290397,14,1
49445,2997,134.0087609960411,14,1
49459,2998,127.94493222465375,14,1
49473,2999,69.91704887142346,14,1
49487,3000,134.90828805897092,14,1
49501,3001,135.58452761321928,14,1
49515,3002,92.52359418415652,14,1
49529,3003,93.5519043740057,14,1
49543,3004,122.3879799142992,14,1
49557,3005,87.80288415701261,14,1
49572,3006,51.93913901935426,15,1
49586,3007,122.95037752170776,14,1
49600,3008,135.0292953409326,14,1
49614,3009,136.04266995959586,14,1
49628,3010,130.81440520787007,14,1
49642,3011,113.09748541918671,14,1
49656,3012,134.81904091855301,14,1
49670,3013,107.90054883224605,14,1
49684,3014,141.22771122252504,14,1
49724,3015,-21.002426140134205,40,0
49738,3016,128.13041425857458,14,1
49752,3017,142.872342586637,14,1
49766,3018,127.92543409224334,14,1
49780,3019,132.2766504241724,14,1
49794,3020,131.44479544092678,14,1
49808,3021,123.62528486612587,14,1
49822,3022,131.007455417847,14,1
49836,3023,135.56118936295974,14,1
49850,3024,133.09909107508398,14,1
49869,3025,103.17319691224442,19,1
49883,3026,91.96290277144632,14,1
49897,3027,132.12721980808226,14,1
49911,3028,92.45521374477126,14,1
49925,3029,128.18798208085022,14,1
49939,3030,127.70036966363052,14,1
49953,3031,131.69454423297861,14,1
49967,3032,94.70244058809827,14,1
49981,3033,110.85537673493191,14,1
49995,3034,121.48151576505794,14,1
50009,3035,112.6251416784624,14,1
50023,3036,127.24615722239903,14,1
50037,3037,129.42087855195433,14,1
50051,3038,131.75976022151343,14,1
50065,3039,131.76532414359818,14,1
50079,3040,123.0511714509306,14,1
50093,3041,102.9258922427487,14,1
50107,3042,142.59228961526725,14,1
50122,3043,47.00300398291959,15,1
50136,3044,120.90006910508365,14,1
50156,3045,36.518940251917336,20,1
50175,3046,94.7931330604298,19,1
50189,3047,101.45580701182205,14,1
50217,3048,33.33091639904838,28,1
50231,3049,112.65588727807855,14,1
50245,3050,130.0989297828957,14,1
50259,3051,126.68895680257059,14,1
50273,3052,128.3670168855946,14,1
50287,3053,51.35831065579156,14,1
50301,3054,114.20762064015938,14,1
50315,3055,88.03195719058849,14,1
50329,3056,123.00886475525256,14,1
50343,3057,121.00890181934534,14,1
50357,3058,111.78258183531555,14,1
50371,3059,84.93779073871805,14,1
50385,3060,113.69739611078329,14,1
50399,3061,127.70433076712719,14,1
50413,3062,142.6770192565686,14,1
50427,3063,121.61167207875495,14,1
50441,3064,97.91470286017277,14,1
50455,3065,129.49520418374053,14,1
50469,3066,106.62556241977104,14,1
50483,3067,127.26885051254787,14,1
50502,3068,12.021747443159892,19,1
50516,3069,106.4671658649885,14,1
50530,3070,122.17894599638853,14,1
50544,3071,143.607356523615,14,1
50558,3072,134.7761892118965,14,1
50572,3073,114.33850515948694,14,1
50586,3074,141.7526361472652,14,1
50600,3075,130.2247542594007,14,1
50614,3076,65.97289345151773,14,1
50628,3077,114.56837238775212,14,1
50642,3078,120.62664181252318,14,1
50656,3079,139.41345919949967,14,1
50670,3080,113.11603595549933,14,1
50684,3081,134.87636652476613,14,1
50698,3082,122.11659865126711,14,1
50712,3083,136.1130307836949,14,1
50733,3084,12.044165936411352,21,1
50747,3085,127.72400801325928,14,1
50761,3086,91.79915299027567,14,1
50775,3087,141.6504613505538,14,1
50808,3088,77.63754386698989,33,1
50822,3089,80.69772956088205,14,1
50837,3090,127.34063620284726,15,1
50851,3091,135.63659764432595,14,1
50865,3092,107.11495271956419,14,1
50879,3093,84.6440584258568,14,1
50893,3094,104.47001766570274,14,1
50907,3095,125.46174425586916,14,1
50921,3096,94.68938928683515,14,1
50938,3097,120.17848391978926,17,1
50952,3098,67.93358278580654,14,1
50966,3099,144.58170307659336,14,1
50980,3100,99.24004253003703,14,1
51006,3101,8.46520744728715,26,1
51020,3102,119.60822630224362,14,1
51034,3103,124.78631135691468,14,1
51051,3104,101.10155335204787,17,1
51065,3105,84.85382245534778,14,1
51079,3106,134.25577345117637,14,1
51116,3107,5.3220603008172525,37,1
51130,3108,122.80414221081729,14,1
51144,3109,129.32892308531626,14,1
51158,3110,127.29332336956999,14,1
51172,3111,124.22205429256955,14,1
51186,3112,131.24255078196592,14,1
51200,3113,132.34338916606868,14,1
51214,3114,122.17804481815863,14,1
51228,3115,86.88930899069723,14,1
51242,3116,131.35739252156344,14,1
51256,3117,122.06648959836811,14,1
51281,3118,98.1875443107891,25,1
51295,3119,109.27169810912704,14,1
51309,3120,131.14050693153712,14,1
51323,3121,141.10127362500623,14,1
51337,3122,133.93217987802703,14,1
51351,3123,142.99170930860234,14,1
51365,3124,104.56769828894926,14,1
51379,3125,82.68113193927144,14,1
51393,3126,10.83235339511751,14,1
51407,3127,126.35414295481564,14,1
51421,3128,132.64194481916772,14,1
51435,3129,133.87702484393412,14,1
51449,3130,132.8733327248796,14,1
51463,3131,98.65152734142659,14,1
51477,3132,99.63144266225517,14,1
51491,3133,65.1278062415604,14,1
51511,3134,12.354892784338832,20,1
51525,3135,102.43436702553586,14,1
51544,3136,95.60996984248126,19,1
51558,3137,133.75978873305516,14,1
51572,3138,140.39125919989672,14,1
51586,3139,94.711497347324,14,1
51600,3140,126.18132559939265,14,1
51614,3141,128.43708295597955,14,1
51628,3142,134.5307870673457,14,1
51642,3143,129.1803085472777,14,1
51656,3144,129.72465006333468,14,1
51670,3145,133.99514927382234,14,1
51684,3146,132.92424664691285,14,1
51698,3147,135.20913740762632,14,1
51712,3148,119.8863363166325,14,1
51726,3149,142.96949623409574,14,1
51740,3150,131.6896438629226,14,1
51754,3151,126.1800779293099,14,1
51768,3152,123.04772874582618,14,1
51782,3153,142.66690002693798,14,1
51796,3154,143.19155376958298,14,1
51810,3155,128.37944463703866,14,1
51824,3156,141.60658927282157,14,1
51838,3157,129.94104836852802,14,1
51852,3158,121.92046149375601,14,1
51866,3159,134.5313163674139,14,1
51880,3160,87.61344935660385,14,1
51894,3161,112.11999171706589,14,1
51908,3162,141.14467930152512,14,1
51922,3163,127.69374413671828,14,1
51936,3164,130.24289106211188,14,1
51950,3165,103.64048399262411,14,1
51964,3166,133.972618937307,14,1
51978,3167,131.4255642199994,14,1
51992,3168,128.6609680131287,14,1
52018,3169,54.989748246590814,26,1
52032,3170,133.92231384895155,14,1
52046,3171,125.59138851053758,14,1
52060,3172,132.40127481894783,14,1
52074,3173,126.6778726384011,14,1
52088,3174,111.69929805714894,14,1
52102,3175,122.18134592467449,14,1
52116,3176,114.7368715149798,14,1
52130,3177,134.10268714797053,14,1
52144,3178,133.45441903189214,14,1
52158,3179,126.55177565702051,14,1
52172,3180,107.01157328926925,14,1
52186,3181,141.79697199633657,14,1
52200,3182,109.34196930111416,14,1
52214,3183,90.51295451068077,14,1
52228,3184,121.28661169892423,14,1
52242,3185,134.13373642482807,14,1
52256,3186,134.24196928010554,14,1
52270,3187,105.28479510478607,14,1
52291,3188,8.746320094222211,21,1
52305,3189,111.653652797436,14,1
52319,3190,119.23703017827783,14,1
52333,3191,131.73468158395107,14,1
52347,3192,124.39893191762766,14,1
52361,3193,87.87972587081151,14,1
52375,3194,139.2209534799937,14,1
52394,3195,13.447526364836786,19,1
52408,3196,120.01165528783378,14,1
52422,3197,133.05940285660864,14,1
52436,3198,121.0752524988332,14,1
52470,3199,65.06297568001632,34,1
52484,3200,90.64336162723404,14,1
52498,3201,60.57591406686835,14,1
52512,3202,131.5567450999482,14,1
52526,3203,77.23681057079959,14,1
52540,3204,140.86040380082127,14,1
52554,3205,134.01260723228168,14,1
52568,3206,118.63385871106411,14,1
52582,3207,121.80533331119311,14,1
52596,3208,122.40226357323391,14,1
52610,3209,131.95667086813424,14,1
52624,3210,93.21938165364021,14,1
52638,3211,131.62141540368006,14,1
52652,3212,57.40232590165806,14,1
52666,3213,143.77437679022876,14,1
52680,3214,109.80886831394061,14,1
52694,3215,131.89904189213465,14,1
52708,3216,108.13109749976911,14,1
52722,3217,142.801502382425,14,1
52736,3218,142.87952049752226,14,1
52750,3219,123.50115051688582,14,1
52764,3220,122.64031686867973,14,1
52778,3221,140.86278144319328,14,1
52792,3222,107.52534083041324,14,1
52806,3223,111.26398060982905,14,1
52820,3224,99.19381743105046,14,1
52834,3225,131.40053792703742,14,1
52848,3226,85.54502716420855,14,1
52862,3227,96.72311168059402,14,1
52900,3228,32.99605760567724,38,1
52914,3229,125.81474410427384,14,1
52928,3230,123.89385164906659,14,1
52942,3231,131.1333739049432,14,1
52956,3232,131.05028596415107,14,1
52980,3233,8.234062762731705,24,1
52994,3234,33.64003091928328,14,1
53008,3235,134.4839163906425,14,1
53022,3236,132.15669304478482,14,1
53036,3237,135.1354968941683,14,1
53050,3238,105.79983900340153,14,1
53064,3239,108.59565880415656,14,1
53078,3240,141.8702759656605,14,1
53094,3241,49.98663692386785,16,1
53108,3242,119.44518947231767,14,1
53122,3243,112.08464753128678,14,1
53136,3244,142.85915023391541,14,1
53150,3245,141.64121139327068,14,1
53164,3246,121.61428943562076,14,1
53178,3247,126.78534964556974,14,1
53192,3248,102.68144163166183,14,1
53208,3249,77.82289285006333,16,1
53222,3250,144.04796220240544,14,1
53236,3251,130.6775827759717,14,1
53250,3252,133.37162257280357,14,1
53264,3253,103.0811172231764,14,1
53278,3254,133.17818153469494,14,1
53292,3255,121.20301933454638,14,1
53306,3256,107.58646210589436,14,1
53320,3257,80.72738399315064,14,1
53334,3258,125.09420707363684,14,1
53348,3259,123.16391707443793,14,1
53362,3260,134.5879884776376,14,1
53376,3261,134.01271507532587,14,1
53390,3262,143.33822371689928,14,1
53404,3263,121.71428802946573,14,1
53418,3264,126.93784595369122,14,1
53432,3265,125.74127880007197,14,1
53446,3266,96.90496239176642,14,1
53460,3267,119.83204937035293,14,1
53487,3268,51.37786750657106,27,1
53501,3269,115.16655448342634,14,1
53515,3270,131.44071420702738,14,1
53529,3271,128.8933236102973,14,1
53543,3272,130.83984893202626,14,1
53563,3273,70.32306942179905,20,1
53594,3274,50.84218008555822,31,1
53608,3275,123.88214031473437,14,1
53622,3276,131.9408714009863,14,1
53636,3277,125.70303389464104,14,1
53650,3278,124.55192083037596,14,1
53664,3279,133.71379071229399,14,1
53678,3280,132.70900895172738,14,1
53692,3281,133.00493550607789,14,1
53706,3282,123.47875664645179,14,1
53720,3283,131.17913116050107,14,1
53751,3284,28.629467035617715,31,1
53765,3285,91.42631477122022,14,1
53779,3286,123.63099587572938,14,1
53793,3287,103.31370545499817,14,1
53807,3288,100.64467744983499,14,1
53826,3289,47.42581597877461,19,1
53840,3290,135.55454452195806,14,1
53854,3291,141.24684736652947,14,1
53868,3292,134.54746522004245,14,1
53882,3293,96.48805628787025,14,1
53896,3294,89.01530412180438,14,1
53910,3295,125.32578656571073,14,1
53924,3296,142.0471852001628,14,1
53938,3297,126.9878529158944,14,1
53952,3298,120.98335475054506,14,1
53966,3299,141.27363872152665,14,1
53980,3300,126.02264681975296,14,1
53994,3301,135.68183668965264,14,1
54008,3302,127.13466623120378,14,1
54022,3303,130.27896839029623,14,1
54047,3304,72.52682979089388,25,1
54061,3305,106.72830873496807,14,1
54075,3306,126.71512547868203,14,1
54089,3307,91.66157932866575,14,1
54103,3308,106.98984235681282,14,1
54117,3309,129.44224776308437,14,1
54131,3310,128.93903706429884,14,1
54145,3311,92.50498527503849,14,1
54159,3312,132.75813518673883,14,1
54173,3313,121.69615344657488,14,1
54187,3314,130.97235030686764,14,1
54201,3315,142.24912162492592,14,1
54215,3316,120.72936080447866,14,1
54229,3317,127.35148528065278,14,1
54243,3318,96.03519765771576,14,1
54257,3319,111.50476139992796,14,1
54278,3320,93.6226632378963,21,1
54292,3321,125.55818268425942,14,1
54306,3322,128.25079359303518,14,1
54320,3323,89.78166201282032,14,1
54334,3324,111.59911006797239,14,1
54348,3325,143.3851728888927,14,1
54362,3326,124.97709554155024,14,1
54384,3327,113.29599879923498,22,1
54398,3328,82.78996101924163,14,1
54412,3329,119.51692393521283,14,1
54426,3330,135.57193902812034,14,1
54440,3331,99.7906464010715,14,1
54465,3332,95.67050240848356,25,1
54479,3333,59.97572212923842,14,1
54493,3334,108.45848685958617,14,1
54507,3335,122.96482735599663,14,1
54521,3336,132.5721323710252,14,1
54535,3337,135.28963306545074,14,1
54549,3338,123.50987741921048,14,1
54563,3339,143.2508157301819,14,1
54577,3340,121.58178714287818,14,1
54591,3341,127.87595254561711,14,1
54605,3342,109.29424857140052,14,1
54619,3343,143.24522356594062,14,1
54633,3344,121.81030466844987,14,1
54647,3345,143.39849904792442,14,1
54661,3346,133.68186504763872,14,1
54675,3347,128.58818158964664,14,1
54689,3348,142.22188883770716,14,1
54710,3349,11.82077863504966,21,1
54724,3350,110.80802239953184,14,1
54738,3351,132.43794273704435,14,1
54752,3352,135.62890444771014,14,1
54766,3353,127.04273240711301,14,1
54780,3354,111.0802726036202,14,1
54794,3355,121.91525034843468,14,1
54809,3356,43.25871428235636,15,1
54823,3357,142.9149033649547,14,1
54837,3358,132.36936706335976,14,1
54851,3359,132.9653431570676,14,1
54865,3360,113.93973246107159,14,1
54879,3361,99.15903974282703,14,1
54893,3362,125.55087610612566,14,1
54907,3363,130.04030781184224,14,1
54921,3364,134.37807019260353,14,1
54935,3365,141.63232211207767,14,1
54949,3366,120.4861724597794,14,1
54963,3367,133.79083363626157,14,1
54977,3368,135.6200125655861,14,1
54991,3369,112.2545822168705,14,1
55005,3370,142.54752313537878,14,1
55019,3371,134.59461920154635,14,1
55033,3372,123.47014196110607,14,1
55047,3373,130.38588624050763,14,1
55061,3374,98.94849793786182,14,1
55075,3375,120.11359245326972,14,1
55089,3376,110.81540510932764,14,1
55103,3377,120.86158845126162,14,1
55117,3378,124.09350169698628,14,1
55157,3379,-21.871337913534546,40,0
55171,3380,142.0363887341333,14,1
55185,3381,99.56034448287717,14,1
55199,3382,136.34265207382552,14,1
55213,3383,135.67385824429508,14,1
55227,3384,125.67324754562057,14,1
55241,3385,142.80879720895658,14,1
55255,3386,120.91801530216604,14,1
55269,3387,135.4721155562591,14,1
55283,3388,130.31962994440667,14,1
55297,3389,87.00925907425788,14,1
55311,3390,142.0811795091435,14,1
55325,3391,124.42444098735211,14,1
55339,3392,124.87204277953039,14,1
55353,3393,119.18776112792013,14,1
55380,3394,134.28529442671626,27,1
55394,3395,122.10577653446089,14,1
55408,3396,130.16622568177496,14,1
55422,3397,127.10611735958298,14,1
55436,3398,108.08862625465419,14,1
55450,3399,106.34350314098765,14,1
55464,3400,143.5422623527548,14,1
55478,3401,118.98482238764346,14,1
55492,3402,127.26121873825589,14,1
55506,3403,124.7645956076125,14,1
55520,3404,143.44058328200944,14,1
55534,3405,135.38815328829725,14,1
55548,3406,131.51360693143124,14,1
55562,3407,142.57038076944656,14,1
55576,3408,126.31823929950748,14,1
55590,3409,111.77753170426413,14,1
55604,3410,133.00505587933378,14,1
55618,3411,101.52973813317757,14,1
55632,3412,128.82820031132385,14,1
55646,3413,94.36388514695648,14,1
55660,3414,121.309304856893,14,1
55674,3415,119.52451154210613,14,1
55688,3416,141.21448751634492,14,1
55714,3417,123.61438975157792,26,1
55728,3418,106.60085650042576,14,1
55742,3419,111.23770587490934,14,1
55756,3420,127.11445635337375,14,1
55770,3421,120.29705426040528,14,1
55784,3422,130.98450094291007,14,1
55798,3423,127.6008927584559,14,1
55812,3424,107.88196189952004,14,1
55826,3425,123.00099654507213,14,1
55840,3426,128.4575506645945,14,1
55854,3427,98.43288331540988,14,1
55868,3428,133.63942118852407,14,1
55882,3429,134.55023851421416,14,1
55896,3430,128.1617295673652,14,1
55910,3431,124.28997569214874,14,1
55924,3432,102.64992060163408,14,1
55938,3433,96.48249675751596,14,1
55952,3434,77.57445572745732,14,1
55966,3435,135.3516465568084,14,1
55980,3436,106.25875888803122,14,1
55994,3437,134.65832047484997,14,1
56008,3438,122.09935647736293,14,1
56022,3439,134.23380376520728,14,1
56036,3440,113.71786415919915,14,1
56050,3441,132.54860482759977,14,1
56064,3442,120.0198193969048,14,1
56078,3443,143.40488761349792,14,1
56092,3444,130.31269374244596,14,1
56106,3445,126.81528669467684,14,1
56120,3446,135.84974452630757,14,1
56134,3447,129.91614506229877,14,1
56148,3448,120.5843919439678,14,1
56162,3449,130.98451197054186,14,1
56176,3450,128.819758574763,14,1
56190,3451,125.6979987855193,14,1
56204,3452,90.45937950999215,14,1
56218,3453,109.09524667720227,14,1
56232,3454,127.49298831003813,14,1
56246,3455,129.19107978214313,14,1
56260,3456,135.35317262824208,14,1
56274,3457,90.52678096416606,14,1
56288,3458,90.0790672390746,14,1
56302,3459,106.43352040047635,14,1
56316,3460,112.67948689575411,14,1
56330,3461,142.39324327144783,14,1
56344,3462,127.87843860104859,14,1
56358,3463,122.79825528393498,14,1
56372,3464,121.64997998205129,14,1
56386,3465,127.51087336657696,14,1
56400,3466,129.20488170791685,14,1
56414,3467,141.82203067006182,14,1
56428,3468,122.71796287455457,14,1
56442,3469,141.74731193841214,14,1
56456,3470,132.5082840941206,14,1
56470,3471,141.31589605920092,14,1
56484,3472,144.10467392313342,14,1
56498,3473,111.7542423592438,14,1
56512,3474,118.53589962603007,14,1
56526,3475,142.3157572111005,14,1
56540,3476,115.28145163998667,14,1
56554,3477,128.65666778844772,14,1
56568,3478,98.2213168329832,14,1
56582,3479,125.33683191646821,14,1
56596,3480,89.79606972953877,14,1
56610,3481,118.253338094094,14,1
56624,3482,141.668094870227,14,1
56638,3483,130.58137432219388,14,1
56652,3484,134.1242946098906,14,1
56666,3485,114.2758715699452,14,1
56680,3486,114.65250822295553,14,1
56694,3487,90.24634379538145,14,1
56708,3488,121.84113661972741,14,1
56722,3489,87.27603455231629,14,1
56736,3490,122.95288702702786,14,1
56750,3491,123.75436110698092,14,1
56764,3492,112.12219078534605,14,1
56778,3493,125.32059271637952,14,1
56792,3494,89.33267749887787,14,1
56806,3495,114.77438164873945,14,1
56820,3496,107.8753030146833,14,1
56834,3497,109.75652934605455,14,1
56848,3498,133.11857543897514,14,1
56862,3499,126.33692387464744,14,1
56876,3500,143.57842384784394,14,1
56890,3501,90.91776780449428,14,1
56904,3502,109.30479649214254,14,1
56918,3503,115.79120704437028,14,1
56932,3504,133.3088230523918,14,1
56946,3505,101.62695813895908,14,1
56960,3506,114.83890896956535,14,1
56974,3507,135.7088559149868,14,1
56988,3508,143.90092097831135,14,1
57002,3509,114.33577833701061,14,1
57016,3510,141.34937382839507,14,1
57030,3511,72.35974339378836,14,1
57044,3512,142.35290839065723,14,1
57058,3513,119.56957120990232,14,1
57072,3514,128.80781113583996,14,1
57086,3515,143.55356745487322,14,1
57100,3516,99.08128912349373,14,1
57114,3517,126.59320012194857,14,1
57128,3518,105.98131271269223,14,1
57142,3519,133.4294679378952,14,1
57156,3520,118.88367376241646,14,1
57170,3521,119.90005978813146,14,1
57184,3522,132.86776419946764,14,1
57198,3523,99.88048670460718,14,1
57212,3524,132.2045526640286,14,1
57226,3525,103.4974581974156,14,1
57240,3526,135.08555014844356,14,1
57254,3527,135.26452695142757,14,1
57269,3528,129.71519182975092,15,1
57283,3529,120.04356724382,14,1
57297,3530,100.65935778913602,14,1
57311,3531,98.69139513756393,14,1
57325,3532,129.5968862665859,14,1
57339,3533,128.56209506875885,14,1
57353,3534,131.09645807891698,14,1
57367,3535,129.8461899766045,14,1
57381,3536,122.92781172354603,14,1
57395,3537,126.56651950375284,14,1
57409,3538,78.83863399266237,14,1
57423,3539,123.99314671138092,14,1
57437,3540,123.6940701006473,14,1
57451,3541,141.46654418940045,14,1
57465,3542,96.19382227486516,14,1
57479,3543,125.36713989702504,14,1
57493,3544,132.22220977865067,14,1
57507,3545,123.51686312362213,14,1
57521,3546,142.03789028737322,14,1
57535,3547,119.5506677465565,14,1
57549,3548,131.62771365541033,14,1
57563,3549,131.8974956483968,14,1
57577,3550,125.37130177716736,14,1
57591,3551,126.53690989846432,14,1
57605,3552,125.28692030886556,14,1
57625,3553,10.058196636529557,20,1
57639,3554,121.82428256248303,14,1
57653,3555,112.34626624731484,14,1
57667,3556,127.94478567007683,14,1
57682,3557,128.88771062587975,15,1
57696,3558,126.19204369657827,14,1
57710,3559,130.51544707021344,14,1
57724,3560,95.8451619086563,14,1
57738,3561,122.89491809154647,14,1
57752,3562,115.9122648040023,14,1
57766,3563,130.158418935392,14,1
57780,3564,144.2872915022883,14,1
57794,3565,125.82813025396807,14,1
57808,3566,112.68389746684531,14,1
57822,3567,134.8746887691951,14,1
57836,3568,104.71644025747725,14,1
57850,3569,109.0157261802117,14,1
57864,3570,102.3729533512586,14,1
57878,3571,107.14599266701973,14,1
57892,3572,128.6099252656271,14,1
57906,3573,130.21990701145458,14,1
57920,3574,114.50889171747033,14,1
57934,3575,122.3970248327387,14,1
57959,3576,72.33132195303249,25,1
57973,3577,131.6545794848863,14,1
57987,3578,134.95416210597543,14,1
58001,3579,125.37214482422104,14,1
58015,3580,126.40547269530987,14,1
58029,3581,133.74007984159962,14,1
58043,3582,121.90769690116132,14,1
58057,3583,87.33475173236745,14,1
58071,3584,124.55052428070066,14,1
58085,3585,103.41194398841641,14,1
58099,3586,102.98288889261289,14,1
58113,3587,108.82746628553237,14,1
58127,3588,128.6495442397822,14,1
58141,3589,125.09250652536966,14,1
58155,3590,134.89147316040473,14,1
58169,3591,126.31464707508465,14,1
58183,3592,109.2234524601186,14,1
58197,3593,107.06279011431829,14,1
58211,3594,86.40470640397847,14,1
58225,3595,119.26512732777789,14,1
58239,3596,123.58054119121418,14,1
58253,3597,116.75706834064698,14,1
58285,3598,-5.1737015889167655,32,1
58325,3599,-20.718044971580852,40,0
58350,3600,4.067832985151042,25,1
58364,3601,108.42654545126015,14,1
58378,3602,121.34743409135532,14,1
58392,3603,119.2918185283026,14,1
58406,3604,113.57572886638751,14,1
58420,3605,127.24200410214277,14,1
58434,3606,127.54695268421038,14,1
58448,3607,95.33109131107413,14,1
58462,3608,94.64911771367836,14,1
58476,3609,131.02755517747963,14,1
58490,3610,101.5216979284739,14,1
58504,3611,142.26376751815135,14,1
58518,3612,134.55567431421963,14,1
58532,3613,108.40331355784267,14,1
58546,3614,141.10425464922352,14,1
58560,3615,128.8181061007755,14,1
58574,3616,88.19846642230367,14,1
58588,3617,125.94915082170097,14,1
58602,3618,127.79868649563363,14,1
58616,3619,128.17796070015314,14,1
58630,3620,93.87671723094269,14,1
58644,3621,126.5663098520096,14,1
58658,3622,143.4149134207276,14,1
58672,3623,128.7657730619185,14,1
58686,3624,131.928726683198,14,1
58703,3625,128.71674864867668,17,1
58717,3626,136.38564283767965,14,1
58731,3627,135.00100545738718,14,1
58745,3628,113.79221209955193,14,1
58759,3629,80.36456090761737,14,1
58773,3630,96.350852859171,14,1
58787,3631,94.40558817045674,14,1
58801,3632,125.03839414683466,14,1
58815,3633,113.50497754874566,14,1
58829,3634,108.31853979340092,14,1
58843,3635,119.04208219330383,14,1
58857,3636,104.34790247081115,14,1
58871,3637,132.9666503131759,14,1
58885,3638,110.05847563209863,14,1
58899,3639,123.87301706625514,14,1
58913,3640,114.45076939092507,14,1
58927,3641,112.68138569627745,14,1
58941,3642,115.65096336192644,14,1
58955,3643,127.63118142114918,14,1
58969,3644,107.34914993871735,14,1
58983,3645,113.73399427000633,14,1
58997,3646,128.33087349075228,14,1
59011,3647,123.26422424280742,14,1
59025,3648,129.96021003588635,14,1
59039,3649,133.97105245222804,14,1
59053,3650,106.69894989092907,14,1
59067,3651,132.95497860687186,14,1
59081,3652,101.78826087408258,14,1
59097,3653,69.7067664766455,16,1
59111,3654,129.2060814393335,14,1
59125,3655,102.4574615774225,14,1
59139,3656,122.30776339982236,14,1
59153,3657,101.28072668636186,14,1
59167,3658,82.26858428412072,14,1
59181,3659,134.7427984543463,14,1
59195,3660,100.32017949261696,14,1
59209,3661,140.5470060897618,14,1
59223,3662,143.82802745868622,14,1
59237,3663,89.6373350450492,14,1
59251,3664,119.79649897900642,14,1
59268,3665,107.34688265895531,17,1
59282,3666,92.08163017948297,14,1
59322,3667,-20.89861828150287,40,0
59336,3668,136.06736105692303,14,1
59354,3669,128.3188639197556,18,1
59394,3670,-20.770950077404276,40,0
59408,3671,105.82503208119084,14,1
59422,3672,114.82030262100899,14,1
59436,3673,141.1677595576922,14,1
59450,3674,123.05746508289157,14,1
59464,3675,136.3085497009499,14,1
59478,3676,123.42437973952458,14,1
59492,3677,127.4578365564724,14,1
59506,3678,123.23603462661698,14,1
59520,3679,85.93983356187273,14,1
59534,3680,123.36341794246664,14,1
59548,3681,113.6954201464997,14,1
59562,3682,106.20800279042527,14,1
59576,3683,101.50404450289088,14,1
59616,3684,-21.46098003421838,40,0
59630,3685,83.88607105492014,14,1
59646,3686,37.862882043678866,16,1
59660,3687,112.74297977258581,14,1
59674,3688,143.2353241493731,14,1
59688,3689,106.5323747756766,14,1
59702,3690,113.81135316323264,14,1
59716,3691,114.52526997027978,14,1
59730,3692,134.5526063943768,14,1
59744,3693,141.67380556363275,14,1
59758,3694,124.89603258438073,14,1
59772,3695,104.64683067069606,14,1
59786,3696,101.5920376799378,14,1
59800,3697,111.8275383535037,14,1
59814,3698,96.67763534449395,14,1
59828,3699,113.98299899363487,14,1
59842,3700,130.15091351734873,14,1
59856,3701,131.36967617624705,14,1
59870,3702,121.68648377614204,14,1
59884,3703,102.21198593081577,14,1
59898,3704,129.6054420081116,14,1
59912,3705,82.73783794320771,14,1
59926,3706,101.40901128933419,14,1
59940,3707,122.37011612761937,14,1
59954,3708,111.78535081287622,14,1
59968,3709,110.60722058521942,14,1
59982,3710,120.04769693126458,14,1
59996,3711,98.90189406098014,14,1
60010,3712,100.27775040930908,14,1
60024,3713,79.86064454598117,14,1
60038,3714,133.03123999675643,14,1
60052,3715,128.81717479753493,14,1
60066,3716,132.87494234438958,14,1
60080,3717,107.65308155721766,14,1
60094,3718,100.39152509904851,14,1
60108,3719,142.86736844466077,14,1
60122,3720,132.69261574504625,14,1
60162,3721,-20.901026966894634,40,0
60176,3722,101.32406902634976,14,1
60190,3723,106.22765240751146,14,1
60204,3724,89.84147946373534,14,1
60218,3725,127.44176725114811,14,1
60232,3726,143.39076037020243,14,1
60246,3727,134.17744723103522,14,1
60260,3728,143.06403121384557,14,1
60274,3729,132.06092059290228,14,1
60288,3730,112.9445346697764,14,1
60302,3731,131.45585460595072,14,1
60316,3732,124.92519789031623,14,1
60330,3733,132.03684212628986,14,1
60344,3734,124.56719294317435,14,1
60358,3735,129.29740114681144,14,1
60372,3736,131.5009326248311,14,1
60386,3737,105.3169214746148,14,1
60400,3738,104.17291430430328,14,1
60414,3739,133.24036531668548,14,1
60428,3740,129.83893660234438,14,1
60442,3741,71.50488959038792,14,1
60456,3742,57.20777969606953,14,1
60470,3743,121.7570176693024,14,1
60484,3744,125.67889390454432,14,1
60498,3745,134.62001799015485,14,1
60512,3746,143.86971837989714,14,1
60526,3747,82.23319843330046,14,1
60540,3748,124.58290474457162,14,1
60554,3749,86.08283836215142,14,1
60568,3750,131.90842134958498,14,1
60582,3751,129.15952908908827,14,1
60596,3752,124.94443675463077,14,1
60610,3753,143.06789800762755,14,1
60624,3754,143.80005729288547,14,1
60638,3755,141.8717760007703,14,1
60652,3756,140.89104917553445,14,1
60666,3757,123.29575564291477,14,1
60680,3758,110.91107759626878,14,1
60694,3759,99.82027427524858,14,1
60708,3760,120.95486317568609,14,1
60722,3761,115.10983095869662,14,1
60736,3762,123.27539685536613,14,1
60750,3763,108.5487293759604,14,1
60764,3764,107.41814251175722,14,1
60778,3765,141.57217856530195,14,1
60818,3766,-20.694734969600464,40,0
60832,3767,134.17638382489827,14,1
60846,3768,111.31115181184192,14,1
60860,3769,108.86747970277841,14,1
60874,3770,120.2871559197635,14,1
60888,3771,132.30674209713163,14,1
60902,3772,122.75495357649844,14,1
60916,3773,99.0520817875669,14,1
60930,3774,103.68698806012951,14,1
60944,3775,109.24332123943095,14,1
60958,3776,141.38930212668035,14,1
60972,3777,122.5583979638293,14,1
60986,3778,114.73470680298162,14,1
61000,3779,110.67232087182305,14,1
61014,3780,101.8503167512022,14,1
61028,3781,134.08174651247822,14,1
61047,3782,112.72620162703839,19,1
61061,3783,127.25516961035213,14,1
61075,3784,110.1413269374778,14,1
61115,3785,-21.086121811130454,40,0
61129,3786,128.18425527186,14,1
61143,3787,103.77387897968126,14,1
61157,3788,106.14396507654858,14,1
61171,3789,95.55001522150474,14,1
61185,3790,134.90850202616653,14,1
61199,3791,122.6375683230599,14,1
61213,3792,83.56285360256018,14,1
61227,3793,113.04997822229576,14,1
61241,3794,126.43513173607536,14,1
61255,3795,141.7113864259205,14,1
61269,3796,135.72984994769072,14,1
61283,3797,130.17541488219916,14,1
61297,3798,106.50073155431156,14,1
61311,3799,124.8912407464853,14,1
61325,3800,128.09689839011313,14,1
61349,3801,47.18414553101126,24,1
61363,3802,128.95633819741306,14,1
61377,3803,132.68278752197767,14,1
61400,3804,120.23779714360492,23,1
61414,3805,99.9729508706468,14,1
61428,3806,87.76488849733349,14,1
61442,3807,113.13890775388043,14,1
61456,3808,102.7055304485783,14,1
61470,3809,140.61388670182785,14,1
61484,3810,134.68271527367295,14,1
61498,3811,121.16480965817593,14,1
61512,3812,115.25581223568909,14,1
61526,3813,95.54611183540628,14,1
61540,3814,99.59670900756792,14,1
61554,3815,127.79660894993393,14,1
61568,3816,99.20516855957443,14,1
61582,3817,106.02801432090872,14,1
61596,3818,135.8638459368189,14,1
61610,3819,126.90660426256372,14,1
61624,3820,134.1614537782343,14,1
61638,3821,123.68351748501341,14,1
61652,3822,129.67593208138052,14,1
61666,3823,131.92337822622574,14,1
61680,3824,114.47455102016701,14,1
61694,3825,88.27651596245438,14,1
61708,3826,131.7168290096345,14,1
61722,3827,143.33246186408704,14,1
61736,3828,132.41108837404408,14,1
61753,3829,127.32264331846562,17,1
61767,3830,141.85248717691115,14,1
61781,3831,143.474170334183,14,1
61797,3832,126.26755861831724,16,1
61811,3833,112.32441271512151,14,1
61825,3834,119.77976773595542,14,1
61843,3835,81.05163064869458,18,1
61857,3836,107.08311825966123,14,1
61871,3837,135.7199874369532,14,1
61885,3838,142.71669282382337,14,1
61899,3839,101.12207779681532,14,1
61913,3840,127.47382331951908,14,1
61927,3841,134.87969604590654,14,1
61967,3842,-20.74402496258833,40,0
61981,3843,133.24930639963057,14,1
61995,3844,118.82356301633259,14,1
62009,3845,111.31164596793565,14,1
62023,3846,125.41524285892467,14,1
62037,3847,141.28527338437112,14,1
62051,3848,141.4670471846044,14,1
62065,3849,144.16502217890366,14,1
62079,3850,103.35346130086133,14,1
62114,3851,34.69929674388482,35,1
62128,3852,100.2238025301934,14,1
62158,3853,-4.7892588863746335,30,1
62172,3854,130.12927336188457,14,1
62186,3855,102.24438330230566,14,1
62200,3856,120.91736364111186,14,1
62214,3857,135.23787082820695,14,1
62228,3858,80.72428818133778,14,1
62242,3859,111.1078765015394,14,1
62256,3860,126.79516463355607,14,1
62296,3861,-21.042543347474417,40,0
62336,3862,-20.859975321543303,40,0
62350,3863,120.33279067677714,14,1
62364,3864,129.27332495232938,14,1
62404,3865,-21.583340635150034,40,0
62418,3866,133.60708327508905,14,1
62458,3867,-20.57897880392438,40,0
62472,3868,99.35519882951274,14,1
62486,3869,80.61733507652079,14,1
62500,3870,112.91003797125184,14,1
62514,3871,95.20055776065779,14,1
62528,3872,110.58306334744937,14,1
62542,3873,100.5524707611135,14,1
62556,3874,106.21898392953509,14,1
62570,3875,134.08105619378964,14,1
62587,3876,81.64279238665131,17,1
62602,3877,111.22640898017062,15,1
62616,3878,129.28336293257394,14,1
62630,3879,128.92562168610107,14,1
62644,3880,63.748623504128005,14,1
62658,3881,100.60676299752096,14,1
62672,3882,107.93373600356787,14,1
62686,3883,126.42873369306704,14,1
62700,3884,101.09959597203304,14,1
62714,3885,124.7546154299918,14,1
62728,3886,115.06750560299655,14,1
62742,3887,101.63919556151568,14,1
62760,3888,78.17433361425954,18,1
62774,3889,127.13499403584383,14,1
62788,3890,102.72877809126271,14,1
62802,3891,106.34050105002434,14,1
62816,3892,109.08814669837632,14,1
62831,3893,125.74549174584033,15,1
62845,3894,93.49563049833498,14,1
62859,3895,128.06276816357666,14,1
62873,3896,99.98674752808449,14,1
62913,3897,-23.431156144457532,40,0
62927,3898,128.45333947219447,14,1
62958,3899,-6.60054405597742,31,1
62972,3900,15.020704473530355,14,1
62986,3901,142.60371749626063,14,1
63000,3902,83.8457497744668,14,1
63040,3903,-22.707876235323884,40,0
63054,3904,124.6377729408309,14,1
63068,3905,127.27894013405283,14,1
63084,3906,43.4081036520624,16,1
63103,3907,110.58703586784283,19,1
63143,3908,-21.084653515152056,40,0
63183,3909,-21.937838582738348,40,0
63197,3910,132.95455174730643,14,1
63211,3911,107.9288261812991,14,1
63251,3912,-20.863345490255053,40,0
63272,3913,124.19686444347474,21,1
63312,3914,-20.600335123955915,40,0
63326,3915,133.63753830909948,14,1
63343,3916,122.31932861258692,17,1
63357,3917,114.15897779597061,14,1
63397,3918,-21.208033142474445,40,0
63411,3919,91.25751653180772,14,1
63436,3920,72.67741880306644,25,1
63476,3921,-20.73900874784828,40,0
63490,3922,107.03259918414624,14,1
63504,3923,109.29038216290071,14,1
63518,3924,123.75168285457495,14,1
63558,3925,-20.723541212845777,40,0
63574,3926,47.36833882412119,16,1
63614,3927,-21.22229930686207,40,0
63654,3928,-20.818787182368503,40,0
63687,3929,2.4520877406140187,33,1
63701,3930,122.71962664192574,14,1
63741,3931,-22.147306751656583,40,0
63755,3932,97.57328971145115,14,1
63795,3933,-20.761319633475047,40,0
63835,3934,-22.264658743718922,40,0
63849,3935,113.21512614508816,14,1
63869,3936,43.55925264937748,20,1
63887,3937,80.30496567011934,18,1
63927,3938,-20.80862152188231,40,0
63967,3939,-20.848308328424558,40,0
63981,3940,93.0829677280843,14,1
63997,3941,123.34166688170627,16,1
64037,3942,-21.266289146650365,40,0
64051,3943,125.1218496811041,14,1
64067,3944,69.9908039112148,16,1
64102,3945,1.3849595064800972,35,1
64116,3946,98.57784337916192,14,1
64132,3947,80.58807054359029,16,1
64146,3948,92.98789996414344,14,1
64166,3949,111.57855635395717,20,1
64194,3950,111.77977326525772,28,1
64208,3951,90.53054574294453,14,1
64248,3952,-20.96531026685551,40,0
64262,3953,109.2001039598239,14,1
64276,3954,132.04571605391854,14,1
64294,3955,77.68353716117566,18,1
64308,3956,87.39565284597141,14,1
64348,3957,-21.234919290634924,40,0
64362,3958,125.21151536495516,14,1
64402,3959,-20.896853264324292,40,0
64416,3960,82.49787267728186,14,1
64430,3961,130.93866732144252,14,1
64470,3962,-20.922097165799375,40,0
64484,3963,76.46194840676286,14,1
64498,3964,101.6364197025967,14,1
64512,3965,126.02512695143203,14,1
64526,3966,104.06137656653992,14,1
64566,3967,-20.78278741631935,40,0
64580,3968,120.1358624408531,14,1
64594,3969,123.89042016472483,14,1
64608,3970,125.0151386376796,14,1
64622,3971,123.4502916211955,14,1
64636,3972,142.00956029680526,14,1
64650,3973,64.81343706435865,14,1
64690,3974,-21.26810510706084,40,0
64704,3975,63.75788929303078,14,1
64718,3976,65.24645219198707,14,1
64732,3977,105.99338107246852,14,1
64746,3978,119.21967077792031,14,1
64760,3979,143.8810440435192,14,1
64774,3980,134.55281397106506,14,1
64788,3981,125.23913578500722,14,1
64802,3982,125.96873398603816,14,1
64816,3983,127.61947397455432,14,1
64830,3984,110.47435056034436,14,1
64844,3985,104.12153940189121,14,1
64858,3986,91.5362215789355,14,1
64872,3987,81.45132310261637,14,1
64886,3988,120.04843332960465,14,1
64900,3989,135.55077714742572,14,1
64914,3990,134.5926236687,14,1
64928,3991,122.5594250623129,14,1
64942,3992,48.87398432975857,14,1
64982,3993,-21.721818460619616,40,0
64996,3994,114.47071485599182,14,1
65010,3995,102.43644620019681,14,1
65024,3996,93.50854229269996,14,1
65038,3997,45.40039241256422,14,1
65052,3998,124.322724896077,14,1
65066,3999,130.57692006319274,14,1
65080,4000,133.05028453437924,14,1
65120,4001,-20.944129087831342,40,0
65139,4002,48.192069543433554,19,1
65153,4003,89.31795967296223,14,1
65167,4004,79.71427046661498,14,1
65181,4005,81.494274134129,14,1
65221,4006,-21.29768418249998,40,0
65235,4007,127.48461868640861,14,1
65275,4008,-20.76033136168954,40,0
65289,4009,121.79750020112206,14,1
65303,4010,125.53857596639033,14,1
65317,4011,131.84940921794094,14,1
65331,4012,120.75448535691964,14,1
65371,4013,-20.781042785142926,40,0
65385,4014,77.85787492611813,14,1
65399,4015,54.39987315092284,14,1
65415,4016,42.522426930189575,16,1
65429,4017,123.77182685803479,14,1
65443,4018,108.3336030133947,14,1
65457,4019,108.36190695626401,14,1
65471,4020,113.00482391761204,14,1
65485,4021,110.03982580495817,14,1
65499,4022,120.1295706438227,14,1
65513,4023,124.08113956015953,14,1
65527,4024,127.1181038283075,14,1
65541,4025,121.37150118404124,14,1
65555,4026,132.45967336923948,14,1
65569,4027,120.16091208207003,14,1
65583,4028,104.92370815286023,14,1
65597,4029,83.99656282803274,14,1
65637,4030,-8.747159882319089,40,1
65651,4031,56.658899649281594,14,1
65691,4032,-21.223448211669027,40,0
65705,4033,56.838539097185944,14,1
65719,4034,115.26012938527293,14,1
65733,4035,112.250251871764,14,1
65747,4036,101.01559548259607,14,1
65761,4037,109.760888872691,14,1
65775,4038,100.39481314848767,14,1
65789,4039,102.41739805563871,14,1
65803,4040,81.14519568899995,14,1
65817,4041,126.49815711215507,14,1
65831,4042,58.20085585142249,14,1
65845,4043,55.85709309746346,14,1
65859,4044,108.15286910614495,14,1
65873,4045,110.97165775558061,14,1
65887,4046,89.65124958570144,14,1
65901,4047,70.8015601827809,14,1
65915,4048,100.70785833972394,14,1
65929,4049,142.15212821239027,14,1
65943,4050,127.75290697099835,14,1
65957,4051,89.49168105266891,14,1
65971,4052,140.63951103004945,14,1
65987,4053,57.43848907896676,16,1
66001,4054,129.06144807257587,14,1
66015,4055,102.13571668555598,14,1
66029,4056,103.12375493821648,14,1
66043,4057,105.60823142206692,14,1
66057,4058,128.1462933894643,14,1
66071,4059,128.17009292113943,14,1
66085,4060,39.29669516598669,14,1
66099,4061,98.43104094585856,14,1
66113,4062,127.9431240089675,14,1
66127,4063,107.52567635016904,14,1
66141,4064,93.9072728426262,14,1
66155,4065,83.91373191792526,14,1
66169,4066,127.56083718777126,14,1
66183,4067,65.33542750046884,14,1
66197,4068,127.15323549551019,14,1
66211,4069,127.52380688566092,14,1
66225,4070,92.1162365869679,14,1
66239,4071,133.61528694862207,14,1
66253,4072,70.06566800865158,14,1
66267,4073,104.47899667340803,14,1
66281,4074,85.32352978838155,14,1
66295,4075,70.56473799339363,14,1
66311,4076,133.65185506312662,16,1
66325,4077,107.92227874520502,14,1
66340,4078,59.63487848395534,15,1
66354,4079,108.06748171984279,14,1
66368,4080,129.31872150491907,14,1
66382,4081,118.66583995066064,14,1
66396,4082,103.61132318781881,14,1
66410,4083,96.76873494021687,14,1
66426,4084,64.89397547817644,16,1
66440,4085,105.89984076877593,14,1
66454,4086,97.52025650817441,14,1
66468,4087,129.70080291896753,14,1
66482,4088,86.44808416295075,14,1
66496,4089,104.47882821944154,14,1
66510,4090,104.93348930119592,14,1
66524,4091,126.3745158555065,14,1
66538,4092,112.25045096526276,14,1
66552,4093,112.63685998142591,14,1
66566,4094,131.5334898314647,14,1
66580,4095,112.18327197586335,14,1
66594,4096,141.67554369007712,14,1
66608,4097,120.38785603640078,14,1
66622,4098,114.47029819668356,14,1
66636,4099,118.9101612504521,14,1
66650,4100,125.24618319976747,14,1
66664,4101,70.4493122468652,14,1
66678,4102,129.27276465153923,14,1
66693,4103,32.35356774006888,15,1
66707,4104,128.883951195741,14,1
66721,4105,141.66249723218428,14,1
66735,4106,124.31870015674001,14,1
66749,4107,125.95671245119307,14,1
66763,4108,128.28666239711708,14,1
66778,4109,109.59463285653797,15,1
66792,4110,124.25486986832318,14,1
66806,4111,101.79489972873161,14,1
66820,4112,88.93873685170493,14,1
66834,4113,105.42433132361792,14,1
66848,4114,135.58533396323256,14,1
66862,4115,135.10326069466865,14,1
66876,4116,113.20440374288026,14,1
66890,4117,129.79461551816087,14,1
66904,4118,130.13451134832908,14,1
66918,4119,133.03005779546984,14,1
66932,4120,130.84088816443406,14,1
66946,4121,143.02693008317516,14,1
66960,4122,120.23919587546388,14,1
66975,4123,129.33000044102607,15,1
66989,4124,141.15209006111957,14,1
67003,4125,125.28978638663196,14,1
67017,4126,110.49881888315933,14,1
67032,4127,55.49552958811366,15,1
67046,4128,110.53128991896003,14,1
67060,4129,114.4327329824173,14,1
67074,4130,140.86990409936732,14,1
67088,4131,112.46387237899903,14,1
67102,4132,106.00065764102096,14,1
67116,4133,143.81767604298466,14,1
67130,4134,143.44266102756495,14,1
67144,4135,105.58396606402893,14,1
67158,4136,85.95815919487747,14,1
67172,4137,104.40833568778959,14,1
67186,4138,124.7721930544147,14,1
67200,4139,122.38182476968238,14,1
67214,4140,98.6407488860477,14,1
67228,4141,127.57990467504683,14,1
67242,4142,119.46555023025442,14,1
67256,4143,96.92840194319511,14,1
67270,4144,108.73860327410866,14,1
67284,4145,103.89448457964437,14,1
67298,4146,122.9159366449377,14,1
67312,4147,131.11182334058606,14,1
67326,4148,123.37240029179712,14,1
67340,4149,143.79124298166482,14,1
67354,4150,136.14374032131488,14,1
67368,4151,107.82073587957136,14,1
67382,4152,103.62238906870863,14,1
67396,4153,127.22718160929008,14,1
67410,4154,143.82027403576387,14,1
67450,4155,-23.704861934042842,40,0
67464,4156,141.6202045136921,14,1
67478,4157,111.02876753938871,14,1
67492,4158,106.82114018672242,14,1
67506,4159,121.64020093597301,14,1
67520,4160,142.8885027756522,14,1
67534,4161,85.10705995474514,14,1
67548,4162,83.0376457581922,14,1
67563,4163,58.25125671558731,15,1
67577,4164,121.48096983882763,14,1
67591,4165,124.70141794928301,14,1
67605,4166,127.52569920722384,14,1
67619,4167,141.57579188461764,14,1
67633,4168,14.079910930535933,14,1
67647,4169,98.16790354349757,14,1
67661,4170,99.32768166262547,14,1
67675,4171,95.78154556977717,14,1
67689,4172,103.49269424212824,14,1
67707,4173,67.22391192762304,18,1
67721,4174,121.65349851881061,14,1
67735,4175,64.7772611113973,14,1
67749,4176,117.92290503506638,14,1
67763,4177,126.52608441599806,14,1
67777,4178,125.8148864581605,14,1
67798,4179,100.16017568269386,21,1
67812,4180,114.40767599582668,14,1
67826,4181,127.56045748062813,14,1
67866,4182,-22.509510985904583,40,0
67881,4183,70.96943170534183,15,1
67895,4184,121.26406708668505,14,1
67909,4185,128.79284600798513,14,1
67923,4186,112.53201010073708,14,1
67937,4187,110.80350958736668,14,1
67951,4188,76.98927607393186,14,1
67965,4189,106.05702708814722,14,1
67979,4190,135.44894882190542,14,1
67993,4191,107.81109105920548,14,1
68033,4192,-22.67958369393892,40,0
68047,4193,129.5397013933761,14,1
68061,4194,85.02352389428953,14,1
68076,4195,29.492242535507206,15,1
68090,4196,143.56720973362056,14,1
68104,4197,127.51962333838577,14,1
68118,4198,108.24853538673575,14,1
68132,4199,131.0996504038435,14,1
68146,4200,129.65640233979022,14,1
68160,4201,122.93748904933867,14,1
68174,4202,120.58807195328124,14,1
68189,4203,90.92806631355656,15,1
68204,4204,70.81738388991384,15,1
68218,4205,122.7763348595922,14,1
68232,4206,129.4073752556224,14,1
68246,4207,104.6884606620864,14,1
68260,4208,82.45309545010716,14,1
68274,4209,57.32534677285239,14,1
68288,4210,100.23042214492773,14,1
68302,4211,135.90195662461088,14,1
68316,4212,111.10753836212803,14,1
68330,4213,105.58171866909088,14,1
68344,4214,135.433911881947,14,1
68358,4215,120.85999694321468,14,1
68372,4216,122.07056565363627,14,1
68386,4217,91.70343402537429,14,1
68400,4218,111.89344870955237,14,1
68414,4219,131.2645420103992,14,1
68428,4220,104.32013677185391,14,1
68442,4221,93.67634361946799,14,1
68456,4222,103.47325474957862,14,1
68470,4223,108.11918240134085,14,1
68484,4224,92.41162655986835,14,1
68504,4225,43.40016798091698,20,1
68518,4226,142.7419374740565,14,1
68533,4227,83.7116549233486,15,1
68547,4228,122.72469101241697,14,1
68561,4229,133.76474753053915,14,1
68575,4230,65.99202349892452,14,1
68593,4231,109.86901977872274,18,1
68607,4232,124.61180517566005,14,1
68623,4233,123.23481692479845,16,1
68637,4234,93.76524328641578,14,1
68651,4235,89.69915190422726,14,1
68666,4236,127.47850660335952,15,1
68680,4237,86.99462802407427,14,1
68720,4238,-22.926350058110483,40,0
68734,4239,125.97805268010414,14,1
68748,4240,113.30537716894275,14,1
68762,4241,111.02809980916908,14,1
68776,4242,143.93496039480453,14,1
68790,4243,130.6030862476316,14,1
68804,4244,132.9404675611433,14,1
68818,4245,124.06471224719564,14,1
68858,4246,-23.338884650444875,40,0
68872,4247,119.81731324106322,14,1
68888,4248,132.8488502271791,16,1
68902,4249,124.16776652002562,14,1
68919,4250,60.69672580971535,17,1
68933,4251,86.41305890898474,14,1
68947,4252,131.90214365209158,14,1
68961,4253,130.3323790041651,14,1
68976,4254,123.96692054063668,15,1
68990,4255,131.98034994170746,14,1
69004,4256,109.72431073729538,14,1
69018,4257,87.57514735038043,14,1
69032,4258,114.11192303562606,14,1
69046,4259,109.40149524776477,14,1
69061,4260,115.09564347150459,15,1
69076,4261,129.8854236712568,15,1
69090,4262,61.09622956495592,14,1
69104,4263,135.42890161657928,14,1
69118,4264,120.78538652879384,14,1
69136,4265,28.560397040177236,18,1
69151,4266,81.13350695510215,15,1
69169,4267,108.0199561947036,18,1
69183,4268,110.21845453193676,14,1
69197,4269,127.64879616458484,14,1
69211,4270,48.42841630392358,14,1
69225,4271,118.94800583985865,14,1
69239,4272,113.4864899458233,14,1
69279,4273,-21.796455004174664,40,0
69293,4274,141.27480001099906,14,1
69307,4275,128.04563846088953,14,1
69327,4276,38.27691354578628,20,1
69343,4277,127.18271304791712,16,1
69357,4278,93.88383261396586,14,1
69371,4279,43.61818232230556,14,1
69385,4280,142.23987018146707,14,1
69399,4281,110.37977805726345,14,1
69413,4282,85.45311100750244,14,1
69427,4283,136.2893782492722,14,1
69441,4284,118.55503044595699,14,1
69455,4285,53.68556610564198,14,1
69469,4286,133.2546566513574,14,1
69484,4287,121.02614757518447,15,1
69518,4288,77.89331338965154,34,1
69538,4289,54.03743622580299,20,1
69578,4290,-23.497374938133845,40,0
69592,4291,106.28107928656861,14,1
69606,4292,57.02956094262741,14,1
69622,4293,135.48488891034626,16,1
69638,4294,54.64383628401913,16,1
69652,4295,143.40704512240103,14,1
69666,4296,119.73716615319648,14,1
69680,4297,110.57672394391172,14,1
69694,4298,133.82241318638523,14,1
69711,4299,113.26450767932236,17,1
69725,4300,129.53128251767183,14,1
69742,4301,134.51248413995296,17,1
69756,4302,127.27809905549127,14,1
69796,4303,-22.2882154266963,40,0
69810,4304,125.46651627288833,14,1
69824,4305,130.99553327935843,14,1
69843,4306,120.51560965324587,19,1
69857,4307,127.2839284906624,14,1
69871,4308,143.21523405077474,14,1
69885,4309,20.720226338420588,14,1
69899,4310,93.04198871607032,14,1
69913,4311,142.72557518367432,14,1
69927,4312,102.53476115603236,14,1
69941,4313,60.79272522379742,14,1
69955,4314,134.6125523431901,14,1
69969,4315,106.03633005670572,14,1
69984,4316,141.74046134035294,15,1
69998,4317,100.5780831162199,14,1
70012,4318,79.24297652840441,14,1
70029,4319,125.54667035069977,17,1
70043,4320,115.0058628454693,14,1
70057,4321,90.70117857181106,14,1
70072,4322,126.35389232871904,15,1
70086,4323,85.98400713350166,14,1
70101,4324,120.51732140557691,15,1
70115,4325,100.72081371056747,14,1
70129,4326,133.096545931324,14,1
70143,4327,125.50365903000676,14,1
70157,4328,110.74097850202425,14,1
70183,4329,124.0210997465928,26,1
70197,4330,113.77335236948493,14,1
70211,4331,143.86711476586095,14,1
70225,4332,48.47450118836339,14,1
70240,4333,56.20164579912287,15,1
70254,4334,130.0201411049399,14,1
70268,4335,133.72691466507865,14,1
70282,4336,88.11544782567307,14,1
70296,4337,143.46101759950594,14,1
70310,4338,134.07133027566022,14,1
70324,4339,103.40601291913735,14,1
70338,4340,112.55152429199556,14,1
70353,4341,70.74632502417143,15,1
70367,4342,102.58959108090649,14,1
70382,4343,77.47653212843838,15,1
70396,4344,126.83547018199404,14,1
70412,4345,119.88533143187202,16,1
70426,4346,98.2570927283793,14,1
70440,4347,131.81676433606737,14,1
70454,4348,96.48176695221431,14,1
70468,4349,69.64611712218354,14,1
70482,4350,133.5267497940488,14,1
70496,4351,125.1756314862534,14,1
70510,4352,131.16364160162644,14,1
70524,4353,143.81507311059187,14,1
70538,4354,61.807825591935966,14,1
70553,4355,142.0513557053043,15,1
70567,4356,120.30028112228025,14,1
70581,4357,97.41771135781785,14,1
70595,4358,101.91271960166914,14,1
70609,4359,135.61260153398374,14,1
70623,4360,61.44963590305086,14,1
70637,4361,110.2521632584925,14,1
70651,4362,135.45515306197018,14,1
70665,4363,105.62633215928707,14,1
70679,4364,120.49791666148396,14,1
70693,4365,82.07529986328467,14,1
70707,4366,99.67604127179364,14,1
70747,4367,-24.45649619212291,40,0
70761,4368,113.97041540975302,14,1
70775,4369,15.778539100919376,14,1
70789,4370,84.3814130301501,14,1
70803,4371,119.59017290786164,14,1
70817,4372,134.2516955002021,14,1
70831,4373,9.805985773256774,14,1
70845,4374,128.6201083014879,14,1
70862,4375,87.13177807892353,17,1
70877,4376,129.3940823872613,15,1
70891,4377,132.98766710362892,14,1
70905,4378,141.67281840404894,14,1
70919,4379,102.43404226986324,14,1
70933,4380,99.61029279050699,14,1
70947,4381,109.12926854410054,14,1
70961,4382,53.7631989994487,14,1
70975,4383,143.90496241509138,14,1
70989,4384,110.31003075273523,14,1
71003,4385,128.40715355393877,14,1
71017,4386,128.31289103939693,14,1
71031,4387,109.04816661790193,14,1
71045,4388,133.38105086371067,14,1
71059,4389,90.79453043597972,14,1
71073,4390,104.14932674639094,14,1
71087,4391,110.86415795933262,14,1
71101,4392,107.84494334931824,14,1
71115,4393,71.17201724865018,14,1
71129,4394,120.7056485532108,14,1
71143,4395,107.48387430714637,14,1
71157,4396,113.05775721528174,14,1
71171,4397,133.29520330812622,14,1
71185,4398,126.52963667348989,14,1
71199,4399,110.41174241964343,14,1
71213,4400,130.79908350160403,14,1
71227,4401,115.04388602527892,14,1
71241,4402,133.9399154283527,14,1
71255,4403,128.0834518032914,14,1
71269,4404,134.3529843973318,14,1
71283,4405,86.65742839723178,14,1
71297,4406,81.44746386244121,14,1
71337,4407,-22.704955992463336,40,0
71351,4408,131.00608161835808,14,1
71365,4409,128.4383482838534,14,1
71379,4410,106.37908727442063,14,1
71393,4411,89.95855949178379,14,1
71407,4412,135.00173962243323,14,1
71421,4413,98.9007809244365,14,1
71435,4414,121.87498080246583,14,1
71449,4415,104.19593199546178,14,1
71463,4416,121.15325445662707,14,1
71478,4417,30.269148104764565,15,1
71492,4418,72.71110561938619,14,1
71506,4419,118.99194475955794,14,1
71520,4420,118.58108953225394,14,1
71534,4421,132.44767149241207,14,1
71548,4422,110.31211012447599,14,1
71562,4423,98.13599010481828,14,1
71576,4424,113.53103917172925,14,1
71590,4425,108.09393945865733,14,1
71604,4426,122.50055338858095,14,1
71618,4427,101.652403027247,14,1
71632,4428,123.09153180600049,14,1
71646,4429,118.98977007252589,14,1
71660,4430,101.41401208824072,14,1
71674,4431,129.82745329060526,14,1
71688,4432,94.13914346830032,14,1
71702,4433,82.23008445434209,14,1
71716,4434,132.70402188158727,14,1
71730,4435,77.14658328299117,14,1
71744,4436,83.36422377844538,14,1
71758,4437,143.4022326704664,14,1
71772,4438,91.8965962471752,14,1
71786,4439,93.94973550765842,14,1
71800,4440,144.0768927846278,14,1
71814,4441,97.6666889768748,14,1
71828,4442,111.36311537947941,14,1
71842,4443,80.04903140978365,14,1
71856,4444,139.7463718079561,14,1
71871,4445,44.928537353193434,15,1
71885,4446,124.65545330556785,14,1
71899,4447,132.70278714117245,14,1
71913,4448,131.12446057154304,14,1
71927,4449,59.93459835464212,14,1
71941,4450,76.31715830350394,14,1
71955,4451,83.16086881105899,14,1
71969,4452,115.43657522034825,14,1
71983,4453,131.85881139610365,14,1
71997,4454,94.9002976833861,14,1
72011,4455,83.05165578073155,14,1
72025,4456,70.57427568185426,14,1
72039,4457,122.71008581589874,14,1
72053,4458,92.89037042989054,14,1
72067,4459,28.473104663321127,14,1
72081,4460,141.7268974075364,14,1
72095,4461,142.6695411859123,14,1
72109,4462,121.3570059496291,14,1
72123,4463,112.46745348794319,14,1
72137,4464,122.87619976137894,14,1
72151,4465,114.02571927405921,14,1
72166,4466,115.08608446630231,15,1
72180,4467,110.15423355907357,14,1
72194,4468,62.16380299112593,14,1
72208,4469,89.11034119634397,14,1
72222,4470,126.18759358334817,14,1
72236,4471,109.74014991743108,14,1
72251,4472,62.565957009271735,15,1
72265,4473,126.88526756850315,14,1
72281,4474,18.30099301080717,16,1
72295,4475,127.08512372960216,14,1
72309,4476,120.5788368126003,14,1
72323,4477,130.5098367039916,14,1
72337,4478,109.76984902935145,14,1
72351,4479,83.24267795299912,14,1
72365,4480,105.01219068818253,14,1
72379,4481,118.39724089870035,14,1
72393,4482,115.49044498444545,14,1
72407,4483,51.63346478792802,14,1
72421,4484,46.972341428601155,14,1
72435,4485,95.68985236224862,14,1
72449,4486,82.76209267619024,14,1
72463,4487,144.17471752101892,14,1
72477,4488,87.06725116241212,14,1
72491,4489,124.77366602999749,14,1
72505,4490,101.97083181375747,14,1
72519,4491,142.67286190676262,14,1
72533,4492,81.96964155896245,14,1
72547,4493,103.24602124128732,14,1
72561,4494,101.39763902252011,14,1
72601,4495,-21.104931854678284,40,0
72615,4496,141.05674381152278,14,1
72629,4497,135.651502091249,14,1
72669,4498,-22.951016676909227,40,0
72683,4499,142.37299041371634,14,1
72697,4500,86.05501786932187,14,1
72711,4501,131.9332858755568,14,1
72725,4502,142.3850203537536,14,1
72765,4503,-23.052660666569004,40,0
72779,4504,121.91688864523508,14,1
72793,4505,132.8450657544649,14,1
72807,4506,77.4576928700998,14,1
72821,4507,102.2685689497242,14,1
72835,4508,135.49050028713484,14,1
72849,4509,141.8002652586937,14,1
72863,4510,130.01198482096402,14,1
72877,4511,131.65978858363653,14,1
72891,4512,122.49442951029033,14,1
72905,4513,82.70215568463723,14,1
72919,4514,108.75648922979205,14,1
72933,4515,129.8825644109195,14,1
72947,4516,139.92257127903636,14,1
72961,4517,141.60125114608704,14,1
72975,4518,114.1025516080753,14,1
72989,4519,94.4574997937781,14,1
73003,4520,95.40150661652555,14,1
73017,4521,123.75809949932203,14,1
73031,4522,61.24986299011504,14,1
73045,4523,143.85025109296225,14,1
73059,4524,135.18092202166642,14,1
73073,4525,120.63794303821184,14,1
73087,4526,71.08417694903676,14,1
73101,4527,135.06032785946218,14,1
73115,4528,107.23531775253602,14,1
73129,4529,124.74145815261019,14,1
73143,4530,126.18781079160318,14,1
73157,4531,123.4478730294607,14,1
73171,4532,133.79812768103443,14,1
73185,4533,101.71205843617285,14,1
73199,4534,142.0468730073447,14,1
73213,4535,93.208842024678,14,1
73227,4536,121.92673457410584,14,1
73241,4537,125.80399098561486,14,1
73255,4538,112.40449715906003,14,1
73269,4539,143.9724773200141,14,1
73283,4540,120.73676483090355,14,1
73297,4541,135.7656142808645,14,1
73311,4542,120.25875235938275,14,1
73325,4543,129.11389838563852,14,1
73339,4544,109.8276404515933,14,1
73353,4545,132.93222722125353,14,1
73367,4546,124.77440838591579,14,1
73381,4547,115.10348507276814,14,1
73395,4548,89.44391731897097,14,1
73409,4549,107.24232847374277,14,1
73423,4550,127.78261604593507,14,1
73437,4551,98.651686071947,14,1
73451,4552,128.6481027027883,14,1
73467,4553,130.16976619041674,16,1
73481,4554,104.20015924146475,14,1
73495,4555,140.59232728373567,14,1
73510,4556,121.20497292932592,15,1
73524,4557,144.11375999817804,14,1
73544,4558,131.43093847870117,20,1
73558,4559,84.9163442524305,14,1
73572,4560,132.19190508533856,14,1
73586,4561,111.21899478592911,14,1
73600,4562,135.9349198436453,14,1
73618,4563,124.68003818483943,18,1
73632,4564,129.94900041501566,14,1
73646,4565,109.04932107935852,14,1
73660,4566,130.4461873106199,14,1
73674,4567,126.1158674566692,14,1
73688,4568,141.6049460668341,14,1
73702,4569,123.74156716712194,14,1
73716,4570,111.6139063784843,14,1
73730,4571,107.41774193959942,14,1
73744,4572,100.10995462594789,14,1
73784,4573,-22.84868079798085,40,0
73798,4574,124.87390789643564,14,1
73812,4575,143.40145682920536,14,1
73826,4576,81.13112257789592,14,1
73840,4577,134.77812163967917,14,1
73854,4578,119.70387575094422,14,1
73868,4579,94.58311405519136,14,1
73882,4580,141.59481871163936,14,1
73896,4581,143.54782720676158,14,1
73910,4582,143.04089397650688,14,1
73924,4583,136.38173326109768,14,1
73938,4584,103.69598163336089,14,1
73952,4585,121.07571747317769,14,1
73966,4586,124.89088413098526,14,1
74006,4587,-21.357936906013762,40,0
74046,4588,-22.4729155133321,40,0
74060,4589,126.3030604040392,14,1
74074,4590,142.03412795240624,14,1
74088,4591,123.22971565306581,14,1
74102,4592,141.89581377471808,14,1
74116,4593,134.00083589690993,14,1
74130,4594,132.90070011190033,14,1
74144,4595,126.38767868622256,14,1
74158,4596,126.09340548554765,14,1
74172,4597,142.15798561873967,14,1
74186,4598,133.5806831773071,14,1
74200,4599,109.71997508841802,14,1
74216,4600,94.89996855442945,16,1
74230,4601,143.51827675604787,14,1
74270,4602,-23.751179024490433,40,0
74284,4603,83.68485623825424,14,1
74298,4604,103.80648862120057,14,1
74312,4605,107.31448277023948,14,1
74326,4606,128.04970311054302,14,1
74340,4607,121.79359407155738,14,1
74354,4608,125.56516469339448,14,1
74368,4609,102.46013714835028,14,1
74382,4610,130.38262554270582,14,1
74396,4611,105.14192872601095,14,1
74410,4612,109.310908325223,14,1
74424,4613,142.451587531894,14,1
74438,4614,134.84399684604398,14,1
74457,4615,103.60439487255651,19,1
74471,4616,122.53360945805743,14,1
74485,4617,110.66505191757228,14,1
74499,4618,130.18063527643008,14,1
74513,4619,80.04109860465658,14,1
74527,4620,118.68739603582722,14,1
74541,4621,123.4793635398626,14,1
74556,4622,93.45674512140113,15,1
74570,4623,85.77624955068995,14,1
74610,4624,-22.565404576136338,40,0
74650,4625,-23.697703316651523,40,0
74664,4626,120.70645461851554,14,1
74678,4627,128.43517497697212,14,1
74692,4628,86.40534468955929,14,1
74706,4629,121.32247731321532,14,1
74722,4630,103.95851120896602,16,1
74736,4631,112.33979491656717,14,1
74776,4632,-23.110592922966404,40,0
74790,4633,133.79792076625074,14,1
74805,4634,111.46914509975296,15,1
74827,4635,126.57681775204135,22,1
74841,4636,122.43220557731466,14,1
74855,4637,109.3517768460263,14,1
74869,4638,133.78051463991616,14,1
74883,4639,105.96161718068127,14,1
74897,4640,131.47866907502606,14,1
74923,4641,141.818735027955,26,1
74937,4642,134.25898110082844,14,1
74951,4643,143.1862454979255,14,1
74965,4644,132.1001034641667,14,1
74979,4645,129.17996338520229,14,1
74993,4646,142.5554699536075,14,1
75007,4647,120.91277127040253,14,1
75024,4648,114.5959081534089,17,1
75038,4649,125.98077555777903,14,1
75052,4650,129.45495811203207,14,1
75066,4651,123.83299934759663,14,1
75080,4652,126.56688230692122,14,1
75094,4653,122.37230704930688,14,1
75108,4654,128.08121431503898,14,1
75122,4655,143.09533158679216,14,1
75136,4656,135.8321502205904,14,1
75150,4657,120.84778767543285,14,1
75164,4658,52.36028174909217,14,1
75178,4659,97.4736588000042,14,1
75192,4660,126.95045666970732,14,1
75206,4661,133.98162714029905,14,1
75220,4662,107.01766887194255,14,1
75235,4663,95.4908974422601,15,1
75249,4664,105.93278021619888,14,1
75263,4665,113.65680120519147,14,1
75277,4666,111.99538651392061,14,1
75317,4667,-21.746805568254032,40,0
75331,4668,129.12216940612333,14,1
75345,4669,121.20816051182155,14,1
75359,4670,143.23613282888246,14,1
75373,4671,119.22323686870922,14,1
75387,4672,125.77432775492848,14,1
75401,4673,131.8222833109174,14,1
75415,4674,121.47777740123425,14,1
75429,4675,129.0273519119352,14,1
75443,4676,112.14767313728109,14,1
75459,4677,86.28107937414126,16,1
75473,4678,127.96904768298991,14,1
75513,4679,-23.512287898241752,40,0
75527,4680,125.07617183191401,14,1
75541,4681,128.24414583977776,14,1
75555,4682,141.48910340650184,14,1
75569,4683,129.9553898107823,14,1
75583,4684,141.50657911932757,14,1
75597,4685,135.9890003100311,14,1
75611,4686,132.92859167383878,14,1
75625,4687,128.81671959654508,14,1
75639,4688,130.14400800259105,14,1
75653,4689,99.40696655218979,14,1
75667,4690,142.46036756545166,14,1
75681,4691,119.92151108952235,14,1
75695,4692,126.34065118050027,14,1
75710,4693,121.38735627074826,15,1
75724,4694,125.4286724087757,14,1
75738,4695,135.52509774822803,14,1
75752,4696,86.40710166644178,14,1
75767,4697,92.35864104514519,15,1
75781,4698,93.7471694704043,14,1
75795,4699,113.94931240596064,14,1
75809,4700,126.29566614218314,14,1
75823,4701,128.74207930131172,14,1
75837,4702,113.41849049203432,14,1
75851,4703,95.32237183158405,14,1
75865,4704,87.0322932249967,14,1
75879,4705,142.75870779905188,14,1
75893,4706,143.86918062138784,14,1
75907,4707,90.3231442201267,14,1
75921,4708,109.51237163736403,14,1
75935,4709,98.91936803979091,14,1
75949,4710,135.71480628488126,14,1
75963,4711,130.74436950330167,14,1
75977,4712,143.33684653646844,14,1
75991,4713,123.91892488470486,14,1
76005,4714,124.30656154968214,14,1
76019,4715,130.0820835462494,14,1
76033,4716,92.98117189233311,14,1
76047,4717,132.07216774719737,14,1
76061,4718,112.32646104364989,14,1
76075,4719,105.68192380559826,14,1
76089,4720,125.96910293478514,14,1
76103,4721,143.46481844208375,14,1
76117,4722,130.31952513125233,14,1
76131,4723,135.59159703391268,14,1
76145,4724,113.63894797329573,14,1
76159,4725,128.25292734397382,14,1
76173,4726,48.344207924203886,14,1
76187,4727,84.02463409045028,14,1
76201,4728,131.8197399802718,14,1
76215,4729,122.23186599723768,14,1
76229,4730,134.81459822909557,14,1
76243,4731,143.07171682422893,14,1
76257,4732,107.32611014874232,14,1
76271,4733,87.52611349966233,14,1
76285,4734,95.41827515351407,14,1
76299,4735,118.55852181010775,14,1
76313,4736,86.7460492663265,14,1
76333,4737,72.47331236088816,20,1
76347,4738,125.4858885347491,14,1
76361,4739,130.36631725702168,14,1
76375,4740,110.92521027630454,14,1
76389,4741,142.8938076744607,14,1
76403,4742,115.06763723059481,14,1
76417,4743,144.2437127043138,14,1
76431,4744,111.57873192890054,14,1
76445,4745,131.62437302056446,14,1
76459,4746,144.12180104505796,14,1
76473,4747,105.83469823892658,14,1
76487,4748,127.92144874034976,14,1
76501,4749,124.98835996390909,14,1
76516,4750,144.00436453714957,15,1
76530,4751,101.86353319696715,14,1
76544,4752,142.9009440222358,14,1
76558,4753,142.96291186480406,14,1
76572,4754,106.66026829797904,14,1
76586,4755,134.7830493466819,14,1
76600,4756,123.83567531031359,14,1
76614,4757,97.79861207916187,14,1
76628,4758,107.00633708203118,14,1
76642,4759,133.0740530149863,14,1
76656,4760,93.75264153480498,14,1
76670,4761,109.94808790255414,14,1
76684,4762,141.62896812271785,14,1
76703,4763,136.10941004514615,19,1
76717,4764,135.6881307242305,14,1
76731,4765,91.40302398126713,14,1
76745,4766,104.63848872639474,14,1
76760,4767,106.97988829660103,15,1
76774,4768,127.80802050496519,14,1
76788,4769,123.1693246361717,14,1
76802,4770,125.78452190861336,14,1
76816,4771,108.63342515238462,14,1
76830,4772,103.29499192788158,14,1
76844,4773,112.77641251355935,14,1
76861,4774,89.35607321015125,17,1
76875,4775,135.2647462408522,14,1
76889,4776,128.65514996634784,14,1
76903,4777,133.57840154366443,14,1
76917,4778,128.4217067725141,14,1
76931,4779,143.3365628326269,14,1
76945,4780,108.72259069183417,14,1
76959,4781,122.11509349176116,14,1
76974,4782,125.96978781310423,15,1
76990,4783,112.6691532876483,16,1
77004,4784,128.96799032535657,14,1
77018,4785,129.01079146197273,14,1
77032,4786,119.35444132518856,14,1
77046,4787,109.2036883459522,14,1
77060,4788,94.18539788564242,14,1
77074,4789,96.84017516019853,14,1
77088,4790,123.26570741043798,14,1
77105,4791,99.80543845749133,17,1
77121,4792,128.57638084054756,16,1
77138,4793,119.4247558235335,17,1
77152,4794,123.44127393169886,14,1
77166,4795,102.11612261599957,14,1
77180,4796,99.156916379824,14,1
77196,4797,126.64377480161258,16,1
77210,4798,135.35344756272582,14,1
77224,4799,105.39264392706195,14,1
77238,4800,73.25954683308359,14,1
77253,4801,120.1360512270183,15,1
77267,4802,143.74929226410973,14,1
77281,4803,120.17025483109524,14,1
77295,4804,105.42323446105871,14,1
77309,4805,109.7343906573198,14,1
77323,4806,112.00192200860961,14,1
77340,4807,104.30178509134264,17,1
77355,4808,131.103891540348,15,1
77370,4809,128.84164165074841,15,1
77384,4810,121.62075038552021,14,1
77398,4811,141.86456949517188,14,1
77412,4812,121.32639854084647,14,1
77428,4813,107.19728977146013,16,1
77442,4814,142.43763749889018,14,1
77456,4815,135.52990983970648,14,1
77471,4816,93.88075427326052,15,1
77485,4817,135.80513963450238,14,1
77499,4818,126.91238516471482,14,1
77513,4819,143.79315110664623,14,1
77527,4820,114.4506777323085,14,1
77541,4821,94.1553603882616,14,1
77555,4822,132.96996496706876,14,1
77569,4823,103.34414424508883,14,1
77584,4824,127.95573003547943,15,1
77598,4825,112.09863723357577,14,1
77612,4826,128.15378623143044,14,1
77626,4827,121.5536953055383,14,1
77640,4828,123.75785871810031,14,1
77654,4829,110.30833100287722,14,1
77668,4830,119.26275404361111,14,1
77682,4831,107.58972141682536,14,1
77696,4832,125.48582063846787,14,1
77710,4833,107.79717996840841,14,1
77724,4834,110.55366624002616,14,1
77739,4835,68.81647187139205,15,1
77753,4836,97.24440281374278,14,1
77767,4837,120.10358222993293,14,1
77781,4838,109.38792756712454,14,1
77795,4839,119.14136195188453,14,1
77811,4840,135.1670013463235,16,1
77825,4841,112.5569358379807,14,1
77839,4842,113.17434643571166,14,1
77853,4843,73.91753725588237,14,1
77867,4844,111.541584066045,14,1
77907,4845,-23.482061158159983,40,0
77921,4846,107.62584402059626,14,1
77937,4847,113.13685957120394,16,1
77951,4848,111.39201124454306,14,1
77967,4849,129.26612912424304,16,1
77981,4850,142.74563046393894,14,1
77997,4851,129.63209983081936,16,1
78011,4852,130.15680043171872,14,1
78025,4853,142.52920273649963,14,1
78039,4854,109.53034243403137,14,1
78055,4855,49.446839486038265,16,1
78095,4856,-23.69092239786864,40,0
78111,4857,123.1275346540676,16,1
78125,4858,133.8691853048078,14,1
78139,4859,88.43885371202424,14,1
78153,4860,66.44923159150144,14,1
78167,4861,101.74825679624632,14,1
78181,4862,79.0010863766138,14,1
78197,4863,50.44884414724814,16,1
78211,4864,87.84555234845384,14,1
78225,4865,129.95406659216047,14,1
78240,4866,124.99664655246164,15,1
78254,4867,70.69770903096585,14,1
78268,4868,97.29274843717025,14,1
78282,4869,127.94824091917378,14,1
78297,4870,119.78002540762289,15,1
78311,4871,131.11420127871875,14,1
78325,4872,119.53102282122339,14,1
78339,4873,77.75972418396202,14,1
78353,4874,110.48381415662499,14,1
78367,4875,123.71030246288547,14,1
78381,4876,134.3757528556236,14,1
78396,4877,115.91180757062976,15,1
78410,4878,69.99378292389598,14,1
78424,4879,94.40001667197672,14,1
78438,4880,45.197856595645426,14,1
78452,4881,68.07844041452555,14,1
78466,4882,58.9400214910345,14,1
78482,4883,68.23505025156753,16,1
78498,4884,114.3172146993141,16,1
78512,4885,125.64567979812891,14,1
78526,4886,100.86348645150214,14,1
78540,4887,100.1740797168697,14,1
78556,4888,108.75735633679086,16,1
78575,4889,123.95145032604138,19,1
78591,4890,107.41898749586028,16,1
78605,4891,119.93086238162161,14,1
78619,4892,94.13932207160332,14,1
78633,4893,97.03209128883569,14,1
78649,4894,105.8585473066328,16,1
78663,4895,82.71324608656835,14,1
78677,4896,102.0389961456318,14,1
78691,4897,57.838268075602834,14,1
78705,4898,101.00231282378425,14,1
78720,4899,109.92668869754856,15,1
78737,4900,124.0447516499547,17,1
78751,4901,80.19473892128316,14,1
78765,4902,107.83239848325444,14,1
78780,4903,90.19149378374918,15,1
78796,4904,58.380728509874736,16,1
78810,4905,44.0947590473835,14,1
78824,4906,58.867161745827694,14,1
78864,4907,-22.33973430548633,40,0
78878,4908,70.0532123298253,14,1
78918,4909,-20.986450191665448,40,0
78932,4910,65.06759921228561,14,1
78946,4911,101.93126347737106,14,1
78962,4912,82.19612098141016,16,1
78976,4913,78.38062377455606,14,1
79016,4914,-22.20829969826179,40,0
79032,4915,57.25528586407093,16,1
79047,4916,63.81056717020784,15,1
79087,4917,-21.565869896647058,40,0
79127,4918,-21.540621223263393,40,0
79141,4919,43.958287931022866,14,1
79156,4920,77.71203867171515,15,1
79170,4921,100.21392719849666,14,1
79210,4922,-21.345838162125617,40,0
79224,4923,50.90453594418015,14,1
79264,4924,-21.16025015854478,40,0
79304,4925,-21.828621617650523,40,0
79344,4926,-21.205544652439695,40,0
79384,4927,-21.075924632544005,40,0
79424,4928,-21.409727598592475,40,0
79464,4929,-21.497142087206374,40,0
79504,4930,-21.242368117180717,40,0
79544,4931,-21.62390864964498,40,0
79584,4932,-21.29566505980248,40,0
79624,4933,-21.190923929125585,40,0
79664,4934,-21.228339285691018,40,0
79704,4935,-21.352983196465093,40,0
79744,4936,-21.32321225729788,40,0
79784,4937,-21.093770833229353,40,0
79824,4938,-21.51481511183269,40,0
79864,4939,-21.87882093014422,40,0
79904,4940,-21.464640044194358,40,0
79944,4941,-21.321370552567156,40,0
79984,4942,-21.067439976001005,40,0
80024,4943,-21.454037000876404,40,0
80064,4944,-21.23939489945792,40,0
80104,4945,-21.2107562164516,40,0
80144,4946,-21.479142886069553,40,0
80184,4947,-21.527328229525665,40,0
80198,4948,103.02812931563173,14,1
80238,4949,-21.907127957043972,40,0
80278,4950,-21.99601744840836,40,0
80318,4951,-21.455576366365527,40,0
80337,4952,19.89303426934431,19,1
80352,4953,111.51952939569472,15,1
80392,4954,-21.700022859819114,40,0
80432,4955,-20.82366995532174,40,0
80472,4956,-20.890286330793796,40,0
80512,4957,-21.136248390753664,40,0
80552,4958,-20.902647349429248,40,0
80569,4959,95.6973752559147,17,1
80609,4960,-21.40917207361889,40,0
80625,4961,92.58278307003035,16,1
80640,4962,95.65184790211126,15,1
80657,4963,92.56688138406261,17,1
80671,4964,122.34437414714122,14,1
80685,4965,123.07198407183304,14,1
80706,4966,65.89048856300631,21,1
80746,4967,-20.86024320856927,40,0
80761,4968,112.5917351160677,15,1
80775,4969,97.00288802074944,14,1
80815,4970,-20.90498176892554,40,0
80832,4971,119.77951650289505,17,1
80846,4972,118.57452065738003,14,1
80860,4973,130.2405267761224,14,1
80876,4974,102.98013531816663,16,1
80891,4975,83.08301482264989,15,1
80907,4976,100.23308466992398,16,1
80947,4977,-20.738723346860688,40,0
80987,4978,-20.81211036746331,40,0
81027,4979,-20.735885950031168,40,0
81041,4980,114.03967556276557,14,1
81057,4981,86.2882328990209,16,1
81097,4982,-20.99781648524018,40,0
81111,4983,119.59456381709329,14,1
81125,4984,107.23748073187068,14,1
81165,4985,-21.051696327709834,40,0
81179,4986,108.82278430328707,14,1
81193,4987,107.87384258802399,14,1
81233,4988,-20.844324943212275,40,0
81273,4989,-21.124507690856813,40,0
81313,4990,-21.310389792237263,40,0
81353,4991,-22.625234113780166,40,0
81367,4992,115.48116593707802,14,1
81407,4993,-20.91652889118567,40,0
81421,4994,141.24156431935177,14,1
81435,4995,143.17082466889792,14,1
81475,4996,-21.109196379092868,40,0
81489,4997,105.83350734760347,14,1
81529,4998,-23.01655557706511,40,0
81543,4999,132.30504318891582,14,1
81583,5000,-20.86193171687572,40,0
81600,5001,100.27794703138008,17,1
81615,5002,117.86769303099267,15,1
81655,5003,-20.955542486484685,40,0
81671,5004,47.83422326635131,16,1
81711,5005,-21.173863215857168,40,0
81725,5006,129.36763180836755,14,1
81748,5007,134.93097134622622,23,1
81788,5008,-21.48917965202304,40,0
81828,5009,-21.034139949622308,40,0
81868,5010,-20.90150585927509,40,0
81908,5011,-20.807282657501116,40,0
81948,5012,-20.826562091531432,40,0
81988,5013,-20.967188698296837,40,0
82028,5014,-21.128157726019097,40,0
82068,5015,-22.570699466679052,40,0
82108,5016,-21.200793744558744,40,0
82148,5017,-20.812611799221227,40,0
82188,5018,-20.904171876876365,40,0
82228,5019,-20.7023655447772,40,0
82268,5020,-20.80998300638989,40,0
82308,5021,-21.426473862708537,40,0
82348,5022,-20.945128517896375,40,0
82388,5023,-22.80658911898579,40,0
82428,5024,-21.866922995213617,40,0
82468,5025,-21.11878196023894,40,0
82508,5026,-21.153904050864544,40,0
82548,5027,-24.321045989723203,40,0
82588,5028,-21.138378287793604,40,0
82628,5029,-21.586910208495585,40,0
82660,5030,36.19382284218721,32,1
82700,5031,-20.8200300981996,40,0
82740,5032,-21.627180699325105,40,0
82762,5033,-2.628621411376202,22,1
82802,5034,-21.161068133527714,40,0
82842,5035,-21.57560102798576,40,0
82870,5036,-0.11026055649019895,28,1
82910,5037,-25.090445394377415,40,0
82950,5038,-21.098945317085,40,0
82990,5039,-21.095197720910356,40,0
83008,5040,-5.745273832466944,18,1
83024,5041,-6.146742496946829,16,1
83062,5042,14.663711025322284,38,1
83102,5043,-21.382339193793324,40,0
83142,5044,-21.643277417689724,40,0
83160,5045,-5.112990579804713,18,1
83200,5046,-21.82726406642553,40,0
83240,5047,-21.622455803310128,40,0
83261,5048,-7.776567988214401,21,1
83301,5049,-21.96664935536814,40,0
83341,5050,-22.303667947809583,40,0
83381,5051,-21.49389326386234,40,0
83411,5052,-9.252709666680477,30,1
83451,5053,-22.710095842200246,40,0
83491,5054,-22.116494469661365,40,0
83531,5055,-22.850750697521725,40,0
83571,5056,-21.337076325513127,40,0
83611,5057,-21.492290931352603,40,0
83651,5058,-22.05295688698137,40,0
83691,5059,-22.644260345370597,40,0
83731,5060,-21.82788013106989,40,0
83771,5061,-21.50144367582744,40,0
83811,5062,-21.236082929015044,40,0
83851,5063,-21.804132405154427,40,0
83891,5064,-21.556611161341735,40,0
83931,5065,-21.61692055892107,40,0
83971,5066,-22.097106782954775,40,0
84011,5067,-21.80794505920662,40,0
84051,5068,-22.281211655604395,40,0
84091,5069,-21.976116065790325,40,0
84131,5070,-22.732162205186814,40,0
84171,5071,-22.424941799322344,40,0
84211,5072,-21.788788969709557,40,0
84251,5073,-21.405393943436458,40,0
84291,5074,-22.72416478137283,40,0
84331,5075,-22.043874022413032,40,0
84371,5076,-22.512367553520956,40,0
84411,5077,-22.42398491258526,40,0
84451,5078,-22.209761318168365,40,0
84491,5079,-23.04950941809448,40,0
84531,5080,-22.383852336817025,40,0
84571,5081,-22.303200000258652,40,0
84611,5082,-22.59718402030201,40,0
84651,5083,-22.675877187962655,40,0
84691,5084,-22.512824594098944,40,0
84731,5085,-22.67487531507497,40,0
84771,5086,-21.262242379808253,40,0
84811,5087,-24.237452791737617,40,0
84851,5088,-21.9399421719913,40,0
84891,5089,-23.014837652863484,40,0
84931,5090,-21.73638977924427,40,0
84971,5091,-21.89471188743344,40,0
85011,5092,-22.087308980391466,40,0
85051,5093,-22.233932489290734,40,0
85091,5094,-20.989491347158186,40,0
85131,5095,-21.82630785179005,40,0
85171,5096,-21.608499316262698,40,0
85211,5097,-22.347030488644904,40,0
85251,5098,-21.81093676753643,40,0
85291,5099,-21.993100334000207,40,0
85305,5100,29.215718135546368,14,1
85345,5101,-21.424197381994126,40,0
85385,5102,-21.07047741038224,40,0
85425,5103,-21.139624787085555,40,0
85465,5104,-21.034347930197274,40,0
85505,5105,-21.070710011641893,40,0
85545,5106,-20.917137340351605,40,0
85585,5107,-20.927254325908006,40,0
85625,5108,-20.858269471109132,40,0
85665,5109,-21.08933879679578,40,0
85705,5110,-21.032080823938198,40,0
85745,5111,-21.015795728866888,40,0
85785,5112,-20.766990460013414,40,0
85825,5113,-20.699598702412864,40,0
85865,5114,-20.766776176718444,40,0
85905,5115,-20.710914057700105,40,0
85945,5116,-20.557534477338194,40,0
85985,5117,-20.91657327997634,40,0
86025,5118,-20.70286514552506,40,0
86065,5119,-20.653803627044347,40,0
86105,5120,-20.717120262183226,40,0
86119,5121,132.0037442840785,14,1
86159,5122,-20.57370166512671,40,0
86199,5123,-20.672725847137176,40,0
86213,5124,129.54167076766782,14,1
86227,5125,141.48516253594318,14,1
86241,5126,134.036449602212,14,1
86255,5127,141.52988865892934,14,1
86269,5128,130.04258520809532,14,1
86283,5129,134.58157658699,14,1
86323,5130,-20.587566646876578,40,0
86337,5131,112.88042921067274,14,1
86351,5132,140.96965963563656,14,1
86365,5133,124.55102312400086,14,1
86379,5134,135.2936804479732,14,1
86393,5135,132.87133593564099,14,1
86407,5136,120.67382273338501,14,1
86421,5137,125.91217955319851,14,1
86435,5138,103.40480320352347,14,1
86449,5139,107.97060271451491,14,1
86463,5140,143.30982529797052,14,1
86477,5141,100.32061820072293,14,1
86491,5142,126.31271246555565,14,1
86531,5143,-20.664814724499347,40,0
86545,5144,103.90274006574144,14,1
86559,5145,58.62323480896322,14,1
86573,5146,125.85658089103069,14,1
86613,5147,-20.587166749528087,40,0
86627,5148,97.51787986716107,14,1
86641,5149,107.25979664924395,14,1
86655,5150,142.9936144600107,14,1
86669,5151,130.01426298775826,14,1
86683,5152,110.19767223514522,14,1
86697,5153,133.44220862998574,14,1
86711,5154,141.20162273623342,14,1
86725,5155,130.78209936255422,14,1
86739,5156,128.45797672867474,14,1
86753,5157,128.7406152747435,14,1
86767,5158,132.6725735704019,14,1
86781,5159,124.44413250571293,14,1
86795,5160,83.57834888103217,14,1
86809,5161,128.62092426568998,14,1
86823,5162,144.06845749278088,14,1
86837,5163,104.70599073173913,14,1
86851,5164,130.0631924864567,14,1
86865,5165,131.17475430446882,14,1
86879,5166,93.6549455039566,14,1
86893,5167,135.95972618395987,14,1
86907,5168,105.8906637942328,14,1
86921,5169,101.5243971611557,14,1
86935,5170,141.6020404299265,14,1
86949,5171,113.14588768312503,14,1
86963,5172,125.64918386769088,14,1
86977,5173,123.77678704681054,14,1
86991,5174,119.03534223332898,14,1
87005,5175,100.70190666863276,14,1
87019,5176,134.50778345115629,14,1
87033,5177,141.38894448663143,14,1
87047,5178,141.1431835173927,14,1
87061,5179,134.6680501846692,14,1
87075,5180,134.63175173643052,14,1
87089,5181,134.4743368134819,14,1
87103,5182,127.3562329831313,14,1
87117,5183,127.8913815411183,14,1
87131,5184,129.96354743284107,14,1
87145,5185,108.63215038224253,14,1
87159,5186,114.9405514556614,14,1
87173,5187,111.20716167788427,14,1
87187,5188,122.81723522708553,14,1
87201,5189,133.63278896745513,14,1
87215,5190,109.2726459442118,14,1
87229,5191,133.5094829744396,14,1
87243,5192,126.31031546922114,14,1
87257,5193,115.40087563494939,14,1
87271,5194,141.709784935963,14,1
87285,5195,128.66557996149567,14,1
87299,5196,107.26986297063907,14,1
87313,5197,132.5859206038297,14,1
87327,5198,129.76728003680464,14,1
87341,5199,126.69841635912552,14,1
87355,5200,141.6473011087131,14,1
87369,5201,133.33720834327872,14,1
87383,5202,134.99188637244896,14,1
87397,5203,128.38411708218948,14,1
87411,5204,143.21935899827818,14,1
87425,5205,143.5458492989869,14,1
87439,5206,126.78403712703636,14,1
87453,5207,111.69590894808248,14,1
87467,5208,122.31563842026961,14,1
87481,5209,124.09947315263537,14,1
87499,5210,143.82758761627508,18,1
87513,5211,110.80227109280395,14,1
87527,5212,143.62378194785992,14,1
87541,5213,131.2797454959785,14,1
87555,5214,141.8532355366058,14,1
87569,5215,131.25465087042886,14,1
87583,5216,142.89684315625053,14,1
87597,5217,129.99381991662952,14,1
87611,5218,127.83974704197333,14,1
87625,5219,143.77040723422797,14,1
87639,5220,110.29852166072568,14,1
87653,5221,128.21495071979155,14,1
87667,5222,141.35546103631626,14,1
87681,5223,136.28882167126207,14,1
87695,5224,109.50572997969253,14,1
87709,5225,135.41331412426365,14,1
87723,5226,114.88953309999616,14,1
87737,5227,140.9012335634615,14,1
87751,5228,143.99367282012216,14,1
87765,5229,140.03821281638648,14,1
87779,5230,144.2787248417014,14,1
87793,5231,141.78169675322266,14,1
87807,5232,130.10923550235202,14,1
87821,5233,119.059455735514,14,1
87835,5234,128.1621219041657,14,1
87849,5235,130.16371057921296,14,1
87863,5236,136.00929766793433,14,1
87877,5237,127.61279481036469,14,1
87891,5238,125.29731870563519,14,1
87905,5239,129.32195350461015,14,1
87919,5240,132.81602740708394,14,1
87933,5241,121.27521082625552,14,1
87947,5242,120.86728147417732,14,1
87961,5243,105.17786079663131,14,1
87975,5244,141.72998569200837,14,1
87989,5245,125.93849806466719,14,1
88003,5246,120.07250423181723,14,1
88017,5247,134.13126453721446,14,1
88031,5248,120.9988389743386,14,1
88045,5249,132.4119106454119,14,1
88059,5250,131.58216053961297,14,1
88073,5251,133.91399762842838,14,1
88087,5252,128.23152679568668,14,1
88101,5253,120.64370437837287,14,1
88115,5254,113.66501767877168,14,1
88129,5255,127.84402751266143,14,1
88143,5256,118.82777654203059,14,1
88157,5257,120.45310200179999,14,1
88171,5258,115.30767098247482,14,1
88185,5259,142.60253673133056,14,1
88199,5260,143.36578818319916,14,1
88213,5261,141.62676761196562,14,1
88227,5262,127.27780648592595,14,1
88241,5263,142.0564296219279,14,1
88255,5264,141.49624899669044,14,1
88269,5265,129.12256559628278,14,1
88283,5266,133.7512992007552,14,1
88298,5267,142.6588370374123,15,1
88312,5268,110.93484484663202,14,1
88326,5269,113.81450288762109,14,1
88340,5270,128.60568011583572,14,1
88354,5271,100.30314432021646,14,1
88369,5272,135.67195666007947,15,1
88384,5273,130.67591584156247,15,1
88398,5274,112.03047765176233,14,1
88412,5275,132.12062107872822,14,1
88426,5276,129.11393555839598,14,1
88440,5277,126.51335877378382,14,1
88454,5278,141.64940346865512,14,1
88468,5279,142.61678211191924,14,1
88482,5280,131.8331521461671,14,1
88496,5281,142.00731417673944,14,1
88510,5282,127.32197695765313,14,1
88524,5283,134.5709407008202,14,1
88538,5284,129.3802202229932,14,1
88552,5285,135.537594999379,14,1
88566,5286,129.7443129200777,14,1
88580,5287,130.00737165546477,14,1
88594,5288,143.9542554317223,14,1
88608,5289,131.02549481166932,14,1
88622,5290,123.74387397859054,14,1
88636,5291,125.00132386128801,14,1
88650,5292,140.71312917919946,14,1
88664,5293,144.46039499035436,14,1
88678,5294,108.06763479881738,14,1
88692,5295,134.26917340756026,14,1
88706,5296,131.37858719012775,14,1
88720,5297,141.80129396069685,14,1
88734,5298,128.60844687876795,14,1
88748,5299,135.76645067386673,14,1
88762,5300,134.2598908390333,14,1
88776,5301,104.48345002079283,14,1
88790,5302,94.32016425507685,14,1
88804,5303,130.23271995350615,14,1
88818,5304,128.10738886986002,14,1
88832,5305,144.69972009500546,14,1
88846,5306,141.9030635305773,14,1
88860,5307,134.85722747910012,14,1
88874,5308,134.40041809194662,14,1
88888,5309,128.3121749003474,14,1
88902,5310,134.07725485266593,14,1
88916,5311,126.0806336064906,14,1
88930,5312,111.15787071730898,14,1
88944,5313,110.92736296898497,14,1
88958,5314,128.60357237040455,14,1
88972,5315,130.3645838612756,14,1
88986,5316,134.14869165116087,14,1
89000,5317,142.01465910675213,14,1
89014,5318,144.18821954110848,14,1
89028,5319,118.21549018027146,14,1
89042,5320,133.29987898925833,14,1
89056,5321,125.06950213612278,14,1
89070,5322,124.3079907848804,14,1
89084,5323,125.25447604662412,14,1
89098,5324,132.99698883100777,14,1
89112,5325,132.1256492442958,14,1
89126,5326,121.8449147465227,14,1
89142,5327,114.14144114558667,16,1
89156,5328,109.78029897666096,14,1
89170,5329,142.04106021675565,14,1
89184,5330,142.65170357046273,14,1
89198,5331,132.9716507699712,14,1
89212,5332,133.3108419939199,14,1
89226,5333,131.41585403368643,14,1
89240,5334,135.45990244339833,14,1
89254,5335,123.74376314373369,14,1
89268,5336,127.39314528589945,14,1
89282,5337,127.68649752581982,14,1
89296,5338,142.93246726051947,14,1
89310,5339,143.50483545736247,14,1
89324,5340,123.97013398665709,14,1
89338,5341,144.18352483292605,14,1
89352,5342,143.7268006099858,14,1
89366,5343,143.7893840078167,14,1
89380,5344,144.01768631156344,14,1
89394,5345,141.59381035498038,14,1
89408,5346,142.67278570191394,14,1
89422,5347,130.28849512868396,14,1
89436,5348,132.37026836760245,14,1
89450,5349,123.39572031370169,14,1
89464,5350,142.31767943739231,14,1
89478,5351,127.12071657342624,14,1
89492,5352,124.82431157338785,14,1
89506,5353,133.32608053349827,14,1
89520,5354,131.02269424481344,14,1
89534,5355,129.39679281116133,14,1
89548,5356,108.85043439776211,14,1
89562,5357,107.71093502940667,14,1
89576,5358,128.40254138246098,14,1
89591,5359,106.41099992790015,15,1
89605,5360,128.66778155707513,14,1
89619,5361,125.9230003483838,14,1
89633,5362,127.09006411178171,14,1
89647,5363,143.23954734163252,14,1
89661,5364,123.70674286105762,14,1
89675,5365,128.4751217410331,14,1
89689,5366,135.23588115208116,14,1
89703,5367,125.05958349554457,14,1
89717,5368,131.40726951471223,14,1
89731,5369,120.48888064912914,14,1
89745,5370,103.20209442200733,14,1
89759,5371,131.14578911963983,14,1
89773,5372,143.57444739754112,14,1
89787,5373,132.32665255882682,14,1
89801,5374,131.1856078910926,14,1
89815,5375,141.179907761449,14,1
89829,5376,131.72566819073984,14,1
89843,5377,129.46262163778442,14,1
89857,5378,131.97947882656197,14,1
89871,5379,141.50692089901193,14,1
89885,5380,124.66890612288788,14,1
89899,5381,136.1671677748529,14,1
89913,5382,136.16950722661352,14,1
89927,5383,130.4789343958645,14,1
89941,5384,140.5446834250817,14,1
89955,5385,134.85432599735412,14,1
89969,5386,121.7493312395691,14,1
89983,5387,125.542714207684,14,1
89997,5388,130.6296395114785,14,1
90011,5389,133.53521666251825,14,1
90025,5390,122.70349020766771,14,1
90039,5391,119.37319322042752,14,1
90053,5392,129.11168253575497,14,1
90067,5393,127.65932204406234,14,1
90081,5394,133.89164605499258,14,1
90095,5395,143.75650353486967,14,1
90109,5396,116.83696929152336,14,1
90123,5397,135.05781312598862,14,1
90137,5398,125.26596713902589,14,1
90151,5399,134.46787069869282,14,1
90165,5400,118.34036805079117,14,1
90179,5401,140.70442552888582,14,1
90193,5402,143.4222596710519,14,1
90207,5403,134.3139087694568,14,1
90221,5404,130.155489692012,14,1
90235,5405,121.87043036757632,14,1
90249,5406,123.34851343279479,14,1
90263,5407,122.93990239098268,14,1
90277,5408,127.89141229381326,14,1
90291,5409,111.21464567181849,14,1
90305,5410,132.2570516831562,14,1
90319,5411,129.03093509600492,14,1
90333,5412,141.80804846784562,14,1
90347,5413,141.18927912174155,14,1
90361,5414,143.20326349249922,14,1
90375,5415,135.09047492138993,14,1
90389,5416,127.48673254378662,14,1
90403,5417,127.65156545592174,14,1
90417,5418,133.4022122441863,14,1
90431,5419,111.46847515880901,14,1
90445,5420,108.97098939689363,14,1
90459,5421,132.33809055430385,14,1
90473,5422,101.08429843096916,14,1
90487,5423,143.1326606945423,14,1
90501,5424,143.94700722880464,14,1
90515,5425,142.60977224465407,14,1
90529,5426,115.34477520396,14,1
90543,5427,133.26975877897053,14,1
90557,5428,112.05706318696555,14,1
90571,5429,130.18324548026771,14,1
90585,5430,141.06567082840357,14,1
90599,5431,142.3670747522005,14,1
90613,5432,111.24088382073604,14,1
90627,5433,121.9790797865565,14,1
90641,5434,119.96220212074626,14,1
90656,5435,117.90195595478707,15,1
90670,5436,126.94318982537497,14,1
90684,5437,102.12341442495176,14,1
90698,5438,105.69455780587322,14,1
90712,5439,126.37731217524002,14,1
90726,5440,140.699773089065,14,1
90740,5441,125.35974615383924,14,1
90754,5442,133.7775207209438,14,1
90768,5443,109.62013635703433,14,1
90782,5444,133.85668721848066,14,1
90796,5445,105.8079953191663,14,1
90810,5446,122.48023534920894,14,1
90824,5447,135.40874679398792,14,1
90838,5448,142.95514425415263,14,1
90852,5449,123.356519638819,14,1
90866,5450,135.3672717291289,14,1
90880,5451,126.29337978557423,14,1
90894,5452,110.83087828916801,14,1
90908,5453,132.6802335111099,14,1
90922,5454,141.7288045898925,14,1
90936,5455,142.4888725610199,14,1
90950,5456,133.72626457446717,14,1
90964,5457,127.0991908773002,14,1
90978,5458,127.27866376606985,14,1
90992,5459,97.02037908060599,14,1
91006,5460,102.80230558820524,14,1
91020,5461,133.53267348763336,14,1
91035,5462,96.13037125390284,15,1
91049,5463,131.29005085400252,14,1
91063,5464,131.04379750235344,14,1
91077,5465,111.24531539638015,14,1
91091,5466,110.30566664044002,14,1
91105,5467,129.05426963674125,14,1
91119,5468,118.48206127522283,14,1
91133,5469,133.4924890462609,14,1
91147,5470,113.17004255981621,14,1
91161,5471,142.5008745278278,14,1
91175,5472,120.891124428786,14,1
91189,5473,113.84851787155209,14,1
91203,5474,129.45996094589154,14,1
91217,5475,103.66953666697057,14,1
91231,5476,134.59673600627892,14,1
91245,5477,120.0479439612899,14,1
91259,5478,129.97958003776733,14,1
91273,5479,131.75468496697198,14,1
91287,5480,134.8498188769024,14,1
91301,5481,129.0214046825984,14,1
91315,5482,113.482772789941,14,1
91329,5483,124.82272674964565,14,1
91343,5484,134.87559857503953,14,1
91357,5485,123.81997700417412,14,1
91371,5486,140.38553435715843,14,1
91385,5487,142.97156304499526,14,1
91399,5488,133.88260489556654,14,1
91413,5489,141.53165756306285,14,1
91427,5490,127.96826222366057,14,1
91441,5491,131.1774591074722,14,1
91455,5492,104.81533720390154,14,1
91471,5493,110.23139102134043,16,1
91485,5494,126.82316413650915,14,1
91499,5495,142.98808142579045,14,1
91513,5496,127.17665922007652,14,1
91527,5497,131.87822237056042,14,1
91541,5498,140.08192585435236,14,1
91555,5499,105.97321477747798,14,1
91569,5500,118.04540405889078,14,1
91583,5501,126.14530274562924,14,1
91597,5502,142.38161919469158,14,1
91611,5503,144.3745559485878,14,1
91625,5504,127.22270761302947,14,1
91639,5505,124.87504600726967,14,1
91653,5506,101.19753776926021,14,1
91667,5507,110.48273292578632,14,1
91681,5508,128.21766478746864,14,1
91695,5509,143.27315455730357,14,1
91709,5510,141.24595824456074,14,1
91723,5511,141.89331018491518,14,1
91737,5512,143.3784981758364,14,1
91751,5513,130.17504542996713,14,1
91765,5514,121.55782960146237,14,1
91779,5515,124.70911574491087,14,1
91793,5516,129.05620293123818,14,1
91807,5517,136.39633075328155,14,1
91821,5518,128.09254063815746,14,1
91835,5519,131.61104123797597,14,1
91849,5520,113.93845779950381,14,1
91863,5521,140.4750728013377,14,1
91877,5522,144.2126086211322,14,1
91891,5523,140.22609017437796,14,1
91905,5524,134.8931245983587,14,1
91919,5525,100.65276011559905,14,1
91933,5526,113.16689302559438,14,1
91947,5527,132.17341949887646,14,1
91961,5528,129.7649279018407,14,1
91975,5529,141.8157414194049,14,1
91989,5530,134.65722399095733,14,1
92003,5531,120.25641273953538,14,1
92017,5532,131.43305998991028,14,1
92031,5533,106.11784622239541,14,1
92045,5534,132.20177449100214,14,1
92059,5535,142.72893222579773,14,1
92073,5536,130.13854715331655,14,1
92087,5537,104.54805085363718,14,1
92101,5538,131.8931618632188,14,1
92115,5539,130.5332631620239,14,1
92129,5540,88.79191141086031,14,1
92143,5541,131.92759795314433,14,1
92157,5542,142.89743731415015,14,1
92171,5543,122.75076352211862,14,1
92185,5544,107.46041122672071,14,1
92199,5545,117.15470456975187,14,1
92213,5546,135.07315189109573,14,1
92227,5547,143.47952320581123,14,1
92241,5548,129.61775720289478,14,1
92255,5549,142.36500344094267,14,1
92269,5550,133.49747758742072,14,1
92283,5551,129.4151438041134,14,1
92297,5552,142.3611539540216,14,1
92311,5553,117.53845429240108,14,1
92325,5554,132.84851159376615,14,1
92339,5555,129.75112211189906,14,1
92353,5556,143.31076297317512,14,1
92367,5557,122.35498926128612,14,1
92381,5558,104.86894014186743,14,1
92395,5559,106.07294441769872,14,1
92409,5560,134.6887683143393,14,1
92423,5561,134.5749966896606,14,1
92437,5562,104.492745436328,14,1
92451,5563,134.9804774509839,14,1
92465,5564,143.07944111034539,14,1
92479,5565,113.72318692311272,14,1
92493,5566,100.05093328741847,14,1
92507,5567,134.89951761619471,14,1
92521,5568,132.66849688318308,14,1
92535,5569,120.47707803573633,14,1
92549,5570,129.65213890246073,14,1
92563,5571,113.86706220789767,14,1
92577,5572,127.37078147129863,14,1
92591,5573,110.69840316983512,14,1
92605,5574,134.33814489106308,14,1
92619,5575,141.81882710015506,14,1
92633,5576,142.2068814532737,14,1
92647,5577,135.1557956284746,14,1
92661,5578,132.24163323069106,14,1
92675,5579,143.80219728449129,14,1
92689,5580,127.42983108980789,14,1
92703,5581,142.49597572630407,14,1
92717,5582,119.50675890693125,14,1
92731,5583,135.1024544447934,14,1
92745,5584,143.67589253219188,14,1
92759,5585,131.66085271822607,14,1
92775,5586,93.01643383558822,16,1
92789,5587,135.83119414451423,14,1
92803,5588,98.34737309791308,14,1
92817,5589,129.91277927610054,14,1
92831,5590,110.18784797257005,14,1
92845,5591,103.10429637657137,14,1
92859,5592,125.4898283494237,14,1
92873,5593,122.02218147446838,14,1
92887,5594,127.27311059048742,14,1
92901,5595,127.68524267717262,14,1
92915,5596,133.3317979061534,14,1
92929,5597,129.71860796100881,14,1
92943,5598,124.30979701278255,14,1
92957,5599,141.60558185158106,14,1
92972,5600,142.83850759363108,15,1
92986,5601,105.05213575390812,14,1
93000,5602,141.3693404895105,14,1
93014,5603,140.69954396642376,14,1
93028,5604,135.25307786108888,14,1
93042,5605,122.13769009415073,14,1
93056,5606,142.35322271837882,14,1
93070,5607,132.62963502818835,14,1
93084,5608,128.14233715393675,14,1
93098,5609,129.26240167064984,14,1
93112,5610,119.32200331091093,14,1
93126,5611,124.11569200356823,14,1
93140,5612,128.8426227759809,14,1
93154,5613,120.91877560360768,14,1
93168,5614,119.56742922196607,14,1
93182,5615,143.7013028068066,14,1
93196,5616,104.13631233317405,14,1
93210,5617,135.37967089402736,14,1
93224,5618,129.13430139470663,14,1
93238,5619,129.59225195417199,14,1
93252,5620,142.16342699903174,14,1
93266,5621,133.42173743427765,14,1
93280,5622,140.2437888034155,14,1
93294,5623,125.22308558142569,14,1
93308,5624,140.49505196133381,14,1
93322,5625,128.51059923311055,14,1
93336,5626,140.50255636977369,14,1
93350,5627,143.09217926639735,14,1
93364,5628,111.34063862022904,14,1
93378,5629,133.37687190161995,14,1
93392,5630,142.41521439549717,14,1
93406,5631,129.54299514731255,14,1
93420,5632,106.39921388809843,14,1
93434,5633,119.74696909077043,14,1
93448,5634,142.36159772188665,14,1
93462,5635,130.92100296829756,14,1
93476,5636,120.756923579286,14,1
93490,5637,132.73174321665155,14,1
93504,5638,128.03969678720816,14,1
93518,5639,130.33006943490622,14,1
93532,5640,142.32805864626107,14,1
93546,5641,106.71445840569733,14,1
93560,5642,108.16811328927965,14,1
93574,5643,131.7168862421783,14,1
93588,5644,126.11400428587307,14,1
93602,5645,141.61163768680487,14,1
93616,5646,131.2323784441122,14,1
93630,5647,135.274025911795,14,1
93644,5648,107.24969109577823,14,1
93658,5649,124.03186280189773,14,1
93672,5650,143.24357490687268,14,1
93686,5651,132.0683649234399,14,1
93700,5652,131.09307464683985,14,1
93714,5653,123.08008744208908,14,1
93728,5654,125.37762016215252,14,1
93742,5655,142.65138588985363,14,1
93756,5656,143.8378737046609,14,1
93770,5657,111.2033019704642,14,1
93784,5658,126.52853072397791,14,1
93798,5659,132.58899528748464,14,1
93812,5660,134.313483975643,14,1
93826,5661,119.61359410278824,14,1
93840,5662,134.07754982777516,14,1
93854,5663,128.12396434477134,14,1
93868,5664,135.86574689639198,14,1
93882,5665,123.33803980104315,14,1
93896,5666,126.35077722588271,14,1
93910,5667,126.86005135571037,14,1
93924,5668,114.86214487592193,14,1
93938,5669,104.2823443902922,14,1
93952,5670,131.58685857855352,14,1
93966,5671,134.25556603099034,14,1
93980,5672,121.66769516884199,14,1
93994,5673,132.72314956249133,14,1
94008,5674,141.3345690204462,14,1
94022,5675,111.24750665506623,14,1
94036,5676,129.59880777777724,14,1
94050,5677,134.7556940921715,14,1
94064,5678,136.4293940570329,14,1
94078,5679,126.84346337646434,14,1
94092,5680,129.74484637061153,14,1
94106,5681,141.0168299589346,14,1
94120,5682,132.0597940916006,14,1
94134,5683,135.60035727743553,14,1
94148,5684,115.75139283226353,14,1
94162,5685,134.09187586796753,14,1
94176,5686,134.686567050667,14,1
94190,5687,130.60522436129443,14,1
94204,5688,135.42700254988134,14,1
94218,5689,133.12445372660372,14,1
94232,5690,135.6173212329658,14,1
94246,5691,143.30910301408363,14,1
94260,5692,132.0213718853716,14,1
94274,5693,135.24652209967059,14,1
94288,5694,130.7435121562346,14,1
94302,5695,122.06736709574288,14,1
94316,5696,141.78940719907723,14,1
94330,5697,115.01041574411477,14,1
94344,5698,135.8341863388726,14,1
94358,5699,134.01341714634384,14,1
94372,5700,143.25862084874615,14,1
94386,5701,126.5120118657106,14,1
94400,5702,142.31498115057795,14,1
94414,5703,136.48955964391345,14,1
94428,5704,140.85596844958133,14,1
94442,5705,132.47578097042495,14,1
94456,5706,140.0907983138569,14,1
94470,5707,114.47440715782886,14,1
94484,5708,143.69797943704543,14,1
94498,5709,133.81328885941218,14,1
94512,5710,130.64762191342285,14,1
94526,5711,121.84968370903256,14,1
94540,5712,127.55288383442958,14,1
94554,5713,134.68249268787397,14,1
94568,5714,133.93131519698213,14,1
94582,5715,135.4196456704012,14,1
94596,5716,123.49675310448684,14,1
94610,5717,142.29919303033276,14,1
94624,5718,109.35802891424248,14,1
94638,5719,109.18439493862454,14,1
94652,5720,141.9747326174403,14,1
94666,5721,134.81297352026144,14,1
94680,5722,123.89384282818112,14,1
94694,5723,119.5686397552094,14,1
94708,5724,131.61443698627897,14,1
94722,5725,135.7875742074323,14,1
94736,5726,142.60260925240402,14,1
94750,5727,143.1042883502349,14,1
94764,5728,144.0200266164707,14,1
94778,5729,143.3771031909824,14,1
94792,5730,141.20360822945867,14,1
94806,5731,123.06677940447356,14,1
94820,5732,134.9918486536363,14,1
94834,5733,128.56835088568138,14,1
94848,5734,132.51926209354053,14,1
94862,5735,124.6649720985845,14,1
94876,5736,129.8159662129559,14,1
94890,5737,130.1655133051507,14,1
94904,5738,130.06181231757577,14,1
94918,5739,142.07798481331218,14,1
94932,5740,107.22292589864395,14,1
94946,5741,131.02445278237587,14,1
94960,5742,143.5637369519566,14,1
94974,5743,130.0550760812005,14,1
94988,5744,130.99002151472445,14,1
95002,5745,123.3402756693079,14,1
95016,5746,132.58665727089016,14,1
95030,5747,132.74518759885137,14,1
95044,5748,120.51290694692725,14,1
95058,5749,135.1328825703348,14,1
95072,5750,130.44434508570697,14,1
95086,5751,112.91857610931257,14,1
95100,5752,124.74658313695535,14,1
95114,5753,142.37620248622457,14,1
95128,5754,143.85917581859937,14,1
95142,5755,132.98805804438445,14,1
95156,5756,130.60745082882056,14,1
95170,5757,131.95171940283342,14,1
95184,5758,143.12275758356066,14,1
95198,5759,128.0561193739231,14,1
95212,5760,127.28081786789386,14,1
95226,5761,122.07034771584608,14,1
95240,5762,135.56919154980326,14,1
95254,5763,124.77304394334207,14,1
95268,5764,141.89340207860835,14,1
95282,5765,142.53693449347185,14,1
95296,5766,135.1756323214892,14,1
95310,5767,142.28564273952614,14,1
95324,5768,115.045295867706,14,1
95338,5769,121.38617449087582,14,1
95352,5770,143.64478035405966,14,1
95366,5771,142.2946652490746,14,1
95380,5772,127.12530055464869,14,1
95394,5773,143.30512465138344,14,1
95408,5774,141.61744039818288,14,1
95422,5775,132.3810980948731,14,1
95436,5776,135.15944242565914,14,1
95450,5777,114.35625256358645,14,1
95464,5778,130.19281051096462,14,1
95478,5779,135.0630564503752,14,1
95492,5780,134.83727569318646,14,1
95506,5781,124.23629314679971,14,1
95520,5782,141.9858526960823,14,1
95534,5783,142.6315800795392,14,1
95548,5784,128.85558869656273,14,1
95562,5785,142.43876142808648,14,1
95576,5786,143.52738645006806,14,1
95590,5787,124.76264279121956,14,1
95604,5788,131.315980437813,14,1
95618,5789,130.3062231088598,14,1
95632,5790,133.6167273595184,14,1
95646,5791,127.31468359359826,14,1
95660,5792,135.1279643847145,14,1
95674,5793,132.54030440884708,14,1
95688,5794,131.3102267899943,14,1
95702,5795,128.15356459235426,14,1
95716,5796,127.55893611199777,14,1
95730,5797,112.77865910831626,14,1
95744,5798,128.27206007515085,14,1
95758,5799,141.34441853406665,14,1
95772,5800,128.2884897964838,14,1
95786,5801,134.0804172764344,14,1
95800,5802,133.4062731026125,14,1
95814,5803,131.63726793977506,14,1
95828,5804,135.22328444565,14,1
95842,5805,123.08962723126845,14,1
95856,5806,142.4103549164279,14,1
95870,5807,124.15484439403646,14,1
95884,5808,130.688225228541,14,1
95898,5809,133.456983633224,14,1
95912,5810,143.63587456344894,14,1
95926,5811,134.35294596005392,14,1
95940,5812,125.93314363128582,14,1
95954,5813,141.67031188038752,14,1
95968,5814,134.47458098418093,14,1
95982,5815,142.60033249247167,14,1
95996,5816,127.05203054845335,14,1
96010,5817,142.05378314471847,14,1
96024,5818,142.28181599716885,14,1
96038,5819,135.91787052036227,14,1
96052,5820,131.03736022886434,14,1
96066,5821,128.12574491121248,14,1
96080,5822,140.6119859366122,14,1
96094,5823,142.15047422197577,14,1
96108,5824,141.5832621241371,14,1
96122,5825,144.33074259878566,14,1
96136,5826,143.35728414766965,14,1
96150,5827,142.93156494706076,14,1
96164,5828,144.24534942149512,14,1
96178,5829,141.6616327776965,14,1
96192,5830,135.56618288735015,14,1
96206,5831,131.8800717329858,14,1
96220,5832,127.45777278836634,14,1
96234,5833,113.6508088248066,14,1
96248,5834,131.79764679735672,14,1
96262,5835,133.67859214882554,14,1
96276,5836,143.35758726426033,14,1
96290,5837,142.17554134306567,14,1
96304,5838,122.80919221921972,14,1
96318,5839,135.39574890545475,14,1
96332,5840,135.19331437507446,14,1
96346,5841,119.827616709999,14,1
96360,5842,99.28997408082516,14,1
96374,5843,129.088580795113,14,1
96388,5844,142.20629488338074,14,1
96402,5845,133.79537454680252,14,1
96416,5846,141.60066149534492,14,1
96430,5847,130.08217244996328,14,1
96444,5848,95.2259530003835,14,1
96458,5849,128.94132094294872,14,1
96472,5850,129.84133503574915,14,1
96486,5851,136.1006652469007,14,1
96500,5852,122.8981317828623,14,1
96514,5853,141.60069978534096,14,1
96528,5854,130.07772046862254,14,1
96542,5855,141.64345005865994,14,1
96556,5856,142.5009767159534,14,1
96570,5857,118.73504180566908,14,1
96584,5858,122.49393509101033,14,1
96598,5859,135.77016882167055,14,1
96612,5860,131.9252269496026,14,1
96626,5861,133.38261065844313,14,1
96640,5862,136.06628832730667,14,1
96654,5863,142.25286038368137,14,1
96668,5864,133.00977216751656,14,1
96682,5865,142.9259210353089,14,1
96696,5866,120.63478605962875,14,1
96710,5867,143.04524136139725,14,1
96724,5868,126.39940763832982,14,1
96738,5869,133.47732368873386,14,1
96752,5870,131.82422191302365,14,1
96766,5871,113.20761295678706,14,1
96780,5872,143.966543073547,14,1
96794,5873,133.79793005312393,14,1
96808,5874,98.14412671045106,14,1
96822,5875,134.6849295575788,14,1
96836,5876,128.1901635911212,14,1
96850,5877,135.11832131621094,14,1
96864,5878,126.40717677866455,14,1
96878,5879,121.53388848861606,14,1
96918,5880,-22.210524246559267,40,0
96942,5881,-2.281915822749744,24,1
96956,5882,115.53812271206203,14,1
96970,5883,131.42438712914324,14,1
96984,5884,130.7264457142243,14,1
96998,5885,135.07273877530227,14,1
97012,5886,97.40321829922362,14,1
97026,5887,132.58083741536535,14,1
97040,5888,115.54647750649005,14,1
97075,5889,-4.144900339776742,35,1
97089,5890,143.2626555912123,14,1
97126,5891,-13.822201757016563,37,1
97166,5892,-23.08414968169056,40,0
97206,5893,-23.93676955111249,40,0
97246,5894,-23.858860212716902,40,0
97286,5895,-23.722190215248585,40,0
97326,5896,-23.827943952658302,40,0
97366,5897,-22.616086178248068,40,0
97406,5898,-24.460449208358558,40,0
97446,5899,-22.50928126395688,40,0
97486,5900,-25.303571248004577,40,0
97526,5901,-152.23265676315765,40,1
97566,5902,-24.08943819252684,40,0
97606,5903,-24.080101400941125,40,0
97646,5904,-23.636394337341127,40,0
97686,5905,-24.51063254750602,40,0
97726,5906,-25.160712737286296,40,0
97766,5907,-23.763121922092488,40,0
97806,5908,-25.35629805306649,40,0
97846,5909,-24.153295139594917,40,0
97886,5910,-23.9811121587712,40,0
97926,5911,-24.640536069259607,40,0
97966,5912,-23.959952787464086,40,0
98006,5913,-23.985136283802014,40,0
98046,5914,-23.757133055079443,40,0
98086,5915,-23.595991687731438,40,0
98126,5916,-23.709980869905017,40,0
98166,5917,-22.971161065480825,40,0
98206,5918,-24.290265537528704,40,0
98246,5919,-24.20959000238067,40,0
98286,5920,-24.089723149474143,40,0
98326,5921,-23.772821291271736,40,0
98366,5922,-24.920710635093826,40,0
98406,5923,-24.50734542975885,40,0
98446,5924,-24.333137188962052,40,0
98486,5925,-25.376337321309286,40,0
98526,5926,-23.90254002427916,40,0
98566,5927,-23.299509586071366,40,0
98606,5928,-22.285934600009973,40,0
98646,5929,-24.671105408175347,40,0
98686,5930,-23.154422918782558,40,0
98726,5931,-22.809991507647357,40,0
98766,5932,-24.40604530825962,40,0
98806,5933,-24.064439063387667,40,0
98846,5934,-23.973871533644115,40,0
98886,5935,-25.288532449729146,40,0
98926,5936,-22.46591190797587,40,0
98966,5937,-23.476646833303118,40,0
99006,5938,-22.516408467010688,40,0
99046,5939,-23.10840490514079,40,0
99086,5940,-22.698277937928275,40,0
99126,5941,-24.637538575082264,40,0
99166,5942,-23.71335243975399,40,0
99206,5943,-23.43346267381428,40,0
99246,5944,-23.061580837478704,40,0
99286,5945,-23.723013859277625,40,0
99326,5946,-23.939914358772846,40,0
99366,5947,-23.40629072926544,40,0
99406,5948,-23.079495618671263,40,0
99446,5949,-24.079608744477117,40,0
99486,5950,-23.469378402151875,40,0
99526,5951,-23.210952205362254,40,0
99566,5952,-23.65602142054509,40,0
99606,5953,-23.78910591906745,40,0
99646,5954,-23.68358523103793,40,0
99686,5955,-24.34888698101297,40,0
99726,5956,-23.690528896689557,40,0
99766,5957,-23.757638083682515,40,0
99806,5958,-24.46631638823378,40,0
99846,5959,-24.04616119204547,40,0
99886,5960,-24.242735488805415,40,0
99926,5961,-24.423007036042307,40,0
99966,5962,-23.602819808359584,40,0
100006,5963,-22.924460747161035,40,0
100046,5964,-25.40251552285758,40,0
100086,5965,-24.3397587097644,40,0
100126,5966,-23.94104870125978,40,0
100166,5967,-24.154663227116444,40,0
100206,5968,-23.521862312646974,40,0
100246,5969,-23.97617881395289,40,0
100286,5970,-22.69425111148769,40,0
100326,5971,-23.397684524519146,40,0
100366,5972,-24.3131915777281,40,0
100406,5973,-22.667407291310845,40,0
100446,5974,-23.70204058262843,40,0
100486,5975,-24.90124396972165,40,0
100526,5976,-23.630463763104867,40,0
100566,5977,-24.828063503462737,40,0
100606,5978,-23.82395591436461,40,0
100646,5979,-23.969060406230504,40,0
100686,5980,-24.233407059847003,40,0
100726,5981,-25.260670365892835,40,0
100766,5982,-22.812466743486635,40,0
100806,5983,-24.437657502754476,40,0
100846,5984,-25.57053116601256,40,0
100886,5985,-22.81591378699173,40,0
100926,5986,-24.938069989465472,40,0
100966,5987,-25.65776735709224,40,0
101006,5988,-27.044166726383168,40,0
101046,5989,-23.62626861445225,40,0
101086,5990,-25.178480956588125,40,0
101126,5991,-25.483835750565788,40,0
101166,5992,-21.879726225712876,40,0
101206,5993,-22.450848329738104,40,0
101246,5994,-21.76979508576853,40,0
101286,5995,-23.67809350298821,40,0
101326,5996,-23.49584986125904,40,0
101366,5997,-21.883871511249357,40,0
101406,5998,-22.31469972201325,40,0
101446,5999,-21.9473868731917,40,0
101486,6000,-21.663542650241318,40,0
101526,6001,-21.71460322390487,40,0
101566,6002,-22.31023056758635,40,0
101601,6003,-11.30415613078396,35,1
101641,6004,-22.003207069755902,40,0
101681,6005,-22.06989090697529,40,0
101721,6006,-21.945865666067753,40,0
101761,6007,-22.030030139357418,40,0
101801,6008,-21.471518116440784,40,0
101841,6009,-21.38428206861789,40,0
101881,6010,-21.35934390031996,40,0
101921,6011,-21.325405210965823,40,0
101961,6012,-21.56290676818595,40,0
102001,6013,-21.87314845425385,40,0
102041,6014,-21.40889389850135,40,0
102081,6015,-21.45456297531605,40,0
102121,6016,-21.491180281834495,40,0
102161,6017,-21.612947138035516,40,0
102201,6018,-21.218287932796816,40,0
102241,6019,-21.826752944504047,40,0
102281,6020,-21.84198405435901,40,0
102321,6021,-21.4037970718368,40,0
102361,6022,-21.46225261197535,40,0
102401,6023,-21.725172783796364,40,0
102441,6024,-21.25311061763835,40,0
102481,6025,-21.555964090494882,40,0
102521,6026,-21.400887253960455,40,0
102561,6027,-21.345413702881817,40,0
102601,6028,-21.321788247465264,40,0
102641,6029,-21.71080120192626,40,0
102681,6030,-21.32650713373102,40,0
102721,6031,-21.32836632459759,40,0
102761,6032,-21.288415271751205,40,0
102801,6033,-21.50218985984196,40,0
102841,6034,-21.321915909494635,40,0
102881,6035,-21.337692359775076,40,0
102921,6036,-21.352955496320043,40,0
102961,6037,-21.446277939526293,40,0
103001,6038,-21.414425769363376,40,0
103041,6039,-21.24902916695055,40,0
103081,6040,-21.34367445491829,40,0
103121,6041,-21.524219458907872,40,0
103161,6042,-21.341191045558823,40,0
103201,6043,-21.598109052412276,40,0
103241,6044,-21.77301787787403,40,0
103281,6045,-21.336995519780206,40,0
103321,6046,-21.558572453960544,40,0
103361,6047,-21.340988015275325,40,0
103401,6048,-21.18802089192976,40,0
103441,6049,-21.379137921397927,40,0
103481,6050,-21.315874329171823,40,0
103521,6051,-21.24566566126763,40,0
103561,6052,-21.367288169458167,40,0
103601,6053,-21.25952410857858,40,0
103641,6054,-21.122796329521883,40,0
103681,6055,-21.27744225881182,40,0
103721,6056,-21.225223554889716,40,0
103761,6057,-21.24079720592935,40,0
103801,6058,-21.302588939835342,40,0
103841,6059,-21.080056154680243,40,0
103881,6060,-21.411925726491774,40,0
103921,6061,-21.232303753057316,40,0
103961,6062,-21.337878444621342,40,0
104001,6063,-21.195333032545648,40,0
104041,6064,-21.276563049516653,40,0
104081,6065,-21.348088785587457,40,0
104121,6066,-21.328441078876185,40,0
104161,6067,-21.254060865103856,40,0
104201,6068,-21.15610950455982,40,0
104241,6069,-21.115624709379585,40,0
104281,6070,-21.1805383019396,40,0
104321,6071,-21.257274660304223,40,0
104361,6072,-21.215464386626923,40,0
104401,6073,-21.20568587558367,40,0
104441,6074,-21.193681047198446,40,0
104481,6075,-21.195180619409097,40,0
104521,6076,-21.24504687929421,40,0
104561,6077,-21.186025501834216,40,0
104601,6078,-21.1587646001266,40,0
104641,6079,-21.29351236279693,40,0
104681,6080,-21.06284855408944,40,0
104710,6081,-2.798226667572049,29,1
104745,6082,-3.0787892592007724,35,1
104785,6083,-21.18400620735859,40,0
104816,6084,-2.2589154309718906,31,1
104849,6085,-0.7787893690653739,33,1
104889,6086,-20.97735889517995,40,0
104929,6087,-21.047367256510395,40,0
104969,6088,-21.040095450235725,40,0
104998,6089,-1.557176423002291,29,1
105038,6090,-21.229481698849735,40,0
105071,6091,-2.8271099127089006,33,1
105111,6092,-21.180542726068996,40,0
105137,6093,-3.1422162512320506,26,1
105177,6094,-21.01624717538214,40,0
105217,6095,-21.044989414585714,40,0
105257,6096,-21.091134747800453,40,0
105297,6097,-20.886862271419265,40,0
105335,6098,14.554511437914478,38,1
105375,6099,-20.972331333449155,40,0
105406,6100,-2.99960135888385,31,1
105439,6101,5.96480202811602,33,1
105479,6102,-21.041891842813346,40,0
105519,6103,-21.1325640636052,40,0
105551,6104,11.737558907369921,32,1
105591,6105,-21.15730065805388,40,0
105630,6106,107.47382506656355,39,1
105662,6107,-2.2938132953984947,32,1
105691,6108,5.895977222588368,29,1
105731,6109,-21.089613766358415,40,0
105771,6110,-21.173135957694893,40,0
105811,6111,-20.877784069852755,40,0
105851,6112,-21.073442824843234,40,0
105891,6113,-20.897536487803507,40,0
105931,6114,-20.91557037613282,40,0
105971,6115,-21.12791625912348,40,0
106011,6116,-20.92870650628463,40,0
106051,6117,-20.895799422940915,40,0
106091,6118,43.885433655660265,40,1
106131,6119,-20.94782351738192,40,0
106145,6120,0.0802911782746959,14,1
106185,6121,-20.924446685297312,40,0
106225,6122,-20.90884014063313,40,0
106265,6123,-21.030351785091902,40,0
106305,6124,-21.020615989658328,40,0
106345,6125,-21.00685521964663,40,0
106359,6126,50.61718144089753,14,1
106399,6127,-20.90320732181282,40,0
106425,6128,45.08642599117598,26,1
106465,6129,-20.964884908235785,40,0
106498,6130,44.26491517676006,33,1
106538,6131,-20.872462912531304,40,0
106571,6132,85.34419988531518,33,1
106610,6133,17.706181058989383,39,1
106632,6134,-0.07663294885750949,22,1
106672,6135,-20.917257390961797,40,0
106712,6136,-20.81027922794765,40,0
106726,6137,-0.9019193389701203,14,1
106766,6138,-20.97530139228933,40,0
106806,6139,-20.956773455979825,40,0
106836,6140,19.335930273845285,30,1
106850,6141,9.622613808307012,14,1
106890,6142,-21.01471799371248,40,0
106904,6143,87.3166476033767,14,1
106944,6144,-20.93897496685718,40,0
106958,6145,44.63038005361485,14,1
106972,6146,128.62020597301546,14,1
106998,6147,3.453979486886565,26,1
107038,6148,-20.984828337464727,40,0
107054,6149,21.238446437903647,16,1
107068,6150,127.18870193799184,14,1
107108,6151,-21.064449829673126,40,0
107148,6152,-20.953347252598853,40,0
107188,6153,-20.847459227049836,40,0
107228,6154,-21.11194682214975,40,0
107268,6155,73.4409861921122,40,1
107284,6156,77.81022997470683,16,1
107302,6157,76.44458858152545,18,1
107342,6158,-20.962079758376998,40,0
107356,6159,97.92635382169446,14,1
107370,6160,49.755945112559324,14,1
107410,6161,-21.22709970371337,40,0
107430,6162,112.55086790197737,20,1
107461,6163,62.07649919788384,31,1
107475,6164,131.29742539654185,14,1
107495,6165,122.64039392457796,20,1
107531,6166,101.55010472490497,36,1
107552,6167,143.8131657379591,21,1
107566,6168,105.19153476006699,14,1
107580,6169,44.43031590017653,14,1
107594,6170,98.638806506733,14,1
107608,6171,102.78362878270961,14,1
107622,6172,102.68554584242455,14,1
107662,6173,-21.007575404716206,40,0
107685,6174,42.658254064026444,23,1
107704,6175,38.92567424974154,19,1
107736,6176,96.70997330345955,32,1
107751,6177,69.50881597718721,15,1
107765,6178,47.527246251141506,14,1
107779,6179,102.44815876740692,14,1
107793,6180,90.25121840767628,14,1
107808,6181,104.80307104154645,15,1
107823,6182,32.14021425194924,15,1
107837,6183,54.92516316041516,14,1
107851,6184,133.83319779801806,14,1
107865,6185,107.07765678931946,14,1
107879,6186,52.83432112173653,14,1
107893,6187,91.24941635143661,14,1
107912,6188,119.69392374632801,19,1
107926,6189,123.74750985957277,14,1
107940,6190,133.4301878195124,14,1
107976,6191,119.60403357712683,36,1
107999,6192,141.59495647395744,23,1
108013,6193,126.43141989756663,14,1
108030,6194,133.3506406002955,17,1
108044,6195,86.71287115689381,14,1
108059,6196,120.75766594374032,15,1
108073,6197,102.23601739757359,14,1
108087,6198,125.72791449452124,14,1
108101,6199,91.28877981436493,14,1
108117,6200,120.82567441503967,16,1
108131,6201,128.5083430365599,14,1
108145,6202,121.15034833228044,14,1
108185,6203,-21.067934779122577,40,0
108199,6204,111.6260695409034,14,1
108213,6205,55.6540808583158,14,1
108227,6206,124.1348359361021,14,1
108241,6207,71.4639393293466,14,1
108255,6208,127.07555312534853,14,1
108280,6209,125.51016650068725,25,1
108294,6210,111.07921788678995,14,1
108308,6211,54.68093657542295,14,1
108322,6212,129.0931481332612,14,1
108336,6213,123.78013870999031,14,1
108354,6214,87.08024070040629,18,1
108368,6215,126.28980796212035,14,1
108382,6216,128.23566662095,14,1
108397,6217,112.17946247596402,15,1
108411,6218,133.55859068252428,14,1
108425,6219,134.2851762076637,14,1
108439,6220,114.31088360724696,14,1
108453,6221,103.4077814042371,14,1
108467,6222,123.52944567963964,14,1
108481,6223,127.87074048152438,14,1
108495,6224,109.2097838028151,14,1
108509,6225,128.62607253971575,14,1
108523,6226,121.69517262002316,14,1
108537,6227,119.66510950472811,14,1
108551,6228,113.88792317954777,14,1
108565,6229,121.06051611162054,14,1
108579,6230,135.7227630501275,14,1
108593,6231,126.89025529823176,14,1
108607,6232,109.187066384984,14,1
108621,6233,95.07506919460867,14,1
108635,6234,122.20112524583868,14,1
108649,6235,136.27781979700873,14,1
108663,6236,128.20150906635666,14,1
108677,6237,133.38725041167447,14,1
108691,6238,141.1562758179301,14,1
108705,6239,128.1681385096723,14,1
108719,6240,130.39074615100105,14,1
108733,6241,134.91811704348217,14,1
108747,6242,141.8749961108413,14,1
108761,6243,132.7603437408336,14,1
108775,6244,129.2776807250999,14,1
108789,6245,134.87624301655362,14,1
108803,6246,119.78585205808974,14,1
108817,6247,142.57066922873642,14,1
108831,6248,131.5280612063272,14,1
108846,6249,123.90264359500397,15,1
108860,6250,109.08404417546781,14,1
108874,6251,125.40272307043348,14,1
108888,6252,133.77484758566663,14,1
108902,6253,126.6023874212249,14,1
108916,6254,122.97646368936245,14,1
108930,6255,126.67304961557271,14,1
108944,6256,131.28122796790905,14,1
108958,6257,135.79538018317945,14,1
108972,6258,132.07558087919367,14,1
108986,6259,117.88467054141381,14,1
109000,6260,127.5870001266302,14,1
109014,6261,133.83856677576526,14,1
109028,6262,124.3010120275741,14,1
109042,6263,132.62876300177143,14,1
109056,6264,131.79815745830896,14,1
109070,6265,135.659691054642,14,1
109084,6266,129.60866499428573,14,1
109098,6267,122.24571765664771,14,1
109112,6268,141.6592749251229,14,1
109126,6269,131.51938310697787,14,1
109140,6270,134.95234813522467,14,1
109154,6271,135.72358781613954,14,1
109168,6272,122.80596860331046,14,1
109182,6273,129.40521867611645,14,1
109196,6274,134.49674558269496,14,1
109210,6275,125.69507195684521,14,1
109224,6276,134.0646814619113,14,1
109238,6277,128.09061117251125,14,1
109252,6278,102.73996406147815,14,1
109266,6279,133.66579652165672,14,1
109280,6280,126.71881972766862,14,1
109294,6281,129.60581363055866,14,1
109308,6282,123.56186459465822,14,1
109322,6283,132.16388480773335,14,1
109336,6284,142.31041663205045,14,1
109350,6285,141.6293915820707,14,1
109364,6286,133.8398295561225,14,1
109378,6287,129.97475017279476,14,1
109392,6288,127.63716976088456,14,1
109406,6289,101.99938010195547,14,1
109420,6290,128.44285119038415,14,1
109434,6291,129.4479570833428,14,1
109448,6292,131.30433294762025,14,1
109462,6293,142.4268392120218,14,1
109476,6294,129.14185794522515,14,1
109490,6295,126.45033753959164,14,1
109504,6296,124.91501854224693,14,1
109518,6297,133.03516128043796,14,1
109532,6298,133.9708064175445,14,1
109546,6299,126.65970574405517,14,1
109560,6300,135.1043544844065,14,1
109574,6301,129.53034731825164,14,1
109588,6302,133.29503593790432,14,1
109602,6303,131.63591178523131,14,1
109616,6304,141.30810845676584,14,1
109630,6305,136.190121510497,14,1
109644,6306,143.05750844667915,14,1
109658,6307,143.40685447885414,14,1
109672,6308,127.06291795197484,14,1
109686,6309,133.97146096374445,14,1
109700,6310,125.3497686818564,14,1
109714,6311,141.9811238447144,14,1
109728,6312,139.70567627236426,14,1
109742,6313,132.53306098809787,14,1
109756,6314,135.1521563496291,14,1
109770,6315,128.63826476225725,14,1
109784,6316,134.72883511055232,14,1
109798,6317,135.39942226738268,14,1
109812,6318,130.99381139819997,14,1
109826,6319,135.88721680895605,14,1
109840,6320,133.59491182949486,14,1
109854,6321,127.40198122874979,14,1
109868,6322,134.05282375345894,14,1
109882,6323,135.5912838439989,14,1
109896,6324,143.73712975661843,14,1
109910,6325,126.9254921409288,14,1
109924,6326,127.04881943331083,14,1
109938,6327,130.54290865535305,14,1
109952,6328,132.81401271698502,14,1
109966,6329,132.58232727241304,14,1
109980,6330,106.75990217023012,14,1
109994,6331,131.36983586843542,14,1
110008,6332,129.79092035655748,14,1
110022,6333,134.54985526775266,14,1
110036,6334,111.47839537395008,14,1
110050,6335,103.04940097096728,14,1
110064,6336,129.49358557056877,14,1
110078,6337,111.80535479669396,14,1
110092,6338,129.413863979232,14,1
110106,6339,126.9867992367712,14,1
110120,6340,126.6242160444096,14,1
110134,6341,99.13773302748595,14,1
110148,6342,141.21268474961244,14,1
110162,6343,133.64553929002406,14,1
110176,6344,114.99731998502538,14,1
110190,6345,133.49596846218193,14,1
110204,6346,143.44462964986926,14,1
110218,6347,132.90087858044504,14,1
110232,6348,126.31829114566018,14,1
110246,6349,108.16893426778677,14,1
110260,6350,128.96105384407164,14,1
110274,6351,135.4012635413177,14,1
110288,6352,133.2326221407464,14,1
110302,6353,130.81953988700806,14,1
110316,6354,132.6064663280884,14,1
110330,6355,124.23322825318685,14,1
110344,6356,90.40834089621401,14,1
110358,6357,127.16848494184087,14,1
110372,6358,141.45860315748547,14,1
110386,6359,135.49867448287955,14,1
110400,6360,128.6271709569582,14,1
110414,6361,126.90979970302892,14,1
110428,6362,132.30588622300002,14,1
110442,6363,132.00062106084957,14,1
110456,6364,115.32894794348293,14,1
110470,6365,129.37194178406122,14,1
110484,6366,121.34944839711304,14,1
110498,6367,129.384846773784,14,1
110512,6368,134.321012539666,14,1
110526,6369,124.13945702366168,14,1
110540,6370,142.97775123439567,14,1
110554,6371,134.6496079719225,14,1
110568,6372,129.19958942742377,14,1
110582,6373,132.7346297183031,14,1
110596,6374,134.01296332720267,14,1
110610,6375,143.05053904338507,14,1
110624,6376,140.85177946748098,14,1
110638,6377,142.44774282274628,14,1
110652,6378,126.26274223239741,14,1
110666,6379,140.1186622417445,14,1
110680,6380,110.54026874586476,14,1
110694,6381,131.4437737195239,14,1
110708,6382,133.0292024795526,14,1
110722,6383,128.4766281953961,14,1
110736,6384,129.29390174254561,14,1
110750,6385,130.16067635672542,14,1
110764,6386,134.10592901502957,14,1
110778,6387,123.15191516436781,14,1
110792,6388,120.64269669448316,14,1
110806,6389,120.98905846432201,14,1
110820,6390,142.37779468844695,14,1
110834,6391,128.1918528569071,14,1
110848,6392,110.52940824224162,14,1
110862,6393,134.83149649324773,14,1
110876,6394,134.80518138850252,14,1
110890,6395,142.53980074195738,14,1
110904,6396,129.0173379295255,14,1
110918,6397,127.97067630939459,14,1
110932,6398,131.7359284973088,14,1
110946,6399,127.95808120750526,14,1
110960,6400,126.0779819102684,14,1
110974,6401,135.5142612041716,14,1
110988,6402,141.05688252248657,14,1
111002,6403,113.95974653824634,14,1
111016,6404,127.82058553311741,14,1
111030,6405,129.29614468320483,14,1
111044,6406,120.35296958552212,14,1
111058,6407,136.43741536516194,14,1
111072,6408,141.83783756104555,14,1
111086,6409,144.12419026205376,14,1
111100,6410,126.47210319166437,14,1
111114,6411,132.2809383532847,14,1
111128,6412,112.10891011432712,14,1
111142,6413,134.54201492503952,14,1
111156,6414,143.77643267444859,14,1
111170,6415,125.32690087810273,14,1
111184,6416,144.23381780823863,14,1
111198,6417,143.3730064688645,14,1
111212,6418,132.68911530129577,14,1
111226,6419,127.3296616211067,14,1
111240,6420,131.74021996907558,14,1
111254,6421,132.304811629799,14,1
111268,6422,134.31923333954234,14,1
111282,6423,101.41318725085208,14,1
111296,6424,132.00801122197944,14,1
111310,6425,125.12531069722101,14,1
111324,6426,143.2141259661685,14,1
111338,6427,134.12995975724172,14,1
111352,6428,124.6441093525902,14,1
111366,6429,130.44577166311882,14,1
111380,6430,130.28358255979975,14,1
111394,6431,129.00191233894049,14,1
111408,6432,134.7275041185328,14,1
111422,6433,124.37491167054255,14,1
111436,6434,134.90237028473408,14,1
111450,6435,134.46673407206464,14,1
111464,6436,142.2407889938041,14,1
111478,6437,143.47057021556998,14,1
111492,6438,131.35515545806086,14,1
111506,6439,134.48904269875842,14,1
111520,6440,142.7254575728751,14,1
111534,6441,127.05393517816225,14,1
111548,6442,134.70788313170542,14,1
111562,6443,133.45169393619997,14,1
111576,6444,126.55932226874307,14,1
111590,6445,126.74411308287306,14,1
111604,6446,134.18188319313256,14,1
111618,6447,142.25704636173086,14,1
111632,6448,133.41222851118138,14,1
111646,6449,129.15886402454987,14,1
111660,6450,127.56203866704976,14,1
111674,6451,130.85599277721838,14,1
111688,6452,124.43284273005291,14,1
111702,6453,123.90626715700779,14,1
111716,6454,110.12945925388517,14,1
111730,6455,141.74304140089532,14,1
111744,6456,133.5818759802439,14,1
111758,6457,134.38853252639677,14,1
111772,6458,132.2084526497759,14,1
111786,6459,129.43876471326217,14,1
111800,6460,110.39570299521627,14,1
111814,6461,129.52706806256873,14,1
111828,6462,132.8930626971067,14,1
111842,6463,130.30458505138674,14,1
111856,6464,128.5383856651756,14,1
111870,6465,121.37179889521734,14,1
111884,6466,143.60312620085728,14,1
111898,6467,127.03514523676996,14,1
111912,6468,135.12803665440003,14,1
111926,6469,129.69574402375886,14,1
111940,6470,142.47304357206616,14,1
111954,6471,141.33830884269395,14,1
111968,6472,129.8993071821961,14,1
111982,6473,129.90634028054038,14,1
111996,6474,136.2459944540172,14,1
112010,6475,142.25261748126786,14,1
112024,6476,131.22051919208886,14,1
112038,6477,128.3350942405295,14,1
112052,6478,129.5482098660198,14,1
112066,6479,128.13993356532714,14,1
112080,6480,133.60550291911395,14,1
112094,6481,141.2191390914292,14,1
112108,6482,141.59172441214272,14,1
112122,6483,130.86953876952867,14,1
112136,6484,129.57884128668604,14,1
112150,6485,141.9816568305881,14,1
112164,6486,133.504661590529,14,1
112178,6487,133.45820327761425,14,1
112192,6488,133.92925389381512,14,1
112206,6489,112.22986049347898,14,1
112220,6490,143.77557382031574,14,1
112234,6491,133.02702655689993,14,1
112248,6492,130.7106395413498,14,1
112262,6493,132.0233035507599,14,1
112276,6494,143.32059982737167,14,1
112290,6495,128.692823709419,14,1
112304,6496,134.34074681822608,14,1
112318,6497,131.05930234340997,14,1
112332,6498,130.82992224903035,14,1
112346,6499,128.00848790060695,14,1
112360,6500,142.3597593190219,14,1
112374,6501,115.4290168181582,14,1
112388,6502,136.36237040390566,14,1
112402,6503,132.43644745967876,14,1
112416,6504,133.02679234037936,14,1
112430,6505,143.40702553250281,14,1
112444,6506,132.3030917584726,14,1
112458,6507,135.3362316507353,14,1
112472,6508,123.69847964592053,14,1
112486,6509,128.7562909407887,14,1
112500,6510,121.47691400431187,14,1
112514,6511,142.49606265873598,14,1
112528,6512,133.73035030179295,14,1
112542,6513,136.3732715266796,14,1
112556,6514,132.0323598085966,14,1
112570,6515,133.3344149121272,14,1
112584,6516,132.27516229627767,14,1
112598,6517,141.22737688964722,14,1
112612,6518,135.39470706811954,14,1
112626,6519,134.00155909113005,14,1
112640,6520,135.66411496704546,14,1
112654,6521,122.84815737573214,14,1
112668,6522,131.2695352615122,14,1
112682,6523,135.95246972343378,14,1
112696,6524,141.19497373740356,14,1
112710,6525,143.89873862896422,14,1
112724,6526,142.68178073691791,14,1
112738,6527,143.1918756464117,14,1
112752,6528,120.43994456392684,14,1
112766,6529,132.1258910330403,14,1
112780,6530,131.64387606866097,14,1
112794,6531,134.0727845498516,14,1
112808,6532,120.26303095656418,14,1
112822,6533,128.19791483486182,14,1
112836,6534,131.1992406064152,14,1
112850,6535,131.4827492031165,14,1
112865,6536,134.08988107205369,15,1
112879,6537,124.81125702426475,14,1
112893,6538,131.25003746325825,14,1
112907,6539,142.09972349401679,14,1
112921,6540,129.58170773468396,14,1
112935,6541,131.0270396286024,14,1
112949,6542,133.8619085105681,14,1
112963,6543,133.4263288029304,14,1
112977,6544,133.65976533526342,14,1
112991,6545,131.0502971738543,14,1
113005,6546,130.74937056731972,14,1
113021,6547,110.68618568905262,16,1
113035,6548,134.9944043960213,14,1
113049,6549,133.1365351070442,14,1
113063,6550,144.19675454117336,14,1
113077,6551,134.38598347535273,14,1
113091,6552,133.5538558547958,14,1
113105,6553,133.47981198013866,14,1
113119,6554,133.18267440859964,14,1
113133,6555,123.58047330998275,14,1
113147,6556,126.308652332921,14,1
113161,6557,132.5007084844368,14,1
113175,6558,126.25675074393855,14,1
113189,6559,127.91777671234159,14,1
113203,6560,131.88434343260474,14,1
113217,6561,140.3590654391985,14,1
113231,6562,131.81335947072895,14,1
113245,6563,129.38583559685208,14,1
113259,6564,133.39128285602854,14,1
113273,6565,141.62261707453158,14,1
113287,6566,125.63262925550688,14,1
113301,6567,126.09457656757363,14,1
113315,6568,142.79130667479805,14,1
113329,6569,141.94776188305892,14,1
113343,6570,131.5618487219735,14,1
113357,6571,128.12710834583925,14,1
113371,6572,129.6054311238509,14,1
113385,6573,134.95673636349335,14,1
113399,6574,134.43464540947798,14,1
113413,6575,142.96339069569882,14,1
113427,6576,130.3074173262997,14,1
113441,6577,134.51968056238923,14,1
113455,6578,143.41206515995566,14,1
113469,6579,142.42193143934196,14,1
113483,6580,142.61250580816403,14,1
113497,6581,142.328229006496,14,1
113511,6582,141.3511140087595,14,1
113525,6583,134.1220019723661,14,1
113539,6584,143.07228411072902,14,1
113553,6585,134.1777554483478,14,1
113567,6586,133.99699301962121,14,1
113581,6587,135.84801194766328,14,1
113595,6588,142.44039797872173,14,1
113609,6589,127.67378567088689,14,1
113623,6590,113.97312339569902,14,1
113637,6591,132.87017995240095,14,1
113651,6592,134.60146624661076,14,1
113665,6593,144.32720346079964,14,1
113679,6594,140.85281757339598,14,1
113693,6595,126.09096951206446,14,1
113707,6596,141.73028746477507,14,1
113721,6597,142.63483233613988,14,1
113735,6598,134.6818596276686,14,1
113749,6599,135.10486085261695,14,1
113763,6600,127.36771212845423,14,1
113777,6601,124.18571885941,14,1
113791,6602,128.24802738065696,14,1
113805,6603,129.84797619222616,14,1
113819,6604,142.98129798077736,14,1
113833,6605,135.4415870671598,14,1
113847,6606,143.73863481605267,14,1
113861,6607,130.3537014535515,14,1
113875,6608,142.92357718263779,14,1
113889,6609,125.17247983286451,14,1
113903,6610,134.1897802220716,14,1
113917,6611,143.06360243199214,14,1
113931,6612,144.51210187183457,14,1
113945,6613,130.63205577794292,14,1
113959,6614,123.74102717046235,14,1
113973,6615,127.14123226199096,14,1
113987,6616,130.9180585849443,14,1
114001,6617,134.72024792209288,14,1
114015,6618,142.00224692966572,14,1
114029,6619,142.35434242745526,14,1
114043,6620,135.00931569873856,14,1
114057,6621,143.7991769238478,14,1
114071,6622,136.2893413649915,14,1
114085,6623,134.8398462598914,14,1
114099,6624,120.80578565242222,14,1
114113,6625,122.34193839419115,14,1
114127,6626,142.0918348365168,14,1
114141,6627,142.80095013808605,14,1
114155,6628,135.03285634827782,14,1
114169,6629,141.44432895372998,14,1
114183,6630,142.3809329365134,14,1
114197,6631,144.17779712653436,14,1
114211,6632,130.96902984764773,14,1
114225,6633,136.1564609982801,14,1
114239,6634,134.7106553181875,14,1
114253,6635,128.84324600973937,14,1
114267,6636,143.52836576971126,14,1
114281,6637,140.74378905729913,14,1
114295,6638,132.1192060425818,14,1
114309,6639,133.43688832944534,14,1
114323,6640,142.4870131904023,14,1
114337,6641,143.6299799022864,14,1
114351,6642,141.50804686303655,14,1
114365,6643,132.9062922036888,14,1
114379,6644,143.1171068427448,14,1
114393,6645,134.19892130531707,14,1
114407,6646,135.16439827248368,14,1
114421,6647,131.3749520998551,14,1
114435,6648,130.25704627681884,14,1
114449,6649,130.66004483887536,14,1
114463,6650,111.8251997090691,14,1
114477,6651,133.1342147444058,14,1
114491,6652,141.78336793701456,14,1
114505,6653,133.54710409312173,14,1
114519,6654,141.7092489689119,14,1
114533,6655,125.417453957976,14,1
114547,6656,139.93131092929858,14,1
114561,6657,132.50846565567892,14,1
114575,6658,133.7530927299311,14,1
114589,6659,135.0461310307761,14,1
114603,6660,142.34552205669485,14,1
114617,6661,141.23825809947073,14,1
114631,6662,135.52757456945335,14,1
114645,6663,132.5719456310142,14,1
114659,6664,144.25653414427765,14,1
114673,6665,131.4031375947125,14,1
114687,6666,131.06567911643228,14,1
114701,6667,133.23668239845378,14,1
114715,6668,142.96244538906274,14,1
114729,6669,131.54794379642996,14,1
114743,6670,114.91381825767652,14,1
114757,6671,129.35312870868896,14,1
114771,6672,133.45071764485053,14,1
114785,6673,134.52710181462902,14,1
114799,6674,133.43702953787974,14,1
114813,6675,130.4285241528941,14,1
114827,6676,98.96626169154602,14,1
114841,6677,128.82395492773006,14,1
114855,6678,119.57929886422855,14,1
114869,6679,141.31643768741392,14,1
114883,6680,128.91388834939042,14,1
114897,6681,143.51425218661703,14,1
114911,6682,142.98880188637995,14,1
114925,6683,131.40296846950352,14,1
114939,6684,122.70026427617856,14,1
114953,6685,143.60948042688034,14,1
114967,6686,142.37442663800778,14,1
114981,6687,127.68121248106375,14,1
114995,6688,135.76470039956428,14,1
115009,6689,134.38689741809185,14,1
115023,6690,141.8926648643199,14,1
115037,6691,130.54074050020813,14,1
115051,6692,109.85404569902173,14,1
115065,6693,120.09995801220882,14,1
115079,6694,132.40430450189834,14,1
115093,6695,129.78361687714684,14,1
115107,6696,141.85576255151625,14,1
115121,6697,122.52297262071215,14,1
115135,6698,125.49205079945416,14,1
115149,6699,106.57051339300587,14,1
115163,6700,142.09735965147334,14,1
115177,6701,125.4451493382234,14,1
115191,6702,121.74198802052149,14,1
115205,6703,128.78102305551403,14,1
115219,6704,133.40294373470098,14,1
115233,6705,142.66566761388182,14,1
115247,6706,141.78509699268758,14,1
115261,6707,142.4895296431119,14,1
115275,6708,133.79186579790263,14,1
115289,6709,135.5642876500274,14,1
115303,6710,119.30068028970202,14,1
115317,6711,135.51949535157576,14,1
115331,6712,135.6260480398019,14,1
115345,6713,139.78107673531855,14,1
115359,6714,127.81501800686021,14,1
115373,6715,126.87577804501849,14,1
115387,6716,131.66263511890403,14,1
115401,6717,127.23197226874193,14,1
115415,6718,142.15182332886758,14,1
115429,6719,128.27077927924861,14,1
115443,6720,130.90044390973236,14,1
115457,6721,141.99284235277432,14,1
115471,6722,134.33425642452332,14,1
115486,6723,128.5971347589309,15,1
115500,6724,128.5031914979039,14,1
115514,6725,121.52298914167348,14,1
115528,6726,143.14701750604263,14,1
115542,6727,142.35442668666374,14,1
115556,6728,123.23992045611843,14,1
115570,6729,119.02977846785478,14,1
115584,6730,135.2973964229903,14,1
115598,6731,113.93734724753979,14,1
115612,6732,141.79095168039413,14,1
115626,6733,142.21123808926893,14,1
115640,6734,136.17781972764863,14,1
115654,6735,134.51741025593427,14,1
115668,6736,134.77310764335357,14,1
115682,6737,129.0344979375879,14,1
115696,6738,143.2485614372459,14,1
115710,6739,135.2953175981343,14,1
115724,6740,135.2379426480145,14,1
115738,6741,136.08939163278487,14,1
115752,6742,141.45008354324972,14,1
115766,6743,133.34110672936666,14,1
115780,6744,142.4622908237091,14,1
115794,6745,128.9015259155551,14,1
115808,6746,130.92750196901014,14,1
115822,6747,141.37134889386024,14,1
115836,6748,120.35715828064126,14,1
115850,6749,123.51687265353412,14,1
115864,6750,143.36802509731217,14,1
115878,6751,136.1364333135805,14,1
115892,6752,143.43180756537836,14,1
115906,6753,121.08711107171251,14,1
115920,6754,126.00796445193572,14,1
115934,6755,134.90598152290357,14,1
115948,6756,124.5491775019852,14,1
115962,6757,143.3844777313218,14,1
115976,6758,142.47146704028495,14,1
115990,6759,131.70191824854868,14,1
116004,6760,125.64181100890072,14,1
116018,6761,126.87122887426644,14,1
116032,6762,141.30809373346318,14,1
116046,6763,134.26066526897827,14,1
116060,6764,128.56412134896902,14,1
116074,6765,143.49809841375318,14,1
116088,6766,142.78859694428968,14,1
116102,6767,132.30223190391592,14,1
116116,6768,130.99562905143213,14,1
116130,6769,134.26217645536107,14,1
116144,6770,134.11271401991064,14,1
116158,6771,127.07777885423623,14,1
116172,6772,130.27653531268422,14,1
116186,6773,127.76953291901535,14,1
116201,6774,142.41024179750477,15,1
116215,6775,113.50671723267058,14,1
116229,6776,125.88721615648016,14,1
116243,6777,142.5655065927651,14,1
116257,6778,124.70017783716979,14,1
116271,6779,132.89268474369393,14,1
116285,6780,130.44968182600485,14,1
116299,6781,135.55883929761862,14,1
116313,6782,135.3124827298811,14,1
116327,6783,142.15727644833908,14,1
116341,6784,135.56351811201185,14,1
116355,6785,121.42765126950458,14,1
116369,6786,112.33833432024942,14,1
116383,6787,141.99517982167285,14,1
116397,6788,144.4343738351263,14,1
116411,6789,136.08964019466367,14,1
116425,6790,129.12668707374186,14,1
116439,6791,132.64462031343,14,1
116453,6792,135.73008814361734,14,1
116467,6793,131.866061133968,14,1
116481,6794,144.3513654783386,14,1
116495,6795,132.60586407879813,14,1
116509,6796,141.76257457519216,14,1
116523,6797,129.08884870027845,14,1
116537,6798,131.79781813289486,14,1
116551,6799,142.18239032535152,14,1
116565,6800,131.21073723425462,14,1
116579,6801,143.8833062200994,14,1
116593,6802,133.69734576974514,14,1
116607,6803,134.80255043520208,14,1
116621,6804,144.6197717921609,14,1
116635,6805,142.61189151741635,14,1
116649,6806,133.68195042489288,14,1
116663,6807,144.42845750877296,14,1
116677,6808,142.5902342129424,14,1
116691,6809,133.47523562408995,14,1
116705,6810,142.7223997805754,14,1
116719,6811,142.90412384089984,14,1
116733,6812,136.28779366265192,14,1
116747,6813,141.34194223293804,14,1
116761,6814,129.36388856045818,14,1
116775,6815,133.96808891537626,14,1
116789,6816,143.26932199730746,14,1
116803,6817,127.14234727025456,14,1
116817,6818,142.91016714684923,14,1
116831,6819,142.15886574472012,14,1
116845,6820,141.1610823277266,14,1
116859,6821,134.8442870160153,14,1
116873,6822,135.38486670301896,14,1
116887,6823,143.0820503729368,14,1
116901,6824,143.26967028122752,14,1
116915,6825,141.4697410162538,14,1
116929,6826,134.90938198488448,14,1
116943,6827,134.49258334067247,14,1
116957,6828,132.5941180031268,14,1
116971,6829,136.38671754836534,14,1
116985,6830,127.7125618946951,14,1
116999,6831,131.8101195296722,14,1
117013,6832,141.60560507958348,14,1
117027,6833,141.51818698180668,14,1
117041,6834,143.56239942965294,14,1
117055,6835,130.07882775283258,14,1
117069,6836,135.42707761983777,14,1
117084,6837,127.86336997798661,15,1
117098,6838,143.34144055686977,14,1
117112,6839,141.9156791356331,14,1
117126,6840,142.35618035759808,14,1
117140,6841,119.04588493064192,14,1
117154,6842,141.88722943433478,14,1
117168,6843,130.59523810688196,14,1
117182,6844,144.30777072658438,14,1
117196,6845,134.0059147747469,14,1
117210,6846,141.3887098528,14,1
117224,6847,119.62224448479144,14,1
117239,6848,124.00504866285466,15,1
117253,6849,130.2657117223712,14,1
117267,6850,143.61168736675413,14,1
117281,6851,133.32872293714806,14,1
117295,6852,144.18533776384922,14,1
117309,6853,130.14270060640513,14,1
117323,6854,141.2462167893544,14,1
117337,6855,134.92690603705148,14,1
117351,6856,142.33326714119454,14,1
117365,6857,126.31601173197116,14,1
117379,6858,131.2453420104503,14,1
117393,6859,141.4419063628405,14,1
117407,6860,135.18678447193054,14,1
117421,6861,142.40127838719536,14,1
117435,6862,135.9147415485633,14,1
117449,6863,133.90219965836332,14,1
117463,6864,118.56151497816856,14,1
117477,6865,143.54983633330684,14,1
117491,6866,144.14197448295232,14,1
117505,6867,120.0839789292361,14,1
117519,6868,134.8545630415772,14,1
117533,6869,142.42569578787385,14,1
117547,6870,143.48463348457102,14,1
117561,6871,112.31802865524402,14,1
117575,6872,142.41521099890576,14,1
117589,6873,131.65013653742196,14,1
117603,6874,142.95881068062272,14,1
117617,6875,144.31787500035276,14,1
117631,6876,128.04533531049913,14,1
117645,6877,134.19571591723786,14,1
117659,6878,142.5689651560955,14,1
117673,6879,109.35999681569913,14,1
117687,6880,132.63126119971596,14,1
117701,6881,125.18276593728703,14,1
117715,6882,140.99391247683673,14,1
117729,6883,121.44262725390614,14,1
117743,6884,132.2430078837718,14,1
117757,6885,134.99568188127037,14,1
117771,6886,129.24806374373676,14,1
117785,6887,110.64734681989725,14,1
117799,6888,124.65067557604267,14,1
117813,6889,143.52809981089953,14,1
117827,6890,129.12729121672578,14,1
117841,6891,133.23930181618226,14,1
117855,6892,143.23370370376983,14,1
117869,6893,143.17467630691368,14,1
117883,6894,143.7647541302395,14,1
117897,6895,132.99903895520555,14,1
117911,6896,141.7565733852122,14,1
117925,6897,135.63630389588235,14,1
117939,6898,131.56452069192696,14,1
117953,6899,134.19747740210164,14,1
117967,6900,141.52203843065308,14,1
117981,6901,129.17394009269796,14,1
117995,6902,123.76017932055666,14,1
118009,6903,123.47700056053074,14,1
118023,6904,134.2827280961918,14,1
118037,6905,134.26314466713126,14,1
118051,6906,135.52102001636985,14,1
118065,6907,141.80531391144316,14,1
118079,6908,140.75080828733778,14,1
118093,6909,142.3609097440239,14,1
118107,6910,134.0322960220444,14,1
118121,6911,131.26120244805261,14,1
118135,6912,124.5882963158745,14,1
118149,6913,121.57723940433222,14,1
118163,6914,130.7851601396823,14,1
118177,6915,123.37826011558064,14,1
118191,6916,141.93838551695194,14,1
118205,6917,131.73736375901964,14,1
118219,6918,142.23669543459692,14,1
118233,6919,130.6444607693581,14,1
118247,6920,130.27161843422158,14,1
118261,6921,105.78614079396836,14,1
118275,6922,132.97369420043572,14,1
118289,6923,127.07382572060924,14,1
118303,6924,131.9988878010758,14,1
118317,6925,133.24396770248896,14,1
118331,6926,135.47614842264767,14,1
118345,6927,132.92921080877025,14,1
118359,6928,131.6087550200227,14,1
118373,6929,111.28537892810711,14,1
118387,6930,144.58216447992456,14,1
118401,6931,135.5995904980869,14,1
118415,6932,134.74175745727547,14,1
118429,6933,130.35841624088667,14,1
118443,6934,134.6133036085292,14,1
118457,6935,144.0426657464411,14,1
118471,6936,134.58071747737966,14,1
118485,6937,122.53524407647437,14,1
118499,6938,134.40480788126774,14,1
118513,6939,135.66993011135386,14,1
118527,6940,134.15186527805793,14,1
118541,6941,143.2319436276377,14,1
118555,6942,128.61348582911558,14,1
118569,6943,141.7051905837419,14,1
118583,6944,140.86478811526356,14,1
118597,6945,144.17538721453343,14,1
118611,6946,128.47702232820427,14,1
118625,6947,127.92731834304016,14,1
118639,6948,136.2807866627415,14,1
118653,6949,142.74473866829075,14,1
118667,6950,131.82906984128638,14,1
118681,6951,143.59420714901276,14,1
118695,6952,135.07070384422389,14,1
118709,6953,134.96727686805383,14,1
118723,6954,142.03860906236866,14,1
118737,6955,134.58509504173676,14,1
118751,6956,131.8816164481608,14,1
118765,6957,132.0537041149792,14,1
118779,6958,125.61025842623927,14,1
118793,6959,130.0893491582762,14,1
118807,6960,141.71408248185202,14,1
118821,6961,101.87170490670239,14,1
118835,6962,141.79407040601117,14,1
118849,6963,141.7975065035127,14,1
118863,6964,134.80052961036444,14,1
118877,6965,143.60338917924236,14,1
118891,6966,141.96401523090265,14,1
118905,6967,143.4595270230905,14,1
118919,6968,142.00613666076188,14,1
118933,6969,140.434323550119,14,1
118947,6970,142.98747802201856,14,1
118961,6971,136.03572697089925,14,1
118975,6972,132.70425384976448,14,1
118989,6973,133.68676501701356,14,1
119003,6974,134.99123457264068,14,1
119017,6975,132.5490256255778,14,1
119031,6976,142.5600090612336,14,1
119045,6977,142.25270053195715,14,1
119059,6978,135.5370240606223,14,1
119073,6979,142.77509812410736,14,1
119087,6980,128.06405022597244,14,1
119101,6981,141.8282956709943,14,1
119115,6982,142.98216543850228,14,1
119129,6983,143.6751711524174,14,1
119143,6984,135.60765708531738,14,1
119157,6985,132.76817444856522,14,1
119171,6986,142.4919521644366,14,1
119185,6987,142.57925256730041,14,1
119199,6988,141.99946441814492,14,1
119213,6989,125.07761656085782,14,1
119227,6990,141.62955804333038,14,1
119241,6991,135.1174325798893,14,1
119255,6992,129.44821824772845,14,1
119269,6993,135.7307178269696,14,1
119283,6994,133.32040775809097,14,1
119297,6995,133.97987695063105,14,1
119311,6996,141.98656761599256,14,1
119325,6997,133.82581036169242,14,1
119339,6998,144.42651446630353,14,1
119353,6999,142.84052328005697,14,1
119367,7000,142.7255789678801,14,1
119381,7001,143.20587095990535,14,1
119395,7002,142.3394317723968,14,1
119409,7003,131.48055803575497,14,1
119423,7004,142.94753089159627,14,1
119437,7005,132.09650156954064,14,1
119451,7006,94.64732988045334,14,1
119465,7007,120.96693120496515,14,1
119479,7008,143.18473259132432,14,1
119493,7009,132.0702192439889,14,1
119507,7010,136.12306518266138,14,1
119521,7011,132.66363763672408,14,1
119535,7012,134.9485514185057,14,1
119549,7013,135.0796637170236,14,1
119563,7014,144.64676787783455,14,1
119577,7015,112.43470134794724,14,1
119591,7016,129.82342523389013,14,1
119605,7017,130.49391687107607,14,1
119619,7018,128.431992807938,14,1
119633,7019,142.41212640857196,14,1
119647,7020,141.3234767661363,14,1
119661,7021,129.86413476449513,14,1
119675,7022,141.8054903316146,14,1
119689,7023,141.82891280646697,14,1
119703,7024,122.01985777428321,14,1
119717,7025,141.9977352607796,14,1
119731,7026,128.123678504671,14,1
119745,7027,122.61827278529172,14,1
119759,7028,130.03576831290144,14,1
119773,7029,143.5772952888388,14,1
119787,7030,132.95333365924057,14,1
119801,7031,133.5079431898876,14,1
119815,7032,142.25331209620356,14,1
119829,7033,131.842397265069,14,1
119843,7034,131.01120371599512,14,1
119857,7035,133.92364420906807,14,1
119871,7036,132.71209150551695,14,1
119885,7037,142.89241719826532,14,1
119899,7038,129.7363586111324,14,1
119913,7039,130.98306069764953,14,1
119927,7040,140.7366313217608,14,1
119941,7041,135.4616714544482,14,1
119955,7042,130.69794332765736,14,1
119969,7043,143.1386014352997,14,1
119983,7044,144.18719523859374,14,1
119997,7045,144.0166295539093,14,1
120011,7046,132.61902924847638,14,1
120025,7047,143.60484496967135,14,1
120039,7048,141.778948268306,14,1
120053,7049,143.25780258040356,14,1
120067,7050,142.03031176938495,14,1
120081,7051,134.915968506636,14,1
120095,7052,143.2248392698732,14,1
120109,7053,143.26895032092222,14,1
120123,7054,142.73622209147013,14,1
120137,7055,142.61777605053098,14,1
120151,7056,134.8110925598984,14,1
120165,7057,130.19194939066108,14,1
120179,7058,130.53893935092296,14,1
120193,7059,127.24800227560502,14,1
120207,7060,132.18847554834144,14,1
120221,7061,144.22503706722807,14,1
120235,7062,126.65583825769838,14,1
120249,7063,130.2445572580937,14,1
120263,7064,115.29129484513115,14,1
120277,7065,136.0266264346099,14,1
120291,7066,142.0961710486266,14,1
120305,7067,141.7650101038041,14,1
120319,7068,134.0062901053449,14,1
120333,7069,119.8925250515623,14,1
120347,7070,143.76651107303636,14,1
120361,7071,123.74929458946598,14,1
120375,7072,135.26798756244284,14,1
120389,7073,129.8287941868984,14,1
120403,7074,120.91459822771166,14,1
120417,7075,113.96524623605688,14,1
120431,7076,129.92410353975194,14,1
120445,7077,142.91487967934168,14,1
120459,7078,140.64238232696925,14,1
120473,7079,129.06472934872298,14,1
120487,7080,143.79180740503278,14,1
120501,7081,133.11736045152102,14,1
120515,7082,122.45716096437728,14,1
120529,7083,140.81069013655994,14,1
120543,7084,134.32721355229222,14,1
120557,7085,133.11890894781146,14,1
120571,7086,143.76469172424038,14,1
120585,7087,142.3018967122623,14,1
120599,7088,135.26703693398613,14,1
120613,7089,143.46429150833853,14,1
120627,7090,133.34579356737788,14,1
120641,7091,133.3103240372568,14,1
120655,7092,129.80670159045695,14,1
120669,7093,115.82779941015197,14,1
120683,7094,130.90985544811494,14,1
120697,7095,123.62258356009379,14,1
120711,7096,125.98670713908407,14,1
120725,7097,130.70074927930517,14,1
120739,7098,133.86158933780317,14,1
120753,7099,131.93640329908956,14,1
120767,7100,127.8712040727356,14,1
120781,7101,132.8852511935058,14,1
120795,7102,142.45927928509744,14,1
120809,7103,126.99404538061326,14,1
120823,7104,125.1858985460755,14,1
120837,7105,124.98461230529477,14,1
120851,7106,142.8964487100276,14,1
120865,7107,128.58098060129663,14,1
120879,7108,142.74012713937228,14,1
120893,7109,142.73247399415774,14,1
120907,7110,130.95599535279007,14,1
120921,7111,141.646656041218,14,1
120935,7112,142.74426134003872,14,1
120949,7113,135.7319288318294,14,1
120963,7114,142.11734116756207,14,1
120977,7115,134.51445776704304,14,1
120991,7116,133.16516565516906,14,1
121005,7117,112.50076999948494,14,1
121019,7118,140.90155899923263,14,1
121033,7119,141.3238695340469,14,1
121047,7120,127.94735718322205,14,1
121061,7121,126.09637761068245,14,1
121075,7122,132.07749277986665,14,1
121089,7123,141.91718962971862,14,1
121103,7124,133.3044930182529,14,1
121117,7125,134.68096433928585,14,1
121131,7126,127.04553176095808,14,1
121145,7127,128.3665327279586,14,1
121159,7128,135.13192576716784,14,1
121173,7129,124.26303575735699,14,1
121187,7130,128.56298540956072,14,1
121201,7131,135.68979314284127,14,1
121215,7132,143.07801191604597,14,1
121229,7133,133.3453393188479,14,1
121243,7134,143.46279782480866,14,1
121257,7135,143.14572590399388,14,1
121271,7136,142.2788476952845,14,1
121285,7137,134.2836075012646,14,1
121299,7138,143.06643699548823,14,1
121313,7139,126.71401832170272,14,1
121327,7140,134.2718852094671,14,1
121341,7141,143.23179778659124,14,1
121355,7142,139.29829167606036,14,1
121369,7143,143.20903512113233,14,1
121383,7144,141.16796944222975,14,1
121397,7145,141.0727580289205,14,1
121411,7146,130.56722679106713,14,1
121425,7147,132.93764818359827,14,1
121439,7148,128.74064738559724,14,1
121453,7149,127.2638008139035,14,1
121467,7150,144.24861520199897,14,1
121481,7151,124.20440217396447,14,1
121495,7152,143.09869560127635,14,1
121509,7153,142.60599979575125,14,1
121523,7154,143.02826642385295,14,1
121537,7155,128.52339012060744,14,1
121551,7156,124.33963152349364,14,1
121565,7157,130.76841354689796,14,1
121579,7158,129.93833816786938,14,1
121593,7159,112.78431145802664,14,1
121607,7160,134.0322254112608,14,1
121621,7161,121.07328370335091,14,1
121635,7162,105.87884726421328,14,1
121649,7163,133.88145982031511,14,1
121663,7164,124.98183187630953,14,1
121677,7165,133.62368197152605,14,1
121691,7166,130.52981308293676,14,1
121705,7167,130.70932779594554,14,1
121719,7168,127.66846405247296,14,1
121733,7169,132.66169162797664,14,1
121747,7170,135.20390425569292,14,1
121761,7171,133.2023693478193,14,1
121775,7172,134.21176755238545,14,1
121789,7173,135.67157116728546,14,1
121803,7174,135.76538932339315,14,1
121817,7175,135.86907443464528,14,1
121831,7176,129.40244398771307,14,1
121845,7177,135.38422870397855,14,1
121859,7178,125.06370958304116,14,1
121873,7179,128.3564048741732,14,1
121887,7180,143.00900543838688,14,1
121901,7181,132.1186027991,14,1
121915,7182,143.6864792474157,14,1
121929,7183,132.60757851672054,14,1
121943,7184,128.88484136925095,14,1
121957,7185,126.59468404703148,14,1
121971,7186,129.98422027425073,14,1
121985,7187,122.84909167322536,14,1
121999,7188,134.63987769392403,14,1
122013,7189,134.40253673163284,14,1
122027,7190,141.72382256462123,14,1
122041,7191,135.61807401438807,14,1
122055,7192,111.08320434053987,14,1
122069,7193,123.65867966051829,14,1
122083,7194,132.18884750021877,14,1
122097,7195,128.61269994958928,14,1
122111,7196,117.59708186429687,14,1
122125,7197,132.7191627808862,14,1
122139,7198,129.1914995911625,14,1
122153,7199,126.85840767158736,14,1
122167,7200,106.1952958897445,14,1
122181,7201,129.39541343160067,14,1
122195,7202,141.6007765938562,14,1
122209,7203,111.1767691748508,14,1
122223,7204,120.51536935997285,14,1
122237,7205,124.39586055691474,14,1
122251,7206,125.08442880491617,14,1
122265,7207,111.23270485150368,14,1
122279,7208,125.81484024042389,14,1
122293,7209,134.64964644589435,14,1
122307,7210,134.52269033054029,14,1
122321,7211,135.4412479725666,14,1
122335,7212,122.29699631549911,14,1
122349,7213,135.48092680019207,14,1
122363,7214,134.8417859559002,14,1
122377,7215,143.0293449251569,14,1
122391,7216,134.8936171251615,14,1
122405,7217,128.55082346643184,14,1
122419,7218,126.1266242964934,14,1
122433,7219,143.13401122111816,14,1
122447,7220,96.34375790524642,14,1
122461,7221,133.57257314162115,14,1
122475,7222,129.0087207058091,14,1
122489,7223,132.79526491991138,14,1
122503,7224,131.73850570504098,14,1
122517,7225,129.60038995138498,14,1
122532,7226,131.4170486540555,15,1
122546,7227,143.31208078541005,14,1
122560,7228,123.06776542451252,14,1
122574,7229,141.14069296088545,14,1
122588,7230,113.414877101478,14,1
122602,7231,144.59303898031683,14,1
122616,7232,140.46792504169056,14,1
122630,7233,130.94755745891774,14,1
122644,7234,132.9531555277618,14,1
122658,7235,130.48377111433464,14,1
122672,7236,127.37943143413835,14,1
122686,7237,91.04467455860565,14,1
122700,7238,143.34252171819884,14,1
122714,7239,141.11432418683162,14,1
122728,7240,140.86871604310613,14,1
122742,7241,131.95802136200487,14,1
122756,7242,130.5339614045321,14,1
122770,7243,136.30979507180012,14,1
122784,7244,141.58543067510112,14,1
122798,7245,135.84373495434622,14,1
122812,7246,131.58954350425554,14,1
122826,7247,120.44114358978058,14,1
122840,7248,144.28606822593724,14,1
122854,7249,125.36548074785333,14,1
122868,7250,131.3302082998749,14,1
122882,7251,129.23604070931435,14,1
122896,7252,140.62872902607603,14,1
122910,7253,130.04969938076476,14,1
122924,7254,140.54901552605668,14,1
122938,7255,142.11027147277318,14,1
122952,7256,131.30193903956027,14,1
122966,7257,134.56864459080415,14,1
122980,7258,119.58622813538504,14,1
122994,7259,135.44103543266587,14,1
123008,7260,129.21407895053923,14,1
123022,7261,140.89182573886075,14,1
123036,7262,133.61993892458668,14,1
123050,7263,129.4126232527677,14,1
123064,7264,143.73357651188482,14,1
123078,7265,142.91918196865535,14,1
123092,7266,130.90035817377935,14,1
123106,7267,141.67286313456034,14,1
123120,7268,143.52279279081463,14,1
123134,7269,143.4033636090727,14,1
123148,7270,141.9283792003359,14,1
123162,7271,131.95192821782777,14,1
123176,7272,140.6802006070704,14,1
123190,7273,131.14530957103682,14,1
123204,7274,131.36814955851918,14,1
123218,7275,135.02343732818122,14,1
123232,7276,134.68266633266515,14,1
123246,7277,141.07717180887585,14,1
123260,7278,144.68184615819888,14,1
123274,7279,132.81426090846716,14,1
123288,7280,140.66551459348912,14,1
123302,7281,142.2397572385193,14,1
123316,7282,132.35914754825362,14,1
123330,7283,131.56023469391263,14,1
123344,7284,119.27058386545737,14,1
123358,7285,140.93638039427458,14,1
123372,7286,109.08226619643719,14,1
123386,7287,143.43953392368434,14,1
123400,7288,142.63364029032505,14,1
123414,7289,143.07423983923925,14,1
123428,7290,140.8085833751321,14,1
123442,7291,143.57107711040015,14,1
123456,7292,136.17963510373897,14,1
123470,7293,141.9347836694633,14,1
123484,7294,141.32448783748643,14,1
123498,7295,143.25457568483662,14,1
123512,7296,133.85751638270995,14,1
123526,7297,142.25742130600216,14,1
123540,7298,135.59785898739736,14,1
123554,7299,133.06937837128558,14,1
123568,7300,134.51187039792882,14,1
123582,7301,142.55321526770433,14,1
123596,7302,143.33904981102532,14,1
123610,7303,135.13486603695108,14,1
123624,7304,141.0498837562794,14,1
123638,7305,141.4484143679194,14,1
123652,7306,119.97420355941175,14,1
123666,7307,142.65868541307518,14,1
123680,7308,133.13919226699446,14,1
123694,7309,126.79410085312334,14,1
123708,7310,131.67745065679028,14,1
123723,7311,135.6453281942086,15,1
123737,7312,142.77623812548936,14,1
123751,7313,141.0598370969507,14,1
123765,7314,141.5897843592527,14,1
123779,7315,142.75928296737106,14,1
123793,7316,140.98478699604144,14,1
123807,7317,135.79359935861436,14,1
123821,7318,124.11684834630492,14,1
123835,7319,126.6495057248185,14,1
123849,7320,144.66606052454023,14,1
123863,7321,127.75029099208001,14,1
123877,7322,131.88945838824756,14,1
123891,7323,142.22210448430073,14,1
123905,7324,143.74537430283334,14,1
123919,7325,142.60873946652828,14,1
123933,7326,135.6921060111254,14,1
123947,7327,134.3578464677568,14,1
123961,7328,134.93884515246572,14,1
123975,7329,142.6567904570297,14,1
123989,7330,143.88685941019642,14,1
124003,7331,141.66796222943685,14,1
124017,7332,134.79279099252204,14,1
124031,7333,128.73523736463827,14,1
124045,7334,133.47250551150987,14,1
124059,7335,135.687734227413,14,1
124073,7336,130.7021708748249,14,1
124087,7337,133.50779628286065,14,1
124101,7338,125.11623669225318,14,1
124115,7339,127.97106757640152,14,1
124129,7340,131.30265333067706,14,1
124143,7341,130.385108523166,14,1
124157,7342,143.9233775881174,14,1
124171,7343,133.17195730981248,14,1
124185,7344,126.58432231135964,14,1
124199,7345,135.00142244166173,14,1
124213,7346,141.62165830055773,14,1
124227,7347,142.30834194090704,14,1
124241,7348,133.0948152323114,14,1
124255,7349,135.4687120964919,14,1
124269,7350,135.26951162904416,14,1
124283,7351,132.07322660134108,14,1
124297,7352,125.20067259947244,14,1
124311,7353,130.70531041870512,14,1
124325,7354,142.06182456542822,14,1
124339,7355,140.00037070064974,14,1
124353,7356,142.3925728387293,14,1
124367,7357,132.9682345495471,14,1
124381,7358,141.53954395924126,14,1
124395,7359,140.17216170234914,14,1
124409,7360,143.92787327519838,14,1
124423,7361,132.02192702446933,14,1
124437,7362,134.25718932802585,14,1
124451,7363,135.87848813178235,14,1
124465,7364,131.11003013486913,14,1
124479,7365,129.19605434482017,14,1
124493,7366,131.86642365704773,14,1
124507,7367,143.89432883529267,14,1
124521,7368,129.06880028164454,14,1
124536,7369,133.29974300812108,15,1
124550,7370,135.28797140097677,14,1
124564,7371,136.4894214702694,14,1
124578,7372,135.90003016680922,14,1
124592,7373,133.32346731945796,14,1
124606,7374,131.89899095405553,14,1
124620,7375,127.70166420579432,14,1
124634,7376,142.66919904476038,14,1
124648,7377,132.4148716161164,14,1
124662,7378,143.47087460912485,14,1
124676,7379,127.14107542362302,14,1
124690,7380,125.94994742681433,14,1
124704,7381,132.04459938426592,14,1
124718,7382,135.6640536235852,14,1
124732,7383,142.06626350072244,14,1
124746,7384,130.4114825015526,14,1
124760,7385,127.29036808476407,14,1
124774,7386,141.17136699005698,14,1
124788,7387,134.61709785043539,14,1
124802,7388,111.54817937234458,14,1
124816,7389,135.1992550801443,14,1
124830,7390,131.2522760578985,14,1
124844,7391,129.51219426483792,14,1
124858,7392,130.84611346214498,14,1
124872,7393,134.20145795750994,14,1
124886,7394,124.82153540306197,14,1
124900,7395,142.82742671987143,14,1
124914,7396,143.3026875581014,14,1
124928,7397,142.80084944108125,14,1
124942,7398,120.23189451736776,14,1
124956,7399,133.34859943824367,14,1
124970,7400,134.6249884988914,14,1
124984,7401,142.4128801096938,14,1
124998,7402,124.27414357707069,14,1
125012,7403,142.20048787446933,14,1
125026,7404,135.97987705037355,14,1
125040,7405,135.1319338805146,14,1
125054,7406,134.9177869950791,14,1
125068,7407,129.13007689530826,14,1
125082,7408,133.79156221701558,14,1
125096,7409,141.51010762887455,14,1
125110,7410,135.69867456115543,14,1
125124,7411,133.0747418808274,14,1
125138,7412,136.4859993698038,14,1
125152,7413,132.323705877831,14,1
125166,7414,128.0011207935444,14,1
125180,7415,134.71244403273823,14,1
125194,7416,142.07641723627066,14,1
125208,7417,127.82376460464758,14,1
125222,7418,133.9465580533018,14,1
125236,7419,133.5164255394053,14,1
125250,7420,128.86182653559726,14,1
125264,7421,129.46186915877948,14,1
125278,7422,131.5409304712195,14,1
125292,7423,141.2042188838906,14,1
125306,7424,142.54651030216783,14,1
125320,7425,131.72950715870593,14,1
125334,7426,132.5030251128073,14,1
125348,7427,135.9611312995315,14,1
125362,7428,126.46796715146778,14,1
125376,7429,140.2895195240204,14,1
125390,7430,141.72741200864127,14,1
125404,7431,128.13114522208815,14,1
125418,7432,135.37522344733205,14,1
125432,7433,136.33913175794035,14,1
125446,7434,134.97345845432267,14,1
125460,7435,129.01817257648204,14,1
125474,7436,134.89470965433088,14,1
125488,7437,136.0405714761898,14,1
125502,7438,141.60197808251937,14,1
125516,7439,133.99023098297818,14,1
125530,7440,142.44378329788822,14,1
125544,7441,131.35394982125393,14,1
125558,7442,127.89734896226193,14,1
125572,7443,142.31831604556115,14,1
125586,7444,135.0578473012841,14,1
125600,7445,128.66528424343036,14,1
125614,7446,142.86975120562522,14,1
125628,7447,132.03617925500774,14,1
125642,7448,132.3759587380809,14,1
125656,7449,131.47491327178608,14,1
125670,7450,140.9083697736192,14,1
125684,7451,142.390556195822,14,1
125698,7452,132.96497975944752,14,1
125712,7453,131.17448434865577,14,1
125726,7454,126.14915614548316,14,1
125740,7455,134.8412631533349,14,1
125754,7456,136.04130515702144,14,1
125768,7457,129.44600642103643,14,1
125782,7458,130.87429385043492,14,1
125796,7459,129.509701710173,14,1
125810,7460,126.36486962423548,14,1
125824,7461,131.8763990536419,14,1
125838,7462,142.53355983950505,14,1
125852,7463,143.95841524396246,14,1
125866,7464,136.03653544708104,14,1
125880,7465,127.99254228122453,14,1
125894,7466,143.08093693200388,14,1
125908,7467,133.03176471199208,14,1
125922,7468,134.62929227813936,14,1
125936,7469,125.82382080531403,14,1
125950,7470,143.40719748339208,14,1
125964,7471,129.53351728843307,14,1
125978,7472,130.28254310212694,14,1
125992,7473,125.57238450080024,14,1
126006,7474,135.82810900779694,14,1
126020,7475,129.86531417030454,14,1
126034,7476,113.57285545398106,14,1
126048,7477,134.730362917726,14,1
126062,7478,142.74488769669583,14,1
126076,7479,129.80250873030408,14,1
126090,7480,131.60591377720962,14,1
126104,7481,127.80236369203905,14,1
126118,7482,134.70942137726638,14,1
126132,7483,125.58272170711611,14,1
126146,7484,142.83058642114307,14,1
126160,7485,132.45550718663534,14,1
126174,7486,131.68528024031306,14,1
126188,7487,128.81282683242256,14,1
126202,7488,144.14079580972177,14,1
126216,7489,133.95979614014044,14,1
126230,7490,131.6977953116842,14,1
126244,7491,134.62603244788733,14,1
126258,7492,141.74693967938566,14,1
126272,7493,131.06927112902417,14,1
126286,7494,141.47832154849982,14,1
126300,7495,133.58484208071715,14,1
126314,7496,129.66635173372163,14,1
126328,7497,142.95339736118993,14,1
126342,7498,142.752078992476,14,1
126356,7499,141.40891467821737,14,1
126370,7500,134.23672836520043,14,1
126384,7501,143.10616344159922,14,1
126398,7502,136.30525028130563,14,1
126412,7503,135.06651922519424,14,1
126426,7504,134.10240332212558,14,1
126440,7505,135.09254086518666,14,1
126454,7506,130.16145002837405,14,1
126468,7507,135.20064270059078,14,1
126482,7508,143.9650012317388,14,1
126496,7509,136.28995233031503,14,1
126510,7510,129.35277062837253,14,1
126524,7511,133.51063590920177,14,1
126538,7512,124.59971784561549,14,1
126552,7513,135.63759684369083,14,1
126566,7514,144.0241770844899,14,1
126580,7515,128.13491854113582,14,1
126594,7516,125.20058028908375,14,1
126608,7517,140.57761455682865,14,1
126622,7518,143.28894557885553,14,1
126636,7519,135.2155447786552,14,1
126650,7520,134.37393623099737,14,1
126664,7521,141.8020486560338,14,1
126678,7522,141.94160042622724,14,1
126692,7523,141.55925586445318,14,1
126706,7524,129.81100531446933,14,1
126720,7525,142.3049663722958,14,1
126734,7526,131.0843478800094,14,1
126748,7527,130.98198509993787,14,1
126762,7528,133.7735753661161,14,1
126776,7529,141.59773331857383,14,1
126790,7530,126.08194679105647,14,1
126804,7531,141.8096419061538,14,1
126818,7532,135.1260333675258,14,1
126832,7533,134.159858103282,14,1
126846,7534,143.96142910575009,14,1
126860,7535,134.69722418116416,14,1
126874,7536,121.72341077128604,14,1
126888,7537,98.05862834602398,14,1
126902,7538,140.9326650401956,14,1
126916,7539,142.32392535402462,14,1
126930,7540,133.9665801716211,14,1
126944,7541,133.4340094499554,14,1
126958,7542,135.06547952370886,14,1
126972,7543,110.98564245195756,14,1
126986,7544,142.0305473676491,14,1
127000,7545,131.2673006497726,14,1
127014,7546,128.86734803577045,14,1
127028,7547,143.12707322761273,14,1
127042,7548,125.79089831062939,14,1
127056,7549,132.0032673330576,14,1
127070,7550,133.3623195920259,14,1
127084,7551,132.6347497896808,14,1
127098,7552,109.7138762081116,14,1
127112,7553,113.46643029498779,14,1
127126,7554,124.41897882233188,14,1
127140,7555,142.64019608479933,14,1
127154,7556,142.3650526121886,14,1
127168,7557,119.17443876309675,14,1
127182,7558,131.7543374065698,14,1
127196,7559,124.04744005090647,14,1
127210,7560,134.40634886602192,14,1
127224,7561,134.76117958031855,14,1
127238,7562,134.33544698944533,14,1
127252,7563,133.36739951215773,14,1
127266,7564,135.51846082552137,14,1
127280,7565,108.28800974856138,14,1
127294,7566,128.2686648751797,14,1
127308,7567,134.37520831706746,14,1
127322,7568,133.8487855082015,14,1
127336,7569,143.68512365083072,14,1
127350,7570,143.53151267871357,14,1
127364,7571,143.39125337745003,14,1
127378,7572,141.91485410261748,14,1
127392,7573,143.11888515658066,14,1
127406,7574,119.22054208624104,14,1
127420,7575,135.60463266621824,14,1
127434,7576,123.10794053143587,14,1
127448,7577,135.60879288866028,14,1
127462,7578,131.91750414819137,14,1
127476,7579,132.96810921682908,14,1
127490,7580,142.22668704125655,14,1
127504,7581,133.3571429032296,14,1
127518,7582,141.99758399455084,14,1
127532,7583,141.44488106444106,14,1
127546,7584,141.75684029687966,14,1
127560,7585,141.29849193757215,14,1
127574,7586,128.88974261368168,14,1
127588,7587,132.56434717770563,14,1
127602,7588,132.32358748931645,14,1
127616,7589,135.79093542988954,14,1
127630,7590,142.74322484437656,14,1
127644,7591,142.16600355372452,14,1
127658,7592,131.4508006973013,14,1
127672,7593,143.81163510000846,14,1
127686,7594,143.81991278277812,14,1
127700,7595,134.43965404618126,14,1
127714,7596,133.55200656852915,14,1
127728,7597,142.690158393466,14,1
127742,7598,144.51326333432576,14,1
127756,7599,130.78816124056345,14,1
127770,7600,140.83496548476137,14,1
127784,7601,130.19288979021542,14,1
127798,7602,131.9497058692205,14,1
127812,7603,133.17455383070146,14,1
127826,7604,123.47144994534769,14,1
127840,7605,128.4882511337235,14,1
127854,7606,109.58074833184251,14,1
127868,7607,126.26462448966377,14,1
127882,7608,135.0600788163552,14,1
127896,7609,124.57208601522018,14,1
127910,7610,127.01645254030979,14,1
127924,7611,140.73554314102088,14,1
127938,7612,132.35055945741036,14,1
127952,7613,128.42464935270766,14,1
127966,7614,130.33796900266876,14,1
127980,7615,142.5127385411292,14,1
127994,7616,144.1337173753238,14,1
128008,7617,134.50428331876194,14,1
128022,7618,135.63492877578042,14,1
128036,7619,130.3658081097926,14,1
128050,7620,127.87794389798,14,1
128064,7621,142.794446630264,14,1
128078,7622,124.40704359451806,14,1
128092,7623,142.46798897053375,14,1
128106,7624,134.26659980801242,14,1
128120,7625,135.38302198358133,14,1
128134,7626,121.80477353553309,14,1
128148,7627,135.29903807644084,14,1
128162,7628,134.3980819172109,14,1
128176,7629,143.4728001755023,14,1
128190,7630,141.66487035445311,14,1
128204,7631,133.44811073977002,14,1
128218,7632,134.1018080998782,14,1
128232,7633,131.94079073499654,14,1
128246,7634,105.9526646309053,14,1
128260,7635,130.92214522082918,14,1
128274,7636,127.714566334418,14,1
128288,7637,135.3199774165856,14,1
128302,7638,129.0774681805943,14,1
128316,7639,119.5949625631185,14,1
128330,7640,130.65279478153604,14,1
128344,7641,136.34677362825326,14,1
128358,7642,142.2560786146733,14,1
128372,7643,135.1528780708924,14,1
128386,7644,126.41462795155653,14,1
128400,7645,135.0922319013481,14,1
128414,7646,126.64856859635381,14,1
128428,7647,120.52235684427956,14,1
128442,7648,128.44937064909374,14,1
128456,7649,128.4569995845603,14,1
128470,7650,142.09093722727246,14,1
128484,7651,133.34648379887918,14,1
128498,7652,121.8951163649626,14,1
128512,7653,126.26509040029262,14,1
128526,7654,130.85368519825064,14,1
128540,7655,135.3005146183123,14,1
128554,7656,135.76353880055333,14,1
128568,7657,136.38517602084437,14,1
128582,7658,142.15266798476026,14,1
128596,7659,130.86984268986592,14,1
128610,7660,131.0557601546438,14,1
128624,7661,128.61051342946308,14,1
128638,7662,130.3276975392549,14,1
128652,7663,129.28206770855607,14,1
128666,7664,127.32400184252869,14,1
128680,7665,131.33048840306216,14,1
128694,7666,133.20636182215785,14,1
128708,7667,127.96156095704924,14,1
128722,7668,130.82925407514784,14,1
128736,7669,127.63390492651824,14,1
128750,7670,127.54735880015484,14,1
128764,7671,142.5460264482368,14,1
128778,7672,132.0407568054179,14,1
128795,7673,142.98742685239387,17,1
128809,7674,127.13748745492131,14,1
128823,7675,142.10698913292188,14,1
128838,7676,141.39520828673986,15,1
128852,7677,142.20853759182657,14,1
128866,7678,127.78895812316605,14,1
128880,7679,131.0699143055262,14,1
128894,7680,142.39436711046116,14,1
128908,7681,143.43870272534704,14,1
128922,7682,144.10969015434358,14,1
128936,7683,134.37786288346283,14,1
128950,7684,128.05924710033355,14,1
128964,7685,143.5529859227447,14,1
128978,7686,142.9009672509762,14,1
128992,7687,143.88095612224242,14,1
129006,7688,134.02380776482065,14,1
129020,7689,132.35338349078026,14,1
129035,7690,133.15522120872365,15,1
129049,7691,133.2564562098024,14,1
129063,7692,140.1669217854004,14,1
129077,7693,142.13522869342498,14,1
129091,7694,141.1404055764436,14,1
129105,7695,112.73806471409902,14,1
129119,7696,126.82990544823598,14,1
129133,7697,135.11110667602256,14,1
129147,7698,136.281452198505,14,1
129161,7699,142.81604933103554,14,1
129175,7700,134.927197970366,14,1
129189,7701,125.14868373762936,14,1
129203,7702,129.3863721008551,14,1
129217,7703,141.61002819740497,14,1
129231,7704,123.13138316009456,14,1
129245,7705,135.92381967239282,14,1
129259,7706,127.74686007063674,14,1
129273,7707,133.82507388893617,14,1
129287,7708,131.8549333589447,14,1
129301,7709,133.3701338681605,14,1
129315,7710,142.79842995533986,14,1
129329,7711,142.57724911445285,14,1
129343,7712,132.97409429365646,14,1
129357,7713,133.5584312359547,14,1
129371,7714,131.91785071229847,14,1
129385,7715,143.0066271957442,14,1
129399,7716,143.23901528444773,14,1
129413,7717,143.5885367456409,14,1
129427,7718,127.07751290342611,14,1
129441,7719,124.25641450806138,14,1
129455,7720,142.67103048511507,14,1
129469,7721,129.0189772951787,14,1
129483,7722,141.6033680097383,14,1
129497,7723,142.04103168260698,14,1
129511,7724,119.52251876099727,14,1
129525,7725,142.85782248079917,14,1
129539,7726,119.76416800509644,14,1
129553,7727,133.59123790640746,14,1
129567,7728,130.14610094610464,14,1
129581,7729,133.9023415909887,14,1
129595,7730,135.2883429396952,14,1
129609,7731,142.53294707846462,14,1
129623,7732,142.28932852448537,14,1
129637,7733,126.68612313222464,14,1
129651,7734,134.78277348594963,14,1
129665,7735,131.9728703987567,14,1
129679,7736,132.4226290859408,14,1
129693,7737,142.96954266358173,14,1
129707,7738,121.4849189249352,14,1
129721,7739,144.06191951384244,14,1
129735,7740,134.65018924751328,14,1
129749,7741,140.52781072949054,14,1
129763,7742,143.5535786506468,14,1
129777,7743,129.88874216994506,14,1
129791,7744,142.63429715530773,14,1
129805,7745,133.40660638107596,14,1
129819,7746,128.04597832308332,14,1
129833,7747,132.3059103722259,14,1
129847,7748,135.06970111753392,14,1
129861,7749,141.99301399659254,14,1
129875,7750,142.32175438734012,14,1
129889,7751,133.91890875646206,14,1
129903,7752,141.7120262372878,14,1
129917,7753,134.93823144138702,14,1
129931,7754,134.8558448542017,14,1
129945,7755,133.3941893679193,14,1
129959,7756,133.61131514910304,14,1
129973,7757,126.85886671628585,14,1
129987,7758,135.26764248065544,14,1
130001,7759,134.37050273228502,14,1
130015,7760,141.3344007333828,14,1
130029,7761,131.90443500831552,14,1
130043,7762,123.56140189702893,14,1
130057,7763,130.53842310752506,14,1
130071,7764,144.15990103746842,14,1
130085,7765,141.62168660936692,14,1
130099,7766,142.878625659169,14,1
130113,7767,136.48136631960085,14,1
130127,7768,142.04500142903467,14,1
130141,7769,142.9937602663801,14,1
130155,7770,135.00757333979473,14,1
130169,7771,134.66211657831798,14,1
130183,7772,141.67937339393643,14,1
130197,7773,132.24629243765838,14,1
130211,7774,143.25946753932325,14,1
130225,7775,140.8875514877263,14,1
130239,7776,142.40826049954853,14,1
130253,7777,143.70483422632597,14,1
130267,7778,143.52242955441034,14,1
130281,7779,141.4564265407595,14,1
130295,7780,134.38040390645034,14,1
130309,7781,140.8745171422734,14,1
130323,7782,144.22174510732566,14,1
130337,7783,132.3431991078037,14,1
130351,7784,126.22879195074448,14,1
130365,7785,142.41946983945587,14,1
130379,7786,144.10231776295956,14,1
130393,7787,124.73316543973569,14,1
130407,7788,132.77856470117186,14,1
130421,7789,139.7875652512126,14,1
130435,7790,132.52722900173336,14,1
130449,7791,144.1694619163944,14,1
130463,7792,135.19078253347584,14,1
130477,7793,136.055215913167,14,1
130491,7794,132.88385607228017,14,1
130505,7795,132.96463841125538,14,1
130519,7796,133.62529933043265,14,1
130533,7797,141.89634509921578,14,1
130547,7798,144.32531033881594,14,1
130561,7799,128.87712635049098,14,1
130575,7800,144.18048125372033,14,1
130589,7801,135.52324192986794,14,1
130603,7802,141.71458914048412,14,1
130617,7803,132.99127228147907,14,1
130631,7804,124.08046763922692,14,1
130645,7805,131.54524047183324,14,1
130659,7806,143.4778929731768,14,1
130673,7807,133.39469265139022,14,1
130687,7808,130.0581392355785,14,1
130701,7809,141.18056795043867,14,1
130715,7810,133.3974515429972,14,1
130729,7811,142.636072749735,14,1
130743,7812,142.20539689485284,14,1
130757,7813,140.40082466524376,14,1
130771,7814,134.07858964334497,14,1
130785,7815,134.72467337301336,14,1
130799,7816,141.37604558528326,14,1
130813,7817,141.834671488824,14,1
130827,7818,134.27188766885425,14,1
130844,7819,125.1513477150996,17,1
130858,7820,135.0704371430814,14,1
130872,7821,142.22978386328768,14,1
130886,7822,134.28178568327994,14,1
130900,7823,130.02816513239776,14,1
130914,7824,143.72430346866258,14,1
130928,7825,132.2554790542674,14,1
130942,7826,143.75746101599594,14,1
130956,7827,143.2935549284717,14,1
130970,7828,133.9901311095914,14,1
130984,7829,132.97050389069824,14,1
130998,7830,129.859313431492,14,1
131012,7831,141.2198190349709,14,1
131026,7832,135.64632157662916,14,1
131040,7833,142.17261366121315,14,1
131054,7834,141.34043672898537,14,1
131068,7835,133.7956742756024,14,1
131082,7836,136.3224139877783,14,1
131096,7837,143.10424642657767,14,1
131110,7838,142.63251814740255,14,1
131124,7839,127.35465655357035,14,1
131138,7840,142.17770182996037,14,1
131152,7841,143.21381355904586,14,1
131166,7842,141.58506648650112,14,1
131180,7843,142.93850764742717,14,1
131194,7844,141.6116383364717,14,1
131208,7845,143.60949019883049,14,1
131222,7846,132.89983698548346,14,1
131236,7847,133.08847112969497,14,1
131250,7848,134.91512750756374,14,1
131264,7849,143.07494049827704,14,1
131278,7850,130.23570497858253,14,1
131292,7851,143.31086441913877,14,1
131306,7852,141.21175838321722,14,1
131320,7853,143.14406103460644,14,1
131334,7854,141.37618802249938,14,1
131348,7855,135.61347498456024,14,1
131362,7856,127.47187418301277,14,1
131376,7857,141.98096714746066,14,1
131390,7858,143.1615784752809,14,1
131404,7859,143.0551408354221,14,1
131418,7860,134.18347508451774,14,1
131432,7861,144.19702873892294,14,1
131446,7862,142.27763415267532,14,1
131460,7863,127.90617309038528,14,1
131474,7864,141.21744192141017,14,1
131488,7865,134.47428974158277,14,1
131502,7866,132.42229110185403,14,1
131516,7867,141.6592125919795,14,1
131530,7868,141.0290400819312,14,1
131544,7869,131.26758984810002,14,1
131558,7870,134.82270264780107,14,1
131572,7871,136.0729757517783,14,1
131586,7872,141.39824626470647,14,1
131600,7873,142.61450208494927,14,1
131614,7874,134.7315480733883,14,1
131628,7875,130.78658205509058,14,1
131642,7876,143.5874021921655,14,1
131656,7877,131.6602392943134,14,1
131670,7878,140.97712096723126,14,1
131684,7879,133.6037774434549,14,1
131698,7880,132.42555041880414,14,1
131712,7881,144.09185035226545,14,1
131726,7882,132.98067440069417,14,1
131740,7883,142.85535043806885,14,1
131754,7884,131.56235477703274,14,1
131768,7885,143.81550434011803,14,1
131782,7886,134.61196099013932,14,1
131796,7887,143.67282986486302,14,1
131810,7888,142.51508725152982,14,1
131824,7889,144.41002273407688,14,1
131838,7890,139.54371211266482,14,1
131852,7891,141.31731371428089,14,1
131866,7892,141.3851950420044,14,1
131880,7893,131.24519107706158,14,1
131894,7894,142.02192048733428,14,1
131908,7895,144.37589106998095,14,1
131922,7896,134.43477677570726,14,1
131936,7897,131.5745498992337,14,1
131950,7898,135.40128013570245,14,1
131964,7899,144.07286310331926,14,1
131978,7900,143.2829227000505,14,1
131992,7901,133.325863018934,14,1
132006,7902,140.74072289897703,14,1
132020,7903,144.23117032588306,14,1
132034,7904,131.92619265585918,14,1
132048,7905,128.92817060799686,14,1
132062,7906,129.82476715611818,14,1
132076,7907,131.10796819639404,14,1
132090,7908,131.48129908959328,14,1
132104,7909,124.6934168499335,14,1
132118,7910,135.1182667223497,14,1
132132,7911,132.95123098506818,14,1
132146,7912,136.17281902744435,14,1
132160,7913,135.8664675286169,14,1
132174,7914,134.55566364816738,14,1
132188,7915,128.57732845929883,14,1
132202,7916,142.58578014065552,14,1
132216,7917,133.4222056951178,14,1
132230,7918,110.80624986941405,14,1
132244,7919,132.98626639189007,14,1
132258,7920,135.7003760224797,14,1
132272,7921,141.96801528487143,14,1
132286,7922,142.32279842935876,14,1
132300,7923,131.24760241378726,14,1
132314,7924,129.466916417017,14,1
132328,7925,133.79534582488878,14,1
132342,7926,133.69020291509736,14,1
132356,7927,131.55153194715228,14,1
132370,7928,129.5649904323783,14,1
132384,7929,134.24471472788753,14,1
132398,7930,142.56083935423516,14,1
132412,7931,120.96328915606178,14,1
132426,7932,142.41710396093242,14,1
132440,7933,130.4924174025898,14,1
132454,7934,142.25527544116457,14,1
132468,7935,132.38969012959328,14,1
132482,7936,140.5675341691298,14,1
132496,7937,142.58427767070546,14,1
132510,7938,129.28187634169007,14,1
132524,7939,129.19314120992073,14,1
132538,7940,134.1849195720649,14,1
132552,7941,133.29865408042573,14,1
132566,7942,141.89753522239832,14,1
132580,7943,134.56858156523083,14,1
132594,7944,129.44726156760234,14,1
132608,7945,130.24120519725983,14,1
132622,7946,134.9247869744626,14,1
132636,7947,139.8945642483343,14,1
132650,7948,134.37224495990793,14,1
132664,7949,144.46626958549953,14,1
132678,7950,136.30353298505023,14,1
132692,7951,135.32692929287975,14,1
132706,7952,130.01596458417595,14,1
132720,7953,136.1689728234788,14,1
132734,7954,134.268215872586,14,1
132748,7955,129.9623915211593,14,1
132762,7956,135.61750380448504,14,1
132776,7957,133.97154947658186,14,1
132790,7958,132.51472961625592,14,1
132804,7959,131.45197148295185,14,1
132818,7960,142.10616712452176,14,1
132832,7961,125.2012116130062,14,1
132846,7962,133.9604284312764,14,1
132860,7963,127.09492145238987,14,1
132874,7964,134.4678995934253,14,1
132888,7965,141.95033547866265,14,1
132902,7966,127.46529575066478,14,1
132916,7967,143.806234600911,14,1
132930,7968,128.48144570444853,14,1
132944,7969,132.62401715410093,14,1
132958,7970,141.9733882868033,14,1
132972,7971,141.4022449123313,14,1
132986,7972,126.86868184939507,14,1
133000,7973,136.15336197532915,14,1
133014,7974,130.6205382006008,14,1
133028,7975,143.13138660503924,14,1
133042,7976,133.61761890643552,14,1
133056,7977,142.41705333009705,14,1
133070,7978,123.95030932561163,14,1
133084,7979,132.044294706132,14,1
133098,7980,133.31419396273645,14,1
133112,7981,140.51141338342327,14,1
133126,7982,131.03562771256608,14,1
133140,7983,135.20108277253598,14,1
133154,7984,133.259519015213,14,1
133168,7985,128.54031283080974,14,1
133182,7986,119.5700185214085,14,1
133196,7987,141.68272667207862,14,1
133210,7988,130.63172601590614,14,1
133224,7989,133.92194492183228,14,1
133238,7990,119.6134827561775,14,1
133252,7991,129.50644726160655,14,1
133266,7992,134.7476072454166,14,1
133280,7993,126.5080122409939,14,1
133294,7994,128.57309615036363,14,1
133308,7995,142.9142479065633,14,1
133322,7996,141.41525201699721,14,1
133336,7997,143.24835286985765,14,1
133350,7998,132.08398019172154,14,1
133364,7999,130.80357650797754,14,1
133378,8000,126.75723908899616,14,1
133392,8001,133.700671385158,14,1
133406,8002,144.29558248463988,14,1
133420,8003,144.21102331431118,14,1
133434,8004,143.47489600076463,14,1
133448,8005,134.28534307979115,14,1
133462,8006,132.9239605375598,14,1
133476,8007,131.92289243053895,14,1
133490,8008,142.421106160091,14,1
133504,8009,121.76853480048514,14,1
133518,8010,121.4990474954792,14,1
133532,8011,133.39809182789799,14,1
133546,8012,142.79127622794732,14,1
133560,8013,142.5870242175453,14,1
133574,8014,132.96419362364358,14,1
133588,8015,130.80173873513655,14,1
133602,8016,140.67280766578114,14,1
133616,8017,131.3123369226243,14,1
133630,8018,142.03209354345506,14,1
133644,8019,143.72638788423865,14,1
133658,8020,143.95718289091053,14,1
133672,8021,140.87564463468493,14,1
133686,8022,136.35962509236356,14,1
133700,8023,109.70352023941835,14,1
133714,8024,131.8706807935288,14,1
133728,8025,143.5419777619602,14,1
133742,8026,129.08089164865206,14,1
133756,8027,134.4158003651909,14,1
133770,8028,111.7763188301571,14,1
133784,8029,141.30749317681853,14,1
133798,8030,130.0549884392763,14,1
133812,8031,105.69236804094663,14,1
133826,8032,133.00464194253695,14,1
133840,8033,142.96055050987698,14,1
133854,8034,135.31721025143943,14,1
133868,8035,129.65622029167545,14,1
133882,8036,135.9799542882091,14,1
133896,8037,133.4593495052843,14,1
133910,8038,132.8866074150496,14,1
133924,8039,144.4738805285822,14,1
133938,8040,136.2478271669155,14,1
133952,8041,123.33829617064502,14,1
133966,8042,141.16285865070324,14,1
133980,8043,132.88555678091765,14,1
133994,8044,131.46849228871153,14,1
134008,8045,143.47875737655434,14,1
134022,8046,131.0251898214338,14,1
134036,8047,131.8506690787016,14,1
134050,8048,142.40482383159537,14,1
134064,8049,141.1011036830433,14,1
134078,8050,143.86856078562823,14,1
134092,8051,135.65842245287317,14,1
134106,8052,143.36531335633305,14,1
134120,8053,143.42415362955458,14,1
134134,8054,133.18124103679023,14,1
134148,8055,131.88592700723248,14,1
134162,8056,135.0176238109534,14,1
134176,8057,141.04331912652253,14,1
134190,8058,141.71608252681781,14,1
134204,8059,134.5574816247435,14,1
134218,8060,143.58554908812368,14,1
134232,8061,130.06319481835317,14,1
134246,8062,141.62396873029874,14,1
134260,8063,134.69547310593185,14,1
134274,8064,124.20775206018666,14,1
134288,8065,141.80425204933036,14,1
134302,8066,121.96889638421958,14,1
134316,8067,128.9703567737216,14,1
134330,8068,133.24489770985744,14,1
134344,8069,133.6313597471062,14,1
134358,8070,141.51248469808448,14,1
134372,8071,134.66090034098465,14,1
134386,8072,130.9000339991256,14,1
134400,8073,131.2693858157189,14,1
134414,8074,129.33363929228065,14,1
134428,8075,133.81848375729777,14,1
134442,8076,135.69979451392177,14,1
134456,8077,143.2815228477011,14,1
134470,8078,143.0258332470483,14,1
134484,8079,124.11638254105571,14,1
134498,8080,123.4505844313644,14,1
134512,8081,142.19968155364265,14,1
134526,8082,128.2806592518665,14,1
134540,8083,122.46484677090461,14,1
134554,8084,129.38580544956656,14,1
134568,8085,135.67481307056198,14,1
134582,8086,135.88279053889374,14,1
134596,8087,141.939269518315,14,1
134610,8088,126.09355887228435,14,1
134624,8089,142.12893631771072,14,1
134638,8090,143.69170220344958,14,1
134652,8091,132.82813147703217,14,1
134666,8092,131.2729053420218,14,1
134706,8093,-20.54860455653722,40,0
134720,8094,143.85100146235553,14,1
134734,8095,134.95089573827303,14,1
134748,8096,136.32897573045562,14,1
134762,8097,136.12429009638606,14,1
134776,8098,129.68655357730933,14,1
134790,8099,124.93990658539458,14,1
134804,8100,123.69174696201438,14,1
134818,8101,131.4947782090237,14,1
134832,8102,143.46224773803792,14,1
134846,8103,133.6092884440398,14,1
134860,8104,134.8945052076945,14,1
134874,8105,124.86900420337265,14,1
134888,8106,133.59430831668217,14,1
134902,8107,131.08101825658042,14,1
134916,8108,143.5822166925012,14,1
134930,8109,140.8510119576347,14,1
134944,8110,142.52639352342857,14,1
134958,8111,133.37871898035232,14,1
134972,8112,129.656723798433,14,1
134986,8113,143.97623737632227,14,1
135000,8114,133.40912842294054,14,1
135014,8115,143.81815657694366,14,1
135028,8116,136.04549616102875,14,1
135042,8117,143.94313158356115,14,1
135056,8118,141.56548246762927,14,1
135070,8119,131.44414765210811,14,1
135084,8120,133.84018348716413,14,1
135098,8121,134.43589722887646,14,1
135112,8122,134.52630346366638,14,1
135126,8123,143.17868789479576,14,1
135140,8124,143.83271035162747,14,1
135154,8125,120.34417587227848,14,1
135168,8126,120.42758917671487,14,1
135182,8127,129.8054049860145,14,1
135196,8128,129.91880412075054,14,1
135210,8129,135.70310522802617,14,1
135224,8130,135.5927992532675,14,1
135238,8131,141.8636076436648,14,1
135252,8132,142.65401118326778,14,1
135266,8133,142.50030725461096,14,1
135280,8134,135.19774481068103,14,1
135294,8135,129.31176600919542,14,1
135308,8136,132.54863699622746,14,1
135322,8137,129.65733417539056,14,1
135336,8138,134.2380530714643,14,1
135350,8139,142.4594020687652,14,1
135364,8140,143.20574472189617,14,1
135378,8141,133.43806741517827,14,1
135392,8142,135.13317532153118,14,1
135408,8143,141.84146129522242,16,1
135422,8144,143.952280582405,14,1
135436,8145,141.57279215797882,14,1
135450,8146,133.27261407515383,14,1
135464,8147,130.47391522967337,14,1
135478,8148,135.89779845512297,14,1
135492,8149,136.1939114450433,14,1
135506,8150,114.54385825314665,14,1
135520,8151,142.99079001698374,14,1
135534,8152,134.66746061970545,14,1
135548,8153,126.1691522521215,14,1
135562,8154,142.2130912303401,14,1
135576,8155,114.17478496131096,14,1
135590,8156,133.63931230085586,14,1
135604,8157,124.32458893590959,14,1
135618,8158,142.03331914538253,14,1
135632,8159,143.08034465926247,14,1
135647,8160,144.16702964470554,15,1
135661,8161,143.2858995491056,14,1
135675,8162,142.55657789583566,14,1
135689,8163,128.85600025102787,14,1
135703,8164,130.02861656217632,14,1
135717,8165,133.1061861519119,14,1
135731,8166,128.1597162696029,14,1
135745,8167,141.92065167963472,14,1
135759,8168,141.63287226475026,14,1
135773,8169,119.88536398270229,14,1
135813,8170,-20.557856718129006,40,0
135827,8171,143.63311867015574,14,1
135841,8172,131.1909324467945,14,1
135855,8173,131.67278537512624,14,1
135869,8174,131.03565419782623,14,1
135883,8175,133.99563578545192,14,1
135897,8176,142.98231211245715,14,1
135911,8177,141.01973613372488,14,1
135925,8178,143.1666366320379,14,1
135939,8179,124.61935408264394,14,1
135953,8180,119.73983382139932,14,1
135967,8181,135.28762000759227,14,1
135981,8182,133.18570123342533,14,1
135995,8183,135.34627600698977,14,1
136009,8184,133.52294834806005,14,1
136023,8185,142.08457409907197,14,1
136037,8186,141.4369762438838,14,1
136051,8187,126.75325530997779,14,1
136065,8188,131.94123807505213,14,1
136079,8189,127.75418748447264,14,1
136093,8190,141.814502176963,14,1
136107,8191,127.27825791540675,14,1
136121,8192,143.28637536546552,14,1
136135,8193,130.63788861397856,14,1
136149,8194,127.24475875469264,14,1
136163,8195,132.1707324522835,14,1
136177,8196,130.95113323887034,14,1
136191,8197,133.47299794997352,14,1
136205,8198,134.7800964048359,14,1
136219,8199,135.74843199723745,14,1
136233,8200,140.42154314074432,14,1
136247,8201,128.54065340235093,14,1
136261,8202,130.7735487817963,14,1
136275,8203,135.98395441431035,14,1
136289,8204,125.13483315280212,14,1
136303,8205,126.39184734813502,14,1
136317,8206,144.5064625232078,14,1
136331,8207,143.3531508795868,14,1
136345,8208,144.01460809534942,14,1
136359,8209,143.32504276985145,14,1
136373,8210,120.99497566406502,14,1
136387,8211,130.51692849557767,14,1
136401,8212,130.27990001034033,14,1
136415,8213,143.80272093355572,14,1
136429,8214,125.53399839046203,14,1
136443,8215,142.5739239410895,14,1
136457,8216,142.8210355462856,14,1
136471,8217,131.08600840130617,14,1
136485,8218,126.39374746504413,14,1
136499,8219,134.2339070349631,14,1
136513,8220,141.86072361243737,14,1
136527,8221,142.24241562772414,14,1
136541,8222,135.80724534256854,14,1
136555,8223,130.00539629540225,14,1
136569,8224,120.46443476524269,14,1
136583,8225,113.75513776608491,14,1
136597,8226,126.61204891101951,14,1
136611,8227,136.12400068324717,14,1
136625,8228,135.33588119937835,14,1
136639,8229,142.026933524088,14,1
136653,8230,126.04808543796076,14,1
136667,8231,135.2535024705558,14,1
136681,8232,132.8737517376788,14,1
136695,8233,108.82269421061416,14,1
136709,8234,135.1253770692508,14,1
136723,8235,142.16583584407445,14,1
136737,8236,133.93575315836318,14,1
136751,8237,123.81641618171231,14,1
136765,8238,127.48443463450717,14,1
136779,8239,129.84786969125508,14,1
136793,8240,135.43246433721455,14,1
136807,8241,135.4165913301117,14,1
136821,8242,126.32648023210642,14,1
136835,8243,141.89057579860798,14,1
136849,8244,143.20662822444294,14,1
136863,8245,134.55477671956126,14,1
136877,8246,142.6473837022455,14,1
136891,8247,130.91397713495803,14,1
136905,8248,143.28734115804357,14,1
136919,8249,134.51666069412417,14,1
136933,8250,142.73413084714733,14,1
136947,8251,127.5218120334409,14,1
136961,8252,129.2561430941983,14,1
136975,8253,131.4558727612923,14,1
136989,8254,144.07744374567872,14,1
137003,8255,141.58414197129585,14,1
137017,8256,136.5125111540233,14,1
137031,8257,114.75737574342328,14,1
137045,8258,128.70140045034017,14,1
137059,8259,129.2711469023674,14,1
137099,8260,-20.618933811719035,40,0
137113,8261,134.50550730376008,14,1
137127,8262,130.05188122172405,14,1
137141,8263,133.55069693075203,14,1
137155,8264,123.72703375480944,14,1
137169,8265,130.5677679911679,14,1
137183,8266,133.85162422718233,14,1
137197,8267,132.34260132760372,14,1
137211,8268,104.35885175548894,14,1
137225,8269,136.02941061911173,14,1
137239,8270,128.5620077259765,14,1
137253,8271,132.68884834511545,14,1
137267,8272,130.40445582026192,14,1
137281,8273,121.72872316632676,14,1
137295,8274,131.87097373788563,14,1
137309,8275,143.59409830869495,14,1
137323,8276,114.10854344421469,14,1
137337,8277,123.59237452510723,14,1
137351,8278,141.25706986467145,14,1
137365,8279,130.43499343061208,14,1
137380,8280,132.51584160791995,15,1
137396,8281,128.89378363704856,16,1
137410,8282,141.4395552778225,14,1
137424,8283,131.23223267938843,14,1
137438,8284,127.90672187325588,14,1
137452,8285,134.59144709905425,14,1
137466,8286,131.190697486609,14,1
137480,8287,130.81397800046372,14,1
137494,8288,125.65034647534664,14,1
137508,8289,134.32293030296847,14,1
137522,8290,133.0003542340956,14,1
137536,8291,124.65256178804836,14,1
137550,8292,143.46901985041407,14,1
137564,8293,141.64090336389972,14,1
137578,8294,131.8397214611476,14,1
137592,8295,127.16183236390675,14,1
137606,8296,121.43434006822625,14,1
137620,8297,130.0725197344134,14,1
137634,8298,125.40117076357397,14,1
137648,8299,143.4807854601427,14,1
137662,8300,134.3841069278246,14,1
137676,8301,129.62967477601254,14,1
137690,8302,130.75080458287133,14,1
137704,8303,128.04907034761706,14,1
137718,8304,135.991108987352,14,1
137732,8305,132.65922759611203,14,1
137746,8306,143.0824928189927,14,1
137760,8307,128.6893955548248,14,1
137774,8308,132.30065306361158,14,1
137788,8309,140.49997886802734,14,1
137802,8310,124.47845767957773,14,1
137816,8311,141.59829551000183,14,1
137830,8312,132.85296439431903,14,1
137844,8313,125.89026158062777,14,1
137858,8314,135.42384203744217,14,1
137873,8315,142.84017388761052,15,1
137887,8316,134.9764607593874,14,1
137901,8317,127.54599600535784,14,1
137915,8318,127.04851533031992,14,1
137929,8319,131.1051980210304,14,1
137943,8320,141.8653788432297,14,1
137957,8321,111.44385475558715,14,1
137971,8322,124.6463789962726,14,1
137985,8323,140.71653455648433,14,1
137999,8324,135.97064021419834,14,1
138013,8325,143.22964503562173,14,1
138027,8326,127.49668539566214,14,1
138041,8327,142.11850819613585,14,1
138055,8328,129.1023213337381,14,1
138069,8329,131.93909828189734,14,1
138083,8330,128.60623803013794,14,1
138097,8331,136.00130071422933,14,1
138111,8332,141.97700775793516,14,1
138125,8333,136.1577901304478,14,1
138139,8334,142.02528940329657,14,1
138153,8335,123.75173128967722,14,1
138167,8336,129.1878912629502,14,1
138181,8337,134.1346957723585,14,1
138195,8338,135.21280022352207,14,1
138209,8339,133.42381854942195,14,1
138223,8340,129.88548018546243,14,1
138237,8341,126.82137544600104,14,1
138251,8342,128.1212745321781,14,1
138265,8343,142.8333389746202,14,1
138279,8344,134.7840912296492,14,1
138293,8345,142.32515121386132,14,1
138307,8346,131.73078175155206,14,1
138321,8347,124.854245660795,14,1
138335,8348,125.26441927458258,14,1
138349,8349,133.178736507882,14,1
138363,8350,129.33573358974934,14,1
138377,8351,130.53298687316007,14,1
138391,8352,132.9267971065069,14,1
138405,8353,128.5511760125129,14,1
138419,8354,128.23639294159753,14,1
138433,8355,128.49298573086077,14,1
138447,8356,133.56546212499853,14,1
138461,8357,134.59412721213548,14,1
138475,8358,134.56838146106216,14,1
138489,8359,142.0673997902681,14,1
138503,8360,141.93982944046314,14,1
138517,8361,127.25717501190144,14,1
138531,8362,129.61403604123757,14,1
138545,8363,141.79700682032734,14,1
138559,8364,131.1015720494701,14,1
138573,8365,143.31888939391405,14,1
138587,8366,142.94263873396852,14,1
138601,8367,135.83958116294394,14,1
138615,8368,135.52116377266196,14,1
138629,8369,142.2810838370048,14,1
138643,8370,129.29537319068862,14,1
138657,8371,141.08180941721722,14,1
138671,8372,133.42668998838064,14,1
138685,8373,129.64936264131984,14,1
138699,8374,130.25019623993478,14,1
138713,8375,127.22520450328119,14,1
138727,8376,140.91258493781976,14,1
138741,8377,127.65226385672527,14,1
138755,8378,134.3596636015336,14,1
138769,8379,134.56542565365422,14,1
138783,8380,133.6265666495025,14,1
138797,8381,135.00690356807104,14,1
138811,8382,143.43641179806045,14,1
138825,8383,129.7231456746622,14,1
138839,8384,131.65113368283303,14,1
138853,8385,125.50689176921098,14,1
138867,8386,139.98578964600082,14,1
138881,8387,133.09113889362538,14,1
138895,8388,144.3205687499464,14,1
138909,8389,133.6601441902371,14,1
138923,8390,141.8553515115472,14,1
138937,8391,113.2618142275658,14,1
138951,8392,135.33367595123696,14,1
138965,8393,142.09319783355411,14,1
138979,8394,142.04208448521828,14,1
138993,8395,135.8006749913958,14,1
139007,8396,140.8473765567731,14,1
139021,8397,140.69266469319692,14,1
139035,8398,143.16195574985878,14,1
139049,8399,129.72032361676006,14,1
139063,8400,134.61980005238289,14,1
139077,8401,133.1245385688848,14,1
139091,8402,135.6536697875542,14,1
139105,8403,121.0328307389676,14,1
139119,8404,134.7017158044293,14,1
139133,8405,133.18714369563497,14,1
139147,8406,141.63479622964076,14,1
139161,8407,125.9382867951017,14,1
139175,8408,142.20528561184875,14,1
139189,8409,135.097288032199,14,1
139203,8410,102.33197405528166,14,1
139217,8411,129.41598791124358,14,1
139231,8412,134.75694799061384,14,1
139245,8413,135.17510272252898,14,1
139259,8414,135.82953973836217,14,1
139273,8415,128.20698516588973,14,1
139287,8416,142.96089972936173,14,1
139301,8417,131.94989343147418,14,1
139315,8418,127.45638232785606,14,1
139329,8419,133.44473841598526,14,1
139343,8420,140.84492436118313,14,1
139357,8421,134.09443461971344,14,1
139371,8422,134.34489812399264,14,1
139385,8423,128.23483199231555,14,1
139399,8424,134.78926486857935,14,1
139413,8425,125.65451368864701,14,1
139427,8426,125.28772421153819,14,1
139441,8427,142.1818189820742,14,1
139455,8428,142.78411957122933,14,1
139469,8429,141.69150615063248,14,1
139483,8430,142.86003912285202,14,1
139497,8431,131.66010831162478,14,1
139511,8432,127.89771742422514,14,1
139525,8433,124.40038933787199,14,1
139539,8434,140.67949407749475,14,1
139553,8435,125.62705191370945,14,1
139567,8436,119.87893813277397,14,1
139581,8437,122.3811687905006,14,1
139595,8438,141.9846694610016,14,1
139609,8439,113.00958317060183,14,1
139623,8440,133.39759396406976,14,1
139637,8441,121.45222887394121,14,1
139651,8442,127.522836686056,14,1
139665,8443,133.83416566536238,14,1
139679,8444,129.12140680339314,14,1
139693,8445,143.1540508556547,14,1
139707,8446,130.15876030014252,14,1
139721,8447,131.84520693350984,14,1
139735,8448,130.99442374428267,14,1
139749,8449,134.63745402774995,14,1
139763,8450,133.31629698628208,14,1
139777,8451,134.23173787334548,14,1
139791,8452,124.12110947882599,14,1
139805,8453,132.50752772938793,14,1
139819,8454,143.27417624488982,14,1
139833,8455,128.81190803745943,14,1
139847,8456,141.21653309350063,14,1
139861,8457,133.99256073409884,14,1
139875,8458,126.22711087178965,14,1
139889,8459,143.43628055473172,14,1
139903,8460,135.35836207403509,14,1
139917,8461,129.65197000534192,14,1
139931,8462,143.7628822904051,14,1
139945,8463,134.03931960443344,14,1
139959,8464,131.86402176428138,14,1
139973,8465,126.00848046043231,14,1
139987,8466,128.67559074043277,14,1
140001,8467,129.35409821776014,14,1
140015,8468,132.98892482466394,14,1
140029,8469,126.75513882357326,14,1
140043,8470,143.25120361098172,14,1
140057,8471,136.1844390007264,14,1
140071,8472,132.9574326149826,14,1
140085,8473,113.64922863531643,14,1
140099,8474,128.1038469609193,14,1
140113,8475,123.22586323428311,14,1
140127,8476,126.50218997148035,14,1
140141,8477,125.22435878763297,14,1
140155,8478,140.77066962844208,14,1
140169,8479,134.13578015563363,14,1
140183,8480,143.23219344812387,14,1
140197,8481,142.6308629643016,14,1
140211,8482,132.148333673952,14,1
140225,8483,134.91610514697317,14,1
140239,8484,134.8402955530956,14,1
140253,8485,130.68419623942333,14,1
140267,8486,119.78721623102142,14,1
140281,8487,134.55737523516837,14,1
140295,8488,128.5297872033041,14,1
140309,8489,142.8937322314458,14,1
140323,8490,133.67006092632653,14,1
140337,8491,113.18743419694674,14,1
140351,8492,128.4672403535805,14,1
140365,8493,141.48020285319177,14,1
140379,8494,128.99841852702394,14,1
140393,8495,129.59816042084884,14,1
140408,8496,141.56051239841034,15,1
140422,8497,143.03565074125615,14,1
140436,8498,130.79419633924914,14,1
140450,8499,125.07450714557017,14,1
140464,8500,140.57991218824662,14,1
140478,8501,124.00736737833154,14,1
140492,8502,132.3053423274891,14,1
140506,8503,134.21808205362993,14,1
140520,8504,135.1912733481374,14,1
140534,8505,134.77928773436625,14,1
140548,8506,124.31805508903608,14,1
140562,8507,123.66588071091849,14,1
140576,8508,142.02662480551905,14,1
140590,8509,128.19566161424007,14,1
140604,8510,113.01225228035275,14,1
140618,8511,115.10138159675022,14,1
140632,8512,135.5677567419021,14,1
140646,8513,139.05860771887512,14,1
140660,8514,143.1996708713159,14,1
140674,8515,132.89960597523984,14,1
140688,8516,134.95354819599123,14,1
140702,8517,142.94665046825824,14,1
140716,8518,136.0788677948796,14,1
140730,8519,129.77568329125435,14,1
140744,8520,122.10288762099827,14,1
140758,8521,132.7272245004975,14,1
140772,8522,123.2479493558712,14,1
140786,8523,126.42361563840313,14,1
140800,8524,130.48201196840614,14,1
140814,8525,136.03324982665856,14,1
140828,8526,141.29768109988643,14,1
140842,8527,141.73274157319415,14,1
140856,8528,127.82963318192093,14,1
140870,8529,128.75372289284698,14,1
140884,8530,141.2940268146966,14,1
140898,8531,118.62702895323682,14,1
140912,8532,133.90967978858257,14,1
140926,8533,128.9396688366204,14,1
140940,8534,119.59966390584951,14,1
140954,8535,119.51141397835286,14,1
140968,8536,135.15496536550697,14,1
140982,8537,129.66153980298006,14,1
140996,8538,133.21027418073916,14,1
141010,8539,129.26870026882742,14,1
141024,8540,127.52191837062848,14,1
141038,8541,134.92637092267327,14,1
141052,8542,143.96858648437137,14,1
141066,8543,122.91654067357649,14,1
141080,8544,124.00568423015588,14,1
141094,8545,132.00758801177088,14,1
141108,8546,126.56911922941276,14,1
141122,8547,128.8385961855064,14,1
141136,8548,134.0830801525151,14,1
141150,8549,131.70209348674857,14,1
141164,8550,125.2862284042988,14,1
141178,8551,128.32248525329024,14,1
141192,8552,122.96301167308349,14,1
141206,8553,136.00606470179693,14,1
141220,8554,133.2352947841478,14,1
141234,8555,129.03010443399828,14,1
141248,8556,118.36271924277365,14,1
141262,8557,127.92527461249588,14,1
141276,8558,106.71614203323448,14,1
141290,8559,142.4151032609955,14,1
141304,8560,134.1688587536611,14,1
141318,8561,134.85743274362062,14,1
141332,8562,143.44947160606793,14,1
141346,8563,131.11878815023522,14,1
141360,8564,123.92040446823226,14,1
141374,8565,132.69316917553365,14,1
141388,8566,127.5152196815517,14,1
141402,8567,132.15489800848877,14,1
141416,8568,127.13850421405706,14,1
141430,8569,130.98251825525216,14,1
141444,8570,132.67007255245247,14,1
141458,8571,132.570218155566,14,1
141472,8572,128.95167324386895,14,1
141486,8573,143.06417885650566,14,1
141500,8574,136.37970142415818,14,1
141514,8575,134.2082499905846,14,1
141528,8576,132.84976886310517,14,1
141542,8577,129.56253704596142,14,1
141556,8578,131.303679608772,14,1
141570,8579,135.8439645668714,14,1
141584,8580,142.36205479432948,14,1
141598,8581,135.3485453641966,14,1
141612,8582,126.15385123827696,14,1
141626,8583,132.60885720654488,14,1
141640,8584,129.880073375166,14,1
141654,8585,129.173921449219,14,1
141668,8586,143.07493113680783,14,1
141682,8587,143.88945864977566,14,1
141696,8588,143.80563954708785,14,1
141710,8589,142.87476451087565,14,1
141724,8590,141.47627038539144,14,1
141738,8591,142.42750973078506,14,1
141752,8592,143.27475228291487,14,1
141766,8593,141.55510712203179,14,1
141780,8594,142.2754397142329,14,1
141794,8595,124.93512372106758,14,1
141808,8596,131.32482914477347,14,1
141822,8597,144.53252300946403,14,1
141836,8598,130.60759991940483,14,1
141850,8599,127.15429500827463,14,1
141864,8600,134.9339705521225,14,1
141878,8601,142.0310707754591,14,1
141892,8602,136.01674237953893,14,1
141906,8603,133.02911607545218,14,1
141920,8604,134.65705984712156,14,1
141934,8605,124.90893464532627,14,1
141948,8606,130.81293950985543,14,1
141962,8607,142.9446425150472,14,1
141977,8608,130.1502052804211,15,1
141991,8609,133.28270235962896,14,1
142005,8610,133.2971203169251,14,1
142019,8611,129.24039271116663,14,1
142033,8612,141.77166468923258,14,1
142047,8613,131.53964638919825,14,1
142061,8614,133.27530289472742,14,1
142075,8615,129.72400140047745,14,1
142089,8616,142.9661998909944,14,1
142103,8617,141.7717013368955,14,1
142117,8618,129.97004118437144,14,1
142131,8619,129.44764028492733,14,1
142145,8620,141.59082536283373,14,1
142159,8621,133.4926070792652,14,1
142173,8622,135.63999027328788,14,1
142187,8623,143.62936376173135,14,1
142201,8624,132.72676954576886,14,1
142215,8625,131.35690569475892,14,1
142229,8626,130.06548406772114,14,1
142243,8627,141.15512528906476,14,1
142257,8628,131.1847495432591,14,1
142271,8629,141.82429020357185,14,1
142285,8630,132.4844915469176,14,1
142299,8631,143.32101687253362,14,1
142313,8632,142.01521684318286,14,1
142327,8633,142.15895888898802,14,1
142341,8634,135.57756350474932,14,1
142355,8635,121.44192544690576,14,1
142369,8636,119.49274920340265,14,1
142383,8637,134.76278155360146,14,1
142397,8638,134.83548422183915,14,1
142411,8639,135.43424176141107,14,1
142425,8640,131.1953873439665,14,1
142439,8641,134.85897177619813,14,1
142453,8642,143.12706899820574,14,1
142467,8643,141.60962572321932,14,1
142481,8644,134.18641898015704,14,1
142495,8645,134.41596176506408,14,1
142509,8646,139.31700063506668,14,1
142523,8647,134.0871018678607,14,1
142537,8648,131.13813435263293,14,1
142551,8649,133.6027881765139,14,1
142565,8650,141.7935946536627,14,1
142579,8651,131.03583572799687,14,1
142593,8652,122.31273721142271,14,1
142607,8653,141.01265218196656,14,1
142621,8654,142.14173894559258,14,1
142635,8655,144.38785020072632,14,1
142649,8656,142.83009087545804,14,1
142663,8657,142.4508289518333,14,1
142677,8658,115.62894229275925,14,1
142691,8659,143.43901400314124,14,1
142705,8660,132.84162552290658,14,1
142719,8661,132.05152551886223,14,1
142733,8662,115.02460758423587,14,1
142747,8663,126.84491648862343,14,1
142787,8664,-20.85119649300464,40,0
142801,8665,131.46230983646248,14,1
142815,8666,128.82107569208688,14,1
142829,8667,140.49967684418849,14,1
142843,8668,134.21435382529984,14,1
142857,8669,142.4008950778217,14,1
142871,8670,122.73917675610403,14,1
142885,8671,134.1669371467669,14,1
142899,8672,143.52838123911164,14,1
142913,8673,143.03011600488506,14,1
142927,8674,141.255324555779,14,1
142941,8675,132.9668847301158,14,1
142955,8676,131.5584138655256,14,1
142969,8677,133.3243034546888,14,1
142983,8678,133.6723262768944,14,1
142997,8679,136.06873313466534,14,1
143011,8680,130.64364486314466,14,1
143025,8681,130.3927341159853,14,1
143039,8682,125.88119132740599,14,1
143053,8683,133.8032009456818,14,1
143067,8684,129.06379055022003,14,1
143081,8685,134.19596493861027,14,1
143095,8686,133.75620016704534,14,1
143109,8687,144.1499297337875,14,1
143123,8688,134.43496988419284,14,1
143137,8689,135.49500072015044,14,1
143151,8690,123.60940350913904,14,1
143165,8691,108.29496533529998,14,1
143179,8692,121.59502184986556,14,1
143193,8693,144.36666840199067,14,1
143207,8694,142.41259522131057,14,1
143221,8695,144.16974576195463,14,1
143235,8696,131.5028290932687,14,1
143249,8697,133.81423245500494,14,1
143263,8698,133.5167537775207,14,1
143277,8699,122.46222672876839,14,1
143291,8700,140.60602895481153,14,1
143305,8701,141.93375360792558,14,1
143319,8702,135.20260867300019,14,1
143333,8703,126.12668025801955,14,1
143347,8704,125.78568688070919,14,1
143361,8705,141.9098531745211,14,1
143375,8706,130.88476696009877,14,1
143389,8707,131.7737780478377,14,1
143403,8708,132.1745848672342,14,1
143417,8709,134.33974355956445,14,1
143431,8710,132.66357649479218,14,1
143445,8711,131.71378966884447,14,1
143459,8712,142.69616357938463,14,1
143473,8713,141.42774076473208,14,1
143487,8714,135.06981507471528,14,1
143501,8715,129.82807911425832,14,1
143515,8716,139.30475316919615,14,1
143529,8717,131.78132356570973,14,1
143543,8718,132.88529225549203,14,1
143557,8719,127.66701958344758,14,1
143571,8720,135.6811633955174,14,1
143585,8721,135.41421726350643,14,1
143599,8722,141.47194615728816,14,1
143613,8723,111.5459608070143,14,1
143627,8724,141.4889198370474,14,1
143641,8725,143.5438339488171,14,1
143655,8726,123.92387762159869,14,1
143669,8727,130.58151570905562,14,1
143683,8728,135.66650190618032,14,1
143697,8729,134.4674690326781,14,1
143711,8730,143.13508435022882,14,1
143725,8731,142.65303299223146,14,1
143739,8732,140.17516930939755,14,1
143753,8733,133.1343911324161,14,1
143767,8734,89.789003135821,14,1
143781,8735,131.01154567222196,14,1
143795,8736,143.319203428967,14,1
143809,8737,132.0384809894573,14,1
143823,8738,141.7797869527599,14,1
143837,8739,119.05786501570401,14,1
143851,8740,135.1458449354649,14,1
143865,8741,134.05391519794816,14,1
143879,8742,123.61767415621215,14,1
143893,8743,127.92246652084904,14,1
143907,8744,118.81771618410423,14,1
143921,8745,130.59951822417594,14,1
143935,8746,141.1265213671219,14,1
143949,8747,140.59903841514884,14,1
143963,8748,120.75498315359313,14,1
143977,8749,131.61514421898926,14,1
143991,8750,114.08045868444141,14,1
144005,8751,131.91598442687217,14,1
144019,8752,132.8191671463386,14,1
144033,8753,134.7777785884534,14,1
144047,8754,120.10220311126669,14,1
144061,8755,142.38095429791738,14,1
144075,8756,109.79690301124961,14,1
144089,8757,101.92471489060796,14,1
144103,8758,103.1230968020197,14,1
144117,8759,131.78672016702916,14,1
144131,8760,129.02934541548527,14,1
144145,8761,135.77877777342064,14,1
144159,8762,141.3988324233436,14,1
144173,8763,142.95412347055543,14,1
144187,8764,142.5391370637961,14,1
144201,8765,128.37198730035735,14,1
144215,8766,135.4461394687575,14,1
144229,8767,133.59876102543527,14,1
144243,8768,130.9130812856344,14,1
144257,8769,127.37222894339922,14,1
144271,8770,128.02886069749079,14,1
144285,8771,129.65125276946407,14,1
144299,8772,127.0610840070337,14,1
144313,8773,129.65554576873794,14,1
144327,8774,104.45300690109663,14,1
144341,8775,135.24917093711588,14,1
144355,8776,133.3625491770815,14,1
144369,8777,134.69685386958992,14,1
144383,8778,142.61254057836248,14,1
144397,8779,113.70992239033004,14,1
144411,8780,141.64141450308855,14,1
144425,8781,142.63716401839423,14,1
144439,8782,143.30947508187325,14,1
144453,8783,143.23093275759388,14,1
144467,8784,127.37825181816545,14,1
144481,8785,128.58801228081444,14,1
144495,8786,142.80024433826364,14,1
144509,8787,133.01654001371796,14,1
144523,8788,142.7258773840871,14,1
144537,8789,132.1126941089465,14,1
144551,8790,141.3330052294891,14,1
144565,8791,139.99889435695638,14,1
144579,8792,120.85768389841182,14,1
144593,8793,123.8382736795887,14,1
144607,8794,132.1726450431474,14,1
144621,8795,131.63947375871845,14,1
144635,8796,135.04147029173834,14,1
144649,8797,131.8287604428966,14,1
144663,8798,143.0203173400878,14,1
144677,8799,134.59432221395875,14,1
144691,8800,136.18938762517803,14,1
144705,8801,133.97867478234005,14,1
144719,8802,122.5556491339759,14,1
144733,8803,135.6913224022843,14,1
144747,8804,134.09564485052658,14,1
144761,8805,134.2118591455692,14,1
144775,8806,130.31592083643616,14,1
144789,8807,131.71033038481752,14,1
144803,8808,130.60849060887568,14,1
144817,8809,123.54088961386002,14,1
144831,8810,135.80023583944757,14,1
144845,8811,122.6318972736709,14,1
144859,8812,135.6915558656692,14,1
144873,8813,128.92874556222475,14,1
144887,8814,127.29561601494068,14,1
144901,8815,141.58931648368855,14,1
144915,8816,143.02672097901643,14,1
144929,8817,142.24684620973474,14,1
144943,8818,132.62938583197018,14,1
144957,8819,130.94890048138876,14,1
144971,8820,135.6242522745681,14,1
144985,8821,124.68227854921912,14,1
144999,8822,119.55459714378206,14,1
145013,8823,135.10738030502017,14,1
145027,8824,142.55147552287787,14,1
145041,8825,141.72316723965267,14,1
145055,8826,142.0939128449069,14,1
145069,8827,131.87528067590972,14,1
145083,8828,113.61920269713356,14,1
145097,8829,141.22774771090573,14,1
145111,8830,134.9022988805389,14,1
145125,8831,133.0253751927146,14,1
145139,8832,124.88936217766155,14,1
145153,8833,106.81711300265331,14,1
145167,8834,121.75159603282997,14,1
145181,8835,144.02677974863929,14,1
145195,8836,130.1692900061089,14,1
145209,8837,127.01492474479096,14,1
145223,8838,134.07534741755865,14,1
145237,8839,143.4274625561763,14,1
145251,8840,140.92465868552395,14,1
145265,8841,130.390250550363,14,1
145279,8842,123.38018584890396,14,1
145293,8843,134.06615900704088,14,1
145307,8844,130.76956456689288,14,1
145321,8845,134.0993107185784,14,1
145335,8846,133.68427100799576,14,1
145349,8847,127.83846981247909,14,1
145363,8848,125.10451417778005,14,1
145377,8849,142.96003463892185,14,1
145391,8850,127.05049472654574,14,1
145405,8851,133.79718344510778,14,1
145419,8852,126.2283398216132,14,1
145433,8853,143.37772144782917,14,1
145447,8854,129.4536886712626,14,1
145461,8855,129.64328644327733,14,1
145475,8856,111.25232475819294,14,1
145489,8857,124.12945662591218,14,1
145503,8858,143.0862553193982,14,1
145517,8859,121.07869656731467,14,1
145531,8860,130.86120187909665,14,1
145545,8861,130.51184897201094,14,1
145559,8862,131.232254419855,14,1
145573,8863,140.74192799226066,14,1
145587,8864,126.94605489624327,14,1
145601,8865,115.72552521288112,14,1
145615,8866,133.10170454213744,14,1
145629,8867,134.85494332549393,14,1
145643,8868,141.99695669280152,14,1
145657,8869,126.42755922158388,14,1
145671,8870,142.7760511642274,14,1
145685,8871,135.79230042775868,14,1
145699,8872,133.86966312313254,14,1
145713,8873,112.35807669455797,14,1
145727,8874,141.0219578665428,14,1
145741,8875,133.65960954420927,14,1
145755,8876,140.97458823539884,14,1
145769,8877,126.93380583763849,14,1
145783,8878,133.94469443054527,14,1
145797,8879,132.19062026567622,14,1
145811,8880,132.72043874083437,14,1
145825,8881,132.80162695336503,14,1
145839,8882,133.8215564306975,14,1
145853,8883,140.79389686271367,14,1
145867,8884,123.80655534360974,14,1
145881,8885,135.40421312462567,14,1
145895,8886,143.46961351336773,14,1
145909,8887,143.04080614201803,14,1
145923,8888,130.87785054287218,14,1
145937,8889,143.78559213737248,14,1
145951,8890,130.13908757297122,14,1
145965,8891,131.7016069208024,14,1
145979,8892,131.70194597737685,14,1
145993,8893,128.78913498339193,14,1
146007,8894,132.83743814799377,14,1
146021,8895,143.42497117694288,14,1
146035,8896,132.38231280034842,14,1
146049,8897,134.12947587395624,14,1
146063,8898,133.67447470645382,14,1
146077,8899,118.08788946371415,14,1
146091,8900,136.05711131841997,14,1
146105,8901,142.13115725740127,14,1
146119,8902,132.1006017933024,14,1
146133,8903,141.99388291994651,14,1
146147,8904,131.09252962466712,14,1
146161,8905,142.13758789602917,14,1
146175,8906,126.0762318403881,14,1
146189,8907,129.44304422252637,14,1
146203,8908,135.71245049085016,14,1
146217,8909,127.6409231557698,14,1
146231,8910,142.3111194141265,14,1
146245,8911,142.3396756412471,14,1
146259,8912,129.79718783382796,14,1
146273,8913,133.40548951601158,14,1
146287,8914,142.28041323625277,14,1
146301,8915,142.2974468360104,14,1
146315,8916,133.78527994831234,14,1
146329,8917,136.32536529235864,14,1
146343,8918,127.42928399046347,14,1
146357,8919,143.33572980041757,14,1
146371,8920,135.33691586110865,14,1
146385,8921,143.11701713260908,14,1
146399,8922,132.76954798901863,14,1
146413,8923,134.10003125911587,14,1
146427,8924,144.24784053332985,14,1
146441,8925,143.59597814008507,14,1
146455,8926,143.1827095378701,14,1
146469,8927,125.01393428062892,14,1
146483,8928,135.6257814518497,14,1
146497,8929,133.36407785247195,14,1
146511,8930,143.22548294820666,14,1
146525,8931,143.59717243221124,14,1
146539,8932,134.74625299167016,14,1
146553,8933,139.4517653748806,14,1
146567,8934,125.08623104315623,14,1
146581,8935,127.26914813132717,14,1
146595,8936,125.22631922941416,14,1
146609,8937,108.74552059818836,14,1
146623,8938,129.84724368626993,14,1
146637,8939,143.8665315747474,14,1
146651,8940,134.14391037206616,14,1
146665,8941,131.9014203120408,14,1
146679,8942,123.72173081773394,14,1
146693,8943,110.19911429449763,14,1
146707,8944,142.13055432538442,14,1
146721,8945,141.71847014417526,14,1
146735,8946,132.18729440702552,14,1
146749,8947,131.18842738416188,14,1
146763,8948,142.58681818196277,14,1
146777,8949,141.7322244711177,14,1
146791,8950,124.05257797634457,14,1
146805,8951,134.55553192958325,14,1
146819,8952,143.8333132854859,14,1
146833,8953,143.86983313423104,14,1
146847,8954,128.67439126209464,14,1
146861,8955,114.17679296022789,14,1
146875,8956,143.26071155131663,14,1
146889,8957,141.2953283541476,14,1
146903,8958,143.16994118257486,14,1
146917,8959,143.21172589477445,14,1
146931,8960,128.58964210948122,14,1
146947,8961,123.15666669480143,16,1
146961,8962,128.58817819901708,14,1
146975,8963,132.15635346636063,14,1
146989,8964,142.67976631727845,14,1
147003,8965,136.11730094860982,14,1
147017,8966,136.30860081854073,14,1
147031,8967,139.89448321503778,14,1
147045,8968,134.86016641355488,14,1
147059,8969,122.94753518937577,14,1
147073,8970,133.96340432645556,14,1
147087,8971,131.12753578769318,14,1
147101,8972,142.35953316259867,14,1
147115,8973,113.80644385109252,14,1
147129,8974,131.99326756619246,14,1
147143,8975,127.57054702212343,14,1
147157,8976,125.60362831060432,14,1
147171,8977,115.59993113532391,14,1
147185,8978,135.9936958272247,14,1
147199,8979,125.25392532701967,14,1
147213,8980,119.14253556842853,14,1
147227,8981,141.1438182242404,14,1
147241,8982,141.4996070888532,14,1
147255,8983,132.76602305192625,14,1
147269,8984,131.7768421134831,14,1
147283,8985,126.46393267194567,14,1
147297,8986,133.93226578547478,14,1
147311,8987,127.39108175106321,14,1
147325,8988,133.37274691791941,14,1
147339,8989,129.48488506295593,14,1
147353,8990,141.07653651227432,14,1
147367,8991,132.2483694140296,14,1
147381,8992,126.30332309561815,14,1
147395,8993,123.15702583978894,14,1
147409,8994,130.22713738178982,14,1
147423,8995,134.71171344324435,14,1
147437,8996,141.11896852700457,14,1
147451,8997,135.61831086374124,14,1
147465,8998,112.25066906382868,14,1
147479,8999,135.86601002696156,14,1
147493,9000,142.53186221922,14,1
147507,9001,131.598468503465,14,1
147521,9002,143.40365685387204,14,1
147535,9003,141.57181488567088,14,1
147549,9004,126.75396585945711,14,1
147563,9005,130.44273758119348,14,1
147577,9006,144.03012357863463,14,1
147591,9007,130.9752261033367,14,1
147605,9008,132.91899857052422,14,1
147619,9009,142.74180057615638,14,1
147633,9010,128.04922135856913,14,1
147647,9011,142.65710810401936,14,1
147661,9012,129.0696593055763,14,1
147675,9013,142.39176339108775,14,1
147689,9014,142.01664676918497,14,1
147703,9015,141.3893353827979,14,1
147717,9016,132.96119356163163,14,1
147731,9017,133.43064926292834,14,1
147745,9018,131.84287088305368,14,1
147759,9019,133.83180498293666,14,1
147773,9020,130.57720009081123,14,1
147787,9021,141.6085494657,14,1
147801,9022,131.8306291188371,14,1
147815,9023,141.94459155417826,14,1
147829,9024,133.836797935684,14,1
147843,9025,142.0971949261538,14,1
147857,9026,128.2164093280119,14,1
147871,9027,133.65739598063078,14,1
147885,9028,123.0898267590321,14,1
147899,9029,142.70243387281548,14,1
147913,9030,143.53443104406352,14,1
147927,9031,142.0579949314685,14,1
147941,9032,141.35502976118707,14,1
147955,9033,141.4979869371054,14,1
147969,9034,125.08834092418464,14,1
147983,9035,143.66720687084322,14,1
147997,9036,127.98080173576629,14,1
148011,9037,143.486101958995,14,1
148025,9038,119.89026811475567,14,1
148039,9039,142.2949888864441,14,1
148053,9040,120.85409337750816,14,1
148067,9041,132.5427614707845,14,1
148081,9042,125.54833460393647,14,1
148095,9043,132.71823103003422,14,1
148109,9044,142.59405829046406,14,1
148123,9045,135.18812173216142,14,1
148137,9046,129.72666019717673,14,1
148151,9047,141.394889987392,14,1
148165,9048,141.50578241519915,14,1
148179,9049,134.02413157821434,14,1
148193,9050,124.39124085197375,14,1
148207,9051,94.57161706342266,14,1
148221,9052,131.0634173012622,14,1
148235,9053,127.96619371913172,14,1
148249,9054,133.64207814930867,14,1
148263,9055,142.8816322406994,14,1
148277,9056,134.1798703190762,14,1
148291,9057,131.7963339787111,14,1
148305,9058,127.61035198922193,14,1
148319,9059,142.80748349495764,14,1
148333,9060,135.05093432114586,14,1
148347,9061,141.07453671148215,14,1
148361,9062,132.96454409338853,14,1
148375,9063,143.1590336771313,14,1
148389,9064,129.56948251885152,14,1
148403,9065,120.40306068362565,14,1
148417,9066,125.26071629539706,14,1
148431,9067,134.1806930944125,14,1
148445,9068,144.20382543122773,14,1
148459,9069,135.00619663585113,14,1
148473,9070,90.61248762044612,14,1
148487,9071,144.40324502342824,14,1
148501,9072,128.22675690637925,14,1
148515,9073,143.16924376168961,14,1
148529,9074,98.58694492541198,14,1
148543,9075,120.45421136422075,14,1
148557,9076,119.5146304033539,14,1
148571,9077,142.48686219561506,14,1
148585,9078,134.5357802238403,14,1
148599,9079,111.45916229130096,14,1
148613,9080,133.4740604256832,14,1
148627,9081,134.81059426840005,14,1
148641,9082,143.6032522082079,14,1
148655,9083,135.8367509315828,14,1
148669,9084,132.18795063234606,14,1
148683,9085,136.15331631730535,14,1
148697,9086,143.3287230445379,14,1
148711,9087,125.71244520573015,14,1
148725,9088,142.18038137694668,14,1
148739,9089,142.92560718373122,14,1
148753,9090,133.14125118576928,14,1
148767,9091,141.7684507294879,14,1
148781,9092,142.19385140100732,14,1
148795,9093,143.51044952457383,14,1
148809,9094,135.3153647632004,14,1
148823,9095,143.35702021767796,14,1
148837,9096,129.91164738805733,14,1
148851,9097,111.78389578319012,14,1
148865,9098,142.40559595964663,14,1
148879,9099,132.2517917856146,14,1
148893,9100,133.72141170472423,14,1
148907,9101,141.56767513621293,14,1
148921,9102,135.04118774732223,14,1
148935,9103,140.88383219027577,14,1
148949,9104,135.63191957054184,14,1
148963,9105,135.19617072660435,14,1
148977,9106,126.24323274110861,14,1
148991,9107,121.28651144654528,14,1
149005,9108,144.15840858530532,14,1
149019,9109,131.8540419456668,14,1
149033,9110,130.45380612909617,14,1
149047,9111,132.43638154049935,14,1
149061,9112,125.08216396806812,14,1
149075,9113,135.98448796482086,14,1
149089,9114,125.6567649181647,14,1
149103,9115,70.33450959780679,14,1
149117,9116,142.04181950810613,14,1
149131,9117,142.65230688346747,14,1
149145,9118,144.12023846456654,14,1
149159,9119,142.9929318400448,14,1
149173,9120,123.46742940016647,14,1
149188,9121,124.37453748440747,15,1
149202,9122,141.89579420958998,14,1
149216,9123,134.86009863451537,14,1
149230,9124,141.9846532523342,14,1
149244,9125,144.52982786008928,14,1
149258,9126,126.82441809674108,14,1
149272,9127,133.82398232410412,14,1
149287,9128,126.6951832125065,15,1
149301,9129,135.039867831607,14,1
149315,9130,130.88985220420483,14,1
149329,9131,142.35935403042615,14,1
149343,9132,124.74440184755645,14,1
149357,9133,134.82482270323683,14,1
149371,9134,85.3611922174174,14,1
149385,9135,140.31151604258454,14,1
149399,9136,141.44287657134385,14,1
149413,9137,132.42314582916774,14,1
149427,9138,135.33118377869104,14,1
149441,9139,127.98180713572698,14,1
149455,9140,133.14197330668543,14,1
149469,9141,142.78575325224074,14,1
149483,9142,126.10450071179267,14,1
149497,9143,141.57464338266908,14,1
149511,9144,143.9506848600633,14,1
149525,9145,123.2210745737319,14,1
149539,9146,133.86689780875687,14,1
149553,9147,128.5300781451374,14,1
149567,9148,125.80374303818424,14,1
149581,9149,143.76125246258852,14,1
149595,9150,142.00961703995569,14,1
149613,9151,106.10812576751444,18,1
149627,9152,112.22800078099989,14,1
149641,9153,115.55397571851438,14,1
149655,9154,133.71981493001923,14,1
149669,9155,133.45045052561366,14,1
149683,9156,142.41030569842576,14,1
149697,9157,133.42133249659446,14,1
149711,9158,125.66592138173105,14,1
149725,9159,130.4970302186498,14,1
149739,9160,141.50458010803516,14,1
149753,9161,126.65398727969502,14,1
149767,9162,141.4356002469568,14,1
149781,9163,140.7306722574051,14,1
149795,9164,143.54591247725014,14,1
149809,9165,135.44738486261784,14,1
149823,9166,141.24797285901226,14,1
149837,9167,133.0438384234904,14,1
149851,9168,135.2364793452163,14,1
149865,9169,111.67017640716344,14,1
149879,9170,143.92605730088954,14,1
149893,9171,136.32224749164186,14,1
149907,9172,135.21875844930102,14,1
149921,9173,143.87707639578196,14,1
149935,9174,143.08409545316377,14,1
149949,9175,134.5565133847835,14,1
149963,9176,133.5638895164962,14,1
149977,9177,97.9352726056512,14,1
