env_step,episode_index,episode_return,episode_length,released
10,1,-22.532188117695174,10,1
20,2,-24.21056425945033,10,1
30,3,-9.58295788531322,10,1
40,4,6.17774616118627,10,1
50,5,-7.294128501661482,10,1
60,6,12.493470497583099,10,1
70,7,4.910820358619043,10,1
80,8,-4.194273223493988,10,1
90,9,-1.7528921039292753,10,1
100,10,-17.7838522363093,10,1
110,11,-23.171118123397495,10,1
120,12,-24.292693854310276,10,1
130,13,0.894222491804917,10,1
140,14,103.59318172898173,10,1
150,15,-5.707071661613067,10,1
160,16,-13.75679390425926,10,1
170,17,-17.738220873925748,10,1
180,18,-25.86993801539278,10,1
190,19,-26.78767033574234,10,1
200,20,-19.594899267607936,10,1
210,21,-17.09376197608296,10,1
220,22,-16.079690150444435,10,1
230,23,7.0455466191427645,10,1
240,24,3.8739433083239607,10,1
250,25,-16.710167450009177,10,1
260,26,-19.486381513345858,10,1
270,27,-2.9041887022953583,10,1
281,28,-11.346970541315372,11,1
291,29,-13.917770435692988,10,1
301,30,-24.65472100294112,10,1
311,31,-16.938484596856725,10,1
321,32,-17.128847760297436,10,1
331,33,-3.6304296428752787,10,1
341,34,-21.524230808484607,10,1
351,35,-14.423969416375193,10,1
361,36,13.506305248321507,10,1
371,37,-22.63451915252207,10,1
381,38,-18.46927227498317,10,1
391,39,-6.2439370990335705,10,1
401,40,-13.005519519687873,10,1
411,41,-14.384034475296053,10,1
422,42,-12.649040338355267,11,1
432,43,-6.271684163778094,10,1
442,44,-10.404796548433438,10,1
452,45,-32.591398947348566,10,1
462,46,-16.831987207827133,10,1
472,47,-5.795975555520101,10,1
482,48,-12.482154868062947,10,1
492,49,-15.331658781676758,10,1
502,50,-10.912130189933873,10,1
512,51,-14.049688527034059,10,1
522,52,-2.6690414763646224,10,1
532,53,-12.587687617297982,10,1
542,54,0.7545922813136198,10,1
552,55,-5.316148589567337,10,1
562,56,29.62981035166021,10,1
572,57,-18.19692235594638,10,1
582,58,-18.93792073544991,10,1
592,59,-17.387351071139,10,1
602,60,-11.630762183775264,10,1
612,61,11.845591797865008,10,1
622,62,-30.279485519680428,10,1
632,63,-9.834019566413724,10,1
642,64,8.536204309192547,10,1
652,65,-14.432660900324873,10,1
662,66,0.18997807199810648,10,1
672,67,4.563720154773107,10,1
682,68,-14.422484412089485,10,1
692,69,-11.38431735404751,10,1
702,70,-13.05683558957931,10,1
712,71,-6.431164902003184,10,1
722,72,-7.879778059205403,10,1
732,73,-14.8508442640372,10,1
742,74,-16.472622507720224,10,1
752,75,9.884874548810153,10,1
762,76,0.08127912467007803,10,1
772,77,-12.036242948367155,10,1
782,78,7.431319185211442,10,1
792,79,29.859988234502865,10,1
802,80,15.951612126264845,10,1
812,81,11.031361832085498,10,1
822,82,-19.33653304055222,10,1
832,83,18.738669635910643,10,1
842,84,-11.519846365331649,10,1
853,85,-16.434212933664124,11,1
863,86,3.365150280393634,10,1
873,87,17.098853511793326,10,1
883,88,10.809314850151235,10,1
893,89,-2.2098301000808056,10,1
903,90,-11.40955255623451,10,1
913,91,-6.424991204999844,10,1
923,92,-9.573316736392945,10,1
933,93,-6.182295025221399,10,1
943,94,-29.220572386388277,10,1
953,95,-23.479688746589453,10,1
963,96,-23.07028961358482,10,1
973,97,-10.87391692606164,10,1
983,98,-16.453951071808646,10,1
993,99,27.915591997742112,10,1
1003,100,-1.9828401793356365,10,1
1013,101,-1.440836691230693,10,1
1023,102,-24.64956929230107,10,1
1033,103,-22.928432170792707,10,1
1043,104,11.290738941143513,10,1
1053,105,-0.16198455724180108,10,1
1063,106,-17.740532762195844,10,1
1073,107,16.321595912387693,10,1
1083,108,-20.446771197636135,10,1
1093,109,-2.6585632071156953,10,1
1103,110,-4.53278937663064,10,1
1113,111,-1.5084084173721466,10,1
1123,112,-2.1010063646026857,10,1
1133,113,-22.92287559055213,10,1
1143,114,-19.22180535900687,10,1
1153,115,-19.74342070676404,10,1
1163,116,-16.24734680809199,10,1
1173,117,-4.445864009758411,10,1
1183,118,-13.884083139114054,10,1
1193,119,-15.612320798228538,10,1
1203,120,-8.775138242381166,10,1
1213,121,-12.258083072134998,10,1
1223,122,-14.604589321534661,10,1
1233,123,-15.770685710444514,10,1
1243,124,-34.266134799391004,10,1
1253,125,4.3280694139668,10,1
1263,126,13.242769681338814,10,1
1273,127,31.730252280720787,10,1
1283,128,10.964558735588264,10,1
1293,129,-12.103457542012299,10,1
1303,130,-17.79376265237496,10,1
1313,131,-13.482769630761892,10,1
1323,132,-19.202448459988968,10,1
1333,133,-17.978426396195417,10,1
1343,134,2.4193106516286487,10,1
1353,135,-12.922088605525808,10,1
1363,136,1.3225561733156803,10,1
1373,137,-21.25936418974985,10,1
1383,138,-15.386098574301077,10,1
1393,139,-24.995738639792503,10,1
1403,140,-5.3966580734260585,10,1
1413,141,-5.778062401016122,10,1
1423,142,-0.99566395280676,10,1
1433,143,-21.9623189214842,10,1
1443,144,-14.452558092282649,10,1
1453,145,12.313971074329002,10,1
1463,146,-12.905441058406135,10,1
1473,147,-14.904424697213308,10,1
1483,148,-28.033683095794917,10,1
1493,149,-14.336529481797257,10,1
1503,150,-13.444902347178862,10,1
1513,151,-4.342422826733223,10,1
1523,152,-17.562726702455244,10,1
1533,153,-8.501424902382583,10,1
1543,154,-21.403990404770294,10,1
1553,155,-22.08657125208823,10,1
1563,156,-15.095545340927659,10,1
1573,157,-5.608871448807834,10,1
1583,158,-11.557596821154302,10,1
1593,159,-23.786335772489963,10,1
1603,160,-13.822347859662028,10,1
1614,161,19.57664521499865,11,1
1624,162,3.4063267884962727,10,1
1634,163,-14.806695769493547,10,1
1644,164,1.3028687991087209,10,1
1654,165,-12.187346388331886,10,1
1664,166,-24.310931008410687,10,1
1674,167,-22.837714639148327,10,1
1684,168,-8.23216450653607,10,1
1694,169,-31.500161700490633,10,1
1704,170,-13.33122920793507,10,1
1714,171,21.273906990568864,10,1
1724,172,-17.942199568878017,10,1
1734,173,-23.710172612212805,10,1
1744,174,4.756501179129853,10,1
1754,175,-19.88974136913469,10,1
1764,176,1.3663468382869195,10,1
1774,177,-5.675329474715546,10,1
1784,178,30.892728379720786,10,1
1794,179,-21.46646651351754,10,1
1804,180,20.69455712581616,10,1
1814,181,-3.6046828792303547,10,1
1824,182,-24.672967126334733,10,1
1834,183,-3.331789213032879,10,1
1845,184,5.6793355251305,11,1
1855,185,-12.113869571709659,10,1
1865,186,-10.635318858244219,10,1
1875,187,-21.260012295799022,10,1
1885,188,-18.85574521033729,10,1
1895,189,-29.202671363934343,10,1
1905,190,-3.666136448800071,10,1
1915,191,0.755045376547664,10,1
1925,192,-5.526032903137853,10,1
1935,193,-11.789837741031532,10,1
1945,194,-16.129267388811968,10,1
1955,195,-5.313296705841946,10,1
1965,196,-16.942197088671843,10,1
1975,197,-12.010363734146885,10,1
1986,198,8.66405200494777,11,1
1996,199,-31.380437097322456,10,1
2006,200,-17.28816279052908,10,1
2016,201,-14.54931352408627,10,1
2026,202,-10.528451525584464,10,1
2036,203,2.0803444046485438,10,1
2046,204,-9.695224885304448,10,1
2056,205,-19.83246050429453,10,1
2066,206,-4.585690636649824,10,1
2076,207,-13.87807697759031,10,1
2086,208,8.902665274011035,10,1
2096,209,-10.60144835220827,10,1
2106,210,-24.884248233489615,10,1
2116,211,-11.617957424282928,10,1
2126,212,-4.147286026846743,10,1
2136,213,-9.478056984907345,10,1
2147,214,-16.118947803915898,11,1
2157,215,-26.48558689054796,10,1
2167,216,-17.60464744022182,10,1
2179,217,2.7841193608673303,12,1
2189,218,-12.31707427043251,10,1
2199,219,-34.74086482522743,10,1
2209,220,-19.599399465624163,10,1
2219,221,14.583257342291835,10,1
2229,222,1.9703591069684996,10,1
2239,223,-18.455005005645162,10,1
2249,224,-13.538100638681112,10,1
2259,225,-11.345823664647376,10,1
2269,226,-8.6840405216188,10,1
2280,227,-24.923707154596848,11,1
2290,228,-12.551992899910148,10,1
2300,229,15.294722321864878,10,1
2310,230,-13.45433631929189,10,1
2320,231,-18.050398956671845,10,1
2330,232,-10.048622012047913,10,1
2340,233,-7.9555927495230545,10,1
2350,234,-18.71270187180675,10,1
2360,235,-20.13742481691033,10,1
2370,236,-17.050010484033727,10,1
2380,237,-24.420014518004187,10,1
2390,238,16.654670626920662,10,1
2400,239,-24.184093919456753,10,1
2410,240,-16.364240364515314,10,1
2420,241,-21.88200234654779,10,1
2430,242,-17.646535642682856,10,1
2440,243,-8.911434433741285,10,1
2450,244,-1.5177979265625285,10,1
2461,245,-23.42888312076864,11,1
2472,246,-17.156096308890497,11,1
2482,247,-13.14657052359382,10,1
2492,248,10.61046938986026,10,1
2502,249,-15.141681858542727,10,1
2512,250,-5.874404493072323,10,1
2522,251,34.52457726861927,10,1
2532,252,-39.001127269753205,10,1
2542,253,27.241281313789376,10,1
2552,254,-11.22916841798486,10,1
2562,255,-24.400814975090896,10,1
2572,256,-13.645592714459633,10,1
2582,257,-19.52785405564378,10,1
2592,258,88.34130136771228,10,1
2603,259,-3.5812016187550677,11,1
2613,260,21.86581892287055,10,1
2623,261,22.117835476353815,10,1
2633,262,-10.659228793971533,10,1
2643,263,-10.702363684514268,10,1
2653,264,-19.230179016181978,10,1
2663,265,26.34044576828537,10,1
2673,266,12.210147710337209,10,1
2684,267,10.041879101779807,11,1
2694,268,12.06133669992497,10,1
2704,269,-14.338782027851376,10,1
2714,270,25.185160883744064,10,1
2724,271,34.22662332973232,10,1
2734,272,10.540805079799322,10,1
2744,273,-3.201632105539103,10,1
2754,274,-23.152699845723475,10,1
2764,275,-7.881862266371537,10,1
2774,276,-10.505123756181199,10,1
2784,277,-3.9629303065140395,10,1
2794,278,-8.72361323068824,10,1
2804,279,14.000551314289233,10,1
2814,280,2.9536027217244527,10,1
2824,281,-11.140368777778889,10,1
2834,282,2.9180670220251033,10,1
2844,283,-22.865885399790432,10,1
2854,284,-21.36113414783993,10,1
2864,285,-0.5793631892741273,10,1
2874,286,-18.465654442664786,10,1
2884,287,-8.922468536197492,10,1
2894,288,11.090220469220231,10,1
2904,289,-17.170612111027676,10,1
2914,290,-4.7606859776765695,10,1
2924,291,-14.599504108757685,10,1
2934,292,13.124139307389349,10,1
2944,293,47.70205269372661,10,1
2955,294,0.12126065156679627,11,1
2965,295,16.65834660320265,10,1
2975,296,-12.439544952905626,10,1
2985,297,36.001919885129546,10,1
2995,298,-13.365072853131712,10,1
3006,299,-0.3620407133961885,11,1
3017,300,-8.650670748026132,11,1
3028,301,-9.572626055259564,11,1
3038,302,-8.999964753840832,10,1
3048,303,-14.278558340149555,10,1
3058,304,9.385613772212801,10,1
3068,305,13.832933957987718,10,1
3078,306,-13.784822182003227,10,1
3088,307,-0.6160083126876418,10,1
3098,308,-12.960436130491713,10,1
3108,309,9.663009034819385,10,1
3118,310,12.627505826880252,10,1
3128,311,20.620985012245807,10,1
3138,312,14.645037456824294,10,1
3148,313,4.100571769368221,10,1
3158,314,-11.927874970276573,10,1
3168,315,16.137857797706204,10,1
3179,316,-7.239310244978216,11,1
3189,317,25.16473672852387,10,1
3199,318,-5.426160952496042,10,1
3210,319,23.933769459468987,11,1
3220,320,33.38696765539531,10,1
3230,321,-5.782089345374102,10,1
3240,322,-13.742298462103163,10,1
3250,323,-6.124631960680995,10,1
3260,324,-9.968521595918448,10,1
3270,325,11.320252160726225,10,1
3280,326,59.488141142600625,10,1
3290,327,50.08055815527706,10,1
3301,328,2.658293717461921,11,1
3311,329,7.018420946605832,10,1
3322,330,14.20401124744431,11,1
3332,331,9.021411404343423,10,1
3342,332,9.122409126503142,10,1
3352,333,11.573735647907558,10,1
3362,334,65.75468919811503,10,1
3372,335,-0.9918529970512101,10,1
3383,336,21.17887158723537,11,1
3393,337,0.20596742210118374,10,1
3403,338,-5.663145096159758,10,1
3414,339,-8.311063401114934,11,1
3424,340,6.33627378045664,10,1
3434,341,3.326011316335369,10,1
3444,342,24.349049499062446,10,1
3454,343,-1.1970719945993584,10,1
3464,344,43.466786483837524,10,1
3474,345,-3.166960801602979,10,1
3484,346,-13.615682392044821,10,1
3494,347,17.43538863518235,10,1
3505,348,-1.3583178171550092,11,1
3515,349,12.18739018601928,10,1
3525,350,-16.016139210081576,10,1
3535,351,11.944779646404637,10,1
3545,352,-14.02386960782029,10,1
3555,353,10.765219528677882,10,1
3565,354,14.38096271896631,10,1
3575,355,-9.748443398902392,10,1
3585,356,-4.459588140121419,10,1
3595,357,16.569910146549667,10,1
3605,358,10.68310096704883,10,1
3615,359,-14.177945716547487,10,1
3625,360,-2.7879873541863143,10,1
3635,361,12.562942461124592,10,1
3646,362,98.14100260562157,11,1
3656,363,-17.037848080905956,10,1
3666,364,20.29594409264734,10,1
3676,365,7.341665487714044,10,1
3686,366,-4.9386518361493374,10,1
3696,367,-16.59909886329583,10,1
3706,368,14.096095137043633,10,1
3716,369,-12.475669748640884,10,1
3726,370,86.09817570498971,10,1
3736,371,-9.538717174114904,10,1
3748,372,-5.006863791843681,12,1
3758,373,-16.341812470794657,10,1
3769,374,29.331899943937444,11,1
3779,375,18.62965968566111,10,1
3789,376,2.969414531741465,10,1
3799,377,13.106463809781912,10,1
3809,378,60.356140483713766,10,1
3819,379,-0.2713414392247983,10,1
3829,380,1.135744774335842,10,1
3839,381,6.555015444907195,10,1
3849,382,9.284075918986709,10,1
3859,383,-2.6295010348949575,10,1
3869,384,-5.38796352399116,10,1
3879,385,4.493142361087785,10,1
3889,386,16.312037110673238,10,1
3899,387,-11.882890281059353,10,1
3909,388,5.497690848808457,10,1
3919,389,-6.297675112487601,10,1
3929,390,11.555408850233986,10,1
3939,391,20.543191118458903,10,1
3949,392,-11.1668712075025,10,1
3960,393,2.6143588948120513,11,1
3970,394,9.883782384006718,10,1
3980,395,-6.226527215558073,10,1
3990,396,15.297785045085908,10,1
4000,397,2.7323053614760506,10,1
4010,398,-8.97938813135066,10,1
4020,399,-6.147397151093031,10,1
4030,400,-14.211647455690088,10,1
4040,401,0.5313604886681621,10,1
4050,402,7.1383023246415425,10,1
4060,403,-13.856685666200168,10,1
4070,404,-8.573319715317915,10,1
4080,405,-4.054127554212325,10,1
4090,406,-18.019942948266685,10,1
4100,407,4.717412059548963,10,1
4110,408,0.7220228520070362,10,1
4120,409,-10.975216874483824,10,1
4130,410,10.709603953348342,10,1
4140,411,-16.32197149091186,10,1
4150,412,3.8634286191083613,10,1
4160,413,17.46741773897466,10,1
4170,414,5.673135491675875,10,1
4180,415,21.440908795127655,10,1
4190,416,2.7994084559004246,10,1
4200,417,-6.277661717395105,10,1
4210,418,5.259344648924479,10,1
4220,419,16.223497289276644,10,1
4230,420,21.051277282861772,10,1
4240,421,-0.05880226610531297,10,1
4250,422,-11.845411552385634,10,1
4260,423,4.385933805932134,10,1
4270,424,-16.80147202263481,10,1
4280,425,15.559933989389105,10,1
4290,426,12.56214423220056,10,1
4300,427,-14.299655751619333,10,1
4310,428,33.16514494758779,10,1
4320,429,-10.99599902639895,10,1
4330,430,-3.711484370988281,10,1
4340,431,-15.961239958655916,10,1
4352,432,7.521667322504454,12,1
4362,433,-15.875343491716844,10,1
4372,434,-2.037069619521748,10,1
4382,435,-8.508465450279408,10,1
4392,436,-10.916557038649106,10,1
4402,437,-5.070867844814146,10,1
4412,438,-19.07800065456101,10,1
4422,439,8.661216839825116,10,1
4432,440,-2.4212306805393076,10,1
4442,441,13.441343483439288,10,1
4453,442,3.0937230691601236,11,1
4463,443,-6.066564903374371,10,1
4473,444,-8.334391020429177,10,1
4483,445,-8.617258223451586,10,1
4493,446,-6.552453973665596,10,1
4503,447,-7.76333585952275,10,1
4513,448,-14.308049849300437,10,1
4523,449,14.664851896136206,10,1
4533,450,-15.1279970357763,10,1
4543,451,7.675854522876073,10,1
4553,452,-12.724183226096978,10,1
4563,453,-3.259417927568356,10,1
4573,454,9.960708496697528,10,1
4583,455,-8.873035600991923,10,1
4594,456,-13.478286405590884,11,1
4604,457,1.723397351159486,10,1
4614,458,-12.162239072841063,10,1
4624,459,4.811689938938378,10,1
4634,460,-2.119701516753511,10,1
4644,461,1.4237019376762319,10,1
4654,462,19.957817774782587,10,1
4664,463,-5.405020972490842,10,1
4674,464,-19.47231611735438,10,1
4684,465,8.586757113785323,10,1
4694,466,14.30113671126178,10,1
4704,467,11.152226556879251,10,1
4714,468,-3.0607074111715455,10,1
4724,469,-10.32691154037148,10,1
4734,470,14.504463830444163,10,1
4745,471,20.938685120550414,11,1
4755,472,-2.129397608571506,10,1
4765,473,-8.391220844623913,10,1
4775,474,-11.50541115469316,10,1
4785,475,11.041701610195956,10,1
4795,476,3.353249968328989,10,1
4805,477,-11.164212500029318,10,1
4815,478,-12.57574324467615,10,1
4825,479,-7.577752048835851,10,1
4835,480,-18.630514186122806,10,1
4845,481,10.041067490131086,10,1
4855,482,4.371503586070193,10,1
4866,483,-5.091147121574064,11,1
4876,484,-18.038188975810115,10,1
4886,485,-8.905665453740626,10,1
4896,486,-22.165102090729786,10,1
4906,487,-12.180149477965328,10,1
4916,488,-8.865446427099078,10,1
4926,489,0.7267287514087221,10,1
4936,490,-11.173099258817695,10,1
4946,491,-13.112367707652611,10,1
4956,492,28.55386420720014,10,1
4966,493,-9.869797949430644,10,1
4976,494,-10.47834622220865,10,1
4986,495,-7.170441963630354,10,1
4996,496,12.369040324883612,10,1
5007,497,-12.85159279738258,11,1
5017,498,-9.246402116780358,10,1
5027,499,11.01540196706215,10,1
5037,500,-14.06746737177258,10,1
5047,501,7.6801204885306475,10,1
5057,502,-14.797151113916247,10,1
5067,503,6.457616246710681,10,1
5077,504,0.7972386468164209,10,1
5087,505,-7.734370338127052,10,1
5097,506,-13.26737378055747,10,1
5107,507,-3.9624823790087125,10,1
5117,508,22.438084469074703,10,1
5127,509,11.335957400127295,10,1
5137,510,2.321492082144575,10,1
5147,511,9.347372431863905,10,1
5158,512,-9.727163236769977,11,1
5168,513,-13.446303174418436,10,1
5178,514,-0.45427369428455855,10,1
5188,515,-11.836200706418232,10,1
5198,516,-3.7041326827215446,10,1
5208,517,-5.252783732614266,10,1
5218,518,-12.180051497441305,10,1
5228,519,5.556328012141241,10,1
5238,520,-14.853646595309455,10,1
5249,521,-0.4135458292960377,11,1
5260,522,8.844945328163812,11,1
5270,523,-16.39137577273024,10,1
5280,524,-3.306378059965572,10,1
5290,525,-20.43920613819949,10,1
5300,526,-18.090393851342533,10,1
5310,527,5.15727456163302,10,1
5320,528,-7.339037507757176,10,1
5330,529,-5.06003552616556,10,1
5340,530,19.990951745552405,10,1
5350,531,-9.717284773029574,10,1
5361,532,4.263042454014696,11,1
5371,533,3.8952033116019584,10,1
5381,534,-20.104978344226485,10,1
5391,535,-3.5000279368994986,10,1
5401,536,-2.550232938035796,10,1
5411,537,-7.803843031231304,10,1
5421,538,-14.097469227280037,10,1
5432,539,3.1258455664046787,11,1
5442,540,-22.8067031369248,10,1
5452,541,-8.48857147540996,10,1
5462,542,-3.6401829788753326,10,1
5472,543,-19.584245371769814,10,1
5482,544,14.491984590435205,10,1
5492,545,-2.715909165132637,10,1
5502,546,7.731831639787866,10,1
5512,547,-12.697693315758235,10,1
5522,548,-18.038471562340387,10,1
5532,549,5.21132460926994,10,1
5542,550,15.927512362510912,10,1
5552,551,-3.7525252305392462,10,1
5562,552,-7.059551707666792,10,1
5572,553,-15.984134063424381,10,1
5582,554,-14.575888371492942,10,1
5592,555,-16.183325428961407,10,1
5602,556,-14.123018960330047,10,1
5612,557,-16.334516067575315,10,1
5622,558,-13.041881798370703,10,1
5632,559,-16.729843635575214,10,1
5642,560,-21.306865096773688,10,1
5652,561,-8.025252436363846,10,1
5663,562,-20.785827226263695,11,1
5673,563,-19.05926242297296,10,1
5683,564,-16.846230731696984,10,1
5693,565,-16.458149662875933,10,1
5703,566,16.915389997286155,10,1
5713,567,-11.054900147869665,10,1
5723,568,-22.34979441722529,10,1
5733,569,-7.871154706153544,10,1
5743,570,-21.41981876161481,10,1
5753,571,-14.384923068383165,10,1
5763,572,-25.567184875743884,10,1
5773,573,-19.16265589446221,10,1
5783,574,-19.043633961099328,10,1
5793,575,-14.160696682766757,10,1
5803,576,-16.894723175422882,10,1
5813,577,3.5391477372565068,10,1
5823,578,5.724652570979949,10,1
5834,579,0.6587331076740528,11,1
5844,580,-21.099336548708013,10,1
5854,581,8.485640544665518,10,1
5864,582,-4.202408372543573,10,1
5874,583,15.54452222594474,10,1
5884,584,-4.491293570923289,10,1
5894,585,136.06956107092094,10,1
5904,586,1.9980314537042825,10,1
5914,587,-15.401188136300538,10,1
5924,588,-21.52228106455601,10,1
5934,589,10.965327899027345,10,1
5945,590,-7.690760288403866,11,1
5955,591,-11.843582747025653,10,1
5965,592,-5.2426364316205225,10,1
5975,593,14.808265668534213,10,1
5985,594,-18.783982604096657,10,1
5995,595,-4.960685316023605,10,1
6005,596,-5.177886848711683,10,1
6016,597,38.83745619286253,11,1
6026,598,-5.537210581709488,10,1
6036,599,-14.772938844383626,10,1
6047,600,-4.994822278280054,11,1
6057,601,-15.316039745920172,10,1
6067,602,-21.95476745391045,10,1
6077,603,-7.234665986462792,10,1
6087,604,-20.10059435449209,10,1
6098,605,-4.671023862201253,11,1
6108,606,30.37551427328499,10,1
6118,607,-16.277570144389102,10,1
6128,608,14.65330595411722,10,1
6138,609,-11.172762448924928,10,1
6148,610,-13.600803459889402,10,1
6158,611,-15.285866614108562,10,1
6168,612,-17.27694133470343,10,1
6178,613,17.655500389078252,10,1
6188,614,-26.4513243451046,10,1
6198,615,-19.083344844462456,10,1
6208,616,-8.430930771963597,10,1
6221,617,-7.410180328506893,13,1
6231,618,-12.074517170516712,10,1
6241,619,-12.175390884510742,10,1
6251,620,-12.346222796840074,10,1
6261,621,-2.2128488462128906,10,1
6271,622,-5.313571613470419,10,1
6281,623,-8.433354106586721,10,1
6293,624,-5.80539705734767,12,1
6303,625,-16.89194448063835,10,1
6313,626,-15.527032504898996,10,1
6323,627,-16.65457057885105,10,1
6333,628,-0.5769504784643905,10,1
6343,629,18.487819725006396,10,1
6353,630,-2.5306938385776787,10,1
6363,631,6.337315065503435,10,1
6373,632,-22.715156881557736,10,1
6383,633,4.951554905362757,10,1
6393,634,-16.766136524072657,10,1
6403,635,-7.721008024351007,10,1
6413,636,-7.0220503743173746,10,1
6423,637,-1.971823648760479,10,1
6433,638,-18.23145079557339,10,1
6443,639,-10.4743359468316,10,1
6453,640,13.101129302592602,10,1
6463,641,-12.809863260448115,10,1
6473,642,-0.193699930744244,10,1
6483,643,132.27811735531287,10,1
6493,644,-6.255301071248869,10,1
6504,645,-9.781152085090401,11,1
6515,646,12.759443442815005,11,1
6525,647,27.293700017186364,10,1
6535,648,1.0698138515873392,10,1
6545,649,114.11306805341248,10,1
6555,650,4.937922167576964,10,1
6565,651,68.00867382222806,10,1
6575,652,19.572478907827897,10,1
6587,653,6.721154364979883,12,1
6597,654,8.379014068372404,10,1
6607,655,17.106224209186284,10,1
6617,656,6.690860769857792,10,1
6627,657,101.31983740550493,10,1
6637,658,50.36317155868433,10,1
6647,659,5.247501334335153,10,1
6658,660,10.573997515436401,11,1
6668,661,5.739434284422431,10,1
6678,662,-7.792933221904878,10,1
6688,663,7.54685058992421,10,1
6698,664,5.6088170559169,10,1
6708,665,1.3428551468511394,10,1
6718,666,1.9953780586964043,10,1
6729,667,101.45745285990327,11,1
6739,668,12.455097489859622,10,1
6749,669,13.715117577802394,10,1
6759,670,21.013939851331124,10,1
6769,671,10.2621192065072,10,1
6779,672,1.764061147866821,10,1
6789,673,-11.890022277202911,10,1
6799,674,17.0468255472913,10,1
6809,675,81.87431617709372,10,1
6819,676,13.780776675094353,10,1
6829,677,-9.567028862425747,10,1
6839,678,-1.8130319797524366,10,1
6849,679,46.15317636603192,10,1
6859,680,28.673073795091003,10,1
6869,681,8.6731318395791,10,1
6880,682,36.79205172743883,11,1
6890,683,0.18106414922228886,10,1
6900,684,65.24218035575815,10,1
6911,685,3.8274894008149967,11,1
6921,686,-4.0370516387908575,10,1
6931,687,40.070608891650664,10,1
6942,688,15.923212932501544,11,1
6953,689,30.7420813528592,11,1
6963,690,51.7662618629847,10,1
6976,691,18.767750860739614,13,1
6986,692,7.2456680397198765,10,1
6997,693,-17.54912330793454,11,1
7007,694,18.31187946511144,10,1
7017,695,16.41849611641159,10,1
7027,696,-12.12635561657585,10,1
7037,697,26.146673745476914,10,1
7048,698,2.0805105711199645,11,1
7058,699,31.43734440465449,10,1
7068,700,21.683864222063896,10,1
7078,701,12.847099620780373,10,1
7088,702,28.0368106751484,10,1
7098,703,-7.251883226431589,10,1
7108,704,17.01529691224484,10,1
7118,705,-15.005890065243337,10,1
7128,706,-7.90987203622503,10,1
7138,707,74.94701712510506,10,1
7148,708,12.16292452107369,10,1
7158,709,15.409904746841587,10,1
7168,710,-19.575079777962713,10,1
7179,711,6.55164371264746,11,1
7190,712,14.804804887837584,11,1
7200,713,14.497703327476708,10,1
7210,714,13.652042388522604,10,1
7220,715,-13.291671500135658,10,1
7231,716,-9.671918442082294,11,1
7241,717,85.67218072526929,10,1
7251,718,5.951738246732644,10,1
7261,719,12.241364739320453,10,1
7271,720,-19.994417225802994,10,1
7281,721,-22.993980409071902,10,1
7291,722,65.83110223290802,10,1
7301,723,15.825315775400847,10,1
7311,724,-5.3053163530316985,10,1
7321,725,7.307048498699859,10,1
7331,726,26.048545121782244,10,1
7341,727,-3.477572851389221,10,1
7351,728,11.995196569764705,10,1
7361,729,13.127372190388051,10,1
7371,730,-8.105978662129113,10,1
7381,731,27.763398063475698,10,1
7391,732,2.9536567288090656,10,1
7401,733,7.282042431027436,10,1
7411,734,42.372616820541296,10,1
7422,735,14.38465193357617,11,1
7432,736,12.643764387003642,10,1
7443,737,75.8613469391513,11,1
7453,738,4.657984772728668,10,1
7463,739,18.12994020306623,10,1
7473,740,-16.326997916368992,10,1
7484,741,8.181873361477964,11,1
7494,742,119.8641354266497,10,1
7504,743,-15.27487000666624,10,1
7514,744,14.656380415048208,10,1
7525,745,6.818589801047346,11,1
7536,746,-6.625809796270995,11,1
7546,747,108.14174901531356,10,1
7557,748,42.58469529784655,11,1
7568,749,81.45455030726515,11,1
7578,750,-1.5344162508720631,10,1
7588,751,-24.886315433767482,10,1
7599,752,1.4964265012862017,11,1
7613,753,9.74628525153161,14,1
7623,754,34.46354095623336,10,1
7633,755,21.591771227435466,10,1
7643,756,29.657089314028234,10,1
7653,757,29.25290893752517,10,1
7663,758,12.693987276335696,10,1
7673,759,-12.561601569957503,10,1
7684,760,20.699532899005867,11,1
7694,761,10.297655429974274,10,1
7704,762,-7.605616218931465,10,1
7715,763,14.70837995565405,11,1
7725,764,0.8246183812921709,10,1
7735,765,6.502364879586327,10,1
7745,766,12.720939007985608,10,1
7755,767,5.690834169205655,10,1
7765,768,6.395214074210091,10,1
7775,769,15.777915352986708,10,1
7785,770,106.01499046770026,10,1
7795,771,11.459265790482226,10,1
7805,772,5.413589048407745,10,1
7815,773,18.113590345498945,10,1
7825,774,78.70562252741361,10,1
7835,775,-16.175181543614602,10,1
7845,776,-13.002606417605298,10,1
7855,777,68.57635759460624,10,1
7865,778,14.020757650627717,10,1
7875,779,8.289008629593575,10,1
7885,780,17.77328413592466,10,1
7896,781,9.696252944092764,11,1
7906,782,25.27909025759888,10,1
7916,783,14.063165913350076,10,1
7926,784,-7.026031506101639,10,1
7937,785,2.2198544853489746,11,1
7947,786,17.275525775130248,10,1
7957,787,-10.232357640771632,10,1
7967,788,9.392541301578044,10,1
7977,789,4.063528121223664,10,1
7988,790,6.194168177043502,11,1
7998,791,12.426049665411885,10,1
8008,792,16.086470197227595,10,1
8018,793,29.151588952122104,10,1
8028,794,-14.408684721937831,10,1
8038,795,-13.503454824096293,10,1
8049,796,5.999420836729663,11,1
8059,797,-11.128468721779162,10,1
8070,798,13.161691305845821,11,1
8082,799,-15.043461448848202,12,1
8092,800,17.157577316452038,10,1
8102,801,-3.355162484867689,10,1
8112,802,113.63921843287473,10,1
8122,803,19.08220937769239,10,1
8133,804,14.641820487210525,11,1
8143,805,-13.37385147964705,10,1
8153,806,-16.653316662806372,10,1
8163,807,3.9068606522367437,10,1
8174,808,19.307015866142805,11,1
8184,809,-23.880332840913535,10,1
8196,810,26.284371259041432,12,1
8207,811,15.787489991331249,11,1
8217,812,-22.254103115922405,10,1
8227,813,8.209137872468007,10,1
8237,814,10.20888449224042,10,1
8251,815,7.056077135730434,14,1
8261,816,-10.94197308436386,10,1
8271,817,-22.228702453595158,10,1
8281,818,6.661686616928681,10,1
8293,819,15.14356855790428,12,1
8303,820,-21.4630006574432,10,1
8313,821,10.869257518700458,10,1
8324,822,-1.6436784164723093,11,1
8334,823,14.745786888230844,10,1
8344,824,14.090423049556957,10,1
8355,825,1.1327978727548793,11,1
8365,826,11.435884975566507,10,1
8376,827,6.58943080988021,11,1
8386,828,17.81821218259462,10,1
8397,829,22.88564991536256,11,1
8407,830,-21.324323204688763,10,1
8417,831,16.603204806626746,10,1
8427,832,1.3874751602453772,10,1
8437,833,-1.0399088332655664,10,1
8449,834,12.282871499838466,12,1
8459,835,11.294309622051726,10,1
8469,836,7.577523913562412,10,1
8480,837,-0.14583855429200676,11,1
8492,838,1.8753679802347876,12,1
8502,839,-22.234479543549146,10,1
8512,840,26.530757188015276,10,1
8522,841,17.467471553722984,10,1
8532,842,-0.8013932489884525,10,1
8542,843,-20.747508356786373,10,1
8552,844,14.522981371064288,10,1
8562,845,131.5750590469509,10,1
8572,846,-11.222911504688481,10,1
8585,847,-4.991504320892965,13,1
8595,848,2.450448768546333,10,1
8605,849,-16.570335751910658,10,1
8615,850,8.33569064016096,10,1
8626,851,9.128276107513528,11,1
8637,852,54.68240697455043,11,1
8649,853,-8.838187348786088,12,1
8659,854,70.9577960275746,10,1
8669,855,18.53380072348707,10,1
8679,856,4.7702699226645,10,1
8690,857,24.087127474749856,11,1
8701,858,10.323355885295461,11,1
8711,859,-20.43480599334826,10,1
8723,860,-9.930336253393788,12,1
8734,861,10.501000873940203,11,1
8744,862,0.6201530359220317,10,1
8754,863,4.885438987156635,10,1
8765,864,21.26119178423501,11,1
8777,865,-11.261033374146443,12,1
8788,866,-1.4426200129234596,11,1
8798,867,-0.913803177013923,10,1
8809,868,12.811920759859783,11,1
8819,869,93.00926796934054,10,1
8829,870,-17.94805546688692,10,1
8840,871,-9.424838669636976,11,1
8850,872,-2.3712716557695397,10,1
8860,873,-5.249084709460702,10,1
8870,874,-15.743478678819345,10,1
8881,875,-10.689145170318733,11,1
8892,876,11.493780418036344,11,1
8902,877,-9.383495887983134,10,1
8912,878,-21.88920197722125,10,1
8922,879,-25.636623077108947,10,1
8933,880,-14.402623818499473,11,1
8943,881,-13.31925648291478,10,1
8953,882,19.359219322749276,10,1
8963,883,-14.22125065015338,10,1
8975,884,-14.529677265763802,12,1
8986,885,12.02619911714481,11,1
8996,886,4.0844271022208485,10,1
9012,887,-11.89083725512338,16,1
9022,888,90.0020110015293,10,1
9032,889,17.53922369063776,10,1
9044,890,-14.597390414885426,12,1
9055,891,-7.919125504151679,11,1
9065,892,58.300309640458856,10,1
9075,893,12.666728832842189,10,1
9092,894,-28.601579172609295,17,1
9102,895,9.199089618487488,10,1
9113,896,9.727648362062189,11,1
9123,897,21.659188706872584,10,1
9133,898,14.725057712654609,10,1
9143,899,8.219021925653522,10,1
9153,900,109.97758562683866,10,1
9163,901,51.471760252723506,10,1
9173,902,37.844042711175405,10,1
9183,903,16.880252120974394,10,1
9194,904,-27.641994622917352,11,1
9204,905,28.173222990286188,10,1
9214,906,0.47924374437686335,10,1
9224,907,10.12552079899492,10,1
9234,908,15.531666238742337,10,1
9244,909,31.349991422903905,10,1
9254,910,-17.84458912840909,10,1
9264,911,3.9407580963692728,10,1
9276,912,122.91878744340224,12,1
9286,913,-14.862965744573124,10,1
9296,914,22.051714420354745,10,1
9306,915,36.15436395932068,10,1
9317,916,-6.274177585588017,11,1
9327,917,16.941792618176695,10,1
9338,918,12.146976777164243,11,1
9348,919,134.17114942635652,10,1
9358,920,33.28513175576138,10,1
9368,921,5.354367446523763,10,1
9378,922,25.10929670622773,10,1
9388,923,-14.17869601154228,10,1
9398,924,7.983080290596118,10,1
9408,925,32.44090886431425,10,1
9419,926,-22.39328062325462,11,1
9429,927,69.84025379751789,10,1
9439,928,90.80293106143952,10,1
9449,929,-2.329686951840093,10,1
9459,930,13.883172696692135,10,1
9469,931,12.149153359822222,10,1
9479,932,18.315894601646878,10,1
9489,933,20.6510692649964,10,1
9501,934,-1.0934049529121987,12,1
9511,935,-5.445107104704563,10,1
9521,936,22.161629807395805,10,1
9531,937,10.39223154648092,10,1
9541,938,25.89936447579528,10,1
9555,939,-12.764875839631939,14,1
9565,940,27.729958872185822,10,1
9575,941,7.070192449783241,10,1
9585,942,98.21481512958411,10,1
9595,943,29.531529040067017,10,1
9605,944,10.608621193447366,10,1
9617,945,11.681559874485387,12,1
9628,946,-22.788517835842775,11,1
9638,947,5.4061349908281136,10,1
9650,948,25.850262698690848,12,1
9661,949,41.82632323047677,11,1
9672,950,14.30163654224637,11,1
9683,951,22.8778135909024,11,1
9693,952,9.387333850171293,10,1
9703,953,14.904010897448865,10,1
9713,954,7.390457840672023,10,1
9723,955,12.587949836854655,10,1
9733,956,-6.000231585489075,10,1
9743,957,-1.5643931527902246,10,1
9754,958,112.83050031930664,11,1
9764,959,36.7120768427296,10,1
9774,960,2.1491760315416792,10,1
9786,961,28.00419641139036,12,1
9797,962,67.94443859031193,11,1
9807,963,18.632785755916935,10,1
9817,964,34.703917929659916,10,1
9827,965,3.6757134847941675,10,1
9840,966,5.655954649629082,13,1
9850,967,12.928750494868735,10,1
9860,968,15.507570788631758,10,1
9870,969,-8.185835238399745,10,1
9880,970,38.731247795939886,10,1
9890,971,-8.693972396420572,10,1
9900,972,20.629185855189228,10,1
9911,973,18.875617456915162,11,1
9921,974,57.61540205701218,10,1
9933,975,10.007904696617002,12,1
9944,976,20.654640957325,11,1
9956,977,13.508815255060787,12,1
9966,978,9.052885379603419,10,1
9976,979,18.811812094972584,10,1
9987,980,8.836157491143103,11,1
9999,981,17.57248286028207,12,1
10009,982,6.44190383084511,10,1
10021,983,47.98489192908382,12,1
10031,984,-0.5735565705404277,10,1
10042,985,-1.0449146973961378,11,1
10052,986,36.60135685706543,10,1
10062,987,13.734793646199648,10,1
10076,988,-12.47450253903131,14,1
10086,989,-6.729971826296044,10,1
10096,990,6.220376192156576,10,1
10106,991,37.816077219672316,10,1
10116,992,-1.3757075519771744,10,1
10127,993,3.1739507909356246,11,1
10137,994,24.696397539394933,10,1
10147,995,-0.16043668168811348,10,1
10157,996,7.500170261178434,10,1
10167,997,92.41619234181628,10,1
10177,998,7.1006570476953055,10,1
10187,999,9.636971633028988,10,1
10197,1000,1.2467361739608223,10,1
10208,1001,1.9068603822947263,11,1
10218,1002,-7.56421457326693,10,1
10228,1003,16.003654526970717,10,1
10238,1004,-1.0356523606332744,10,1
10248,1005,3.4234361771002693,10,1
10258,1006,-3.8792989087375354,10,1
10269,1007,21.41061319954171,11,1
10279,1008,13.772270745824358,10,1
10289,1009,5.605182545041441,10,1
10299,1010,13.263447572447424,10,1
10309,1011,-1.4644154276062888,10,1
10319,1012,-1.1648189791790369,10,1
10329,1013,41.71623140218868,10,1
10339,1014,16.28144379273173,10,1
10349,1015,21.00264499041354,10,1
10359,1016,13.133451225166985,10,1
10369,1017,34.9762819399961,10,1
10380,1018,12.637440520579595,11,1
10390,1019,52.600976262345434,10,1
10400,1020,3.8270120334977875,10,1
10410,1021,18.15833065590034,10,1
10420,1022,15.05590552200312,10,1
10430,1023,12.538956922090454,10,1
10440,1024,-0.3644642688528469,10,1
10450,1025,-4.494124347455527,10,1
10460,1026,0.484695980467171,10,1
10470,1027,16.68399811562997,10,1
10481,1028,1.261338319145028,11,1
10492,1029,27.177945535129993,11,1
10504,1030,0.7567194527983876,12,1
10514,1031,4.153660975025204,10,1
10524,1032,-3.868925518856425,10,1
10534,1033,134.64731972531075,10,1
10545,1034,-1.110213880656572,11,1
10555,1035,-6.787146281428157,10,1
10567,1036,-2.0722251238415534,12,1
10578,1037,-11.292528925304675,11,1
10590,1038,5.91641659083208,12,1
10600,1039,-2.878142598473941,10,1
10610,1040,11.4601961497782,10,1
10624,1041,8.771214398798243,14,1
10634,1042,11.07402202581555,10,1
10644,1043,5.705753738711231,10,1
10654,1044,118.9410631214004,10,1
10664,1045,20.881284709341937,10,1
10674,1046,-8.653537486372306,10,1
10685,1047,5.6881317144414,11,1
10696,1048,12.769669961431227,11,1
10706,1049,5.376385109148566,10,1
10716,1050,40.411150092312276,10,1
10727,1051,0.3639805098012714,11,1
10737,1052,8.122848242285476,10,1
10749,1053,15.428255192379927,12,1
10761,1054,11.223056053394748,12,1
10772,1055,7.80906047065657,11,1
10783,1056,2.074162835547806,11,1
10796,1057,11.623707524613822,13,1
10807,1058,11.02317292854027,11,1
10817,1059,18.938934580119692,10,1
10828,1060,18.99390165121093,11,1
10838,1061,-8.99871404047432,10,1
10848,1062,118.83487810099966,10,1
10858,1063,22.184034111584488,10,1
10869,1064,22.50019979841172,11,1
10881,1065,3.485892335451768,12,1
10892,1066,-15.032442135422343,11,1
10904,1067,-10.607338571617047,12,1
10914,1068,18.66156545288468,10,1
10926,1069,4.816364768568718,12,1
10936,1070,-13.296008005726742,10,1
10946,1071,-3.8363241354365396,10,1
10957,1072,2.769197481886655,11,1
10967,1073,33.009621600782936,10,1
10977,1074,-14.76679413987625,10,1
10989,1075,0.8136153503723997,12,1
10999,1076,-20.77071254876945,10,1
11009,1077,6.050577681957853,10,1
11019,1078,-5.9979875105967695,10,1
11029,1079,5.632163349406626,10,1
11039,1080,1.3941643270376232,10,1
11055,1081,21.84516237061952,16,1
11066,1082,10.284399573920986,11,1
11078,1083,-3.1312772740673367,12,1
11088,1084,49.40828452766143,10,1
11098,1085,24.636598671305077,10,1
11108,1086,-12.456356887210305,10,1
11119,1087,-12.35299332400539,11,1
11130,1088,20.408717007052733,11,1
11141,1089,18.379422007095854,11,1
11151,1090,-6.544667495043978,10,1
11164,1091,10.32934116501115,13,1
11179,1092,4.163334758849571,15,1
11189,1093,2.1681352074829023,10,1
11199,1094,-1.873827760636796,10,1
11217,1095,10.346255488084948,18,1
11227,1096,56.22889835300047,10,1
11237,1097,-10.765101018840852,10,1
11247,1098,4.035137126779509,10,1
11257,1099,-2.952125802734546,10,1
11268,1100,13.358493180593346,11,1
11278,1101,-13.805507565988577,10,1
11294,1102,35.08329038032002,16,1
11305,1103,12.02186028292125,11,1
11315,1104,-14.271614707640962,10,1
11325,1105,19.317670990488818,10,1
11336,1106,-8.531705220508417,11,1
11346,1107,12.00579568633251,10,1
11356,1108,-11.331613283567785,10,1
11366,1109,20.30297030209988,10,1
11378,1110,2.9093073328075296,12,1
11388,1111,-11.282947764051192,10,1
11398,1112,17.191768136563248,10,1
11409,1113,31.079749287711124,11,1
11419,1114,-22.268752422128067,10,1
11429,1115,-22.833044227389802,10,1
11439,1116,6.559313960693503,10,1
11449,1117,27.296981791994064,10,1
11460,1118,-19.509859612064346,11,1
11470,1119,11.929719144563613,10,1
11480,1120,20.1313149953514,10,1
11491,1121,46.61975656203164,11,1
11501,1122,-3.537520775100191,10,1
11512,1123,-20.621076956126938,11,1
11523,1124,-16.11685990188883,11,1
11533,1125,-16.71068658868921,10,1
11543,1126,-3.056288768945821,10,1
11553,1127,4.3320968060081935,10,1
11563,1128,-6.399875213607666,10,1
11574,1129,56.84622146386401,11,1
11588,1130,9.70316107936307,14,1
11598,1131,-22.909827433299892,10,1
11608,1132,10.8038338239065,10,1
11618,1133,17.76354787071947,10,1
11628,1134,-8.339121242847579,10,1
11638,1135,10.1677702488977,10,1
11652,1136,7.419366044277913,14,1
11662,1137,-13.156947953781255,10,1
11674,1138,-7.60543947671639,12,1
11684,1139,11.146163663257957,10,1
11694,1140,10.851221901452636,10,1
11704,1141,4.11683387017051,10,1
11714,1142,7.6450950685274925,10,1
11724,1143,21.243188681793818,10,1
11734,1144,-5.313929800857995,10,1
11744,1145,-8.047370166017343,10,1
11755,1146,-18.822624208311186,11,1
11768,1147,13.180499175816763,13,1
11785,1148,-18.806774033807454,17,1
11797,1149,4.0769830879838835,12,1
11807,1150,1.7852767881473035,10,1
11818,1151,10.69893974406992,11,1
11828,1152,-13.263794088981971,10,1
11838,1153,-0.3183512926783389,10,1
11848,1154,5.413105498255346,10,1
11858,1155,0.9811112522321676,10,1
11869,1156,-14.632323316074011,11,1
11882,1157,47.260622275401175,13,1
11892,1158,11.030872764841211,10,1
11902,1159,2.0612013179531794,10,1
11912,1160,11.290959406345044,10,1
11923,1161,1.6007042227495805,11,1
11933,1162,-0.56251316750733,10,1
11944,1163,109.30729736289419,11,1
11955,1164,15.917394400919964,11,1
11965,1165,16.708378737681386,10,1
11976,1166,15.458044430672263,11,1
11986,1167,97.13507643648829,10,1
11996,1168,-10.165408909808916,10,1
12006,1169,6.057551754819547,10,1
12016,1170,-10.217219644377819,10,1
12028,1171,-12.73391004936707,12,1
12038,1172,-3.971581299643289,10,1
12051,1173,7.588545655051288,13,1
12061,1174,11.293064140789356,10,1
12072,1175,8.583270189871444,11,1
12082,1176,1.8571490220971723,10,1
12093,1177,10.720968235409176,11,1
12103,1178,-14.019938288579084,10,1
12114,1179,-10.082157844139136,11,1
12126,1180,7.780287430354818,12,1
12138,1181,-4.116818430176019,12,1
12148,1182,8.533202865027528,10,1
12158,1183,6.986082323320267,10,1
12173,1184,27.498393721609872,15,1
12184,1185,-15.306233969086188,11,1
12194,1186,-20.913349184152036,10,1
12204,1187,6.67176006751378,10,1
12214,1188,-7.387556058352134,10,1
12224,1189,-17.297414499534124,10,1
12235,1190,8.13826913274385,11,1
12245,1191,-8.656315039624145,10,1
12255,1192,-11.005209545213226,10,1
12265,1193,10.38148977776271,10,1
12276,1194,24.526363415854625,11,1
12286,1195,-9.721976959443296,10,1
12296,1196,-8.043218431941852,10,1
12306,1197,4.762982598155752,10,1
12316,1198,-1.9338836258672496,10,1
12326,1199,77.74285246346896,10,1
12336,1200,-2.766132949868508,10,1
12346,1201,-10.552141825891757,10,1
12356,1202,10.30700323857181,10,1
12367,1203,9.514400760472522,11,1
12377,1204,-15.452587967166046,10,1
12387,1205,2.612183588225466,10,1
12397,1206,8.810781204998342,10,1
12407,1207,-10.082664654048196,10,1
12417,1208,-16.815602962193477,10,1
12428,1209,15.868736776036597,11,1
12439,1210,-22.081178560459456,11,1
12449,1211,-18.67686271063579,10,1
12460,1212,-24.537424384156317,11,1
12470,1213,-4.884364502694039,10,1
12481,1214,5.8764562318039095,11,1
12492,1215,5.879400049950623,11,1
12503,1216,0.49850913417691783,11,1
12514,1217,1.7771159497556346,11,1
12527,1218,-9.096085283593505,13,1
12539,1219,-5.022881100776526,12,1
12549,1220,3.282714343994416,10,1
12559,1221,2.0509128281564557,10,1
12569,1222,13.596763942135183,10,1
12579,1223,3.2025369627792366,10,1
12589,1224,10.042470689342005,10,1
12600,1225,-10.064717974183726,11,1
12612,1226,20.108668017544368,12,1
12622,1227,-5.821448133737324,10,1
12633,1228,17.858486337624356,11,1
12643,1229,46.59990042934016,10,1
12653,1230,9.018211550124871,10,1
12664,1231,-15.556312929077341,11,1
12675,1232,-15.306953420993583,11,1
12685,1233,17.630383387905397,10,1
12695,1234,-0.09733257136193235,10,1
12706,1235,15.260726285514037,11,1
12716,1236,-12.291696906880514,10,1
12727,1237,36.93460388551261,11,1
12737,1238,13.182528532500996,10,1
12751,1239,1.0892363761155641,14,1
12763,1240,16.049397600902694,12,1
12776,1241,4.701456794700432,13,1
12788,1242,70.11168159157597,12,1
12798,1243,13.805917730907645,10,1
12808,1244,-16.156865143983943,10,1
12818,1245,8.055920039887603,10,1
12828,1246,11.298731459307554,10,1
12838,1247,14.160462209811227,10,1
12848,1248,-9.785075677412651,10,1
12858,1249,-16.60577037371679,10,1
12869,1250,-23.239190027353217,11,1
12879,1251,-11.457334322529357,10,1
12889,1252,6.972246805776075,10,1
12900,1253,-21.528139277110974,11,1
12911,1254,9.12416666373554,11,1
12921,1255,-23.19907863718831,10,1
12932,1256,-15.851660703347388,11,1
12942,1257,-11.033284172364457,10,1
12954,1258,30.949608005482617,12,1
12964,1259,18.46727557825954,10,1
12974,1260,91.895016838361,10,1
12984,1261,9.953856174930532,10,1
12994,1262,-4.7216156856089295,10,1
13005,1263,-16.910655431974604,11,1
13016,1264,22.84351407193018,11,1
13026,1265,-8.246137796974018,10,1
13036,1266,14.935535943372296,10,1
13046,1267,19.27899707601815,10,1
13058,1268,5.509933462321486,12,1
13068,1269,19.203117727015698,10,1
13080,1270,-1.3753511358191512,12,1
13090,1271,17.533967153386104,10,1
13100,1272,-10.626990231496428,10,1
13112,1273,13.848996003707805,12,1
13123,1274,16.198397028799494,11,1
13133,1275,-11.145138951452408,10,1
13143,1276,-4.8155457218665365,10,1
13153,1277,-3.452136563049539,10,1
13163,1278,-1.5854197758700235,10,1
13173,1279,22.059964801586187,10,1
13183,1280,27.03304975542088,10,1
13193,1281,10.2837314923927,10,1
13208,1282,19.37018661757355,15,1
13222,1283,-9.875118430992943,14,1
13232,1284,-8.069433361587883,10,1
13242,1285,5.462847316967816,10,1
13253,1286,16.180840959689387,11,1
13264,1287,6.427903007663439,11,1
13277,1288,30.792741251935414,13,1
13287,1289,-3.519335402632141,10,1
13297,1290,3.3099795467234947,10,1
13307,1291,-9.71707791775764,10,1
13319,1292,2.950545768022683,12,1
13329,1293,-2.7021416689456768,10,1
13341,1294,6.325161706157326,12,1
13354,1295,18.940524784166847,13,1
13364,1296,13.029820939026655,10,1
13374,1297,-1.3326823818532711,10,1
13391,1298,15.556589570003718,17,1
13409,1299,4.931997604381615,18,1
13421,1300,-11.71515986498012,12,1
13433,1301,35.94705669160799,12,1
13444,1302,-14.892143329718357,11,1
13454,1303,9.728194577130663,10,1
13464,1304,25.446755632472204,10,1
13476,1305,6.235517808233806,12,1
13486,1306,-8.858316018606375,10,1
13497,1307,-4.987957653711483,11,1
13507,1308,29.902417785819587,10,1
13517,1309,8.490500414733312,10,1
13531,1310,30.119906000409042,14,1
13545,1311,3.602041533422422,14,1
13555,1312,14.529822610046164,10,1
13565,1313,9.459953182095356,10,1
13576,1314,10.251069870031202,11,1
13589,1315,6.850411830765631,13,1
13600,1316,18.50572044923005,11,1
13612,1317,12.806170067719663,12,1
13626,1318,4.751288490983999,14,1
13636,1319,6.16266226080085,10,1
13647,1320,16.251378447689962,11,1
13657,1321,-1.0090743697059998,10,1
13671,1322,17.284326204689464,14,1
13682,1323,-4.524191969740491,11,1
13695,1324,18.393402474442617,13,1
13705,1325,-5.944067701263843,10,1
13715,1326,-8.632771359492764,10,1
13725,1327,-11.955673326842057,10,1
13736,1328,93.79991247571131,11,1
13746,1329,28.20909844311212,10,1
13756,1330,11.780565044598607,10,1
13766,1331,20.42061504556666,10,1
13781,1332,18.028958867649376,15,1
13799,1333,-11.945588019753048,18,1
13809,1334,47.19871406139936,10,1
13819,1335,58.632282638853724,10,1
13829,1336,13.695266195509635,10,1
13840,1337,7.795010503399317,11,1
13850,1338,-15.269169684640891,10,1
13861,1339,11.143510628595736,11,1
13871,1340,-14.07826506843049,10,1
13881,1341,-4.9689498319122345,10,1
13894,1342,17.4867173157906,13,1
13904,1343,-1.4914284966828066,10,1
13916,1344,-0.17475159648274685,12,1
13926,1345,29.76911111038289,10,1
13936,1346,26.058040882920245,10,1
13946,1347,20.853467638125483,10,1
13956,1348,-11.137624262256852,10,1
13967,1349,-3.0204162411120388,11,1
13980,1350,13.878236023736173,13,1
13992,1351,8.004809077771911,12,1
14002,1352,-9.072236328080901,10,1
14013,1353,34.35413530896881,11,1
14024,1354,-0.06849671437960361,11,1
14034,1355,8.052209359485241,10,1
14044,1356,5.555871532102847,10,1
14055,1357,-15.606887735583145,11,1
14067,1358,2.6697326816967815,12,1
14078,1359,20.164242484871725,11,1
14090,1360,28.131904000990787,12,1
14101,1361,8.172164966123365,11,1
14112,1362,13.315877660078172,11,1
14122,1363,-5.474780916356599,10,1
14132,1364,26.615322967334965,10,1
14144,1365,93.60535517518362,12,1
14157,1366,-0.5062506115585694,13,1
14167,1367,-3.5411222765070667,10,1
14178,1368,40.868347961689416,11,1
14190,1369,14.554678189636785,12,1
14201,1370,0.4008009390315904,11,1
14218,1371,13.92147778142183,17,1
14228,1372,-1.0763021063158358,10,1
14241,1373,4.2464794095594955,13,1
14256,1374,30.15407559125213,15,1
14266,1375,20.677525527377618,10,1
14277,1376,-9.04821561502259,11,1
14290,1377,39.58215916092377,13,1
14304,1378,5.73450534703561,14,1
14314,1379,13.643155359829011,10,1
14324,1380,-7.141451200117684,10,1
14334,1381,17.315312782236592,10,1
14344,1382,20.68793853505522,10,1
14356,1383,13.59077778870404,12,1
14367,1384,7.961860546928603,11,1
14380,1385,32.985424299700405,13,1
14391,1386,91.99354640461262,11,1
14401,1387,16.707696102044196,10,1
14411,1388,19.71329671629924,10,1
14421,1389,46.921914112601286,10,1
14432,1390,10.6526729272757,11,1
14442,1391,66.63498325121002,10,1
14453,1392,15.632588422612365,11,1
14463,1393,14.904301717626407,10,1
14473,1394,1.7235907654562153,10,1
14483,1395,-5.49147911649535,10,1
14498,1396,8.75886888730798,15,1
14508,1397,21.293724143919093,10,1
14527,1398,9.38666868947676,19,1
14538,1399,24.228063399029043,11,1
14549,1400,37.17959640980644,11,1
14561,1401,41.82189942549166,12,1
14571,1402,-9.955145952971485,10,1
14584,1403,17.706265757618038,13,1
14595,1404,74.69801410846114,11,1
14606,1405,9.35826725779693,11,1
14618,1406,21.669775758885372,12,1
14630,1407,47.55852152272118,12,1
14647,1408,9.976917404487416,17,1
14657,1409,1.2245565236623803,10,1
14669,1410,16.42994036594533,12,1
14679,1411,4.984974890771419,10,1
14694,1412,26.094254280380976,15,1
14706,1413,5.202868059783763,12,1
14718,1414,19.99004617973908,12,1
14728,1415,10.643344625764085,10,1
14738,1416,1.042296164297241,10,1
14748,1417,1.3057593306890585,10,1
14759,1418,25.519029973786505,11,1
14769,1419,4.860552944799723,10,1
14780,1420,45.416170853738265,11,1
14791,1421,-3.6685916040570183,11,1
14802,1422,47.40843221270633,11,1
14812,1423,-5.481437297596462,10,1
14827,1424,-12.477137495976903,15,1
14838,1425,8.774242921346877,11,1
14850,1426,13.852155169955429,12,1
14861,1427,-0.4051654691904744,11,1
14876,1428,-8.903049951077266,15,1
14889,1429,41.72672809286729,13,1
14899,1430,18.06045026379644,10,1
14909,1431,-9.122939307834644,10,1
14919,1432,118.58767525226808,10,1
14931,1433,7.118941371980975,12,1
14942,1434,5.288463094207679,11,1
14952,1435,8.27710624233612,10,1
14962,1436,14.94211076898798,10,1
14972,1437,6.941653882219753,10,1
14983,1438,21.621799254267668,11,1
14996,1439,14.32023209149103,13,1
15009,1440,-8.474334790820476,13,1
15023,1441,3.0196073918688695,14,1
15033,1442,19.284106171306014,10,1
15043,1443,114.59111778305358,10,1
15057,1444,5.074975367333089,14,1
15077,1445,12.34238160460414,20,1
15087,1446,-12.333692254031416,10,1
15097,1447,-1.1902897708262785,10,1
15107,1448,29.778846663542765,10,1
15117,1449,18.594751061416854,10,1
15133,1450,11.394989248117927,16,1
15144,1451,2.9294907400474077,11,1
15157,1452,14.102029626292024,13,1
15167,1453,16.306864184991305,10,1
15180,1454,15.913016797731288,13,1
15190,1455,19.4292485516197,10,1
15200,1456,6.425629890978712,10,1
15223,1457,58.95450965834591,23,1
15238,1458,30.048388395301654,15,1
15255,1459,-13.474430232896337,17,1
15268,1460,111.19753879884111,13,1
15278,1461,19.763646994541187,10,1
15291,1462,-2.724025302267292,13,1
15301,1463,7.62779139047872,10,1
15311,1464,31.442315844980495,10,1
15321,1465,11.509714059270356,10,1
15334,1466,26.632859448627233,13,1
15346,1467,-21.78378906277135,12,1
15360,1468,7.751657868219349,14,1
15373,1469,5.224813542429522,13,1
15383,1470,50.56828678086208,10,1
15399,1471,18.965045787004204,16,1
15412,1472,26.446968088308207,13,1
15422,1473,13.782674116775716,10,1
15436,1474,7.695511982573469,14,1
15447,1475,-6.260395284415171,11,1
15459,1476,20.63586174079944,12,1
15479,1477,-49.1755555090306,20,1
15495,1478,11.046972362071115,16,1
15507,1479,-14.9154044918919,12,1
15517,1480,56.23800594257524,10,1
15527,1481,13.4999229359971,10,1
15538,1482,14.714218951889075,11,1
15550,1483,18.042776174453724,12,1
15560,1484,14.494966795251072,10,1
15570,1485,32.34396814508753,10,1
15580,1486,-15.311872407661864,10,1
15590,1487,6.7149682175906396,10,1
15601,1488,47.159723031475906,11,1
15611,1489,-17.285181140547156,10,1
15621,1490,-15.870195882920639,10,1
15631,1491,-7.087573640766081,10,1
15642,1492,4.775254210961131,11,1
15654,1493,115.62883561103942,12,1
15664,1494,-13.174878897993532,10,1
15675,1495,42.796972501820534,11,1
15690,1496,-17.09570101586127,15,1
15700,1497,-6.544516321477221,10,1
15710,1498,35.38491426117572,10,1
15721,1499,31.98273658475107,11,1
15732,1500,13.553603553016137,11,1
15742,1501,-1.2153737568749183,10,1
15753,1502,31.068948514122834,11,1
15763,1503,31.180033423593212,10,1
15774,1504,10.050560934963604,11,1
15784,1505,0.9020518981713828,10,1
15795,1506,-19.554584887515258,11,1
15805,1507,14.35081450315022,10,1
15815,1508,-20.38244951893536,10,1
15826,1509,-11.173659960941285,11,1
15836,1510,7.088664365948009,10,1
15846,1511,-4.203715339203371,10,1
15858,1512,55.77924082561408,12,1
15868,1513,8.808315002356087,10,1
15878,1514,0.8569580220555169,10,1
15888,1515,3.789924063399881,10,1
15898,1516,12.337841964136022,10,1
15908,1517,34.45955302102851,10,1
15939,1518,-25.739174312143426,31,1
15950,1519,33.43109037864488,11,1
15960,1520,13.573940843195146,10,1
15970,1521,18.644736591048574,10,1
15980,1522,-6.142004348793905,10,1
15990,1523,23.50284696594578,10,1
16000,1524,2.7358429657355257,10,1
16010,1525,12.559253152286841,10,1
16020,1526,3.6718775457009554,10,1
16031,1527,14.367574102357407,11,1
16042,1528,7.903327971178286,11,1
16052,1529,-24.13240842125701,10,1
16062,1530,-13.11451219391713,10,1
16072,1531,30.01841805874387,10,1
16085,1532,-29.354586231157892,13,1
16095,1533,0.08735710237359762,10,1
16105,1534,9.464689859268892,10,1
16115,1535,-21.958742092939826,10,1
16125,1536,-3.2343658741018384,10,1
16147,1537,-6.414699728729209,22,1
16157,1538,19.592692064852134,10,1
16167,1539,3.8352134371732527,10,1
16179,1540,-21.210122119772777,12,1
16190,1541,10.045281576861198,11,1
16201,1542,3.9593678310848825,11,1
16213,1543,7.213768383410588,12,1
16223,1544,-9.247103374528566,10,1
16233,1545,75.75173631441595,10,1
16243,1546,-13.313663240988722,10,1
16253,1547,-9.3492337581451,10,1
16263,1548,-3.870802075248198,10,1
16275,1549,-4.886383665595734,12,1
16285,1550,15.673099305162408,10,1
16295,1551,9.404643064665613,10,1
16305,1552,19.075265286135796,10,1
16316,1553,20.657464825443085,11,1
16326,1554,-16.84856503658933,10,1
16336,1555,5.733833793718361,10,1
16349,1556,-11.880839316631995,13,1
16359,1557,17.276439600889674,10,1
16369,1558,14.531409114692915,10,1
16381,1559,18.420951854845505,12,1
16391,1560,1.1949302296041555,10,1
16403,1561,51.71908114592332,12,1
16415,1562,3.8540818767898193,12,1
16432,1563,7.404998234092163,17,1
16458,1564,-28.067140664369035,26,1
16468,1565,-6.847488480904537,10,1
16478,1566,8.004416402903388,10,1
16490,1567,14.788706042780085,12,1
16500,1568,19.111770476531937,10,1
16515,1569,-18.185736479088742,15,1
16531,1570,-22.2152476970524,16,1
16547,1571,-13.886263202262025,16,1
16557,1572,6.120487845837188,10,1
16567,1573,-14.372404446891245,10,1
16577,1574,68.90734180894866,10,1
16594,1575,-9.247402686329,17,1
16604,1576,-5.666044989904394,10,1
16614,1577,-3.7549487624392537,10,1
16633,1578,-43.29339328899005,19,1
16646,1579,14.937853293856168,13,1
16668,1580,-14.540024389480294,22,1
16678,1581,-21.02635460273543,10,1
16691,1582,-8.634279197854271,13,1
16703,1583,-1.275802282266968,12,1
16714,1584,133.6255460270698,11,1
16726,1585,8.239784955312492,12,1
16742,1586,-17.632018102263913,16,1
16752,1587,31.703291361691882,10,1
16765,1588,20.343689683830657,13,1
16789,1589,20.015650801168746,24,1
16806,1590,57.09573056821714,17,1
16816,1591,90.06266918199444,10,1
16828,1592,10.115926446034651,12,1
16838,1593,-11.327406954945491,10,1
16850,1594,-3.8909948246671062,12,1
16860,1595,13.60681338138975,10,1
16870,1596,5.022900855500233,10,1
16880,1597,5.800696361770888,10,1
16901,1598,-26.58701232205242,21,1
16911,1599,18.693456250724456,10,1
16921,1600,18.10619188024644,10,1
16931,1601,91.86368704248918,10,1
16941,1602,15.315042464155667,10,1
16959,1603,8.20895211565534,18,1
16973,1604,6.0852031646800055,14,1
16983,1605,19.00596483262396,10,1
16993,1606,-4.846772241074601,10,1
17003,1607,20.339611565570276,10,1
17013,1608,18.805419552953236,10,1
17027,1609,16.19057059771921,14,1
17039,1610,-12.277313487183363,12,1
17049,1611,-1.696997999797788,10,1
17060,1612,-11.377151795791146,11,1
17070,1613,25.557807791355504,10,1
17084,1614,-1.8480862475579496,14,1
17095,1615,13.31234454157819,11,1
17105,1616,3.676036070868487,10,1
17118,1617,21.368201866635065,13,1
17128,1618,13.90003945487965,10,1
17140,1619,0.2654178261905119,12,1
17159,1620,-7.8333222744192526,19,1
17169,1621,-6.706911232197595,10,1
17180,1622,15.454689331112682,11,1
17193,1623,-15.358334091232171,13,1
17205,1624,21.985934681065686,12,1
17225,1625,-116.13058140805279,20,1
17237,1626,-1.7841947441749755,12,1
17251,1627,-3.486352276170475,14,1
17264,1628,14.978841450739196,13,1
17275,1629,10.324463067496911,11,1
17287,1630,-10.808521959229564,12,1
17299,1631,10.44345954641917,12,1
17310,1632,-13.042583529285626,11,1
17324,1633,4.255764251643762,14,1
17335,1634,18.420322178222385,11,1
17345,1635,116.95596487521753,10,1
17355,1636,17.99252609430353,10,1
17366,1637,38.280504283873526,11,1
17378,1638,-11.040731014357412,12,1
17388,1639,12.790954630068844,10,1
17400,1640,59.47608542144894,12,1
17411,1641,11.476921308513653,11,1
17427,1642,7.979777995033925,16,1
17443,1643,6.298951139003318,16,1
17453,1644,17.861688829278517,10,1
17463,1645,8.446466138843377,10,1
17476,1646,-4.252068076524385,13,1
17486,1647,-4.864972349706175,10,1
17499,1648,4.125091784214192,13,1
17509,1649,16.439488769471602,10,1
17529,1650,12.186888753286157,20,1
17543,1651,2.0836644916965654,14,1
17558,1652,6.357111283735899,15,1
17568,1653,14.59275134083709,10,1
17578,1654,7.284507660204225,10,1
17588,1655,-13.419878189318926,10,1
17600,1656,10.610336253782531,12,1
17623,1657,3.9559964416841766,23,1
17633,1658,79.81944960439142,10,1
17647,1659,-1.608838821009061,14,1
17663,1660,7.180088196627134,16,1
17673,1661,-9.665342914438474,10,1
17684,1662,-1.353846806422343,11,1
17694,1663,-4.308839518742417,10,1
17704,1664,-6.003995888364909,10,1
17716,1665,54.899472845052856,12,1
17726,1666,8.469433526882526,10,1
17738,1667,14.121269107633465,12,1
17750,1668,-12.314993574812974,12,1
17760,1669,17.09652369390752,10,1
17770,1670,-14.666960890628092,10,1
17780,1671,-7.358416336497482,10,1
17798,1672,-2.7377697634956757,18,1
17815,1673,-8.488284959644117,17,1
17826,1674,6.419350689079957,11,1
17837,1675,14.737919410783428,11,1
17847,1676,35.32027537922539,10,1
17857,1677,7.434778140155433,10,1
17883,1678,-4.156143394001571,26,1
17895,1679,14.261344947379095,12,1
17906,1680,30.13821941402843,11,1
17923,1681,-9.50105650464205,17,1
17934,1682,15.987428658353293,11,1
17949,1683,19.52836921896134,15,1
17959,1684,20.884051841808798,10,1
17972,1685,20.219467588414844,13,1
17982,1686,19.615132547738042,10,1
17996,1687,-9.57493589972636,14,1
18007,1688,18.054886474787416,11,1
18017,1689,10.656127927667761,10,1
18029,1690,10.93889149992369,12,1
18039,1691,5.0424272046266205,10,1
18050,1692,15.227048338498058,11,1
18061,1693,18.989906251473013,11,1
18098,1694,-22.439244008020527,37,1
18116,1695,-8.915584735040497,18,1
18131,1696,137.32517962138385,15,1
18143,1697,-13.420012960394088,12,1
18154,1698,30.39206824106173,11,1
18165,1699,56.889862541057205,11,1
18176,1700,18.566824021272087,11,1
18190,1701,7.4722601977805345,14,1
18204,1702,-4.565815065398028,14,1
18215,1703,-9.380429950861606,11,1
18250,1704,1.6960693207323847,35,1
18263,1705,-5.826640450998814,13,1
18286,1706,-38.14870654647205,23,1
18303,1707,-2.689770634334682,17,1
18315,1708,17.75058133230747,12,1
18327,1709,-18.93495904280688,12,1
18343,1710,-18.741152970529626,16,1
18360,1711,38.21099830681071,17,1
18370,1712,12.971380919114324,10,1
18387,1713,4.6766393993492645,17,1
18397,1714,27.88455274455799,10,1
18410,1715,15.186678120789011,13,1
18420,1716,10.433898480010182,10,1
18430,1717,7.7740802421735875,10,1
18441,1718,10.993928469734252,11,1
18453,1719,18.050906902670807,12,1
18464,1720,-17.855461246288407,11,1
18478,1721,5.713302010477815,14,1
18488,1722,2.8306816209468764,10,1
18517,1723,4.44648222670012,29,1
18533,1724,-13.829685145261529,16,1
18543,1725,8.064438681130461,10,1
18553,1726,14.067706300859976,10,1
18573,1727,94.71393418075557,20,1
18586,1728,-1.9066247232713236,13,1
18596,1729,7.908770991420333,10,1
18607,1730,22.59789952121274,11,1
18617,1731,16.147096303765956,10,1
18628,1732,-2.5724604417548287,11,1
18642,1733,-10.063751532647363,14,1
18652,1734,0.5418886217279646,10,1
18662,1735,-10.69315995225431,10,1
18672,1736,15.30114309955937,10,1
18682,1737,93.73004555319157,10,1
18695,1738,17.53307290364661,13,1
18710,1739,-11.711270764280368,15,1
18723,1740,4.885913817305592,13,1
18736,1741,47.09351013990342,13,1
18748,1742,14.325707228316162,12,1
18758,1743,-0.9492882571159723,10,1
18778,1744,8.590355574599613,20,1
18800,1745,-2.2264645520529656,22,1
18810,1746,17.118414058463117,10,1
18821,1747,19.701566951310607,11,1
18831,1748,8.03733018520579,10,1
18841,1749,45.13708980416419,10,1
18866,1750,-54.59257925994221,25,1
18902,1751,1.3877063829045881,36,1
18925,1752,-5.006112516598093,23,1
18937,1753,39.58537998136398,12,1
18948,1754,2.459882542113121,11,1
18968,1755,18.179102540823894,20,1
18978,1756,110.88047505091576,10,1
18994,1757,47.78670908916147,16,1
19008,1758,124.89043347845323,14,1
19018,1759,-1.6581134283867702,10,1
19029,1760,-15.241289890634206,11,1
19042,1761,-9.730811885153832,13,1
19052,1762,46.395943382161995,10,1
19062,1763,5.175421143230842,10,1
19086,1764,-15.70479597081067,24,1
19096,1765,11.386312098285412,10,1
19106,1766,19.163152502677626,10,1
19116,1767,14.415801667046026,10,1
19133,1768,-7.972030338711667,17,1
19150,1769,19.96787365000309,17,1
19166,1770,-6.680053407779399,16,1
19176,1771,-10.961488165823987,10,1
19192,1772,53.031545271958066,16,1
19205,1773,11.555369456360184,13,1
19215,1774,9.327003730602254,10,1
19228,1775,4.084835357447878,13,1
19238,1776,16.134547441009072,10,1
19249,1777,9.595597986670379,11,1
19261,1778,30.74911671776105,12,1
19271,1779,-9.77679930565786,10,1
19311,1780,-21.057705399543906,40,0
19322,1781,21.025821182591883,11,1
19332,1782,-7.933123388528224,10,1
19345,1783,16.304594761474576,13,1
19356,1784,46.39004585838078,11,1
19366,1785,-13.041533847883533,10,1
19386,1786,29.57212752581532,20,1
19396,1787,-6.065749947843667,10,1
19406,1788,0.0794618335194972,10,1
19420,1789,23.67754720700392,14,1
19439,1790,-12.164118865884552,19,1
19451,1791,15.02242700754565,12,1
19474,1792,-16.218100788267943,23,1
19484,1793,50.87223866140216,10,1
19496,1794,14.340532421272876,12,1
19507,1795,121.81514538946286,11,1
19517,1796,14.104118030561104,10,1
19530,1797,2.793588138855332,13,1
19552,1798,107.72200387704949,22,1
19563,1799,-9.826833582753787,11,1
19576,1800,16.32474568125869,13,1
19596,1801,-2.215037916016698,20,1
19606,1802,15.574214238007126,10,1
19624,1803,8.132669626546159,18,1
19635,1804,4.635270947619805,11,1
19645,1805,17.3046645293961,10,1
19665,1806,-15.626758702844226,20,1
19677,1807,-3.2551190225112787,12,1
19689,1808,25.72810055720972,12,1
19699,1809,14.921202469617633,10,1
19711,1810,-15.406770231376983,12,1
19736,1811,-40.810383736474755,25,1
19755,1812,-11.050743193481239,19,1
19784,1813,-30.17117814545011,29,1
19797,1814,-22.045395602135855,13,1
19812,1815,17.747430140455602,15,1
19825,1816,8.808850460750296,13,1
19852,1817,-28.09943052011032,27,1
19870,1818,-17.440418356694025,18,1
19883,1819,-11.110869738564261,13,1
19894,1820,48.22729045579148,11,1
19904,1821,-12.039472851106611,10,1
19923,1822,35.923066841201056,19,1
19933,1823,-13.623086470070863,10,1
19950,1824,12.708823672751187,17,1
19967,1825,7.21801304882834,17,1
19982,1826,-12.7457086735951,15,1
20021,1827,-27.74416427827196,39,1
20034,1828,59.30622240119378,13,1
20047,1829,-0.19160958401340072,13,1
20057,1830,-15.903521302146066,10,1
20079,1831,2.483377816144728,22,1
20097,1832,9.593397360275189,18,1
20116,1833,5.326299021783592,19,1
20127,1834,13.446921175650779,11,1
20138,1835,-11.324105471857479,11,1
20150,1836,17.576898061394644,12,1
20176,1837,3.830706655954149,26,1
20193,1838,11.199981063854443,17,1
20203,1839,-0.07506282907687095,10,1
20213,1840,16.130391876034167,10,1
20224,1841,8.016352584430438,11,1
20235,1842,84.67181302861378,11,1
20245,1843,-10.99549591217644,10,1
20258,1844,8.051465013768036,13,1
20269,1845,15.109610713960343,11,1
20281,1846,16.345930102804175,12,1
20292,1847,3.3672115813283665,11,1
20302,1848,40.59860382064234,10,1
20313,1849,3.812855688038051,11,1
20323,1850,-17.603000545881372,10,1
20333,1851,0.9935300607580548,10,1
20365,1852,3.744944510528697,32,1
20375,1853,-8.53868627668459,10,1
20389,1854,5.222711228078895,14,1
20400,1855,25.630032473074298,11,1
20410,1856,-0.9830573611129223,10,1
20420,1857,2.03472136292806,10,1
20434,1858,19.046913241029042,14,1
20444,1859,-2.401738592645405,10,1
20454,1860,-13.081730159687542,10,1
20464,1861,-5.9433554226476435,10,1
20474,1862,-16.893497168633395,10,1
20494,1863,17.558248256939606,20,1
20507,1864,16.93934468411903,13,1
20517,1865,-14.945968019842006,10,1
20529,1866,18.35396352018041,12,1
20545,1867,-9.929170928897156,16,1
20580,1868,-21.938389564850155,35,1
20594,1869,12.743460805135891,14,1
20617,1870,4.050529383162353,23,1
20630,1871,22.20164890134648,13,1
20651,1872,-10.84051240021486,21,1
20667,1873,-12.651133807356313,16,1
20678,1874,-5.260550965749283,11,1
20689,1875,9.97365330212801,11,1
20701,1876,9.297554829176564,12,1
20724,1877,5.824720800476543,23,1
20735,1878,-15.6789248839515,11,1
20745,1879,-16.710337721205008,10,1
20755,1880,-11.043495216636485,10,1
20765,1881,-15.110676576172663,10,1
20775,1882,-11.025074500715029,10,1
20785,1883,-0.7609457181301065,10,1
20797,1884,21.21296088661484,12,1
20808,1885,24.785062257551306,11,1
20821,1886,-5.1511745329856335,13,1
20839,1887,-26.72081004568517,18,1
20865,1888,-0.5258631164753821,26,1
20898,1889,2.005345888523377,33,1
20908,1890,7.566479318024293,10,1
20918,1891,17.291546536180128,10,1
20935,1892,-3.919319519547248,17,1
20975,1893,-20.778636302724838,40,0
21003,1894,3.9642199523964807,28,1
21013,1895,-13.755244780266665,10,1
21028,1896,11.416392949524088,15,1
21043,1897,16.72134094379354,15,1
21062,1898,17.855610863338708,19,1
21074,1899,16.136357387975913,12,1
21088,1900,8.679652535381523,14,1
21101,1901,36.58774841175732,13,1
21118,1902,45.23472770752756,17,1
21128,1903,-17.214617001799052,10,1
21140,1904,27.09590353450599,12,1
21150,1905,-11.196973403683433,10,1
21160,1906,-22.76780128987508,10,1
21170,1907,-5.986268361302357,10,1
21180,1908,-1.7486651759600789,10,1
21190,1909,-5.133144562416882,10,1
21201,1910,4.480565856995296,11,1
21211,1911,-14.042138611439238,10,1
21221,1912,-12.88924908631044,10,1
21232,1913,8.741155830303416,11,1
21243,1914,5.413991879876346,11,1
21257,1915,-1.3718044585651552,14,1
21267,1916,-13.452023519865183,10,1
21279,1917,2.6493546289675836,12,1
21293,1918,-2.978395554491042,14,1
21306,1919,141.43755238037164,13,1
21346,1920,-21.213961395831834,40,0
21363,1921,0.32768503102748253,17,1
21373,1922,-8.259256907182916,10,1
21386,1923,-15.082357216082368,13,1
21396,1924,6.345333630289194,10,1
21407,1925,-15.276580990052198,11,1
21439,1926,2.3123854568483493,32,1
21454,1927,-6.129737722388857,15,1
21472,1928,-23.56633168046942,18,1
21482,1929,-8.521789044443992,10,1
21494,1930,100.44037880118131,12,1
21506,1931,19.611640156614357,12,1
21522,1932,-19.09903811787794,16,1
21532,1933,14.407842735950908,10,1
21549,1934,-14.93758815104921,17,1
21562,1935,12.968946058870412,13,1
21576,1936,-0.15491580468872015,14,1
21590,1937,9.827262952357282,14,1
21604,1938,6.580019220652141,14,1
21616,1939,8.903588194830414,12,1
21639,1940,-249.8941672183346,23,1
21649,1941,6.288156216074293,10,1
21660,1942,11.503058129081504,11,1
21676,1943,5.320815592325923,16,1
21687,1944,4.748841227126445,11,1
21700,1945,28.658144562368523,13,1
21715,1946,44.28337256551368,15,1
21745,1947,71.57075116609037,30,1
21758,1948,16.023581125708404,13,1
21774,1949,43.675661941631645,16,1
21784,1950,3.5991192973462827,10,1
21805,1951,-15.02643491258736,21,1
21815,1952,55.91728283589289,10,1
21830,1953,58.80835527897988,15,1
21840,1954,-1.6170104378484,10,1
21853,1955,2.0957701255116628,13,1
21864,1956,-12.277716047752627,11,1
21874,1957,-14.08672599265002,10,1
21914,1958,-20.819127548110668,40,0
21941,1959,13.603575459472394,27,1
21955,1960,46.23561345351847,14,1
21966,1961,-5.178058294564993,11,1
21976,1962,2.8115013022051705,10,1
21987,1963,-13.045525258245318,11,1
21999,1964,6.604468645492222,12,1
22009,1965,-13.907216822621756,10,1
22020,1966,3.6812553274103594,11,1
22037,1967,-23.13704528634867,17,1
22047,1968,-7.22395999947174,10,1
22059,1969,-13.210186694262646,12,1
22069,1970,-19.063048561889794,10,1
22080,1971,-19.013131429883654,11,1
22090,1972,-18.598921537529453,10,1
22100,1973,6.868783505003582,10,1
22110,1974,40.844526611583795,10,1
22138,1975,15.422842369527768,28,1
22151,1976,-19.285710415794163,13,1
22163,1977,16.554651641138552,12,1
22174,1978,3.516772349720634,11,1
22185,1979,-1.6138158713348727,11,1
22195,1980,1.1645712042680547,10,1
22213,1981,-6.896530261668399,18,1
22223,1982,12.84934434610297,10,1
22234,1983,-6.960557845041086,11,1
22269,1984,-44.26872819151998,35,1
22294,1985,-3.316038634527506,25,1
22322,1986,-10.720036696935253,28,1
22332,1987,-21.046554484079095,10,1
22360,1988,2.565443548024623,28,1
22379,1989,-1.3685922548078793,19,1
22389,1990,-7.8713839968424955,10,1
22401,1991,-10.940904775733411,12,1
22411,1992,4.00797211932532,10,1
22421,1993,-9.541994988367517,10,1
22431,1994,-2.7415916571419077,10,1
22444,1995,-10.43035373997013,13,1
22463,1996,-3.2303094941562134,19,1
22473,1997,-14.460934423417454,10,1
22483,1998,-17.37000116985151,10,1
22495,1999,0.10555079011940183,12,1
22505,2000,-8.772367859728,10,1
22524,2001,-4.616503366627076,19,1
22536,2002,1.2202586660196117,12,1
22548,2003,-2.531513758253926,12,1
22588,2004,-21.111689087481192,40,0
22598,2005,-3.6034932364755106,10,1
22620,2006,-4.42347512986413,22,1
22630,2007,-10.944033100321304,10,1
22664,2008,3.504834528633204,34,1
22704,2009,-21.601072066194956,40,0
22715,2010,9.351458737510733,11,1
22731,2011,9.422003586161441,16,1
22747,2012,38.92057085387222,16,1
22771,2013,8.962197754575698,24,1
22781,2014,-14.136724607685448,10,1
22821,2015,-20.901694141680455,40,0
22845,2016,27.199841453344337,24,1
22873,2017,-20.85521413450334,28,1
22887,2018,-8.473812811446075,14,1
22927,2019,-22.297961221742426,40,0
22955,2020,51.65763041979325,28,1
22995,2021,-20.853891121377767,40,0
23035,2022,-22.42422061072606,40,0
23075,2023,-22.204722866209845,40,0
23115,2024,-20.650898583000117,40,0
23155,2025,-21.60772734886577,40,0
23195,2026,-22.8522071523832,40,0
23218,2027,25.846159889266062,23,1
23258,2028,-23.812680815020514,40,0
23298,2029,-20.723756791910116,40,0
23321,2030,-17.454725349912547,23,1
23344,2031,-8.970240632463884,23,1
23384,2032,-21.29557810109497,40,0
23424,2033,-22.285641911357462,40,0
23464,2034,-22.31385160777482,40,0
23504,2035,-22.279880005399594,40,0
23544,2036,-20.81190136608135,40,0
23584,2037,-21.413946211093286,40,0
23624,2038,-20.90226152671993,40,0
23664,2039,-21.4376073239876,40,0
23704,2040,-20.989391466652158,40,0
23744,2041,-20.765643090998005,40,0
23784,2042,-20.667557889899687,40,0
23824,2043,-21.60772706401416,40,0
23845,2044,-16.572112004386142,21,1
23885,2045,-21.541226868227074,40,0
23925,2046,-21.41712993579064,40,0
23965,2047,-21.51136613172768,40,0
24005,2048,-21.647126291072542,40,0
24045,2049,-21.958134635411238,40,0
24085,2050,-21.460800096024705,40,0
24125,2051,-22.668001222992913,40,0
24165,2052,-21.668472316198603,40,0
24205,2053,-21.653346342576842,40,0
24245,2054,-21.404990995695453,40,0
24285,2055,-21.935558347759503,40,0
24325,2056,-22.44479684831666,40,0
24365,2057,-22.508061218200353,40,0
24405,2058,-21.581017937333726,40,0
24445,2059,-22.07068037254184,40,0
24485,2060,-22.27330803112546,40,0
24525,2061,-26.88408080007909,40,0
24565,2062,-21.262046245247284,40,0
24605,2063,-23.210361592357284,40,0
24645,2064,-21.438514418737327,40,0
24685,2065,-20.835708567930205,40,0
24725,2066,-20.977189838252407,40,0
24765,2067,-20.695055004790277,40,0
24805,2068,-20.611324156034545,40,0
24845,2069,-21.661211001281014,40,0
24885,2070,-20.96740361201436,40,0
24925,2071,-21.169103009746305,40,0
24965,2072,-20.82029965248986,40,0
25005,2073,-21.381969380249448,40,0
25045,2074,-20.881176266306262,40,0
25085,2075,-21.166244135495976,40,0
25125,2076,-21.37459593170352,40,0
25165,2077,-20.925039886161457,40,0
25205,2078,-21.23600324687727,40,0
25245,2079,-21.093670038536867,40,0
25285,2080,-20.93675011362064,40,0
25325,2081,-21.102749944116542,40,0
25365,2082,-20.984405757365906,40,0
25405,2083,-21.16014180070796,40,0
25445,2084,-21.47138456194047,40,0
25485,2085,-21.38299239088912,40,0
25525,2086,-21.499326297799964,40,0
25565,2087,-21.80495732784478,40,0
25605,2088,-21.390069837703614,40,0
25645,2089,-22.142155502105144,40,0
25685,2090,-21.96242930369351,40,0
25725,2091,-21.38700103010103,40,0
25765,2092,-22.172981658595212,40,0
25805,2093,-21.912670577390408,40,0
25845,2094,-21.91476942006695,40,0
25885,2095,-21.616348694894224,40,0
25925,2096,-22.91454168684833,40,0
25965,2097,-22.977914506838,40,0
26005,2098,-21.660819194544377,40,0
26045,2099,-22.330176760060045,40,0
26085,2100,-21.83791927220637,40,0
26125,2101,-25.00620020354798,40,0
26165,2102,-21.92240956814493,40,0
26205,2103,-21.29380546744997,40,0
26245,2104,-21.383805364307705,40,0
26285,2105,-21.426685546005203,40,0
26325,2106,-21.649022582623346,40,0
26365,2107,-22.463439526479224,40,0
26405,2108,-21.332396723236965,40,0
26445,2109,-21.274775563952193,40,0
26485,2110,-21.57685459851669,40,0
26525,2111,-21.764390783544776,40,0
26565,2112,-21.778911434473628,40,0
26605,2113,-21.622252702653153,40,0
26645,2114,-21.115716267638707,40,0
26685,2115,-21.64766612087608,40,0
26725,2116,-21.525719487330164,40,0
26765,2117,-22.14162330599179,40,0
26805,2118,-21.115030356629585,40,0
26845,2119,-21.57587213060541,40,0
26885,2120,-21.38070162042127,40,0
26925,2121,-22.194797559491697,40,0
26965,2122,-22.213094280730733,40,0
27005,2123,-21.27927923580293,40,0
27045,2124,-21.29970605904465,40,0
27085,2125,-21.069821035529543,40,0
27125,2126,-22.221254251471393,40,0
27165,2127,-21.139665452261468,40,0
27205,2128,-21.285249858986806,40,0
27245,2129,-21.34413172780817,40,0
27285,2130,-21.094193902878327,40,0
27325,2131,-20.928313369089416,40,0
27365,2132,-20.99946564873818,40,0
27405,2133,-21.019094350945476,40,0
27445,2134,-20.90002628827652,40,0
27485,2135,-21.193460977256418,40,0
27525,2136,-21.896178751803173,40,0
27565,2137,-21.302505502204884,40,0
27605,2138,-21.826963766085328,40,0
27645,2139,-21.289242120843877,40,0
27685,2140,-21.388584640481543,40,0
27725,2141,-21.150370506742522,40,0
27765,2142,-20.92092123437009,40,0
27805,2143,-21.147715570277008,40,0
27845,2144,-20.98730788236209,40,0
27885,2145,-20.982535880565138,40,0
27925,2146,-21.089484296408077,40,0
27965,2147,-20.96735321229607,40,0
28005,2148,-21.10303006681041,40,0
28045,2149,-21.007211142841022,40,0
28085,2150,-21.073463544207264,40,0
28125,2151,-20.84155800754257,40,0
28165,2152,-20.917236323782983,40,0
28205,2153,-20.966082905184003,40,0
28245,2154,-20.986749812713388,40,0
28285,2155,-20.97851468143146,40,0
28325,2156,-21.07970881460745,40,0
28365,2157,-20.976356676477454,40,0
28405,2158,-20.993189136915905,40,0
28445,2159,-20.861446746519135,40,0
28485,2160,-21.002262863304413,40,0
28525,2161,-21.196596780200338,40,0
28565,2162,-21.078832244723632,40,0
28605,2163,-21.050038668610622,40,0
28645,2164,-20.8821795078429,40,0
28685,2165,-21.036932106636478,40,0
28725,2166,-21.089309207590787,40,0
28765,2167,-21.511637463378083,40,0
28805,2168,-21.14000093629459,40,0
28845,2169,-21.15652829376537,40,0
28885,2170,-20.93601770723441,40,0
28925,2171,-20.902311484744505,40,0
28965,2172,-21.20105886866097,40,0
29005,2173,-20.9015744537265,40,0
29045,2174,-21.175819442060007,40,0
29085,2175,-21.180887420584185,40,0
29125,2176,-20.94887194442479,40,0
29165,2177,-20.907068946110943,40,0
29205,2178,-20.991562992634016,40,0
29245,2179,-20.95744124845257,40,0
29285,2180,-21.030558012235073,40,0
29325,2181,-21.259902720216292,40,0
29365,2182,-20.99219097214627,40,0
29405,2183,-21.13440977670913,40,0
29445,2184,-20.829896479969534,40,0
29485,2185,-21.072116336605433,40,0
29525,2186,-21.09466886864771,40,0
29565,2187,-20.972826783157114,40,0
29605,2188,-20.967612743181608,40,0
29645,2189,-21.05360606306418,40,0
29685,2190,-20.961639328219242,40,0
29725,2191,-21.0101342422184,40,0
29765,2192,-21.09153863565002,40,0
29805,2193,-21.190875547398647,40,0
29845,2194,-20.849819796458004,40,0
29885,2195,-20.957670994684594,40,0
29925,2196,-20.9012218472111,40,0
29965,2197,-21.39615568767801,40,0
30005,2198,-21.315342863056514,40,0
30045,2199,-21.084928077082683,40,0
30085,2200,-21.25731760031851,40,0
30125,2201,-20.887114327603836,40,0
30165,2202,-21.2316393049376,40,0
30205,2203,-21.08872332968774,40,0
30245,2204,-21.246907947686328,40,0
30285,2205,-20.968965242708244,40,0
30325,2206,-21.370453904101733,40,0
30365,2207,-21.213995830707415,40,0
30405,2208,-21.441435696422737,40,0
30445,2209,-20.922004969770622,40,0
30485,2210,-21.172945116634295,40,0
30525,2211,-20.957555320008435,40,0
30565,2212,-21.20814723491039,40,0
30605,2213,-21.078758174973874,40,0
30645,2214,-21.135203523572706,40,0
30685,2215,-21.000734925241925,40,0
30725,2216,-21.25124577867067,40,0
30765,2217,-21.012819647733824,40,0
30805,2218,-21.246761589349017,40,0
30845,2219,-20.995611069824054,40,0
30885,2220,-21.029516605918122,40,0
30925,2221,-21.28409321948543,40,0
30965,2222,-21.076649279829006,40,0
31005,2223,-20.82245736156864,40,0
31045,2224,-20.94141287658278,40,0
31085,2225,-21.060234673762864,40,0
31125,2226,-20.901080002148294,40,0
31165,2227,-21.192421602116564,40,0
31205,2228,-21.077695768118506,40,0
31245,2229,-20.92421103464066,40,0
31285,2230,-21.171060875915114,40,0
31325,2231,-21.24066069095963,40,0
31365,2232,-20.992666857757587,40,0
31405,2233,-21.103005974965537,40,0
31445,2234,-21.28076153987236,40,0
31485,2235,-21.324471721075348,40,0
31525,2236,-20.82320956623665,40,0
31565,2237,-21.241098415175088,40,0
31605,2238,-21.072862391683962,40,0
31645,2239,-20.949105584160904,40,0
31685,2240,-20.985293726923334,40,0
31725,2241,-21.26207154239523,40,0
31765,2242,-21.114462751706778,40,0
31805,2243,-21.164280176081263,40,0
31845,2244,-20.95132954345019,40,0
31885,2245,-21.140102604014064,40,0
31925,2246,-21.022724385615366,40,0
31965,2247,-20.85520344599016,40,0
32005,2248,-20.969167807955273,40,0
32045,2249,-20.90767800170081,40,0
32085,2250,-21.147916722592168,40,0
32125,2251,-20.898766277331344,40,0
32165,2252,-20.958333333719125,40,0
32205,2253,-20.70895034910153,40,0
32245,2254,-21.078170187916395,40,0
32285,2255,-20.87836842359578,40,0
32325,2256,-20.888924014949957,40,0
32365,2257,-21.087684474725464,40,0
32405,2258,-20.812336943337122,40,0
32445,2259,-21.03870530647341,40,0
32485,2260,-21.00949701131737,40,0
32525,2261,-20.856139285117088,40,0
32565,2262,-21.180019999072943,40,0
32605,2263,-21.258934283699638,40,0
32645,2264,-21.118022487539324,40,0
32685,2265,-21.306790070571594,40,0
32725,2266,-21.339292227831265,40,0
32765,2267,-21.076095394743678,40,0
32805,2268,-21.19803247171495,40,0
32845,2269,-20.899729265026934,40,0
32875,2270,-1.7879156704362222,30,1
32915,2271,-20.967255440714023,40,0
32955,2272,-21.03397236431132,40,0
32995,2273,-20.979590061363414,40,0
33035,2274,-20.825860007507,40,0
33075,2275,-20.856940292654993,40,0
33115,2276,-20.866220923842114,40,0
33155,2277,-21.07424452049793,40,0
33195,2278,-20.602599030086864,40,0
33235,2279,-20.596205680588213,40,0
33275,2280,-20.93430663555667,40,0
33315,2281,-21.088521011474295,40,0
33355,2282,-20.819532856448525,40,0
33395,2283,-20.596320678651075,40,0
33435,2284,-20.765400033098803,40,0
33475,2285,-20.680085399434773,40,0
33515,2286,-20.88537086980382,40,0
33555,2287,-20.71775799741646,40,0
33566,2288,-15.067154340859162,11,1
33606,2289,-20.654223002323278,40,0
33646,2290,-20.631166403974298,40,0
33686,2291,-20.603578664206946,40,0
33726,2292,-20.78471024410733,40,0
33766,2293,-20.613255740726036,40,0
33806,2294,-20.596795878716204,40,0
33846,2295,-20.870110792879878,40,0
33886,2296,-20.856072186395807,40,0
33926,2297,-20.71048512486713,40,0
33966,2298,-20.400153371028413,40,0
34006,2299,-20.967103149492186,40,0
34046,2300,-20.52856226722723,40,0
34086,2301,-20.71195322906579,40,0
34126,2302,-21.020962826628942,40,0
34166,2303,-20.71353005021292,40,0
34206,2304,-20.707093133568538,40,0
34246,2305,-20.715716938360945,40,0
34286,2306,-21.07290447696374,40,0
34326,2307,-21.113124959515712,40,0
34366,2308,-20.862533852634556,40,0
34406,2309,-20.669739872212606,40,0
34446,2310,-20.915553244776323,40,0
34486,2311,-20.90148911621317,40,0
34526,2312,-20.89417361476173,40,0
34566,2313,-20.87401190207793,40,0
34606,2314,-20.583757089503877,40,0
34646,2315,-20.61959717565291,40,0
34686,2316,-20.51639027673219,40,0
34726,2317,-21.14203889226195,40,0
34766,2318,-20.832062630836692,40,0
34806,2319,-20.727415707874815,40,0
34817,2320,15.09545122149102,11,1
34857,2321,-20.372594762143617,40,0
34897,2322,-20.634349061521657,40,0
34937,2323,-20.698816349863822,40,0
34977,2324,-20.774512022635676,40,0
35017,2325,-21.249400529943763,40,0
35057,2326,-20.805695580134728,40,0
35097,2327,-21.03561487101524,40,0
35137,2328,-20.617864266026128,40,0
35177,2329,-20.584142259326097,40,0
35207,2330,27.757895695761952,30,1
35247,2331,-20.898898561792706,40,0
35287,2332,-20.407822082924287,40,0
35327,2333,-20.692558694665475,40,0
35367,2334,-21.145569108088136,40,0
35407,2335,-20.73014848331573,40,0
35447,2336,-20.636839449903174,40,0
35487,2337,-20.942947485002968,40,0
35527,2338,-20.960700500799113,40,0
35567,2339,-21.040403892310444,40,0
35607,2340,-20.43746517665959,40,0
35647,2341,-20.916263623934864,40,0
35687,2342,-21.071557824013123,40,0
35727,2343,-20.914194529254317,40,0
35767,2344,-20.897098100025023,40,0
35807,2345,-21.18554356243312,40,0
35847,2346,-20.421731524516744,40,0
35887,2347,-21.066052455282282,40,0
35927,2348,-20.58360046798691,40,0
35967,2349,-20.809664553811526,40,0
36007,2350,-21.12317914198181,40,0
36019,2351,-3.840086589494986,12,1
36059,2352,-20.63262679897631,40,0
36099,2353,-20.675263166310444,40,0
36111,2354,-11.831571508695221,12,1
36151,2355,-20.904030038996662,40,0
36191,2356,-20.632917013519556,40,0
36227,2357,16.15140162566751,36,1
36267,2358,-20.78095954931148,40,0
36291,2359,16.091215892707996,24,1
36308,2360,68.69728270433654,17,1
36348,2361,-20.55380499870129,40,0
36388,2362,-20.535175044041406,40,0
36428,2363,-20.624535443865607,40,0
36468,2364,-20.652536667073388,40,0
36486,2365,-4.681536960871677,18,1
36511,2366,-12.289222536872604,25,1
36551,2367,-20.73667038407405,40,0
36591,2368,-21.011427569613453,40,0
36631,2369,-20.633681244403096,40,0
36671,2370,-20.775482252498243,40,0
36711,2371,-20.842391318037848,40,0
36751,2372,-20.976845338334893,40,0
36791,2373,-20.617309919751104,40,0
36831,2374,-20.938358513927188,40,0
36871,2375,-20.56035173499515,40,0
36911,2376,-21.27863157771947,40,0
36949,2377,3.927946533245093,38,1
36962,2378,12.1622399378283,13,1
37002,2379,-20.76745755523247,40,0
37042,2380,-21.029494803398155,40,0
37053,2381,-16.024194755433648,11,1
37083,2382,1.0315665126231859,30,1
37096,2383,-3.261793120154949,13,1
37136,2384,-20.574397636201994,40,0
37176,2385,-20.787281307999816,40,0
37192,2386,16.449551657683703,16,1
37209,2387,-1.4864585504362013,17,1
37241,2388,11.488745117260954,32,1
37281,2389,-20.613535047371695,40,0
37301,2390,15.945110227585111,20,1
37341,2391,-20.74815881391757,40,0
37364,2392,-6.264805948742132,23,1
37404,2393,-20.690926128665573,40,0
37444,2394,-20.77243619604129,40,0
37484,2395,-20.739799615829988,40,0
37524,2396,-20.967270374131903,40,0
37545,2397,2.4593449221943264,21,1
37574,2398,-2.9831202399266696,29,1
37614,2399,-21.388328485455443,40,0
37654,2400,-21.318480429509087,40,0
37694,2401,-21.073143944263727,40,0
37734,2402,-20.953837699150366,40,0
37774,2403,-22.49297728743714,40,0
37814,2404,-20.72014086496724,40,0
37844,2405,12.045160094730058,30,1
37884,2406,-20.762339757883346,40,0
37914,2407,49.30863695578731,30,1
37944,2408,18.97783723809435,30,1
37984,2409,-20.796343060589578,40,0
38024,2410,-20.946060279965437,40,0
38064,2411,-20.67017976671534,40,0
38092,2412,-18.452907723639782,28,1
38132,2413,-21.136148034119326,40,0
38172,2414,-22.71315025201922,40,0
38189,2415,31.99355098501216,17,1
38229,2416,-20.630332053955392,40,0
38269,2417,-20.990917036674237,40,0
38309,2418,-21.205475501176792,40,0
38349,2419,-21.055295925650277,40,0
38389,2420,-24.101340436982767,40,0
38429,2421,-20.823488067298754,40,0
38469,2422,-21.660648759346298,40,0
38482,2423,-13.06725771997455,13,1
38522,2424,-23.102396862792677,40,0
38562,2425,-20.972229298653893,40,0
38589,2426,9.932960725140475,27,1
38601,2427,-11.880576712653713,12,1
38641,2428,-20.79018242225129,40,0
38681,2429,-20.89535535676934,40,0
38721,2430,-21.17777699533289,40,0
38743,2431,-6.543315047739635,22,1
38780,2432,3.957678019126803,37,1
38808,2433,9.208669011879104,28,1
38820,2434,-10.37299899385006,12,1
38860,2435,-21.06010087362738,40,0
38891,2436,-9.6200966435696,31,1
38928,2437,-22.938664530804388,37,1
38968,2438,-20.860438076868743,40,0
38983,2439,-0.08182057108274937,15,1
39000,2440,5.929662295842972,17,1
39040,2441,-20.98852546002057,40,0
39080,2442,-20.85975998628429,40,0
39120,2443,-20.878712473489,40,0
39160,2444,-20.983845378852866,40,0
39189,2445,-31.925631362275062,29,1
39213,2446,8.699664607505438,24,1
39243,2447,-18.286915841906573,30,1
39283,2448,-20.73963995540969,40,0
39309,2449,15.976858250941431,26,1
39349,2450,-22.513778369005124,40,0
39379,2451,10.494939262304191,30,1
39419,2452,-20.80443820760629,40,0
39459,2453,-20.73253816142988,40,0
39499,2454,-21.132797911546717,40,0
39515,2455,8.668422353774172,16,1
39551,2456,-24.998844407415923,36,1
39591,2457,-20.900070079352805,40,0
39631,2458,-20.715888952248424,40,0
39642,2459,25.924531582214804,11,1
39675,2460,-50.81440936524132,33,1
39715,2461,-21.02377058488916,40,0
39734,2462,20.76600795534257,19,1
39774,2463,-20.801817105553244,40,0
39808,2464,-0.26771647228934126,34,1
39846,2465,20.32724643322305,38,1
39858,2466,1.5570849772256392,12,1
39868,2467,-2.9893798330228223,10,1
39908,2468,-20.662690323068464,40,0
39948,2469,-20.88833353952845,40,0
39988,2470,-20.775952492970955,40,0
39998,2471,-22.357392259835027,10,1
40030,2472,13.034235765700878,32,1
40047,2473,36.6530896538232,17,1
40087,2474,-21.14296605184721,40,0
40107,2475,11.942501511422712,20,1
40147,2476,-20.848875813276305,40,0
40158,2477,0.6260016163597355,11,1
40198,2478,-21.018658720286805,40,0
40238,2479,-21.262392141838028,40,0
40264,2480,6.175254490682605,26,1
40281,2481,9.111744517454479,17,1
40321,2482,-21.462568346026305,40,0
40361,2483,-21.083585764738526,40,0
40401,2484,-20.535803633950092,40,0
40441,2485,-21.060743126599842,40,0
40455,2486,-19.279282250095626,14,1
40495,2487,-20.578286975013345,40,0
40535,2488,-21.269224697612184,40,0
40575,2489,-20.61660102370127,40,0
40615,2490,-20.57312447569089,40,0
40655,2491,-21.417802122042982,40,0
40683,2492,17.473525873650548,28,1
40723,2493,-21.444544700358737,40,0
40763,2494,-21.20956538670423,40,0
40803,2495,-21.03707271171571,40,0
40843,2496,-20.647081208554614,40,0
40853,2497,29.196251601795343,10,1
40893,2498,-20.62163765553328,40,0
40903,2499,6.1022287389796395,10,1
40943,2500,-20.608029263233348,40,0
40953,2501,-16.18293524872529,10,1
40986,2502,1.0367550468488216,33,1
41026,2503,-20.79533475562796,40,0
41055,2504,21.297012288554466,29,1
41095,2505,-20.677923036847872,40,0
41135,2506,-21.186219559855388,40,0
41169,2507,32.02853781889722,34,1
41209,2508,-20.860669280078078,40,0
41233,2509,-3.412954420697299,24,1
41250,2510,11.536937690682436,17,1
41284,2511,31.573286063191112,34,1
41296,2512,-16.79665529304382,12,1
41306,2513,-16.466453962470684,10,1
41318,2514,-0.6257301578301948,12,1
41329,2515,4.860682697694785,11,1
41365,2516,8.84967288542474,36,1
41388,2517,28.14141362645944,23,1
41404,2518,13.243029008745692,16,1
41414,2519,-2.8665454340371,10,1
41454,2520,-20.68757863713049,40,0
41494,2521,-20.72478960450847,40,0
41504,2522,6.205979683751944,10,1
41544,2523,-20.56898365804134,40,0
41584,2524,-20.897701335370858,40,0
41624,2525,-20.492067201283675,40,0
41650,2526,-8.938744793990997,26,1
41690,2527,-20.865099081858986,40,0
41714,2528,12.336932639693439,24,1
41753,2529,-33.287729334682204,39,1
41771,2530,13.743353627114072,18,1
41786,2531,11.939537960282296,15,1
41798,2532,12.774469307323592,12,1
41809,2533,8.045170044288989,11,1
41825,2534,-10.444892497052221,16,1
41835,2535,14.178409577720375,10,1
41875,2536,-20.719984571804158,40,0
41915,2537,-20.605574886573052,40,0
41928,2538,11.95104382459949,13,1
41938,2539,1.4282268513732623,10,1
41973,2540,-25.9660238487704,35,1
42013,2541,26.118379680834355,40,1
42053,2542,-20.757068563094386,40,0
42065,2543,5.577756520683749,12,1
42105,2544,-20.823294495675146,40,0
42117,2545,5.250642222828553,12,1
42139,2546,-5.043860648562652,22,1
42174,2547,-16.69157746430443,35,1
42214,2548,-20.73169080968428,40,0
42226,2549,-9.715508383880573,12,1
42236,2550,-6.10002249094863,10,1
42255,2551,48.31649884257565,19,1
42268,2552,18.881552141644967,13,1
42278,2553,4.7716625731709925,10,1
42318,2554,-21.083399419757345,40,0
42333,2555,35.38307280573322,15,1
42343,2556,3.281025083933355,10,1
42382,2557,-31.38474864315854,39,1
42422,2558,-20.915012858447287,40,0
42433,2559,11.119709647253428,11,1
42473,2560,-20.853472134866635,40,0
42492,2561,8.270354297962784,19,1
42502,2562,13.931486749072938,10,1
42527,2563,-6.743135358584482,25,1
42567,2564,-21.349146100302956,40,0
42607,2565,-20.570791304451788,40,0
42627,2566,22.84590211525482,20,1
42651,2567,4.854781025373335,24,1
42661,2568,-10.491748812505186,10,1
42701,2569,-21.05076539727544,40,0
42723,2570,8.076573960657369,22,1
42763,2571,-21.589811349371587,40,0
42773,2572,1.4593132514650389,10,1
42801,2573,0.3452721446170697,28,1
42812,2574,-0.3475903514016817,11,1
42822,2575,13.2882043601356,10,1
42862,2576,-20.92216685432801,40,0
42885,2577,17.093569249799817,23,1
42898,2578,-9.770451534934843,13,1
42938,2579,-20.738820059650386,40,0
42959,2580,20.096467852115406,21,1
42980,2581,18.64326857131472,21,1
43020,2582,-21.006215410016942,40,0
43060,2583,-21.036940954630687,40,0
43090,2584,-4.607304253364038,30,1
43130,2585,-20.912839682340472,40,0
43169,2586,-8.904190359508707,39,1
43180,2587,17.689143002702263,11,1
43196,2588,12.17440181356505,16,1
43229,2589,-2.977556400267973,33,1
43243,2590,-14.034174536662714,14,1
43260,2591,0.4003418201328822,17,1
43300,2592,-21.214960842558575,40,0
43340,2593,-20.782850925102398,40,0
43380,2594,-21.168844607537114,40,0
43412,2595,24.76129935054393,32,1
43445,2596,-27.4082481052579,33,1
43485,2597,-20.802467079647606,40,0
43525,2598,-20.742225431704473,40,0
43565,2599,-20.756724270807027,40,0
43605,2600,-20.795222893250557,40,0
43615,2601,-8.72362245014027,10,1
43640,2602,-14.89259586223325,25,1
43666,2603,-16.4286900265364,26,1
43693,2604,-14.778283506384732,27,1
43718,2605,16.91902000583149,25,1
43737,2606,3.5837755281623496,19,1
43777,2607,-20.983355469684753,40,0
43800,2608,-19.618237073285307,23,1
43840,2609,-20.891312247081597,40,0
43880,2610,-20.66392901326247,40,0
43920,2611,-20.87696467147968,40,0
43930,2612,14.658280981819313,10,1
43940,2613,4.461599885954397,10,1
43976,2614,-13.180119622204638,36,1
44016,2615,-21.180527018491482,40,0
44038,2616,25.929275193853844,22,1
44076,2617,-21.05319926815674,38,1
44102,2618,-12.994183988361481,26,1
44116,2619,10.18502915386803,14,1
44130,2620,-0.708241110679134,14,1
44170,2621,-21.055456117242937,40,0
44186,2622,29.277288936181886,16,1
44226,2623,-21.08889680510214,40,0
44263,2624,-98.41250295490866,37,1
44277,2625,13.799119275961807,14,1
44298,2626,14.251559560392458,21,1
44323,2627,-14.298547833854494,25,1
44333,2628,18.249079195688786,10,1
44343,2629,21.945767451668782,10,1
44371,2630,-13.824451404872592,28,1
44411,2631,-21.0079903840102,40,0
44426,2632,55.75632655468751,15,1
44437,2633,14.976053541207676,11,1
44447,2634,3.6618123138917626,10,1
44472,2635,18.43065817111815,25,1
44493,2636,-8.12883669629253,21,1
44503,2637,19.692246380590692,10,1
44513,2638,30.93873884540036,10,1
44553,2639,-20.839972429356795,40,0
44593,2640,-20.752401500182877,40,0
44633,2641,-21.19000413294142,40,0
44644,2642,-1.6733056015361674,11,1
44684,2643,-20.559006341730143,40,0
44724,2644,-20.885952321143733,40,0
44764,2645,-20.972634761550307,40,0
44804,2646,-21.75897607850536,40,0
44829,2647,-11.751790528053398,25,1
44869,2648,-21.1968082225319,40,0
44909,2649,-21.144508929165212,40,0
44919,2650,1.5899785193507836,10,1
44959,2651,-21.154705681258235,40,0
44973,2652,13.326737120711464,14,1
45013,2653,-22.443314653335424,40,0
45046,2654,-23.020333077019384,33,1
45076,2655,-7.023717341129742,30,1
45109,2656,-57.800962606253364,33,1
45139,2657,135.67961247836658,30,1
45179,2658,-21.03667601310803,40,0
45207,2659,-42.42355323733075,28,1
45240,2660,-165.89550354482643,33,1
45280,2661,-21.679614726389982,40,0
45312,2662,-37.818998289858456,32,1
45352,2663,-21.113362496600757,40,0
45376,2664,-16.337253117850842,24,1
45416,2665,-70.92869212832282,40,1
45449,2666,-69.85423004241618,33,1
45489,2667,-20.782075763694344,40,0
45529,2668,-22.110364904523497,40,0
45569,2669,-20.904748339512604,40,0
45602,2670,2.043972039737618,33,1
45642,2671,-21.12511429919518,40,0
45682,2672,-20.608422465782414,40,0
45722,2673,-21.277222908281175,40,0
45742,2674,-0.7306354379289133,20,1
45764,2675,-12.427044951312563,22,1
45804,2676,-21.193437752403987,40,0
45827,2677,29.457421466216633,23,1
45855,2678,1.1172840007064693,28,1
45869,2679,13.912710043036684,14,1
45909,2680,-23.088015031085515,40,0
45938,2681,-28.302938481903784,29,1
45948,2682,9.575890645753416,10,1
45988,2683,-32.641141234396436,40,1
45998,2684,-11.164085166277136,10,1
46009,2685,86.49174290526703,11,1
46036,2686,-19.921538724203913,27,1
46063,2687,-12.97216552834744,27,1
46102,2688,-24.113443189185052,39,1
46142,2689,-22.83121180622423,40,0
46182,2690,-21.513478010225406,40,0
46192,2691,42.83808333917004,10,1
46202,2692,81.07897533624994,10,1
46234,2693,-18.866425159271827,32,1
46274,2694,-20.880622485310212,40,0
46314,2695,-20.741516193238514,40,0
46354,2696,-21.573447356845847,40,0
46370,2697,2.708367506598781,16,1
46391,2698,-16.324099570382298,21,1
46414,2699,-13.524153197509172,23,1
46454,2700,-20.598275718031967,40,0
46468,2701,20.50801887874231,14,1
46490,2702,32.542735034936065,22,1
46530,2703,-20.657663451897562,40,0
46553,2704,-1.9870620891796955,23,1
46593,2705,-20.765675644170052,40,0
46619,2706,21.765277868960997,26,1
46636,2707,-30.1360287092627,17,1
46676,2708,-20.633195821587034,40,0
46688,2709,-13.427361895171764,12,1
46728,2710,-20.97702771386497,40,0
46744,2711,14.673569763590054,16,1
46771,2712,-8.51422802428186,27,1
46811,2713,-20.947264548762504,40,0
46827,2714,17.25314889188182,16,1
46837,2715,3.5341556882242453,10,1
46850,2716,16.680971623798314,13,1
46860,2717,30.500555775272954,10,1
46880,2718,-30.41499523578453,20,1
46892,2719,4.052110600480412,12,1
46902,2720,9.192750141753272,10,1
46917,2721,71.36795404612572,15,1
46950,2722,-20.89051372806968,33,1
46963,2723,9.704924500679066,13,1
46976,2724,-0.6567349049792048,13,1
47001,2725,-24.60298455800984,25,1
47023,2726,-10.835901982487709,22,1
47033,2727,47.4187656071334,10,1
47044,2728,-5.272746626288809,11,1
47073,2729,-67.20769730477433,29,1
47113,2730,-21.145178133495858,40,0
47123,2731,68.7755873437314,10,1
47133,2732,-7.228488836816627,10,1
47143,2733,14.518468005939393,10,1
47165,2734,-2.737451683138545,22,1
47175,2735,22.990476494612746,10,1
47215,2736,-21.20319735862669,40,0
47247,2737,-16.0305007660628,32,1
47261,2738,-3.4991861515137805,14,1
47271,2739,-2.2987551748778667,10,1
47311,2740,-21.505727105248404,40,0
47351,2741,-21.13679576861437,40,0
47367,2742,-24.0736580480953,16,1
47383,2743,44.02690169578809,16,1
47416,2744,15.198964615932882,33,1
47448,2745,-34.26626291463458,32,1
47488,2746,-20.788669682963803,40,0
47515,2747,-1.1115206663851818,27,1
47525,2748,15.630598939449843,10,1
47554,2749,-17.42871243466703,29,1
47566,2750,-3.4807950557411123,12,1
47606,2751,-21.034067644247237,40,0
47637,2752,-29.716324328437523,31,1
47677,2753,-21.684427243179147,40,0
47687,2754,3.5502031131665475,10,1
47697,2755,83.0557473024172,10,1
47707,2756,84.37050213303777,10,1
47729,2757,-16.43745524799487,22,1
47759,2758,7.922510679276622,30,1
47769,2759,80.07799209727663,10,1
47793,2760,-12.09766943831421,24,1
47833,2761,-21.433873722642748,40,0
47873,2762,-22.120342141173758,40,0
47902,2763,-5.033202778495208,29,1
47917,2764,12.30347889273527,15,1
47957,2765,-21.56009251602048,40,0
47971,2766,15.529489131376673,14,1
48011,2767,-21.934485925789495,40,0
48051,2768,-20.639497786699973,40,0
48091,2769,-22.35390806329187,40,0
48107,2770,21.596709387041784,16,1
48117,2771,16.64731664359357,10,1
48127,2772,45.062963458837416,10,1
48159,2773,4.342276928020854,32,1
48199,2774,-21.536494676631932,40,0
48209,2775,13.065207801085432,10,1
48234,2776,5.267331815088884,25,1
48256,2777,17.845002886282906,22,1
48296,2778,-21.067272420118403,40,0
48336,2779,-22.126587506679257,40,0
48376,2780,-21.228876727073086,40,0
48414,2781,-22.490074680572476,38,1
48435,2782,51.36542425309013,21,1
48475,2783,-21.590895577883856,40,0
48515,2784,-21.718801016642235,40,0
48539,2785,-13.558159688009411,24,1
48558,2786,-3.325987630889488,19,1
48569,2787,3.187108533788897,11,1
48609,2788,-20.95228817352653,40,0
48649,2789,-21.331737342504518,40,0
48659,2790,12.469689386870494,10,1
48687,2791,0.5033331684526645,28,1
48727,2792,-21.17381310785652,40,0
48737,2793,17.30167028677218,10,1
48747,2794,-0.9201605069342806,10,1
48787,2795,-21.21852203214237,40,0
48797,2796,11.599359108354237,10,1
48816,2797,2.763762713627535,19,1
48834,2798,-10.58892529386381,18,1
48844,2799,12.683859518936574,10,1
48884,2800,-22.55579232398201,40,0
48924,2801,-21.50999115785786,40,0
48964,2802,-21.528635911962795,40,0
49004,2803,-21.262546090546305,40,0
49014,2804,18.06710309927729,10,1
49054,2805,-21.265815736802665,40,0
49065,2806,38.13248545788404,11,1
49105,2807,-21.267365412233442,40,0
49115,2808,33.58075743253317,10,1
49125,2809,25.499623132758526,10,1
49135,2810,50.233153640194246,10,1
49175,2811,-21.625905476545235,40,0
49185,2812,24.455469131229798,10,1
49225,2813,-22.124480392363843,40,0
49265,2814,-21.27337128278035,40,0
49276,2815,20.074635553220848,11,1
49316,2816,-20.8762187957761,40,0
49356,2817,-21.45643745241738,40,0
49396,2818,-21.006369623768112,40,0
49406,2819,12.16151602097306,10,1
49446,2820,-20.82223350607324,40,0
49486,2821,-21.09075031617968,40,0
49502,2822,0.2545875497971759,16,1
49542,2823,-21.90105421961881,40,0
49562,2824,-16.31942231126742,20,1
49602,2825,-20.7889118626481,40,0
49642,2826,-20.89696747343492,40,0
49652,2827,11.629787818769385,10,1
49692,2828,-21.265898331277022,40,0
49709,2829,5.697307449806252,17,1
49749,2830,-20.972435654286027,40,0
49759,2831,-0.4497689366139336,10,1
49769,2832,49.656505378062484,10,1
49795,2833,13.215361085374896,26,1
49835,2834,-21.034355839424688,40,0
49846,2835,-1.2746193861227406,11,1
49886,2836,-21.333379355990214,40,0
49926,2837,-21.71155596017154,40,0
49936,2838,-4.752491807968592,10,1
49949,2839,17.373635836879586,13,1
49989,2840,-20.91029733412867,40,0
50010,2841,67.45882229883861,21,1
50020,2842,47.35411591256169,10,1
50037,2843,-0.22094303363241635,17,1
50055,2844,13.155213717013517,18,1
50077,2845,10.313603051588398,22,1
50117,2846,-21.16023847585476,40,0
50130,2847,67.94548902632576,13,1
50152,2848,15.513801202671965,22,1
50162,2849,30.554841469179955,10,1
50202,2850,-20.732198101452312,40,0
50212,2851,28.01754044882931,10,1
50222,2852,16.778506732187008,10,1
50232,2853,25.572994428330347,10,1
50247,2854,9.023794254732366,15,1
50257,2855,29.831388944500546,10,1
50294,2856,-19.75644938325463,37,1
50318,2857,31.973174584992698,24,1
50328,2858,57.060023024431956,10,1
50339,2859,13.595387040622924,11,1
50353,2860,19.710485813824683,14,1
50368,2861,11.673298033436643,15,1
50378,2862,19.814155931624633,10,1
50388,2863,77.23584739390171,10,1
50419,2864,0.05299672978785441,31,1
50459,2865,-20.654405070223962,40,0
50469,2866,15.797029014194685,10,1
50509,2867,-21.15173400298962,40,0
50519,2868,16.679073472944587,10,1
50559,2869,-20.85793721663307,40,0
50569,2870,17.89842686326241,10,1
50609,2871,-20.80791731952393,40,0
50631,2872,17.878374494022545,22,1
50642,2873,19.73939939961892,11,1
50652,2874,9.218422006954555,10,1
50664,2875,15.406117227856647,12,1
50691,2876,5.657732512140814,27,1
50731,2877,-20.742433331209053,40,0
50747,2878,1.0430258469039237,16,1
50757,2879,5.39664184559756,10,1
50778,2880,38.48919526231042,21,1
50818,2881,-20.90513298306061,40,0
50830,2882,16.173405057705068,12,1
50870,2883,-21.145430778036165,40,0
50894,2884,30.356476446388314,24,1
50934,2885,-20.780624669979275,40,0
50963,2886,6.56023856373188,29,1
51003,2887,-20.783572298227494,40,0
51013,2888,20.569873129767164,10,1
51026,2889,56.04187960589931,13,1
51066,2890,-21.15865597843853,40,0
51106,2891,-20.83981567870964,40,0
51146,2892,-20.699872710510604,40,0
51186,2893,-20.742064462171474,40,0
51226,2894,-21.05712366776871,40,0
51240,2895,8.354822204761748,14,1
51251,2896,18.895101103098284,11,1
51291,2897,-21.06509181302365,40,0
51319,2898,-25.725296032886074,28,1
51354,2899,-21.17775812102785,35,1
51394,2900,-22.175712573286425,40,0
51415,2901,15.978864066670333,21,1
51455,2902,-21.54708460504764,40,0
51469,2903,9.803659850278006,14,1
51509,2904,-21.238461003098852,40,0
51541,2905,-9.959653087274159,32,1
51551,2906,27.55637503883543,10,1
51591,2907,-21.701972662597935,40,0
51601,2908,22.787239020915244,10,1
51638,2909,-14.390996808888032,37,1
51648,2910,19.11415843645111,10,1
51688,2911,-20.931553820915134,40,0
51698,2912,15.336180341486118,10,1
51708,2913,14.635006293272134,10,1
51740,2914,-18.121663479050856,32,1
51753,2915,-1.2239991438426086,13,1
51763,2916,68.72008987398621,10,1
51803,2917,-21.277121237104517,40,0
51813,2918,38.585451477580385,10,1
51853,2919,-21.25923335020192,40,0
51874,2920,34.42754504885746,21,1
51888,2921,15.836684374915803,14,1
51921,2922,-22.584411656178766,33,1
51933,2923,14.816897748436839,12,1
51972,2924,-25.98001712193942,39,1
51982,2925,15.604076220130182,10,1
52005,2926,-13.154198049200094,23,1
52015,2927,26.751706618274657,10,1
52025,2928,6.151620646075782,10,1
52037,2929,27.262874204320017,12,1
52067,2930,-7.872285397321365,30,1
52089,2931,121.66837624195249,22,1
52111,2932,-12.68814831149043,22,1
52121,2933,59.0036186831179,10,1
52135,2934,22.113299893970986,14,1
52162,2935,0.4080731862117787,27,1
52192,2936,-22.57868480996596,30,1
52232,2937,-20.69856928360881,40,0
52254,2938,-18.603681878623952,22,1
52266,2939,42.68626876807345,12,1
52276,2940,11.770912450477152,10,1
52286,2941,29.69389169053428,10,1
52298,2942,85.70442006358557,12,1
52308,2943,74.08788346755509,10,1
52348,2944,-20.74173393653071,40,0
52388,2945,-20.815735839846848,40,0
52411,2946,14.78442884165495,23,1
52451,2947,-20.8915782156595,40,0
52467,2948,4.841010529048592,16,1
52481,2949,142.18535469172124,14,1
52491,2950,66.15902971318083,10,1
52531,2951,-20.36874786143008,40,0
52557,2952,-4.72811269215062,26,1
52581,2953,14.592276346407143,24,1
52591,2954,24.552170298287212,10,1
52601,2955,15.453657175360314,10,1
52618,2956,16.3686272490684,17,1
52631,2957,19.7438432955567,13,1
52651,2958,13.042895499446209,20,1
52674,2959,-1.8645277507871059,23,1
52694,2960,14.05616872148847,20,1
52714,2961,21.61107907070556,20,1
52725,2962,115.13618682250146,11,1
52735,2963,17.69024592895176,10,1
52750,2964,44.688685894411364,15,1
52760,2965,36.9218658640035,10,1
52775,2966,18.095996657658436,15,1
52786,2967,28.450656386245686,11,1
52810,2968,14.427547252132928,24,1
52845,2969,-16.609703557375845,35,1
52856,2970,4.134513294847493,11,1
52866,2971,29.216478872708574,10,1
52891,2972,15.608677750256398,25,1
52910,2973,21.20286589462783,19,1
52921,2974,19.402204980947957,11,1
52943,2975,18.217056458904313,22,1
52983,2976,-20.83472980641092,40,0
52997,2977,-16.807030019850288,14,1
53008,2978,5.74347702168382,11,1
53048,2979,-21.03379542505992,40,0
53058,2980,17.29193205030749,10,1
53072,2981,18.700210416621292,14,1
53083,2982,59.940575210136394,11,1
53098,2983,22.05275500162065,15,1
53117,2984,19.178447214422757,19,1
53134,2985,35.908758767390935,17,1
53174,2986,-21.02174812563616,40,0
53214,2987,-20.826689466086886,40,0
53247,2988,-8.665541433639644,33,1
53287,2989,-21.303457554941083,40,0
53311,2990,-10.04718362507566,24,1
53351,2991,-20.695935434136363,40,0
53391,2992,-20.86432136834269,40,0
53425,2993,31.163689915871107,34,1
53465,2994,-20.85918329720704,40,0
53485,2995,-22.294890463608972,20,1
53495,2996,112.5509963392778,10,1
53535,2997,-20.775484295697428,40,0
53553,2998,14.556942900367112,18,1
53572,2999,19.399631679793124,19,1
53591,3000,19.62564110129935,19,1
53611,3001,21.99386760546048,20,1
53624,3002,12.279238589623104,13,1
53635,3003,80.99559903651324,11,1
53646,3004,31.74624084403216,11,1
53656,3005,18.819301877428032,10,1
53668,3006,19.862334287619817,12,1
53694,3007,9.34319456515642,26,1
53709,3008,9.455031731273898,15,1
53719,3009,8.37124099187185,10,1
53731,3010,16.599662551489466,12,1
53741,3011,9.895049753135378,10,1
53759,3012,9.204010335695926,18,1
53781,3013,30.028739680784128,22,1
53799,3014,0.5778486349581319,18,1
53816,3015,16.04660918032322,17,1
53826,3016,105.71684170150485,10,1
53866,3017,-20.832213377529413,40,0
53894,3018,-26.839616087394308,28,1
53909,3019,-10.824580982060736,15,1
53919,3020,10.030518101722853,10,1
53932,3021,25.381713026438863,13,1
53957,3022,-11.763447174390885,25,1
53997,3023,-20.733759906182183,40,0
54012,3024,-9.299090371974854,15,1
54052,3025,-20.7086984960258,40,0
54092,3026,-20.973565390806712,40,0
54102,3027,4.4891200297430585,10,1
54114,3028,18.55173522231889,12,1
54154,3029,-20.624103073799702,40,0
54164,3030,4.871988585064434,10,1
54197,3031,-41.237380437406436,33,1
54228,3032,-14.742781240764412,31,1
54242,3033,18.047817856419993,14,1
54256,3034,15.755672016311859,14,1
54296,3035,-20.76160983573519,40,0
54336,3036,-20.79003928598005,40,0
54346,3037,6.138420925032767,10,1
54365,3038,21.369745490632983,19,1
54405,3039,-20.673532675284914,40,0
54425,3040,-17.840461380573252,20,1
54435,3041,144.50901617211696,10,1
54475,3042,-20.635643324482352,40,0
54492,3043,-4.901792232660609,17,1
54502,3044,16.215175572707647,10,1
54516,3045,16.852124043798486,14,1
54526,3046,35.399550958253165,10,1
54553,3047,10.241932836213781,27,1
54571,3048,22.011677336689786,18,1
54581,3049,35.36169758242891,10,1
54598,3050,28.946577367814957,17,1
54608,3051,124.33884554580942,10,1
54618,3052,17.76260640204504,10,1
54632,3053,33.74451746471577,14,1
54663,3054,6.549196981862715,31,1
54676,3055,19.500313514211413,13,1
54693,3056,23.232978827653664,17,1
54709,3057,9.490442341005885,16,1
54749,3058,-20.4335898471017,40,0
54789,3059,-20.645932691975894,40,0
54801,3060,3.133545593765454,12,1
54841,3061,-20.544148984867995,40,0
54851,3062,27.148996494484386,10,1
54891,3063,-21.24064238554489,40,0
54914,3064,4.9161162590288425,23,1
54924,3065,17.31127524131907,10,1
54942,3066,18.195799432401284,18,1
54953,3067,8.378692720022475,11,1
54963,3068,0.930399524160672,10,1
55003,3069,-20.904554457939156,40,0
55022,3070,-5.256566126767574,19,1
55033,3071,16.84044659211533,11,1
55044,3072,-2.6058640781595344,11,1
55084,3073,-20.69283616761736,40,0
55096,3074,52.89911281428137,12,1
55118,3075,19.732954513454306,22,1
55146,3076,20.197507078070547,28,1
55158,3077,10.420222533371026,12,1
55187,3078,-7.2644330000193476,29,1
55204,3079,9.93453961577171,17,1
55214,3080,19.692767469317776,10,1
55224,3081,9.224544327037677,10,1
55264,3082,-21.52268336541055,40,0
55274,3083,60.38287159285595,10,1
55305,3084,37.021234165213706,31,1
55315,3085,15.820276163154116,10,1
55332,3086,20.596324281382948,17,1
55351,3087,11.651298925030288,19,1
55361,3088,49.77240750950484,10,1
55371,3089,33.85693275480016,10,1
55381,3090,5.915708039104278,10,1
55396,3091,21.45012728975196,15,1
55435,3092,-0.5728184238880228,39,1
55445,3093,85.53639495247943,10,1
55457,3094,3.5632557915636243,12,1
55467,3095,19.8620956156,10,1
55507,3096,-20.673054580859763,40,0
55517,3097,71.64684366402538,10,1
55547,3098,-32.60248916303555,30,1
55583,3099,-1.4747805501050573,36,1
55620,3100,1.2733390720319893,37,1
55660,3101,-20.866048360509883,40,0
55670,3102,22.741499793847375,10,1
55684,3103,3.830624715835846,14,1
55695,3104,4.638574584869737,11,1
55721,3105,-2.582455239967169,26,1
55731,3106,4.652196685385294,10,1
55768,3107,0.4736293278767181,37,1
55808,3108,-24.802697611516024,40,0
55818,3109,11.803702768544566,10,1
55829,3110,13.46413803381164,11,1
55869,3111,-21.137332490237956,40,0
55889,3112,39.68782952149046,20,1
55899,3113,18.817631214883907,10,1
55933,3114,-15.803051474009035,34,1
55973,3115,-20.83852566494093,40,0
56013,3116,-21.00894032151582,40,0
56031,3117,17.697765944066422,18,1
56065,3118,-16.011069899449115,34,1
56105,3119,-20.717275117436536,40,0
56127,3120,55.436565518712925,22,1
56167,3121,-21.005148229534942,40,0
56177,3122,26.10187261074788,10,1
56193,3123,-12.54819875440909,16,1
56225,3124,-10.812200645535853,32,1
56236,3125,22.840405411076507,11,1
56256,3126,40.45224110165948,20,1
56283,3127,43.793024416484094,27,1
56313,3128,15.342530506709364,30,1
56327,3129,-10.559816767763603,14,1
56367,3130,-22.232166888195017,40,0
56385,3131,4.986358169996748,18,1
56425,3132,-20.551287977764655,40,0
56435,3133,13.304187933547926,10,1
56448,3134,-5.688687433176132,13,1
56476,3135,-10.671363947015688,28,1
56516,3136,-22.36786315966863,40,0
56556,3137,-21.001967609556367,40,0
56596,3138,-20.749332589490887,40,0
56617,3139,47.24515561577583,21,1
56627,3140,28.408962239155787,10,1
56644,3141,6.500911234948743,17,1
56684,3142,-20.810722845600015,40,0
56718,3143,-36.718661784430246,34,1
56728,3144,40.05021777416534,10,1
56768,3145,-8.28062368510973,40,1
56796,3146,1.8683081934058376,28,1
56836,3147,-20.962848793257518,40,0
56864,3148,-1.1789492795372691,28,1
56877,3149,30.18232700745848,13,1
56911,3150,-7.985642504188915,34,1
56951,3151,-20.92853922218608,40,0
56971,3152,25.494591596639175,20,1
56991,3153,18.360520030580513,20,1
57011,3154,73.15564297103437,20,1
57021,3155,7.8906936091350035,10,1
57038,3156,26.33622688461004,17,1
57056,3157,9.857317009293183,18,1
57082,3158,-11.497377744672928,26,1
57092,3159,80.99245005114835,10,1
57132,3160,-20.75735111258985,40,0
57172,3161,-20.853123012819683,40,0
57203,3162,9.084063118868388,31,1
57219,3163,5.74006713063783,16,1
57258,3164,-28.837269551377567,39,1
57290,3165,-11.825217205121145,32,1
57305,3166,-1.7765345288812706,15,1
57317,3167,43.78948859746551,12,1
57328,3168,20.133496388842197,11,1
57348,3169,21.479207961924104,20,1
57388,3170,-21.487092764607016,40,0
57428,3171,-20.64782967870611,40,0
57438,3172,15.201505246686445,10,1
57463,3173,30.677460510624,25,1
57484,3174,39.10490618400574,21,1
57519,3175,9.806523860939107,35,1
57556,3176,4.0655956299630285,37,1
57585,3177,38.68732518512748,29,1
57598,3178,50.094109123640735,13,1
57612,3179,21.727645208817275,14,1
57644,3180,-5.324938300075276,32,1
57664,3181,11.522412301795178,20,1
57682,3182,18.60806155679948,18,1
57722,3183,-20.689959526425675,40,0
57732,3184,44.291617316588884,10,1
57749,3185,19.775387901435153,17,1
57762,3186,28.525973690909417,13,1
57772,3187,143.8920005009521,10,1
57812,3188,-21.540903290535404,40,0
57852,3189,-20.71719218068853,40,0
57874,3190,-6.516426715115772,22,1
57894,3191,-7.619065511040397,20,1
57934,3192,-21.35827385371599,40,0
57947,3193,58.710213308598284,13,1
57957,3194,131.75375486144975,10,1
57997,3195,-21.12633154760123,40,0
58014,3196,-12.504314137672923,17,1
58035,3197,35.93961151992292,21,1
58075,3198,-20.7914562933776,40,0
58085,3199,28.430641131200083,10,1
58104,3200,13.734862158981965,19,1
58122,3201,15.647003703342818,18,1
58146,3202,13.868435027141206,24,1
58156,3203,29.379542582423156,10,1
58175,3204,-22.031478155615105,19,1
58190,3205,3.8303232270224346,15,1
58200,3206,67.94029598784859,10,1
58222,3207,17.008964445866212,22,1
58237,3208,-2.4307101097929724,15,1
58277,3209,-20.39089929596282,40,0
58293,3210,139.212702020741,16,1
58303,3211,25.069664169831523,10,1
58313,3212,16.985236241451556,10,1
58326,3213,36.2605013616354,13,1
58337,3214,1.547584093524175,11,1
58363,3215,-7.8447707545913286,26,1
58373,3216,9.461665267865243,10,1
58397,3217,-19.776116174615296,24,1
58426,3218,12.98721484087099,29,1
58436,3219,84.55136745733685,10,1
58476,3220,-20.98967234193823,40,0
58486,3221,-2.0570387746857337,10,1
58501,3222,5.380265291576176,15,1
58513,3223,5.6306172665066,12,1
58553,3224,-20.699337042515644,40,0
58575,3225,16.99875781101878,22,1
58597,3226,4.008949438423006,22,1
58615,3227,11.449142620598343,18,1
58625,3228,36.683805765899,10,1
58647,3229,8.947867660765938,22,1
58664,3230,15.200296304407871,17,1
58683,3231,-11.170003682363138,19,1
58696,3232,5.290463527304517,13,1
58721,3233,8.514603655618956,25,1
58740,3234,20.51121009462448,19,1
58760,3235,13.461609062298814,20,1
58792,3236,-7.785911422464696,32,1
58813,3237,78.20807198980926,21,1
58823,3238,-13.813710132830355,10,1
58849,3239,-15.407038383107745,26,1
58859,3240,67.55558236419876,10,1
58889,3241,-21.522950381668373,30,1
58900,3242,29.341050068581538,11,1
58940,3243,-21.062024398089473,40,0
58980,3244,-20.761082007239807,40,0
59020,3245,-21.33270298504774,40,0
59060,3246,-21.06080729524923,40,0
59083,3247,11.156573860876007,23,1
59123,3248,-20.912847936273394,40,0
59149,3249,-8.581049354768957,26,1
59159,3250,29.901112257025417,10,1
59172,3251,5.011771265140053,13,1
59182,3252,27.036944225341514,10,1
59222,3253,-21.125271750488533,40,0
59241,3254,-3.0123768706290956,19,1
59251,3255,24.2787513391737,10,1
59261,3256,5.7236771012736165,10,1
59274,3257,13.802079756959563,13,1
59284,3258,-4.955920289641023,10,1
59295,3259,12.092923942492758,11,1
59335,3260,-21.182217447613642,40,0
59345,3261,7.328971888021458,10,1
59357,3262,16.748170449270226,12,1
59367,3263,6.272382260714248,10,1
59377,3264,42.0513812122781,10,1
59387,3265,21.458093677187705,10,1
59410,3266,51.44222590283125,23,1
59450,3267,-20.91909743014533,40,0
59471,3268,-1.7774741358828012,21,1
59495,3269,16.510989775782324,24,1
59505,3270,2.824920888741,10,1
59515,3271,32.94087046113038,10,1
59525,3272,21.030136169222583,10,1
59546,3273,25.013641354953943,21,1
59556,3274,86.13595795260474,10,1
59566,3275,14.883461988189534,10,1
59606,3276,-20.904418847934387,40,0
59632,3277,18.159117473345773,26,1
59645,3278,2.8173972113303956,13,1
59655,3279,8.143617894214017,10,1
59695,3280,-20.99541881089156,40,0
59714,3281,13.530024009932085,19,1
59725,3282,25.074257289691477,11,1
59741,3283,12.348945913960996,16,1
59751,3284,55.1396284315029,10,1
59761,3285,4.698960250780814,10,1
59776,3286,33.079897396601645,15,1
59799,3287,50.765148848486845,23,1
59839,3288,-20.912159177180143,40,0
59849,3289,20.581413483260775,10,1
59859,3290,27.000862423910693,10,1
59899,3291,-20.96381265182928,40,0
59909,3292,74.71127117546058,10,1
59919,3293,16.87270467052878,10,1
59932,3294,21.556578110753854,13,1
59972,3295,-21.067501569682076,40,0
60012,3296,-20.75751320071545,40,0
60024,3297,52.119823119634475,12,1
60064,3298,-20.84327163887843,40,0
60104,3299,-20.604455058818314,40,0
60116,3300,44.43292659959757,12,1
60126,3301,31.876998244057397,10,1
60142,3302,12.015079559464855,16,1
60152,3303,27.47716910731854,10,1
60162,3304,35.03835083263924,10,1
60172,3305,12.094743419962882,10,1
60182,3306,16.684041812909456,10,1
60193,3307,15.559502377465206,11,1
60233,3308,-20.83028678643116,40,0
60254,3309,-3.5228079715126515,21,1
60294,3310,-20.739404465891457,40,0
60304,3311,37.79720198102335,10,1
60314,3312,5.52896286321273,10,1
60324,3313,28.375554153626073,10,1
60352,3314,-22.192367604112295,28,1
60374,3315,6.364382275318463,22,1
60388,3316,15.367127798607605,14,1
60398,3317,15.251799120922087,10,1
60438,3318,-21.275326767820317,40,0
60448,3319,24.619934992512494,10,1
60467,3320,-11.2927940601206,19,1
60507,3321,-20.817833625188097,40,0
60517,3322,18.020938277538132,10,1
60532,3323,18.96891815738533,15,1
60542,3324,15.287537891144067,10,1
60552,3325,22.5153018683993,10,1
60562,3326,16.840959332456794,10,1
60577,3327,20.11926803156676,15,1
60591,3328,15.254366376264741,14,1
60601,3329,15.80494364467964,10,1
60611,3330,19.65476338846738,10,1
60621,3331,22.127469271946783,10,1
60637,3332,21.86913621913691,16,1
60648,3333,11.658098312649654,11,1
60658,3334,96.03643448958316,10,1
60670,3335,9.67336612814653,12,1
60710,3336,-20.63887564115778,40,0
60723,3337,12.895522595847954,13,1
60734,3338,141.44074284764417,11,1
60744,3339,31.485581297430024,10,1
60754,3340,46.2137724480672,10,1
60766,3341,18.99772193054667,12,1
60776,3342,133.8780250421217,10,1
60789,3343,4.296562475801176,13,1
60800,3344,55.52146738615288,11,1
60810,3345,12.699643559755032,10,1
60820,3346,15.250195359849675,10,1
60833,3347,102.69228070466885,13,1
60873,3348,-21.004171625473386,40,0
60913,3349,-20.817200051531685,40,0
60926,3350,13.14748835511393,13,1
60937,3351,24.51532028626372,11,1
60947,3352,30.655651574326548,10,1
60965,3353,48.58403972908298,18,1
60975,3354,22.03838988921562,10,1
61015,3355,-21.088709239983917,40,0
61037,3356,-7.075780262210314,22,1
61047,3357,16.858023219666272,10,1
61058,3358,17.67575375766045,11,1
61069,3359,18.84774077725044,11,1
61082,3360,14.704352200041846,13,1
61092,3361,20.08821455466897,10,1
61102,3362,34.59700157081977,10,1
61116,3363,18.386014869983182,14,1
61126,3364,20.61637247515119,10,1
61136,3365,66.98281718960807,10,1
61152,3366,17.134480469612125,16,1
61162,3367,27.91868384739637,10,1
61185,3368,-6.716893615203827,23,1
61195,3369,19.420336527880675,10,1
61205,3370,39.897858518207826,10,1
61218,3371,20.276035705642023,13,1
61229,3372,17.05093145147503,11,1
61241,3373,55.856283536033324,12,1
61259,3374,16.066636337907987,18,1
61271,3375,0.8047419717318707,12,1
61284,3376,22.057771086484795,13,1
61324,3377,-21.24903708008833,40,0
61340,3378,-5.586718118715063,16,1
61380,3379,-20.98226986789137,40,0
61393,3380,-0.8539366727806483,13,1
61433,3381,-21.01081266233167,40,0
61459,3382,-30.8463151831303,26,1
61470,3383,2.286338076463889,11,1
61510,3384,-20.712047814299225,40,0
61550,3385,-21.058210093652775,40,0
61585,3386,-18.153782022836992,35,1
61599,3387,13.199231982893918,14,1
61613,3388,43.645719070297446,14,1
61629,3389,-1.6126454073133432,16,1
61639,3390,10.568973426062254,10,1
61651,3391,11.178465925588922,12,1
61661,3392,16.3171624162213,10,1
61671,3393,15.123728725815422,10,1
61681,3394,35.4008884991692,10,1
61693,3395,95.38218752393956,12,1
61713,3396,134.09303292924167,20,1
61723,3397,14.780649212214882,10,1
61738,3398,17.37805108291181,15,1
61748,3399,2.950785222271766,10,1
61777,3400,-4.306061021733663,29,1
61788,3401,123.53164112248255,11,1
61828,3402,-20.846597362033073,40,0
61838,3403,35.41628490870022,10,1
61878,3404,-20.940439776535058,40,0
61890,3405,12.983717544496505,12,1
61900,3406,48.13078477051536,10,1
61912,3407,6.4151968172308305,12,1
61924,3408,43.59093053805343,12,1
61934,3409,17.237435834254477,10,1
61974,3410,-20.667060446238768,40,0
61991,3411,124.69281799584603,17,1
62008,3412,9.359676708750149,17,1
62022,3413,27.92000146217769,14,1
62038,3414,-6.155648443368041,16,1
62049,3415,11.502818997521553,11,1
62059,3416,33.182090752032074,10,1
62099,3417,-20.653100293789276,40,0
62112,3418,130.89758082985054,13,1
62152,3419,-20.780038644322985,40,0
62164,3420,18.741241318962167,12,1
62175,3421,22.9507489300366,11,1
62186,3422,11.485521161294038,11,1
62196,3423,13.875371736074088,10,1
62228,3424,-18.924102145078862,32,1
62246,3425,26.842556875095788,18,1
62258,3426,32.214670256010535,12,1
62280,3427,-14.955326908101725,22,1
62291,3428,11.903996691064684,11,1
62313,3429,9.135383861388192,22,1
62332,3430,34.449379979313456,19,1
62372,3431,-20.964263996521733,40,0
62386,3432,35.03491057392458,14,1
62418,3433,16.508925474618117,32,1
62428,3434,15.354898381557831,10,1
62441,3435,-3.9236151233118206,13,1
62454,3436,122.60966997156115,13,1
62494,3437,-21.070769198877336,40,0
62504,3438,9.236913761862898,10,1
62544,3439,-20.986384217887014,40,1
62563,3440,12.451847371339085,19,1
62573,3441,16.173637042513903,10,1
62586,3442,43.017343737637376,13,1
62596,3443,114.29792695580532,10,1
62609,3444,22.04661929312797,13,1
62619,3445,48.242101193012545,10,1
62629,3446,91.88916965561167,10,1
62639,3447,51.09535828506019,10,1
62650,3448,16.949222305897024,11,1
62672,3449,7.38441717572894,22,1
62712,3450,-21.02899744300514,40,0
62724,3451,21.027572658034803,12,1
62735,3452,76.50081244553303,11,1
62745,3453,17.608082440778574,10,1
62785,3454,-20.767231554385432,40,0
62798,3455,21.462859810843195,13,1
62816,3456,2.4630847558488194,18,1
62826,3457,9.889885553312642,10,1
62838,3458,11.942374012557554,12,1
62848,3459,56.86687257119207,10,1
62885,3460,9.769820916099448,37,1
62896,3461,14.659724476726753,11,1
62906,3462,52.855558809063545,10,1
62946,3463,-20.72648420863278,40,0
62964,3464,20.439926669459616,18,1
62987,3465,56.29628209545483,23,1
63027,3466,-20.793682293605496,40,0
63040,3467,59.79306599669999,13,1
63050,3468,12.543360226858363,10,1
63060,3469,18.347455119025007,10,1
63070,3470,-1.8466081978698452,10,1
63085,3471,16.40466099703796,15,1
63103,3472,-10.939391999380755,18,1
63113,3473,20.203658369264225,10,1
63125,3474,10.137306390188074,12,1
63135,3475,9.024803466211294,10,1
63148,3476,9.654261052986506,13,1
63158,3477,6.2129568712147565,10,1
63172,3478,-13.159302527568329,14,1
63182,3479,26.605852795966594,10,1
63195,3480,14.091287687714104,13,1
63208,3481,15.91609584695331,13,1
63248,3482,-7.425508917151186,40,1
63263,3483,5.3680646365166504,15,1
63273,3484,35.742768109045684,10,1
63284,3485,19.255451389500436,11,1
63296,3486,13.25872621567752,12,1
63313,3487,11.055652527505224,17,1
63325,3488,16.141027869633415,12,1
63365,3489,-20.533108969488122,40,0
63375,3490,16.310243411431813,10,1
63387,3491,39.40298813456391,12,1
63401,3492,22.43012296016426,14,1
63413,3493,11.278439946039873,12,1
63425,3494,87.69986759024228,12,1
63441,3495,-8.933080711196755,16,1
63451,3496,40.556801749614515,10,1
63466,3497,56.43207423736286,15,1
63476,3498,88.10558833354605,10,1
63487,3499,37.1629231050648,11,1
63499,3500,17.7056473583624,12,1
63539,3501,-20.698995802276848,40,0
63549,3502,93.3147309067902,10,1
63559,3503,31.197952729779555,10,1
63591,3504,-17.21846919251051,32,1
63610,3505,18.595442428061123,19,1
63621,3506,55.99842718348418,11,1
63634,3507,20.476569349336476,13,1
63645,3508,25.889778423417134,11,1
63655,3509,16.973404345306246,10,1
63665,3510,45.97426258942597,10,1
63675,3511,15.980056750867547,10,1
63688,3512,28.74339444330468,13,1
63698,3513,38.10024848064283,10,1
63711,3514,37.06655968456252,13,1
63726,3515,-12.993493495852077,15,1
63736,3516,12.34675796084255,10,1
63753,3517,15.836839919954318,17,1
63793,3518,-20.711040063392208,40,0
63810,3519,131.67314478847848,17,1
63820,3520,19.75419890265495,10,1
63830,3521,21.429741460440695,10,1
63840,3522,27.20272589004767,10,1
63851,3523,83.45982098478531,11,1
63891,3524,-20.657355803843828,40,0
63905,3525,10.003959414189245,14,1
63915,3526,25.33408933122224,10,1
63925,3527,14.918047700921079,10,1
63940,3528,29.14848448262825,15,1
63980,3529,-20.838426274999186,40,0
63991,3530,7.856105842793346,11,1
64001,3531,10.034441815817452,10,1
64013,3532,15.479068766455594,12,1
64023,3533,13.123119773413345,10,1
64033,3534,15.024166878756835,10,1
64044,3535,48.73698181995963,11,1
64054,3536,13.330310045177907,10,1
64064,3537,27.466196681949107,10,1
64074,3538,11.011270297140134,10,1
64088,3539,11.92310032866565,14,1
64099,3540,18.141381160083498,11,1
64109,3541,47.15100879971454,10,1
64119,3542,15.885266544888534,10,1
64132,3543,26.47538747472333,13,1
64142,3544,76.26077481525193,10,1
64152,3545,18.904753559189217,10,1
64165,3546,98.05138205198301,13,1
64205,3547,-21.006589453252815,40,0
64215,3548,86.00747618910903,10,1
64255,3549,-20.532669905308396,40,0
64265,3550,59.11288701183462,10,1
64278,3551,-2.581758932652071,13,1
64318,3552,-21.751726799894612,40,0
64333,3553,32.274476552392414,15,1
64344,3554,-7.294167674326036,11,1
64354,3555,15.968075552099409,10,1
64394,3556,-20.72451750981993,40,0
64405,3557,13.244029782928676,11,1
64415,3558,50.016591520399615,10,1
64441,3559,41.890434586642236,26,1
64451,3560,3.910517392503901,10,1
64461,3561,40.50915802779307,10,1
64471,3562,91.73354078480395,10,1
64482,3563,69.14488558434459,11,1
64522,3564,-20.655265319838715,40,0
64532,3565,34.24757478871212,10,1
64542,3566,25.65917557356169,10,1
64561,3567,53.788322155506265,19,1
64571,3568,10.045119664656522,10,1
64586,3569,5.206746562969772,15,1
64607,3570,12.902829995317152,21,1
64618,3571,9.863091828139416,11,1
64631,3572,15.345300015235006,13,1
64643,3573,17.06920467879612,12,1
64653,3574,16.989873056651312,10,1
64663,3575,104.66729469771442,10,1
64678,3576,49.53491589456108,15,1
64688,3577,17.600017873634762,10,1
64728,3578,-21.083713919996892,40,0
64739,3579,36.53701363059043,11,1
64753,3580,4.2212407691957985,14,1
64773,3581,18.208643040900604,20,1
64783,3582,32.23674182185021,10,1
64823,3583,-20.61835844867159,40,0
64839,3584,27.087469753843592,16,1
64849,3585,29.232155853811932,10,1
64859,3586,10.768788909455743,10,1
64869,3587,16.829894712030747,10,1
64909,3588,-20.84432847101466,40,0
64939,3589,-5.7848250422615966,30,1
64949,3590,86.07270337943376,10,1
64964,3591,24.750149131447195,15,1
64974,3592,33.929026123222606,10,1
64986,3593,15.058969253306255,12,1
64999,3594,40.619055744631844,13,1
65011,3595,-15.071318983732143,12,1
65025,3596,18.358405741495346,14,1
65035,3597,8.89720195832746,10,1
65045,3598,56.422679414681056,10,1
65056,3599,20.587461042159234,11,1
65068,3600,129.65041690774282,12,1
65079,3601,41.457508126422454,11,1
65090,3602,117.32275931356196,11,1
65100,3603,20.079818433201165,10,1
65111,3604,12.636075122273896,11,1
65122,3605,106.12167172644978,11,1
65137,3606,17.482211230319752,15,1
65147,3607,8.948459508718162,10,1
65158,3608,12.786814502732671,11,1
65182,3609,25.980041938103344,24,1
65197,3610,17.905804582755493,15,1
65207,3611,19.721944933399993,10,1
65217,3612,53.74704407322037,10,1
65228,3613,76.88073581168067,11,1
65249,3614,139.84864645688126,21,1
65266,3615,-4.000527096218615,17,1
65276,3616,34.503971916740696,10,1
65286,3617,53.86027327002451,10,1
65296,3618,20.091693494145304,10,1
65309,3619,95.87114770588606,13,1
65322,3620,27.118924921393166,13,1
65332,3621,139.38143155805938,10,1
65344,3622,30.121938807856196,12,1
65363,3623,34.57100311117668,19,1
65373,3624,8.946229871478012,10,1
65383,3625,25.12050883771807,10,1
65395,3626,99.26715225924613,12,1
65435,3627,-21.2981685464364,40,0
65451,3628,20.617180081972,16,1
65461,3629,59.775828434530915,10,1
65501,3630,-20.699209645494356,40,0
65511,3631,13.909659224755279,10,1
65526,3632,58.294463094111634,15,1
65538,3633,13.309049961626451,12,1
65578,3634,-20.77020775221756,40,0
65588,3635,45.20211048086188,10,1
65616,3636,15.600567282312738,28,1
65626,3637,17.14898756610992,10,1
65638,3638,4.510976190113113,12,1
65648,3639,34.28320226876067,10,1
65660,3640,16.63363922068154,12,1
65673,3641,23.985775649377427,13,1
65688,3642,13.290183969990892,15,1
65700,3643,1.5219895346791124,12,1
65715,3644,32.87901977747656,15,1
65727,3645,103.14947171957878,12,1
65745,3646,32.04464479885691,18,1
65767,3647,19.155389917592426,22,1
65777,3648,17.243082314902516,10,1
65788,3649,93.4464594931875,11,1
65828,3650,-20.994324705133526,40,0
65838,3651,35.791712225069084,10,1
65848,3652,40.93977909666826,10,1
65859,3653,14.184264940987402,11,1
65871,3654,4.456923951785691,12,1
65881,3655,7.341200244995655,10,1
65891,3656,25.997478489126763,10,1
65901,3657,76.30796565500134,10,1
65911,3658,62.18632905684516,10,1
65923,3659,72.69381084960658,12,1
65933,3660,92.24265495021658,10,1
65950,3661,20.87966770246068,17,1
65990,3662,-20.47688817967121,40,0
66000,3663,71.57358881784616,10,1
66010,3664,16.067687598868776,10,1
66021,3665,58.602883586009305,11,1
66061,3666,-21.304739278974413,40,0
66071,3667,31.806192142924367,10,1
66082,3668,18.911208085033063,11,1
66092,3669,13.520685173193222,10,1
66102,3670,57.73727856440595,10,1
66113,3671,20.186908910780307,11,1
66143,3672,-14.113021395894858,30,1
66153,3673,15.502430728996059,10,1
66163,3674,32.326240890368,10,1
66173,3675,15.04298969285005,10,1
66183,3676,15.410251500752738,10,1
66198,3677,-14.985817244638547,15,1
66208,3678,35.705199024376086,10,1
66218,3679,71.80192306482272,10,1
66228,3680,121.21879056379166,10,1
66252,3681,17.893880504630364,24,1
66292,3682,-20.89911650578801,40,0
66302,3683,48.93474427275117,10,1
66316,3684,20.030928434524895,14,1
66326,3685,28.88936151653822,10,1
66341,3686,21.055184055283384,15,1
66351,3687,64.01571478733733,10,1
66361,3688,96.15506570295838,10,1
66372,3689,15.833939000723026,11,1
66382,3690,24.66484717941869,10,1
66394,3691,16.021890692591178,12,1
66415,3692,60.56840727982599,21,1
66425,3693,25.801849405385504,10,1
66435,3694,19.848043833549387,10,1
66447,3695,17.020169165585187,12,1
66463,3696,57.38950922450757,16,1
66503,3697,-21.109680750585962,40,0
66543,3698,-20.899166150010526,40,0
66561,3699,85.15860949022749,18,1
66573,3700,55.016256894578305,12,1
66585,3701,45.23384599084679,12,1
66595,3702,-6.283030784576653,10,1
66607,3703,16.358645925131576,12,1
66620,3704,11.131083836931131,13,1
66631,3705,11.253448222781811,11,1
66641,3706,46.86139923883949,10,1
66661,3707,17.493983878824206,20,1
66671,3708,50.792582782443596,10,1
66686,3709,26.83551998533346,15,1
66696,3710,15.006519591808123,10,1
66711,3711,19.9483041778264,15,1
66724,3712,27.266275715307238,13,1
66734,3713,10.73738223683918,10,1
66745,3714,21.13602257208583,11,1
66756,3715,123.17260683858595,11,1
66770,3716,56.37275578771626,14,1
66785,3717,38.14278768209457,15,1
66795,3718,81.80937638630819,10,1
66811,3719,3.3850089794366984,16,1
66821,3720,29.118149043368717,10,1
66831,3721,30.1552609814257,10,1
66841,3722,28.934627112778738,10,1
66853,3723,15.245889024518313,12,1
66863,3724,18.644259114967888,10,1
66873,3725,11.067683717592134,10,1
66883,3726,39.18763426766269,10,1
66923,3727,-21.169639521798196,40,0
66933,3728,20.058409097666626,10,1
66944,3729,11.44608142198952,11,1
66954,3730,21.65592289613243,10,1
66965,3731,57.66045956297259,11,1
66978,3732,15.53096391452244,13,1
66989,3733,21.608974011923543,11,1
66999,3734,104.34709574298934,10,1
67009,3735,16.28032028179581,10,1
67037,3736,-3.810622845798756,28,1
67077,3737,-21.059272366708164,40,0
67089,3738,41.087196470774565,12,1
67099,3739,15.287615989003731,10,1
67112,3740,59.561900454517215,13,1
67123,3741,50.511626938281694,11,1
67133,3742,10.37286403672165,10,1
67143,3743,75.44324417710101,10,1
67153,3744,20.04135627694836,10,1
67164,3745,17.652115068232273,11,1
67174,3746,79.3408127136521,10,1
67190,3747,31.894359114003468,16,1
67200,3748,42.436837646835535,10,1
67211,3749,10.37394183271018,11,1
67230,3750,21.93734532256117,19,1
67240,3751,25.102065513999463,10,1
67273,3752,11.805465841172673,33,1
67283,3753,11.1134468659081,10,1
67296,3754,9.908955590535038,13,1
67313,3755,18.64083486425552,17,1
67324,3756,13.738812435018849,11,1
67336,3757,137.0266653503068,12,1
67347,3758,77.73738843021131,11,1
67357,3759,11.118560252930203,10,1
67367,3760,96.11433475863788,10,1
67377,3761,20.576108010853517,10,1
67389,3762,35.44294842036247,12,1
67405,3763,43.90959300175729,16,1
67418,3764,31.586609266628045,13,1
67428,3765,19.42260763088699,10,1
67441,3766,44.05257885387336,13,1
67464,3767,7.444660094269826,23,1
67476,3768,8.77410104205206,12,1
67492,3769,-2.22606631217056,16,1
67505,3770,11.965702186978534,13,1
67515,3771,47.07735034950611,10,1
67555,3772,-21.08085242568329,40,0
67565,3773,93.65716952614704,10,1
67575,3774,33.51380677716475,10,1
67585,3775,24.839782729000213,10,1
67596,3776,11.941944677514376,11,1
67606,3777,31.276380335882376,10,1
67616,3778,24.520978602153438,10,1
67630,3779,132.56920233998764,14,1
67670,3780,-20.674762240230617,40,0
67682,3781,13.248872017457368,12,1
67693,3782,122.00150527556472,11,1
67709,3783,141.3374658463303,16,1
67723,3784,108.69205074116972,14,1
67735,3785,10.255187251259114,12,1
67746,3786,18.15486260505964,11,1
67763,3787,19.286470723078754,17,1
67773,3788,15.75036166242711,10,1
67788,3789,69.75763520230481,15,1
67828,3790,-21.09991674500108,40,0
67839,3791,94.0956973034955,11,1
67849,3792,68.5853866061218,10,1
67861,3793,19.065863156763807,12,1
67879,3794,79.1889293293557,18,1
67911,3795,-3.6876953404805586,32,1
67922,3796,9.087655983001193,11,1
67932,3797,33.154333075468564,10,1
67942,3798,26.084325240117725,10,1
67952,3799,-1.7769385214834177,10,1
67967,3800,19.301582235359717,15,1
67978,3801,11.18757914512476,11,1
67988,3802,16.69583896181893,10,1
67999,3803,9.416400418486258,11,1
68009,3804,10.358299600481898,10,1
68019,3805,45.544094734616756,10,1
68030,3806,12.115730038355244,11,1
68040,3807,29.466761347497854,10,1
68050,3808,121.06352829856135,10,1
68060,3809,32.14278413823247,10,1
68074,3810,19.806881604604445,14,1
68086,3811,54.18132827036557,12,1
68100,3812,10.305799197136773,14,1
68113,3813,-17.10038568031957,13,1
68123,3814,28.30624203269236,10,1
68133,3815,29.882980703179108,10,1
68143,3816,92.35204628704399,10,1
68153,3817,8.458549370973993,10,1
68163,3818,34.4973136980296,10,1
68173,3819,20.096952000578796,10,1
68183,3820,17.669766478869146,10,1
68194,3821,14.36721466966345,11,1
68204,3822,88.25059285540793,10,1
68214,3823,33.786001682161135,10,1
68224,3824,15.540141490373468,10,1
68234,3825,11.039426973143962,10,1
68246,3826,11.395288087863577,12,1
68256,3827,-4.471229556616846,10,1
68266,3828,55.51170183465047,10,1
68277,3829,80.24670656945538,11,1
68289,3830,114.60259064604908,12,1
68299,3831,63.414286091183826,10,1
68309,3832,14.805106673465373,10,1
68319,3833,14.715543582862521,10,1
68329,3834,20.069667711418795,10,1
68339,3835,39.662551201077285,10,1
68350,3836,132.52336274488334,11,1
68367,3837,1.171605336513595,17,1
68377,3838,17.82744571835596,10,1
68387,3839,15.146953723721545,10,1
68397,3840,21.512084874748613,10,1
68407,3841,27.357759456085404,10,1
68418,3842,20.957328464819717,11,1
68428,3843,21.260071336746044,10,1
68438,3844,16.695289544534006,10,1
68448,3845,10.955588489493806,10,1
68481,3846,-7.585330323872286,33,1
68493,3847,73.13716846819071,12,1
68503,3848,10.334133042777843,10,1
68513,3849,33.809072386708245,10,1
68524,3850,19.768239279691535,11,1
68534,3851,28.582403447094507,10,1
68552,3852,16.675750508669992,18,1
68562,3853,43.48600813066496,10,1
68572,3854,25.241537211417576,10,1
68583,3855,9.114689142307755,11,1
68593,3856,20.415422104578283,10,1
68603,3857,27.048096188193078,10,1
68615,3858,14.099235365614874,12,1
68629,3859,16.72099028956612,14,1
68639,3860,39.059224816209465,10,1
68650,3861,74.43535182697589,11,1
68660,3862,54.014988763853445,10,1
68680,3863,-12.043918806875446,20,1
68690,3864,17.549209546079513,10,1
68700,3865,25.669144935187877,10,1
68713,3866,28.983774710906587,13,1
68723,3867,21.298317248902634,10,1
68733,3868,97.68465617389332,10,1
68744,3869,21.867453978686157,11,1
68757,3870,15.560944067963502,13,1
68769,3871,104.04945990945842,12,1
68779,3872,18.97804733670975,10,1
68789,3873,15.348491469956631,10,1
68799,3874,22.326599608429447,10,1
68809,3875,11.271255918106899,10,1
68822,3876,13.608800892188151,13,1
68833,3877,121.7405752576047,11,1
68843,3878,122.24013366530554,10,1
68870,3879,-22.305127156328904,27,1
68880,3880,26.413043938987688,10,1
68890,3881,5.750720124594535,10,1
68903,3882,15.315081361135414,13,1
68913,3883,75.33032030648461,10,1
68923,3884,13.212341202999074,10,1
68933,3885,13.72847589149921,10,1
68943,3886,20.687769193641294,10,1
68954,3887,27.274901429305384,11,1
68964,3888,9.22661132725548,10,1
68979,3889,33.04151807688785,15,1
68990,3890,-1.261865465492133,11,1
69000,3891,68.03620503402486,10,1
69029,3892,-3.1131473577819637,29,1
69043,3893,17.082055641605184,14,1
69053,3894,24.514150300085348,10,1
69084,3895,-42.442670546194506,31,1
69094,3896,32.98875401358786,10,1
69104,3897,83.12824717431388,10,1
69122,3898,51.76796783475609,18,1
69132,3899,119.05469119908521,10,1
69143,3900,10.003795807496319,11,1
69156,3901,30.359056111150295,13,1
69166,3902,32.37241261000036,10,1
69191,3903,4.807148289911491,25,1
69201,3904,137.0766439597487,10,1
69215,3905,-11.112138160471563,14,1
69225,3906,43.332167528141945,10,1
69265,3907,-21.961181306665,40,0
69275,3908,0.017577373624279052,10,1
69290,3909,11.786720935783388,15,1
69300,3910,19.388962522942187,10,1
69321,3911,39.72928359254476,21,1
69361,3912,-21.007375160259535,40,0
69371,3913,18.085645728037647,10,1
69385,3914,105.26204564703504,14,1
69399,3915,24.43922266632505,14,1
69411,3916,53.822377015806914,12,1
69421,3917,14.263361756190609,10,1
69431,3918,19.580796417779545,10,1
69441,3919,10.260718607960898,10,1
69451,3920,5.560403699290518,10,1
69463,3921,9.61701454469903,12,1
69473,3922,32.340972626469,10,1
69483,3923,12.227375875157996,10,1
69493,3924,105.73139540877476,10,1
69503,3925,12.856590474559141,10,1
69517,3926,77.10525998798225,14,1
69527,3927,21.125517139784105,10,1
69537,3928,9.654036309723622,10,1
69547,3929,104.6131579223766,10,1
69560,3930,33.02248643907537,13,1
69573,3931,19.319077093808954,13,1
69613,3932,-21.04266267976604,40,0
69639,3933,26.046140383475198,26,1
69651,3934,79.22152357001303,12,1
69661,3935,8.186626367387307,10,1
69671,3936,42.13026535692788,10,1
69681,3937,72.92616762842205,10,1
69699,3938,3.793694906054284,18,1
69711,3939,25.392223518625315,12,1
69721,3940,29.0638046160623,10,1
69735,3941,38.29807841097085,14,1
69746,3942,38.3767773119742,11,1
69757,3943,110.57164123266998,11,1
69767,3944,67.51544156871915,10,1
69777,3945,34.52585981397,10,1
69804,3946,14.633832121447758,27,1
69814,3947,3.5271703611066023,10,1
69824,3948,30.864880333861453,10,1
69834,3949,30.81841081504854,10,1
69846,3950,18.847617731601584,12,1
69856,3951,28.103021650161715,10,1
69866,3952,78.15565343839847,10,1
69876,3953,44.71178709251276,10,1
69892,3954,3.6727932075233056,16,1
69906,3955,15.372961513272548,14,1
69916,3956,7.627766959952902,10,1
69926,3957,20.774787713101478,10,1
69936,3958,20.500921302830214,10,1
69948,3959,9.9971662337516,12,1
69960,3960,22.310113553104657,12,1
69970,3961,17.200227208449665,10,1
70010,3962,-20.802972037358703,40,0
70020,3963,22.417871009457606,10,1
70035,3964,16.527633663349853,15,1
70045,3965,16.270361464280796,10,1
70055,3966,23.031145995208497,10,1
70065,3967,70.9873365626773,10,1
70075,3968,20.211770930107935,10,1
70085,3969,23.008602329214817,10,1
70095,3970,18.064259329066626,10,1
70105,3971,21.438352487220627,10,1
70145,3972,-20.910258949071054,40,0
70155,3973,8.12704356757606,10,1
70170,3974,27.265372674382164,15,1
70189,3975,90.37100918792443,19,1
70200,3976,24.14640143465889,11,1
70210,3977,16.848763265847314,10,1
70220,3978,16.62190666009303,10,1
70260,3979,-21.105734602239863,40,0
70271,3980,135.90133801786118,11,1
70294,3981,0.12379378491622556,23,1
70305,3982,8.006440697163303,11,1
70315,3983,132.48253448988365,10,1
70325,3984,31.863455312962778,10,1
70335,3985,12.723364299816433,10,1
70345,3986,25.497972977524427,10,1
70361,3987,10.672934634148856,16,1
70373,3988,17.94747562346985,12,1
70387,3989,-8.791578246325608,14,1
70397,3990,22.947134316598984,10,1
70424,3991,7.8832499215799405,27,1
70434,3992,57.94976764567707,10,1
70444,3993,21.744257406501415,10,1
70455,3994,18.466960507657365,11,1
70465,3995,16.124511885021832,10,1
70483,3996,13.101489719083942,18,1
70493,3997,17.440687885916116,10,1
70503,3998,48.565778559853904,10,1
70518,3999,49.43955169805423,15,1
70528,4000,17.994773160554608,10,1
70538,4001,49.88581843718072,10,1
70551,4002,7.8455519209437945,13,1
70568,4003,27.76197465677896,17,1
70578,4004,26.605107828819943,10,1
70588,4005,12.259233525135595,10,1
70598,4006,26.88968757469208,10,1
70608,4007,14.445692807067156,10,1
70618,4008,50.31707132404818,10,1
70642,4009,13.146496221646617,24,1
70653,4010,9.661973919066297,11,1
70664,4011,1.2471073397392194,11,1
70674,4012,20.20122379930792,10,1
70684,4013,68.6833642969581,10,1
70694,4014,49.7905808043701,10,1
70704,4015,94.61166063885221,10,1
70714,4016,21.093219910308513,10,1
70724,4017,97.98985513286162,10,1
70734,4018,22.916701816478177,10,1
70749,4019,5.914100361691887,15,1
70759,4020,35.33945964614643,10,1
70799,4021,-21.471103025172678,40,0
70839,4022,-21.87819198255103,40,0
70849,4023,34.26761140113325,10,1
70859,4024,19.20912471887957,10,1
70869,4025,24.686251333929967,10,1
70879,4026,7.545973956578533,10,1
70889,4027,138.0912638079536,10,1
70900,4028,19.57172783007247,11,1
70929,4029,15.318453226228337,29,1
70939,4030,21.388685172005957,10,1
70949,4031,33.89548976327719,10,1
70960,4032,32.257093123008126,11,1
70970,4033,46.93601440415472,10,1
70982,4034,52.848230764271705,12,1
70992,4035,28.630630222124346,10,1
71002,4036,38.04312033250844,10,1
71013,4037,22.24734223662068,11,1
71053,4038,-20.88257030409293,40,0
71065,4039,25.23957284765583,12,1
71078,4040,28.13755827457309,13,1
71088,4041,43.59957682058223,10,1
71101,4042,15.797743800575356,13,1
71115,4043,8.803656393494848,14,1
71125,4044,81.3152998530161,10,1
71135,4045,61.65370611207708,10,1
71145,4046,32.88049523800631,10,1
71155,4047,81.47254877871433,10,1
71165,4048,26.897678111185762,10,1
71175,4049,14.478746062285907,10,1
71186,4050,13.436293506620071,11,1
71197,4051,46.100764086962634,11,1
71207,4052,2.69620103727431,10,1
71217,4053,32.3988662392515,10,1
71227,4054,14.88252818158435,10,1
71237,4055,44.54605074316163,10,1
71247,4056,101.68589444603649,10,1
71257,4057,35.79487626194925,10,1
71277,4058,-0.03407772283204291,20,1
71287,4059,39.16737102275663,10,1
71297,4060,51.792457562287225,10,1
71316,4061,35.15532467639857,19,1
71326,4062,79.99646414235235,10,1
71336,4063,40.77029357884875,10,1
71347,4064,21.976104232110696,11,1
71357,4065,83.88283575265072,10,1
71367,4066,28.90739901851508,10,1
71382,4067,66.12202355182632,15,1
71393,4068,11.36508267732813,11,1
71406,4069,96.92106739859004,13,1
71446,4070,-21.163624366181445,40,0
71481,4071,9.15377398299234,35,1
71491,4072,46.04594767671108,10,1
71531,4073,-21.54329547733505,40,0
71541,4074,122.22812281998114,10,1
71551,4075,69.96466041009111,10,1
71561,4076,36.44516051967612,10,1
71571,4077,58.27817312588756,10,1
71582,4078,9.822882343344022,11,1
71592,4079,20.748070517905497,10,1
71602,4080,20.887034988999115,10,1
71613,4081,17.763463088706093,11,1
71623,4082,56.088799337820326,10,1
71633,4083,47.16113376819406,10,1
71644,4084,14.045869403540712,11,1
71654,4085,10.686669760113096,10,1
71664,4086,50.64487903988853,10,1
71674,4087,22.147714948496485,10,1
71685,4088,7.607109103905617,11,1
71695,4089,6.383817121386901,10,1
71709,4090,19.10944354232818,14,1
71749,4091,-21.52825940174946,40,0
71759,4092,36.66508862204404,10,1
71769,4093,13.628440351155199,10,1
71779,4094,28.028193532392937,10,1
71789,4095,69.97510958337098,10,1
71800,4096,19.295189600586376,11,1
71825,4097,-10.317092773559887,25,1
71835,4098,85.93235888965755,10,1
71845,4099,18.383688785954263,10,1
71857,4100,57.25178600688799,12,1
71867,4101,20.54912157854127,10,1
71877,4102,9.265146637825653,10,1
71887,4103,72.98134738673546,10,1
71897,4104,38.80710020519697,10,1
71907,4105,10.008915676373624,10,1
71943,4106,9.330551794697104,36,1
71953,4107,42.69268752013,10,1
71963,4108,131.20153769459276,10,1
71973,4109,22.24969322798226,10,1
72013,4110,-21.541371735936977,40,0
72025,4111,104.2557543358707,12,1
72035,4112,8.609617783317201,10,1
72057,4113,16.965431690414935,22,1
72067,4114,15.733108957765952,10,1
72083,4115,34.220382268770564,16,1
72123,4116,-20.85429284723601,40,0
72133,4117,28.46707951154505,10,1
72143,4118,113.53845567399839,10,1
72153,4119,15.001941677809834,10,1
72163,4120,22.99022519818874,10,1
72177,4121,67.05942601862824,14,1
72201,4122,54.96640020236978,24,1
72214,4123,78.14565234127805,13,1
72224,4124,54.86324835776823,10,1
72250,4125,1.0287763002002788,26,1
72260,4126,17.289091525424745,10,1
72270,4127,11.552344440894895,10,1
72280,4128,13.94294910735656,10,1
72290,4129,21.032831608742967,10,1
72300,4130,15.233106065004296,10,1
72310,4131,11.0609948433417,10,1
72320,4132,18.356980660420028,10,1
72330,4133,40.64749011747153,10,1
72340,4134,29.154742007970246,10,1
72350,4135,35.03538131840034,10,1
72360,4136,22.6782339651354,10,1
72370,4137,18.93260712318185,10,1
72380,4138,43.363229411675455,10,1
72390,4139,19.574747455359987,10,1
72402,4140,21.380135083482987,12,1
72412,4141,15.197635576272102,10,1
72422,4142,37.60922979037301,10,1
72432,4143,19.248825805118468,10,1
72442,4144,10.117361948702607,10,1
72462,4145,-11.69951011874242,20,1
72472,4146,11.506912249944447,10,1
72484,4147,29.489605466227825,12,1
72494,4148,74.12735283889619,10,1
72534,4149,-20.52839275106411,40,0
72544,4150,119.64968760339009,10,1
72554,4151,51.65447292397224,10,1
72564,4152,44.13154515513572,10,1
72574,4153,60.427174964958134,10,1
72584,4154,13.434880495679323,10,1
72606,4155,3.450783568497589,22,1
72620,4156,18.440034075212747,14,1
72634,4157,33.758400280118494,14,1
72646,4158,21.284614645729338,12,1
72656,4159,27.002129693963717,10,1
72666,4160,38.241631512119966,10,1
72676,4161,31.879178181590415,10,1
72686,4162,39.999259769236765,10,1
72696,4163,40.16164222838988,10,1
72706,4164,120.96265712194544,10,1
72718,4165,11.256688967687323,12,1
72728,4166,26.712354019855603,10,1
72744,4167,16.963635590498374,16,1
72754,4168,34.714784724117536,10,1
72765,4169,19.26176803469699,11,1
72776,4170,37.49972120330783,11,1
72786,4171,75.43621978204358,10,1
72796,4172,2.8310854214047767,10,1
72811,4173,15.992170599824794,15,1
72826,4174,80.01286174702726,15,1
72850,4175,-11.61517956894727,24,1
72860,4176,111.04133230990861,10,1
72870,4177,75.83115867551156,10,1
72880,4178,14.62266896288368,10,1
72890,4179,6.964158696238718,10,1
72900,4180,143.51924989242534,10,1
72911,4181,17.376094774363253,11,1
72928,4182,-6.1096642217694415,17,1
72938,4183,88.91577173630175,10,1
72948,4184,14.780143781287048,10,1
72958,4185,19.666535335498878,10,1
72975,4186,20.225360306813386,17,1
72987,4187,14.638055722941676,12,1
72997,4188,1.9332298312503053,10,1
73007,4189,19.93260038707898,10,1
73017,4190,12.81143489838155,10,1
73027,4191,17.918120573777536,10,1
73039,4192,20.277595878443577,12,1
73049,4193,6.520165691966235,10,1
73059,4194,29.302402673644725,10,1
73072,4195,28.28305396319721,13,1
73082,4196,9.40399108362371,10,1
73095,4197,108.9952801535433,13,1
73105,4198,13.42189912773353,10,1
73131,4199,-3.3140547443643227,26,1
73141,4200,12.964644997988005,10,1
73151,4201,117.04220155951961,10,1
73161,4202,47.02314839451751,10,1
73173,4203,19.988818251638424,12,1
73183,4204,19.796057511363212,10,1
73193,4205,37.78866771777969,10,1
73206,4206,-13.114082169551551,13,1
73218,4207,16.123985157651973,12,1
73235,4208,67.76267446338079,17,1
73245,4209,53.22468921483366,10,1
73255,4210,72.39517430480713,10,1
73265,4211,60.456232603981675,10,1
73275,4212,19.775138778253115,10,1
73295,4213,82.40486284667875,20,1
73305,4214,15.55723141160907,10,1
73316,4215,5.521230228102242,11,1
73326,4216,18.708566226880507,10,1
73337,4217,35.848769262766815,11,1
73348,4218,14.75001315012411,11,1
73358,4219,29.74292950488762,10,1
73374,4220,16.230606723629244,16,1
73384,4221,31.34149182049283,10,1
73394,4222,29.137383567910025,10,1
73404,4223,11.87296825944872,10,1
73422,4224,4.819547979440287,18,1
73432,4225,29.980928438342918,10,1
73442,4226,19.195537509951137,10,1
73460,4227,35.05348950253199,18,1
73470,4228,21.00678916904556,10,1
73487,4229,97.80117610138241,17,1
73497,4230,21.194051319662428,10,1
73509,4231,36.62483761286749,12,1
73520,4232,21.650947145807084,11,1
73540,4233,93.25153894412898,20,1
73551,4234,8.946091463281281,11,1
73561,4235,123.08091258997915,10,1
73574,4236,133.1753572085457,13,1
73590,4237,10.79239773825397,16,1
73600,4238,30.804630368535847,10,1
73614,4239,-7.555664919549271,14,1
73624,4240,79.26778583759874,10,1
73636,4241,19.30064440139716,12,1
73658,4242,15.031448667894015,22,1
73668,4243,54.13039841443348,10,1
73708,4244,-20.76923150286733,40,0
73718,4245,15.824875558904287,10,1
73731,4246,40.176644075789184,13,1
73751,4247,20.80826694873335,20,1
73761,4248,64.58093982408664,10,1
73771,4249,18.514304826889376,10,1
73781,4250,51.63994701830417,10,1
73791,4251,45.386770824677704,10,1
73805,4252,39.87339137621315,14,1
73817,4253,8.481835211326196,12,1
73857,4254,-20.489422169933118,40,0
73869,4255,18.74864194730595,12,1
73879,4256,40.23025732247198,10,1
73901,4257,-23.384837830809406,22,1
73911,4258,66.6190295344825,10,1
73921,4259,16.383096973551897,10,1
73961,4260,-20.886037513386178,40,0
73971,4261,112.33916622019868,10,1
73982,4262,25.053576333839082,11,1
73997,4263,17.16069096721558,15,1
74007,4264,31.754605153270276,10,1
74022,4265,50.30273749396581,15,1
74040,4266,16.334353992670486,18,1
74050,4267,17.680679864369655,10,1
74060,4268,17.662577554653954,10,1
74075,4269,15.72652160296762,15,1
74089,4270,15.261478934270805,14,1
74099,4271,11.433415045742123,10,1
74109,4272,76.5815872204583,10,1
74129,4273,11.431851539433685,20,1
74139,4274,26.09795186187551,10,1
74179,4275,-20.72337109181484,40,0
74189,4276,25.13690195844771,10,1
74202,4277,21.601722133028105,13,1
74212,4278,15.901897724022467,10,1
74222,4279,29.14979585603497,10,1
74238,4280,26.65259992202895,16,1
74251,4281,77.94657473181036,13,1
74261,4282,22.53512571302004,10,1
74282,4283,19.64984962223872,21,1
74292,4284,50.452565245910804,10,1
74311,4285,24.863699014689725,19,1
74321,4286,18.77367785093958,10,1
74331,4287,48.276707271109466,10,1
74342,4288,77.9768425387621,11,1
74354,4289,22.14548931197075,12,1
74394,4290,-20.55830301479516,40,0
74406,4291,92.12324717129654,12,1
74436,4292,-17.47863370269381,30,1
74446,4293,53.427792352447625,10,1
74459,4294,81.45419896051378,13,1
74469,4295,21.545515347610838,10,1
74480,4296,26.589117613020008,11,1
74490,4297,81.2356545888515,10,1
74500,4298,13.310006986477546,10,1
74510,4299,33.62130949511793,10,1
74520,4300,18.995807478959357,10,1
74530,4301,87.79013936025663,10,1
74553,4302,14.532071589145765,23,1
74563,4303,27.788514887377115,10,1
74581,4304,3.3546635164404557,18,1
74594,4305,21.365728500985426,13,1
74604,4306,22.049460133113893,10,1
74616,4307,16.250740114310013,12,1
74626,4308,29.370759900765556,10,1
74636,4309,27.961434826443856,10,1
74650,4310,17.169648245349325,14,1
74665,4311,87.4499433520667,15,1
74675,4312,16.293237276100722,10,1
74685,4313,102.3308525069734,10,1
74695,4314,27.76722266229387,10,1
74709,4315,20.547588685315006,14,1
74725,4316,42.678748239589495,16,1
74736,4317,46.73965919336762,11,1
74776,4318,-20.999240339915435,40,0
74793,4319,81.39356631344192,17,1
74803,4320,86.50389983986838,10,1
74819,4321,21.504556844980353,16,1
74834,4322,29.218251577685756,15,1
74848,4323,21.069307973066852,14,1
74861,4324,20.780589011817362,13,1
74901,4325,-21.10267104489281,40,0
74941,4326,-20.92769526946283,40,0
74951,4327,21.03940556201052,10,1
74962,4328,18.312450634347687,11,1
74973,4329,10.326905502957066,11,1
74983,4330,74.14741840461589,10,1
75003,4331,-1.2642281418071097,20,1
75013,4332,16.25099615678216,10,1
75023,4333,26.301452788165165,10,1
75046,4334,114.03825112470413,23,1
75086,4335,-20.964026933974132,40,0
75099,4336,21.645482601915973,13,1
75112,4337,37.614747880884735,13,1
75122,4338,21.80030646084563,10,1
75132,4339,32.04953317771444,10,1
75172,4340,-20.717934065450585,40,0
75182,4341,103.800811040494,10,1
75222,4342,-20.936965601631456,40,0
75234,4343,122.58036152791597,12,1
75274,4344,-20.585381505451632,40,0
75288,4345,116.38905543003506,14,1
75298,4346,14.026376299285674,10,1
75309,4347,16.034727559395783,11,1
75321,4348,32.12944824909368,12,1
75331,4349,62.16035462497385,10,1
75346,4350,11.575991535244224,15,1
75360,4351,31.624941861511818,14,1
75375,4352,116.86890543834511,15,1
75386,4353,16.019798728801298,11,1
75399,4354,28.508385605282246,13,1
75416,4355,-1.3852331730801097,17,1
75456,4356,-21.045184187557354,40,0
75472,4357,22.112219454014806,16,1
75486,4358,11.795047876230074,14,1
75496,4359,21.005557211816694,10,1
75506,4360,32.56317497427502,10,1
75516,4361,59.37226015018687,10,1
75526,4362,29.932864804498507,10,1
75536,4363,79.23043057182795,10,1
75550,4364,24.102524711137374,14,1
75563,4365,52.94344735567108,13,1
75583,4366,97.98912276538675,20,1
75600,4367,15.353366712143545,17,1
75611,4368,20.32649591691118,11,1
75621,4369,93.84242662095993,10,1
75636,4370,11.616789521011482,15,1
75650,4371,15.542366456782304,14,1
75669,4372,27.290312621854564,19,1
75679,4373,92.31897090222108,10,1
75689,4374,59.56886068123137,10,1
75702,4375,14.643214354787698,13,1
75712,4376,24.58962777742125,10,1
75722,4377,16.98290404001831,10,1
75732,4378,14.993522244072583,10,1
75742,4379,22.632824300688835,10,1
75753,4380,33.639600630527326,11,1
75767,4381,72.00051852836472,14,1
75807,4382,-21.000380094317194,40,0
75817,4383,99.7321836013555,10,1
75827,4384,81.09854054475832,10,1
75839,4385,107.35088741994261,12,1
75849,4386,34.20803885430895,10,1
75863,4387,15.354816587002103,14,1
75877,4388,29.456428556093606,14,1
75890,4389,26.11549077463479,13,1
75900,4390,18.85645513233796,10,1
75910,4391,71.89203353497238,10,1
75923,4392,18.94870926240537,13,1
75933,4393,17.502731833556165,10,1
75945,4394,35.40822885177014,12,1
75958,4395,113.30034606527597,13,1
75968,4396,28.025511633275848,10,1
75978,4397,28.404807618635253,10,1
75988,4398,27.623985551520434,10,1
76002,4399,92.26320634222387,14,1
76012,4400,26.10266292793037,10,1
76022,4401,13.37659078842214,10,1
76032,4402,45.948203931526955,10,1
76042,4403,20.88684418875065,10,1
76053,4404,66.58015010352256,11,1
76063,4405,54.33451850645455,10,1
76073,4406,39.73744497952786,10,1
76083,4407,21.28422565134927,10,1
76098,4408,23.215554417567624,15,1
76108,4409,83.29981835210208,10,1
76118,4410,16.185691507222927,10,1
76128,4411,40.12376910082419,10,1
76143,4412,20.796817076413554,15,1
76153,4413,31.54649749208143,10,1
76168,4414,6.441327556087502,15,1
76181,4415,44.188106097077,13,1
76191,4416,87.66283603295976,10,1
76201,4417,54.81707454973502,10,1
76222,4418,15.663346299089973,21,1
76239,4419,45.99565478142791,17,1
76251,4420,29.47012192000212,12,1
76261,4421,70.08840631570294,10,1
76274,4422,28.646334557201104,13,1
76284,4423,85.86355091897566,10,1
76294,4424,39.11375096625216,10,1
76311,4425,21.69825267457725,17,1
76321,4426,114.29433001568532,10,1
76331,4427,35.95282061217452,10,1
76341,4428,17.462760505789674,10,1
76351,4429,42.76244438755095,10,1
76361,4430,49.54341123359083,10,1
76371,4431,32.24952610013936,10,1
76382,4432,38.76881987416535,11,1
76395,4433,19.721587251727176,13,1
76405,4434,19.512408353719785,10,1
76415,4435,14.369764558665295,10,1
76426,4436,37.12665778505742,11,1
76436,4437,51.02170976524895,10,1
76446,4438,17.844226736841772,10,1
76461,4439,28.06191290839966,15,1
76475,4440,12.803386126076878,14,1
76486,4441,12.614584571428225,11,1
76496,4442,30.575990222085576,10,1
76511,4443,52.75246647159355,15,1
76521,4444,35.97123152156885,10,1
76531,4445,29.850292618427453,10,1
76543,4446,73.6520581109602,12,1
76564,4447,29.522755734102812,21,1
76574,4448,49.33331126829404,10,1
76584,4449,15.711119852863476,10,1
76594,4450,100.3502119130709,10,1
76607,4451,76.31943798009503,13,1
76618,4452,15.79903145225248,11,1
76636,4453,42.04866815297142,18,1
76646,4454,102.87035748216059,10,1
76658,4455,37.807067502163825,12,1
76673,4456,30.23091646994011,15,1
76683,4457,16.513794647714757,10,1
76698,4458,15.850956348193945,15,1
76708,4459,67.60113735300104,10,1
76718,4460,86.8801049066303,10,1
76728,4461,17.57060676082033,10,1
76738,4462,56.59430674740592,10,1
76749,4463,81.93456856229224,11,1
76759,4464,21.329042420420798,10,1
76773,4465,55.53791041848127,14,1
76783,4466,23.733603120377612,10,1
76795,4467,38.05831470833932,12,1
76805,4468,39.99934815997444,10,1
76817,4469,18.049138328985055,12,1
76829,4470,18.45881836872437,12,1
76845,4471,14.589398840617939,16,1
76855,4472,15.62816295177084,10,1
76866,4473,55.473416865153105,11,1
76876,4474,17.66046558071389,10,1
76890,4475,41.80105354351923,14,1
76900,4476,77.01385923309611,10,1
76910,4477,27.314282452159787,10,1
76926,4478,58.015928681519306,16,1
76937,4479,17.22845616057377,11,1
76977,4480,-21.20097985921346,40,0
77017,4481,-21.13323382269065,40,0
77027,4482,48.49027649561254,10,1
77045,4483,16.90929462700103,18,1
77055,4484,18.198613380010098,10,1
77070,4485,26.50795146692564,15,1
77087,4486,39.04502017903798,17,1
77099,4487,17.895714395017226,12,1
77109,4488,43.02940810717348,10,1
77120,4489,81.05084487027557,11,1
77130,4490,66.61875126437496,10,1
77150,4491,75.29921457843207,20,1
77160,4492,28.432807220445312,10,1
77170,4493,31.86800878344202,10,1
77180,4494,39.25009741507581,10,1
77190,4495,56.24959316574158,10,1
77207,4496,35.13579579109596,17,1
77218,4497,17.87674182749258,11,1
77236,4498,21.13464379465584,18,1
77246,4499,36.41591292609654,10,1
77261,4500,56.71715114990261,15,1
77271,4501,20.64574177847304,10,1
77281,4502,54.025238416559965,10,1
77321,4503,-20.867090256561657,40,0
77331,4504,15.923148095450353,10,1
77350,4505,137.03658861949398,19,1
77360,4506,65.84496574626941,10,1
77378,4507,26.973878140635172,18,1
77388,4508,51.8198485265426,10,1
77398,4509,21.18314378375549,10,1
77408,4510,22.175604695886243,10,1
77418,4511,104.23708171957819,10,1
77432,4512,21.10782457910727,14,1
77442,4513,44.091946902259075,10,1
77454,4514,76.84404344598457,12,1
77470,4515,15.15937652588398,16,1
77480,4516,20.453234576853866,10,1
77490,4517,119.43379987977335,10,1
77530,4518,-20.63840311031153,40,0
77543,4519,26.454744137878954,13,1
77553,4520,66.29535931090072,10,1
77564,4521,42.597138487519956,11,1
77574,4522,15.806312491708677,10,1
77584,4523,38.95632770792394,10,1
77594,4524,108.42323855260231,10,1
77613,4525,17.656850885971373,19,1
77633,4526,108.44646230554521,20,1
77643,4527,81.223470711734,10,1
77653,4528,135.81795896097577,10,1
77667,4529,94.35852533001436,14,1
77677,4530,31.062736512941544,10,1
77717,4531,-20.61897047180417,40,0
77727,4532,20.85976679426518,10,1
77739,4533,20.17969056512112,12,1
77749,4534,141.65648856688733,10,1
77766,4535,36.03817629205452,17,1
77776,4536,88.45050799132005,10,1
77789,4537,85.02675945394117,13,1
77804,4538,18.604106298876996,15,1
77819,4539,32.59977730823732,15,1
77829,4540,115.10059563902409,10,1
77839,4541,46.59723591123362,10,1
77849,4542,26.947976088415853,10,1
77861,4543,19.449089750162727,12,1
77874,4544,17.301484936236193,13,1
77884,4545,16.3392582478648,10,1
77895,4546,35.37153094143458,11,1
77905,4547,67.60160466833423,10,1
77916,4548,19.21283891452105,11,1
77926,4549,44.63148893769247,10,1
77936,4550,61.39684985392576,10,1
77946,4551,23.977534038957657,10,1
77956,4552,20.514620611230356,10,1
77966,4553,39.210526020865004,10,1
77977,4554,13.343824909918887,11,1
77987,4555,34.07959679169925,10,1
77997,4556,31.712944439040413,10,1
78014,4557,12.565137736898174,17,1
78030,4558,22.07525962397199,16,1
78040,4559,26.511345444422034,10,1
78056,4560,30.18087038573921,16,1
78067,4561,141.28252708692816,11,1
78079,4562,12.145453530067973,12,1
78089,4563,20.288143106084547,10,1
78108,4564,86.41605006996572,19,1
78118,4565,15.971308550542327,10,1
78130,4566,44.45104048826816,12,1
78144,4567,73.94182323104016,14,1
78154,4568,24.142301231137125,10,1
78164,4569,28.25509548348181,10,1
78174,4570,11.658168979360116,10,1
78184,4571,44.53120483596425,10,1
78200,4572,17.349037430285115,16,1
78210,4573,79.25234212019794,10,1
78220,4574,128.62717592931196,10,1
78230,4575,67.24445983133396,10,1
78241,4576,21.756032151501827,11,1
78251,4577,75.44927081158035,10,1
78264,4578,96.7709442848279,13,1
78279,4579,33.16165965993037,15,1
78289,4580,74.1191847966135,10,1
78316,4581,9.099367774800086,27,1
78328,4582,15.37428217034532,12,1
78338,4583,21.653440681136928,10,1
78350,4584,83.52331656034428,12,1
78360,4585,60.079013157037686,10,1
78370,4586,15.922327721008637,10,1
78380,4587,53.5142998922481,10,1
78391,4588,3.4169743565401585,11,1
78417,4589,20.9289200885241,26,1
78427,4590,20.48545060978878,10,1
78441,4591,35.42210266120346,14,1
78451,4592,44.49054572047274,10,1
78467,4593,36.58203547374238,16,1
78477,4594,68.80315992626278,10,1
78491,4595,95.48196319933966,14,1
78504,4596,41.80450817293317,13,1
78514,4597,36.52673257331124,10,1
78524,4598,105.0581034822426,10,1
78534,4599,57.002439453630885,10,1
78544,4600,111.00347757937244,10,1
78555,4601,34.51494843676961,11,1
78568,4602,26.02855162809344,13,1
78588,4603,39.08798147247741,20,1
78599,4604,36.9995825204714,11,1
78609,4605,35.13826252605999,10,1
78649,4606,-20.724128397102863,40,0
78663,4607,34.46773709335091,14,1
78677,4608,17.12429949588732,14,1
78687,4609,121.64058757348191,10,1
78697,4610,86.6062227845472,10,1
78707,4611,101.71020353359255,10,1
78717,4612,39.1248833657579,10,1
78727,4613,80.54339584996599,10,1
78742,4614,7.571109951812968,15,1
78759,4615,11.218717103715182,17,1
78772,4616,17.8048457590318,13,1
78782,4617,15.943976746877755,10,1
78792,4618,24.39578017872815,10,1
78806,4619,20.450620228788576,14,1
78816,4620,52.94920512123108,10,1
78826,4621,118.22809172865479,10,1
78840,4622,20.56975019415922,14,1
78852,4623,142.68780400686612,12,1
78862,4624,13.479000879460289,10,1
78872,4625,119.56125765939096,10,1
78882,4626,42.00381118059619,10,1
78893,4627,49.23984095156184,11,1
78906,4628,34.03436527861307,13,1
78916,4629,31.644930245094034,10,1
78932,4630,15.343450840071112,16,1
78942,4631,59.28099211779989,10,1
78952,4632,11.365380919338264,10,1
78966,4633,20.881938083496298,14,1
78976,4634,26.167630567784258,10,1
78991,4635,90.46331011242302,15,1
79001,4636,130.0938675248725,10,1
79011,4637,13.765604307890726,10,1
79025,4638,58.53978040068789,14,1
79035,4639,44.90088445428491,10,1
79045,4640,112.56708841875752,10,1
79060,4641,134.3742845822172,15,1
79070,4642,43.762459561249926,10,1
79080,4643,21.189554007931033,10,1
79090,4644,57.67606607011769,10,1
79100,4645,17.80236341615466,10,1
79110,4646,122.38719263532982,10,1
79120,4647,28.578098173600885,10,1
79130,4648,21.51795811617431,10,1
79140,4649,21.18109956092678,10,1
79150,4650,39.98932867734846,10,1
79162,4651,28.13603934993806,12,1
79179,4652,108.13258610341562,17,1
79194,4653,117.76952781632336,15,1
79204,4654,46.80713559150997,10,1
79214,4655,24.06563066463525,10,1
79229,4656,16.47423145198837,15,1
79239,4657,12.532437513347688,10,1
79249,4658,86.38534274518602,10,1
79288,4659,-9.502188473168296,39,1
79328,4660,-20.975168332864435,40,0
79341,4661,22.678124015651033,13,1
79353,4662,101.30601962343935,12,1
79371,4663,25.22518042155214,18,1
79381,4664,27.540283925542134,10,1
79398,4665,30.58961560109128,17,1
79409,4666,92.32936985045825,11,1
79419,4667,35.20197733666294,10,1
79434,4668,9.031646943361368,15,1
79448,4669,74.70503856408615,14,1
79464,4670,102.43597659878107,16,1
79474,4671,34.25413998457962,10,1
79488,4672,102.98884433227428,14,1
79498,4673,42.28492826265282,10,1
79508,4674,69.18806511999605,10,1
79520,4675,139.13141238061095,12,1
79560,4676,-20.81459627589088,40,0
79570,4677,15.648611200751105,10,1
79586,4678,8.236174380481588,16,1
79596,4679,19.284054873444443,10,1
79616,4680,43.97253236427461,20,1
79634,4681,83.53183411347031,18,1
79651,4682,36.652050311579536,17,1
79691,4683,-20.94659408863891,40,0
79706,4684,18.711264679945145,15,1
79722,4685,9.547522970181504,16,1
79762,4686,-21.51416621391628,40,0
79780,4687,10.12869633077764,18,1
79795,4688,16.44976609940821,15,1
79805,4689,32.498536292180255,10,1
79817,4690,12.008423846467325,12,1
79830,4691,23.117366009940223,13,1
79852,4692,12.326263457572514,22,1
79862,4693,90.10416938146832,10,1
79873,4694,19.90901257438598,11,1
79913,4695,-20.62571676425602,40,0
79924,4696,13.08438752210111,11,1
79938,4697,8.700735436931351,14,1
79952,4698,38.233427115715635,14,1
79962,4699,47.92849816760208,10,1
79976,4700,40.153587512417836,14,1
79986,4701,19.43964674245702,10,1
80026,4702,-21.385269858882282,40,0
80036,4703,29.37640360626293,10,1
80046,4704,56.090407101768065,10,1
80086,4705,-20.99669708655827,40,0
80096,4706,51.94033662678225,10,1
80106,4707,134.02430147790238,10,1
80116,4708,47.76327325493812,10,1
80126,4709,17.063065923435165,10,1
80136,4710,0.5442457846847976,10,1
80146,4711,110.3573232721833,10,1
80156,4712,24.11276797011018,10,1
80167,4713,64.75721782256798,11,1
80178,4714,19.886785435211614,11,1
80188,4715,21.501245263991777,10,1
80200,4716,39.135690727686274,12,1
80210,4717,19.389072462343233,10,1
80220,4718,29.88900409394967,10,1
80239,4719,26.56232169910978,19,1
80252,4720,19.903159443677946,13,1
80265,4721,85.84370190334613,13,1
80275,4722,28.675778628209176,10,1
80285,4723,140.1440999568727,10,1
80298,4724,17.866480354116117,13,1
80308,4725,29.897118755139157,10,1
80318,4726,68.67794748987887,10,1
80328,4727,36.165291965693946,10,1
80338,4728,93.64100470994433,10,1
80348,4729,27.45329357648527,10,1
80367,4730,12.69978092080072,19,1
80387,4731,-1.4361582164991358,20,1
80397,4732,51.4345460459835,10,1
80407,4733,53.4899205238573,10,1
80419,4734,32.260831329276414,12,1
80429,4735,108.35459533423246,10,1
80443,4736,32.93162494446613,14,1
80453,4737,14.242463425869856,10,1
80463,4738,137.77070734662723,10,1
80474,4739,71.57690514097924,11,1
80484,4740,92.75152133477098,10,1
80497,4741,61.2099075097722,13,1
80507,4742,44.87549873595551,10,1
80517,4743,17.444405528502298,10,1
80527,4744,25.966028942438527,10,1
80542,4745,22.631079415282425,15,1
80552,4746,29.015523397951494,10,1
80565,4747,34.095264311376326,13,1
80582,4748,12.220200436234645,17,1
80593,4749,34.43497096580846,11,1
80609,4750,9.643700255979269,16,1
80620,4751,36.86371180699465,11,1
80630,4752,98.97485077814626,10,1
80644,4753,18.922031282100686,14,1
80654,4754,37.011974306958805,10,1
80664,4755,20.637849805847058,10,1
80674,4756,28.724788697421292,10,1
80684,4757,26.28458931107737,10,1
80694,4758,7.012565228476107,10,1
80704,4759,16.42512838689955,10,1
80714,4760,6.359826777233537,10,1
80728,4761,15.580973386378618,14,1
80738,4762,27.13187386703699,10,1
80748,4763,97.6292544460963,10,1
80768,4764,98.37806711669263,20,1
80789,4765,27.542349030181605,21,1
80802,4766,26.13964828149444,13,1
80815,4767,74.09469465698974,13,1
80825,4768,83.76026056994802,10,1
80838,4769,22.651862473669187,13,1
80848,4770,18.633973540424748,10,1
80859,4771,95.81667474972707,11,1
80870,4772,98.45530573942447,11,1
80880,4773,67.61346553597502,10,1
80890,4774,37.11022935055562,10,1
80902,4775,96.06525851534735,12,1
80942,4776,-20.744818681137666,40,0
80952,4777,101.5065797793259,10,1
80992,4778,-20.977278519388314,40,0
81032,4779,-21.052156061019474,40,0
81072,4780,-20.879697766155402,40,0
81082,4781,29.545289076345465,10,1
81093,4782,43.267428834143715,11,1
81108,4783,18.397021174187007,15,1
81123,4784,14.116356859617868,15,1
81133,4785,12.607230280372603,10,1
81150,4786,31.064275300913863,17,1
81160,4787,23.553535911190426,10,1
81170,4788,14.232686933762208,10,1
81210,4789,-20.807019480003227,40,0
81220,4790,30.742786827545487,10,1
81233,4791,47.57461264111453,13,1
81246,4792,98.33895737217864,13,1
81256,4793,114.36871340100366,10,1
81266,4794,69.81981195689173,10,1
81276,4795,17.1827493963431,10,1
81287,4796,39.83243978808952,11,1
81297,4797,42.13306686996896,10,1
81307,4798,24.543639372264995,10,1
81319,4799,100.18899114048537,12,1
81329,4800,16.827231823330894,10,1
81339,4801,20.514031007703668,10,1
81379,4802,-20.708276330181185,40,0
81389,4803,54.5588332361237,10,1
81399,4804,41.266841887881945,10,1
81409,4805,15.230817482020344,10,1
81419,4806,25.287989201868175,10,1
81433,4807,17.982390190842807,14,1
81455,4808,16.149457528517498,22,1
81475,4809,4.745829185448069,20,1
81486,4810,20.268169483364776,11,1
81500,4811,20.309693659163905,14,1
81512,4812,21.089089973490786,12,1
81530,4813,18.110789109988566,18,1
81540,4814,85.7912393851443,10,1
81558,4815,13.254464865559498,18,1
81598,4816,-20.915286172498757,40,0
81608,4817,20.174015941128616,10,1
81618,4818,21.587662649665646,10,1
81631,4819,10.129211203362669,13,1
81641,4820,95.28578555864756,10,1
81681,4821,-20.747882188058842,40,0
81695,4822,19.254856719931055,14,1
81705,4823,53.38585964502708,10,1
81715,4824,28.318923188421216,10,1
81725,4825,21.453211219255895,10,1
81735,4826,34.660373545508456,10,1
81749,4827,28.43962297665141,14,1
81763,4828,30.834455653070307,14,1
81777,4829,58.65028514862395,14,1
81793,4830,27.82931205627935,16,1
81804,4831,66.19956068084352,11,1
81816,4832,15.355857590301316,12,1
81826,4833,103.85888994980334,10,1
81836,4834,21.064316024378158,10,1
81846,4835,83.63831416188812,10,1
81856,4836,139.353322325567,10,1
81866,4837,19.668961885747176,10,1
81876,4838,26.868279043326076,10,1
81916,4839,-21.051084905208274,40,0
81928,4840,22.536024484824125,12,1
81942,4841,99.43304860848967,14,1
81952,4842,56.164079530999096,10,1
81968,4843,118.89229672536989,16,1
81980,4844,17.719476961921135,12,1
81996,4845,51.55640032010245,16,1
82012,4846,25.230191630096577,16,1
82022,4847,96.66540663268677,10,1
82032,4848,20.522653067555815,10,1
82046,4849,111.84508436698518,14,1
82060,4850,31.259942956975536,14,1
82070,4851,112.43760875807897,10,1
82080,4852,99.36663422713227,10,1
82090,4853,59.23061996491266,10,1
82101,4854,20.470747668972162,11,1
82141,4855,-21.01001500615542,40,0
82151,4856,14.988138419610681,10,1
82161,4857,52.152212203728226,10,1
82201,4858,-20.59838614277731,40,0
82211,4859,29.715179271065452,10,1
82221,4860,16.692959351575887,10,1
82231,4861,50.29686312391235,10,1
82241,4862,27.791950884630737,10,1
82254,4863,16.96423432801029,13,1
82265,4864,88.28566089386732,11,1
82275,4865,98.46847602419513,10,1
82286,4866,140.92383190291096,11,1
82296,4867,11.844573069942102,10,1
82306,4868,68.85512172398457,10,1
82316,4869,36.180053720985406,10,1
82334,4870,137.70551405785523,18,1
82346,4871,35.03762875820188,12,1
82356,4872,50.98408184134052,10,1
82366,4873,122.42498173667944,10,1
82381,4874,92.983687055197,15,1
82391,4875,42.4124661630047,10,1
82410,4876,18.197956133636474,19,1
82420,4877,18.400735247730623,10,1
82444,4878,31.46239291676341,24,1
82457,4879,14.480357954575076,13,1
82468,4880,27.473452584760594,11,1
82478,4881,38.7667495392126,10,1
82488,4882,17.17034201344016,10,1
82528,4883,-20.989896780999963,40,0
82538,4884,37.130863898824416,10,1
82548,4885,90.77977519288164,10,1
82558,4886,90.3081509717888,10,1
82568,4887,52.7949421977537,10,1
82579,4888,43.29253414119821,11,1
82589,4889,61.67674352175851,10,1
82599,4890,121.47092472719753,10,1
82611,4891,90.03428911011225,12,1
82629,4892,96.27199126439508,18,1
82642,4893,52.04497877329517,13,1
82654,4894,43.577940546516814,12,1
82668,4895,29.417113473369024,14,1
82678,4896,78.34481687267397,10,1
82689,4897,20.309789907251673,11,1
82699,4898,22.841639972267508,10,1
82715,4899,44.90612722934415,16,1
82725,4900,41.69812077879701,10,1
82736,4901,18.469546468540145,11,1
82746,4902,113.1031286061286,10,1
82756,4903,25.519142358666763,10,1
82775,4904,28.5478560152173,19,1
82785,4905,17.92334308717024,10,1
82795,4906,21.914121688547915,10,1
82821,4907,-13.404238541051129,26,1
82831,4908,88.48587045940344,10,1
82841,4909,44.009960681524504,10,1
82851,4910,40.35733773744313,10,1
82863,4911,39.93794090021144,12,1
82882,4912,100.22302411488346,19,1
82892,4913,122.73827267573989,10,1
82902,4914,42.51882586111461,10,1
82912,4915,51.616453437302184,10,1
82922,4916,32.724756276436445,10,1
82932,4917,17.80913595751443,10,1
82946,4918,110.19994106019787,14,1
82957,4919,24.38836977191643,11,1
82969,4920,17.668411064683273,12,1
82979,4921,103.43464356661259,10,1
82990,4922,11.158879678719483,11,1
83000,4923,52.25658634625128,10,1
83010,4924,25.713616598743798,10,1
83020,4925,25.064087256688463,10,1
83032,4926,38.97702166367321,12,1
83042,4927,21.651817069244917,10,1
83064,4928,110.58709389001804,22,1
83076,4929,20.668962425570502,12,1
83086,4930,20.12405830981485,10,1
83096,4931,115.50814716496214,10,1
83106,4932,24.508739019347246,10,1
83124,4933,20.911531491425443,18,1
83136,4934,36.333485923710064,12,1
83146,4935,29.576275392206153,10,1
83159,4936,33.196112098611685,13,1
83169,4937,51.02162824970723,10,1
83183,4938,87.95803702714538,14,1
83193,4939,71.75504690492686,10,1
83203,4940,56.04632529094968,10,1
83217,4941,18.14222367548047,14,1
83227,4942,9.736006984403835,10,1
83239,4943,46.51693951941601,12,1
83256,4944,57.95968460043895,17,1
83266,4945,71.09639209502498,10,1
83276,4946,44.82954478220928,10,1
83287,4947,32.63864949935663,11,1
83297,4948,72.05299649082946,10,1
83307,4949,41.23999722625499,10,1
83321,4950,132.8516296900088,14,1
83331,4951,18.188579307408062,10,1
83345,4952,43.46504631328846,14,1
83355,4953,13.702363531587388,10,1
83365,4954,28.55546848573318,10,1
83382,4955,19.368267173176818,17,1
83392,4956,27.924769573673903,10,1
83408,4957,29.142831870042144,16,1
83427,4958,27.71851999368803,19,1
83437,4959,74.32522333991837,10,1
83447,4960,26.151050602501588,10,1
83457,4961,32.84276828320662,10,1
83467,4962,17.476435100986233,10,1
83478,4963,35.56187187558181,11,1
83489,4964,49.64127085197954,11,1
83499,4965,17.535651807708593,10,1
83509,4966,21.31480498735989,10,1
83519,4967,17.00653776399223,10,1
83529,4968,132.8132966030567,10,1
83539,4969,30.91353996246136,10,1
83550,4970,12.425299089209199,11,1
83560,4971,17.850005724637228,10,1
83581,4972,10.44481832645639,21,1
83591,4973,110.82330797887703,10,1
83602,4974,19.451276410370358,11,1
83613,4975,25.667664240643617,11,1
83626,4976,51.903075061242234,13,1
83641,4977,19.784539071852365,15,1
83651,4978,13.1753161969058,10,1
83661,4979,58.01182632150453,10,1
83677,4980,42.41739079734659,16,1
83688,4981,11.57051009754877,11,1
83698,4982,25.248331731968157,10,1
83708,4983,36.95395736049122,10,1
83721,4984,24.204753579640304,13,1
83731,4985,81.30355143049445,10,1
83744,4986,27.265388974276203,13,1
83757,4987,84.3579865660888,13,1
83767,4988,25.383195428023136,10,1
83783,4989,19.439088357886952,16,1
83793,4990,14.571642129396345,10,1
83804,4991,17.226165674786536,11,1
83817,4992,21.274473554797595,13,1
83827,4993,21.14195264452539,10,1
83838,4994,18.96029479090985,11,1
83850,4995,25.55249555291358,12,1
83890,4996,-20.937508201954767,40,0
83900,4997,26.835057428209083,10,1
83910,4998,140.04322804130268,10,1
83920,4999,40.95620598490315,10,1
83934,5000,73.75789059998468,14,1
83944,5001,29.949611693458706,10,1
83955,5002,47.415509673927325,11,1
83966,5003,20.29797428153445,11,1
83976,5004,95.0475410556799,10,1
83986,5005,103.74417492818657,10,1
83996,5006,95.92775187669417,10,1
84006,5007,14.376552847505275,10,1
84020,5008,26.78511204894844,14,1
84030,5009,43.54202958969539,10,1
84042,5010,25.50675484173531,12,1
84052,5011,88.74390562000134,10,1
84062,5012,72.34390884916937,10,1
84078,5013,12.862249670770403,16,1
84088,5014,72.51787899869551,10,1
84103,5015,119.46106914310818,15,1
84118,5016,11.225292361733947,15,1
84128,5017,60.50530402392266,10,1
84142,5018,20.31316339073911,14,1
84152,5019,20.58105551103276,10,1
84162,5020,21.37927460810049,10,1
84172,5021,32.23718686371794,10,1
84182,5022,13.001648215743849,10,1
84192,5023,10.784609398483104,10,1
84210,5024,25.65966692383635,18,1
84231,5025,97.20624573002588,21,1
84241,5026,17.168226602089923,10,1
84251,5027,52.92742787485001,10,1
84261,5028,120.42107469606145,10,1
84272,5029,36.63719510595121,11,1
84290,5030,16.107134198062937,18,1
84301,5031,72.60712581900619,11,1
84311,5032,59.679224931611664,10,1
84321,5033,73.26943725231642,10,1
84335,5034,12.608825302573328,14,1
84345,5035,20.41967043908978,10,1
84359,5036,22.630056237368407,14,1
84379,5037,11.57141758425058,20,1
84389,5038,29.09917396595159,10,1
84399,5039,113.73629040923883,10,1
84409,5040,13.334948618222892,10,1
84421,5041,106.82804405510605,12,1
84435,5042,17.950931021368827,14,1
84445,5043,20.90489116762034,10,1
84464,5044,33.0177646816286,19,1
84480,5045,51.58113830014444,16,1
84491,5046,98.95300924335754,11,1
84509,5047,18.35563450876948,18,1
84520,5048,43.2489273321971,11,1
84540,5049,20.605648204064455,20,1
84550,5050,35.21480906671818,10,1
84560,5051,29.938526299787004,10,1
84570,5052,21.60974168112716,10,1
84580,5053,14.47891228496186,10,1
84602,5054,13.101282219471646,22,1
84612,5055,112.31921447133689,10,1
84631,5056,3.2679087939938576,19,1
84641,5057,57.513619844861914,10,1
84656,5058,61.85696667227622,15,1
84666,5059,102.55162814455443,10,1
84682,5060,28.94379551063529,16,1
84695,5061,17.79009809753156,13,1
84720,5062,14.827926478977643,25,1
84731,5063,59.76045459050471,11,1
84748,5064,53.61868378294335,17,1
84762,5065,30.154243216205668,14,1
84772,5066,64.31793085203897,10,1
84784,5067,19.81496778391028,12,1
84795,5068,30.250199491626855,11,1
84835,5069,-20.66568332516935,40,0
84861,5070,40.03657540498937,26,1
84873,5071,34.201805221423704,12,1
84913,5072,-20.8676395992816,40,0
84923,5073,131.81203621249202,10,1
84963,5074,-21.52592902500947,40,0
84973,5075,135.33230692661206,10,1
84983,5076,17.095091162664836,10,1
84993,5077,24.127157347991805,10,1
85003,5078,118.98495279774552,10,1
85013,5079,91.72646915885666,10,1
85025,5080,18.224233635465094,12,1
85036,5081,20.853025709131174,11,1
85071,5082,3.322819248804796,35,1
85081,5083,14.438551673763838,10,1
85095,5084,51.47246607930144,14,1
85114,5085,70.07391470107645,19,1
85132,5086,38.64199091764558,18,1
85147,5087,17.721803648511433,15,1
85157,5088,66.50747738366508,10,1
85168,5089,22.136336726636028,11,1
85201,5090,8.820010118869618,33,1
85227,5091,17.05403007859928,26,1
85237,5092,80.97665991104618,10,1
85248,5093,26.29352939523666,11,1
85258,5094,115.00257204506457,10,1
85268,5095,52.876965638389066,10,1
85278,5096,34.252077443098386,10,1
85288,5097,37.56784794531401,10,1
85328,5098,-21.417189954977697,40,0
85338,5099,139.60973432421088,10,1
85351,5100,14.615715153280478,13,1
85383,5101,11.640493841829542,32,1
85393,5102,25.276476609697568,10,1
85403,5103,101.45684180162763,10,1
85413,5104,44.3036311018776,10,1
85431,5105,22.65307256206515,18,1
85441,5106,122.03231327683218,10,1
85451,5107,30.24496604944627,10,1
85464,5108,81.48629121268522,13,1
85475,5109,31.700231667217942,11,1
85487,5110,67.66281512076306,12,1
85512,5111,12.0372605170432,25,1
85527,5112,75.22175014132837,15,1
85537,5113,46.86928200699508,10,1
85547,5114,19.206373742230053,10,1
85557,5115,24.929830981054547,10,1
85567,5116,40.15633234738814,10,1
85583,5117,16.880079320229207,16,1
85597,5118,89.27596103164277,14,1
85607,5119,125.93148220729297,10,1
85617,5120,31.59385888967012,10,1
85627,5121,140.71353079805473,10,1
85639,5122,41.84709214562708,12,1
85656,5123,14.153324830429883,17,1
85666,5124,70.94878903481192,10,1
85678,5125,80.21780316184463,12,1
85698,5126,82.49648947387736,20,1
85712,5127,79.24671271281686,14,1
85747,5128,-0.5881159927860276,35,1
85757,5129,47.795088521558604,10,1
85767,5130,38.85346762083913,10,1
85780,5131,34.81647863712842,13,1
85820,5132,-21.400210721781445,40,0
85833,5133,37.33383292546364,13,1
85844,5134,112.4336139531752,11,1
85863,5135,19.131819439253466,19,1
85877,5136,54.357159634434424,14,1
85914,5137,7.890567096032045,37,1
85926,5138,30.839637268695235,12,1
85936,5139,45.386705968666895,10,1
85949,5140,99.28559548533309,13,1
85959,5141,136.04134983583523,10,1
85983,5142,26.993826939200133,24,1
85994,5143,38.19571060946096,11,1
86006,5144,27.666123597136274,12,1
86016,5145,85.69702258880835,10,1
86026,5146,45.07380743479692,10,1
86036,5147,44.74034174870106,10,1
86051,5148,21.64426883891488,15,1
86061,5149,140.02226436947808,10,1
86074,5150,20.647458250031615,13,1
86084,5151,26.51386250443441,10,1
86095,5152,23.686271831060456,11,1
86105,5153,49.129500871050105,10,1
86115,5154,2.0772798384802367,10,1
86126,5155,20.869612011398846,11,1
86136,5156,12.120890112547084,10,1
86146,5157,20.482661055338205,10,1
86156,5158,26.06710239789246,10,1
86172,5159,-11.446914285986455,16,1
86188,5160,24.778942181777296,16,1
86198,5161,20.452619235689685,10,1
86210,5162,20.511176636102967,12,1
86226,5163,30.011475396959877,16,1
86236,5164,18.515815110597572,10,1
86276,5165,-20.573907286638985,40,0
86286,5166,18.773835173764013,10,1
86296,5167,74.66889496004663,10,1
86311,5168,16.586875271097416,15,1
86321,5169,47.8940237968318,10,1
86331,5170,38.094546641174524,10,1
86341,5171,37.42304857950181,10,1
86351,5172,20.741988655952696,10,1
86374,5173,38.23458691664645,23,1
86384,5174,53.11303369888078,10,1
86394,5175,100.94266748240317,10,1
86406,5176,30.056632797065422,12,1
86416,5177,89.70894462938139,10,1
86430,5178,9.451270594274169,14,1
86440,5179,18.86147924860291,10,1
86452,5180,50.21186970642546,12,1
86462,5181,28.27768419612324,10,1
86476,5182,31.240799067629553,14,1
86488,5183,17.217497542778133,12,1
86501,5184,18.65303399160568,13,1
86511,5185,21.68870705645099,10,1
86521,5186,47.87581906678884,10,1
86531,5187,30.90145370830893,10,1
86548,5188,50.26531311827133,17,1
86558,5189,118.90400939021468,10,1
86572,5190,39.09732000059162,14,1
86582,5191,23.616962693937747,10,1
86594,5192,39.78822695429834,12,1
86604,5193,17.10862719208492,10,1
86616,5194,43.01524768908276,12,1
86626,5195,87.70170540717945,10,1
86638,5196,44.48687289318913,12,1
86648,5197,29.77075250574158,10,1
86658,5198,49.51472419855194,10,1
86671,5199,21.111959154637486,13,1
86684,5200,21.660283941169233,13,1
86694,5201,17.247522979955768,10,1
86704,5202,37.563935847388535,10,1
86714,5203,18.024095753869307,10,1
86727,5204,68.61440350831487,13,1
86737,5205,11.662367815951146,10,1
86747,5206,26.699947398075867,10,1
86757,5207,15.443596582384323,10,1
86767,5208,21.538947000802278,10,1
86777,5209,18.265813377928744,10,1
86787,5210,90.37438978615745,10,1
86797,5211,8.02335493627342,10,1
86807,5212,18.497717470446577,10,1
86817,5213,31.111083504098183,10,1
86827,5214,35.92892865152504,10,1
86838,5215,29.31115855842992,11,1
86854,5216,14.468221171254696,16,1
86864,5217,22.46314865752283,10,1
86877,5218,28.32965860575126,13,1
86887,5219,36.41343144721802,10,1
86897,5220,29.033405603075092,10,1
86907,5221,27.630988743369016,10,1
86922,5222,17.61165799105747,15,1
86935,5223,13.9612282971796,13,1
86945,5224,90.35890079136206,10,1
86955,5225,24.479658197543422,10,1
86971,5226,26.52166485265389,16,1
86981,5227,25.400760863316467,10,1
86992,5228,27.7090335982533,11,1
87007,5229,15.755687885813266,15,1
87017,5230,20.88975752098343,10,1
87027,5231,11.427781258860282,10,1
87037,5232,27.02369081917235,10,1
87047,5233,32.92931040523941,10,1
87059,5234,25.29412189422343,12,1
87069,5235,19.308940512196948,10,1
87079,5236,138.84171776182902,10,1
87089,5237,91.71989677767527,10,1
87099,5238,46.912045184553534,10,1
87112,5239,25.069980649673315,13,1
87122,5240,14.697915374067541,10,1
87132,5241,27.934145128298127,10,1
87142,5242,26.675378427774525,10,1
87155,5243,39.60642647442308,13,1
87165,5244,52.2575581818822,10,1
87179,5245,17.620498537728192,14,1
87191,5246,30.568758359415472,12,1
87201,5247,30.922663123755648,10,1
87211,5248,19.031579358902693,10,1
87227,5249,11.940311353798029,16,1
87239,5250,22.88801427541913,12,1
87254,5251,124.62136371027404,15,1
87264,5252,54.355832741792106,10,1
87275,5253,22.502165125588792,11,1
87285,5254,15.691924012005526,10,1
87295,5255,18.282163696546096,10,1
87307,5256,93.87838755031478,12,1
87317,5257,21.46064578644718,10,1
87327,5258,84.28120456152932,10,1
87337,5259,19.22867335820168,10,1
87350,5260,22.286836261509507,13,1
87365,5261,20.52002488250661,15,1
87375,5262,11.200296941469414,10,1
87390,5263,18.60550703789861,15,1
87401,5264,61.85407929531523,11,1
87412,5265,37.05569258650001,11,1
87422,5266,25.602040184236817,10,1
87462,5267,-21.521899178450987,40,0
87473,5268,46.265178217351206,11,1
87493,5269,8.295483043259399,20,1
87517,5270,13.338540829149384,24,1
87530,5271,133.56976642124957,13,1
87540,5272,29.305860429928956,10,1
87553,5273,39.8078630100811,13,1
87563,5274,41.01557070162437,10,1
87573,5275,22.029596836603716,10,1
87589,5276,79.61889247186932,16,1
87599,5277,45.531524664353554,10,1
87609,5278,49.42397265740033,10,1
87620,5279,25.77229697566059,11,1
87632,5280,131.49687558490305,12,1
87646,5281,41.022363519659564,14,1
87660,5282,13.275920427463426,14,1
87676,5283,13.85295743622333,16,1
87686,5284,34.8232838479623,10,1
87696,5285,100.30337024403595,10,1
87706,5286,15.868591791086798,10,1
87716,5287,30.105387005700727,10,1
87726,5288,101.52362557797005,10,1
87736,5289,86.28073344188032,10,1
87746,5290,19.098263210131165,10,1
87756,5291,11.060677729881833,10,1
87766,5292,108.30146986661923,10,1
87776,5293,46.82756727638698,10,1
87816,5294,-20.995624691354084,40,0
87827,5295,29.49273380088364,11,1
87841,5296,25.887734261918293,14,1
87854,5297,20.861205376193908,13,1
87869,5298,56.500233007746026,15,1
87882,5299,66.98269683887347,13,1
87892,5300,135.8459661584197,10,1
87903,5301,28.162142394570278,11,1
87913,5302,40.87543156476998,10,1
87928,5303,124.66039009815866,15,1
87939,5304,17.62626249969844,11,1
87952,5305,29.688316896310834,13,1
87962,5306,30.70893199049697,10,1
87974,5307,18.993371206780555,12,1
87984,5308,45.79825431139696,10,1
87994,5309,42.17938984001222,10,1
88004,5310,33.26435190580464,10,1
88044,5311,-20.9347585951018,40,0
88054,5312,20.321996890829013,10,1
88064,5313,100.35492425013314,10,1
88078,5314,78.85911352414267,14,1
88097,5315,40.38833941998416,19,1
88108,5316,91.50482893418375,11,1
88118,5317,53.980444231740826,10,1
88129,5318,133.61331104440285,11,1
88139,5319,16.063889255966135,10,1
88149,5320,30.208384479587963,10,1
88159,5321,32.730453484363785,10,1
88169,5322,16.357981506574674,10,1
88181,5323,16.187677214898386,12,1
88191,5324,29.4372705816584,10,1
88203,5325,29.319797835251357,12,1
88213,5326,22.183079381729968,10,1
88223,5327,34.48488844277472,10,1
88233,5328,35.13797681378837,10,1
88243,5329,104.35757530850336,10,1
88254,5330,40.3187428979891,11,1
88264,5331,39.53633709765358,10,1
88274,5332,48.7169612608764,10,1
88284,5333,62.083606415024214,10,1
88294,5334,21.67716774520185,10,1
88309,5335,35.684150008149274,15,1
88319,5336,49.76593831900924,10,1
88329,5337,49.059054920729,10,1
88341,5338,26.104449923760857,12,1
88351,5339,140.26377851438528,10,1
88361,5340,25.846509705300647,10,1
88372,5341,21.472600290129012,11,1
88385,5342,27.9901064280934,13,1
88425,5343,-20.40192933209534,40,0
88435,5344,21.001914595750797,10,1
88445,5345,17.37752016958337,10,1
88457,5346,30.619551168357617,12,1
88467,5347,35.826710019424084,10,1
88477,5348,112.33547226836423,10,1
88491,5349,77.595823080702,14,1
88501,5350,17.50861323782538,10,1
88511,5351,110.79697889983423,10,1
88521,5352,136.94606705604926,10,1
88531,5353,29.331894195535863,10,1
88541,5354,100.04449094282597,10,1
88551,5355,20.33474263323551,10,1
88561,5356,20.622777812441278,10,1
88571,5357,12.577574997548735,10,1
88582,5358,35.602483515751445,11,1
88592,5359,38.75654114941131,10,1
88604,5360,123.62790327249267,12,1
88616,5361,110.45721481956458,12,1
88626,5362,27.226403657394226,10,1
88641,5363,9.140338089443883,15,1
88651,5364,111.31435414917841,10,1
88662,5365,16.22644724671965,11,1
88675,5366,28.320435455432204,13,1
88685,5367,46.259332696661644,10,1
88695,5368,43.8863041746469,10,1
88707,5369,32.104758607756146,12,1
88717,5370,21.041826297231605,10,1
88728,5371,33.66135808624085,11,1
88741,5372,39.67229087954693,13,1
88751,5373,79.82640316355739,10,1
88769,5374,52.13830020993587,18,1
88783,5375,32.86812906709492,14,1
88793,5376,79.597228920945,10,1
88803,5377,33.95200920022088,10,1
88813,5378,116.28169047280353,10,1
88823,5379,61.968073312213896,10,1
88833,5380,50.00951951594017,10,1
88843,5381,57.115868919208104,10,1
88854,5382,21.39277388232646,11,1
88864,5383,24.65029106602461,10,1
88876,5384,29.933885550030638,12,1
88886,5385,71.98885322822552,10,1
88896,5386,70.00774305614985,10,1
88908,5387,117.89326034841612,12,1
88918,5388,83.99323736831732,10,1
88929,5389,56.53526508161158,11,1
88969,5390,-21.01995732191303,40,0
88979,5391,96.50767561648514,10,1
88989,5392,102.77772125805693,10,1
89000,5393,23.06512002195055,11,1
89010,5394,9.487973075537653,10,1
89020,5395,18.26341828499146,10,1
89030,5396,24.44262172674935,10,1
89040,5397,38.14282786599139,10,1
89050,5398,65.9928415847941,10,1
89061,5399,18.249983119981877,11,1
89072,5400,17.384646326507248,11,1
89082,5401,140.7580582065077,10,1
89092,5402,57.78009885518569,10,1
89102,5403,39.347526561420906,10,1
89114,5404,144.26364733958226,12,1
89126,5405,51.622042856035996,12,1
89136,5406,41.15736727636222,10,1
89148,5407,16.29675675396246,12,1
89160,5408,136.69295598158777,12,1
89170,5409,47.99589663341221,10,1
89180,5410,48.2335846626029,10,1
89190,5411,76.48589810973905,10,1
89200,5412,73.56127112031575,10,1
89240,5413,-20.986818004271587,40,0
89252,5414,83.19711158511927,12,1
89262,5415,41.78709200473618,10,1
89272,5416,55.653681021387676,10,1
89282,5417,53.12178296271587,10,1
89292,5418,53.66667167429372,10,1
89302,5419,28.177304417488518,10,1
89312,5420,28.605992909169473,10,1
89322,5421,59.311422272487334,10,1
89332,5422,27.7197646260993,10,1
89342,5423,21.409802663412943,10,1
89353,5424,21.008702884279412,11,1
89363,5425,80.66451205286837,10,1
89373,5426,34.38894324055125,10,1
89383,5427,120.8683659304642,10,1
89393,5428,124.00060293419213,10,1
89403,5429,38.60718063933957,10,1
89413,5430,22.778242069479706,10,1
89432,5431,55.947414545218905,19,1
89443,5432,35.42591831470347,11,1
89453,5433,70.39806604668651,10,1
89463,5434,18.024514589846596,10,1
89473,5435,62.32638892451208,10,1
89483,5436,30.129556627756102,10,1
89493,5437,107.77808974749139,10,1
89505,5438,76.191174982661,12,1
89515,5439,33.34468684447724,10,1
89530,5440,29.064195216652863,15,1
89541,5441,61.892611449922256,11,1
89554,5442,1.4318158574126325,13,1
89564,5443,10.048884657621628,10,1
89574,5444,42.051007411802935,10,1
89584,5445,19.88886269833914,10,1
89594,5446,108.6782726796264,10,1
89604,5447,117.48694368705917,10,1
89614,5448,27.123567284791907,10,1
89628,5449,50.8531747869104,14,1
89640,5450,27.281415155040197,12,1
89650,5451,25.42792963944232,10,1
89680,5452,16.2594529541997,30,1
89690,5453,31.27680104269343,10,1
89700,5454,24.583056063959074,10,1
89710,5455,54.71901237425747,10,1
89720,5456,49.39945469305885,10,1
89730,5457,15.898335886996259,10,1
89741,5458,51.26362290046158,11,1
89751,5459,30.21026808616791,10,1
89761,5460,114.4992703330533,10,1
89771,5461,72.02641592288343,10,1
89783,5462,55.98274585056726,12,1
89793,5463,47.7936661465524,10,1
89803,5464,113.65093401314724,10,1
89815,5465,15.744225831936058,12,1
89828,5466,20.819914188745255,13,1
89838,5467,35.86642647993109,10,1
89849,5468,26.08654697000019,11,1
89859,5469,30.631541523817685,10,1
89869,5470,51.11588956810395,10,1
89881,5471,42.5007997167072,12,1
89892,5472,103.34230837732242,11,1
89902,5473,25.85171280181796,10,1
89912,5474,130.78892850074908,10,1
89922,5475,33.76610858225759,10,1
89932,5476,32.64330427402425,10,1
89942,5477,42.35502121777818,10,1
89952,5478,25.784110149338137,10,1
89962,5479,35.7162127840917,10,1
89972,5480,55.70938328059646,10,1
89982,5481,45.45538905142754,10,1
89992,5482,33.63388676912307,10,1
90006,5483,10.644298869697415,14,1
90016,5484,15.824166221147092,10,1
90026,5485,133.70780307640138,10,1
90066,5486,-20.551185577953717,40,0
90076,5487,26.28856954905366,10,1
90086,5488,36.58226492575729,10,1
90096,5489,18.756476830485877,10,1
90106,5490,37.11305235525891,10,1
90116,5491,18.080128830245112,10,1
90126,5492,25.332149946129796,10,1
90137,5493,47.56715235769323,11,1
90147,5494,16.283173945917174,10,1
90160,5495,38.129416450829865,13,1
90170,5496,77.42573352438437,10,1
90186,5497,46.35323545547605,16,1
90196,5498,33.89505222587523,10,1
90211,5499,25.357403913773695,15,1
90221,5500,27.68764571444174,10,1
90231,5501,38.24102161101527,10,1
90241,5502,53.8424281842039,10,1
90261,5503,38.14263347065089,20,1
90271,5504,55.178884092987694,10,1
90282,5505,80.03457735231599,11,1
90295,5506,68.34993746105494,13,1
90305,5507,27.74342528831852,10,1
90315,5508,60.01348780757988,10,1
90343,5509,18.021441186823772,28,1
90355,5510,48.21843050646586,12,1
90365,5511,20.014354091168915,10,1
90375,5512,79.05797194728962,10,1
90385,5513,16.33426307494717,10,1
90395,5514,35.33109037462523,10,1
90407,5515,29.237693877614657,12,1
90417,5516,80.58137873866535,10,1
90427,5517,16.901326078067342,10,1
90437,5518,21.365296500934154,10,1
90447,5519,32.40201625065021,10,1
90457,5520,22.212900851972755,10,1
90470,5521,108.9547174665976,13,1
90480,5522,115.29226720420584,10,1
90495,5523,26.6746025642629,15,1
90508,5524,21.963531258510436,13,1
90518,5525,26.120306233277386,10,1
90528,5526,32.76690228696113,10,1
90538,5527,108.60580477133786,10,1
90551,5528,98.09986827682896,13,1
90561,5529,14.60433096486371,10,1
90571,5530,39.67480183394934,10,1
90581,5531,43.93391277706809,10,1
90591,5532,16.16789091319223,10,1
90606,5533,79.90923983191347,15,1
90616,5534,45.58036075894016,10,1
90656,5535,-21.433977507879625,40,0
90666,5536,28.666452544522702,10,1
90677,5537,21.533019862172484,11,1
90690,5538,51.05044405065556,13,1
90702,5539,55.446182170676714,12,1
90712,5540,54.49147415624307,10,1
90722,5541,52.738830059986086,10,1
90733,5542,42.936389410590415,11,1
90743,5543,40.27426069206461,10,1
90753,5544,37.18733353630044,10,1
90763,5545,21.173471410545382,10,1
90774,5546,16.428147147063893,11,1
90784,5547,58.859647927561596,10,1
90794,5548,32.60234464803977,10,1
90805,5549,34.69453456277247,11,1
90815,5550,137.55924123393453,10,1
90825,5551,29.835084214297215,10,1
90835,5552,24.872296026038306,10,1
90845,5553,33.45081032298654,10,1
90855,5554,30.218722007297917,10,1
90866,5555,85.90819843127677,11,1
90876,5556,115.08235441984682,10,1
90886,5557,95.97477761053314,10,1
90896,5558,47.2281913593508,10,1
90906,5559,24.884890415532684,10,1
90916,5560,106.30890187153612,10,1
90928,5561,37.43125825908215,12,1
90938,5562,34.292863195779546,10,1
90948,5563,116.68286429155977,10,1
90958,5564,42.09882049434218,10,1
90968,5565,27.636437485954943,10,1
91008,5566,-21.401120668408684,40,0
91019,5567,11.866838000843202,11,1
91029,5568,48.41895046744861,10,1
91039,5569,77.97676270110202,10,1
91049,5570,15.197777289098415,10,1
91059,5571,85.309677145216,10,1
91069,5572,43.511107731368874,10,1
91079,5573,83.42452393088836,10,1
91089,5574,8.181705231891346,10,1
91102,5575,42.57255662025221,13,1
91112,5576,110.03976927206796,10,1
91122,5577,83.62911442208853,10,1
91132,5578,57.0815152873165,10,1
91145,5579,53.02035836841905,13,1
91157,5580,15.41995079497107,12,1
91167,5581,107.72783906183533,10,1
91177,5582,27.925290060654895,10,1
91187,5583,51.145823104352516,10,1
91199,5584,62.275043579985386,12,1
91209,5585,123.38633953075818,10,1
91219,5586,36.84310037019885,10,1
91229,5587,32.756330064648886,10,1
91241,5588,101.35639581534336,12,1
91251,5589,29.775104927067424,10,1
91261,5590,21.626036136864318,10,1
91271,5591,36.389669791236834,10,1
91282,5592,37.847619422626664,11,1
91304,5593,87.59445346936808,22,1
91316,5594,36.10474499833143,12,1
91327,5595,16.060231858203533,11,1
91341,5596,20.607338449209212,14,1
91351,5597,10.50092996377946,10,1
91361,5598,70.05760301753976,10,1
91372,5599,27.98456867185945,11,1
91382,5600,34.58651617978167,10,1
91392,5601,12.466206424216224,10,1
91402,5602,99.49107415909995,10,1
91413,5603,99.70747347678359,11,1
91423,5604,106.26462192965691,10,1
91433,5605,16.015423452528523,10,1
91448,5606,48.555645974491924,15,1
91458,5607,102.54658602790461,10,1
91468,5608,36.356190023706034,10,1
91478,5609,83.15384774504847,10,1
91488,5610,13.825663686522972,10,1
91498,5611,18.6606517112869,10,1
91508,5612,40.76219582665489,10,1
91518,5613,20.24955236449459,10,1
91529,5614,34.288811540620884,11,1
91541,5615,25.98471483103332,12,1
91551,5616,10.022345817468965,10,1
91562,5617,8.804401189359211,11,1
91572,5618,18.739843702973523,10,1
91586,5619,19.87547425062136,14,1
91596,5620,48.71587496217951,10,1
91608,5621,39.500995689625825,12,1
91618,5622,123.77856235254946,10,1
91628,5623,38.263285476098304,10,1
91638,5624,45.571243702687994,10,1
91648,5625,12.69464857756675,10,1
91658,5626,114.67971755558246,10,1
91668,5627,12.657016595825322,10,1
91678,5628,109.75581017045842,10,1
91693,5629,75.46596842667394,15,1
91704,5630,51.27290666473113,11,1
91714,5631,32.86025440761004,10,1
91728,5632,9.984172304060435,14,1
91738,5633,34.944651583849826,10,1
91748,5634,17.702932345877365,10,1
91761,5635,16.293567772463526,13,1
91771,5636,21.807166167997366,10,1
91784,5637,26.040310257062693,13,1
91798,5638,83.12379082401644,14,1
91808,5639,59.668386028848445,10,1
91818,5640,21.131810627700546,10,1
91828,5641,26.43313836324299,10,1
91838,5642,21.022291383195142,10,1
91848,5643,11.21305998660646,10,1
91859,5644,66.96420624860079,11,1
91870,5645,108.3526693153636,11,1
91880,5646,38.16858857726575,10,1
91901,5647,38.03529251797821,21,1
91912,5648,32.930332676318294,11,1
91922,5649,22.011020802182454,10,1
91936,5650,47.2466446288212,14,1
91954,5651,36.54327603027258,18,1
91964,5652,18.176831995881276,10,1
91974,5653,50.015911168578675,10,1
91984,5654,14.717641660186477,10,1
91994,5655,24.990145701819944,10,1
92006,5656,20.19539985416255,12,1
92018,5657,26.617551746991975,12,1
92058,5658,-21.565425665180427,40,0
92068,5659,40.961768220526686,10,1
92078,5660,29.405768712202942,10,1
92088,5661,25.866294719290014,10,1
92126,5662,10.31465954027585,38,1
92136,5663,61.81966364621918,10,1
92146,5664,54.80800827425951,10,1
92159,5665,39.67260844526303,13,1
92169,5666,19.693605328500617,10,1
92180,5667,21.07371961203449,11,1
92190,5668,83.26612429945429,10,1
92200,5669,115.44666729999041,10,1
92210,5670,47.832793218192165,10,1
92221,5671,132.9403008465944,11,1
92232,5672,40.90359588047648,11,1
92272,5673,-21.49115233706619,40,0
92283,5674,12.816952850747299,11,1
92296,5675,33.14689600256065,13,1
92306,5676,115.20031585342713,10,1
92316,5677,99.32980700929973,10,1
92326,5678,80.29172403239855,10,1
92339,5679,34.21103252564248,13,1
92352,5680,95.41062700128514,13,1
92362,5681,20.08000941460268,10,1
92377,5682,114.15677927832577,15,1
92387,5683,72.20328761357989,10,1
92397,5684,141.909930994358,10,1
92437,5685,-21.262541960308422,40,0
92447,5686,51.03549982218205,10,1
92457,5687,101.64237359319306,10,1
92467,5688,41.936189449016325,10,1
92479,5689,59.6822574274748,12,1
92495,5690,82.26493544196977,16,1
92535,5691,-21.287554820614265,40,0
92545,5692,98.17848813256087,10,1
92559,5693,18.99115833687851,14,1
92572,5694,16.21723216347706,13,1
92582,5695,34.841808966121185,10,1
92598,5696,62.32053136420096,16,1
92610,5697,101.42167450491972,12,1
92620,5698,27.749679287234677,10,1
92630,5699,33.762512447024804,10,1
92640,5700,26.672789069892797,10,1
92650,5701,79.59500406840694,10,1
92660,5702,32.15197430130916,10,1
92671,5703,37.87069747072228,11,1
92683,5704,34.29590928133656,12,1
92693,5705,20.576457722471886,10,1
92703,5706,36.14943633186076,10,1
92713,5707,21.047478937625183,10,1
92724,5708,30.102228604476174,11,1
92736,5709,18.43981196092659,12,1
92748,5710,32.775024974400615,12,1
92758,5711,92.12350344775729,10,1
92772,5712,36.41459244934356,14,1
92788,5713,88.02553959008186,16,1
92798,5714,30.80185718378794,10,1
92814,5715,22.14766115663744,16,1
92854,5716,-21.286560716951083,40,0
92866,5717,91.79862225434925,12,1
92876,5718,46.681350925850154,10,1
92886,5719,53.384868559655516,10,1
92896,5720,65.0671045712412,10,1
92906,5721,43.030084155063015,10,1
92916,5722,21.900110991015854,10,1
92932,5723,98.8070791053334,16,1
92942,5724,50.698115477715085,10,1
92952,5725,44.725648161649865,10,1
92964,5726,36.61811621931195,12,1
92974,5727,72.25492902351365,10,1
92985,5728,109.01209155897136,11,1
92997,5729,18.700755079034263,12,1
93007,5730,31.04399515602878,10,1
93017,5731,31.16580978502423,10,1
93027,5732,30.9343750191045,10,1
93043,5733,54.32871271626312,16,1
93056,5734,25.283794191461077,13,1
93066,5735,20.613422955606303,10,1
93076,5736,134.09924400854615,10,1
93086,5737,21.618210447833032,10,1
93096,5738,73.80800664279255,10,1
93106,5739,108.93193035716978,10,1
93116,5740,25.32175650517764,10,1
93126,5741,113.67725273794248,10,1
93139,5742,40.839380462953194,13,1
93152,5743,87.748510710221,13,1
93162,5744,31.44433176129234,10,1
93177,5745,18.621469594271694,15,1
93187,5746,132.05913479964542,10,1
93197,5747,74.86802284011551,10,1
93207,5748,42.990261006395464,10,1
93217,5749,115.3926305490039,10,1
93229,5750,29.786498400319662,12,1
93239,5751,25.930905309624052,10,1
93249,5752,60.93998324317891,10,1
93259,5753,87.58224887070526,10,1
93270,5754,41.16298525453383,11,1
93280,5755,82.64760668704992,10,1
93290,5756,36.23804363502739,10,1
93300,5757,102.24284140329709,10,1
93340,5758,-21.026737074159453,40,0
93353,5759,18.155425438733342,13,1
93363,5760,103.22454254995108,10,1
93373,5761,130.28302625882915,10,1
93384,5762,49.38190358225002,11,1
93400,5763,27.150701936355574,16,1
93410,5764,21.920594978817945,10,1
93421,5765,57.83979401814035,11,1
93461,5766,-21.225940757506116,40,0
93471,5767,102.7327763526094,10,1
93488,5768,27.96830756929028,17,1
93508,5769,116.74185807979462,20,1
93519,5770,21.457888018726674,11,1
93530,5771,110.56784146031633,11,1
93540,5772,134.89848908380176,10,1
93550,5773,104.946659147481,10,1
93563,5774,61.36236754788545,13,1
93573,5775,44.19392310404739,10,1
93583,5776,25.43288742226169,10,1
93596,5777,22.541976344926592,13,1
93636,5778,20.115863164697203,40,1
93647,5779,26.52298942239148,11,1
93660,5780,133.55977572460196,13,1
93670,5781,21.779117929150594,10,1
93682,5782,43.200877655478976,12,1
93698,5783,31.8142560925247,16,1
93710,5784,22.034554292843765,12,1
93720,5785,15.04951696140266,10,1
93730,5786,58.22655405475624,10,1
93750,5787,41.337438716984835,20,1
93760,5788,20.815462460538125,10,1
93770,5789,73.13371218928359,10,1
93780,5790,27.60531709245645,10,1
93796,5791,97.72742191007349,16,1
93810,5792,45.34522134071921,14,1
93820,5793,42.27460597471155,10,1
93830,5794,47.777334745794846,10,1
93870,5795,-20.77601263597069,40,0
93881,5796,37.22689801437106,11,1
93891,5797,32.959839098155534,10,1
93903,5798,38.3544147967069,12,1
93913,5799,109.82120296655681,10,1
93924,5800,111.76633027300878,11,1
93934,5801,43.09769270609612,10,1
93944,5802,28.774349344122463,10,1
93954,5803,72.73966599135773,10,1
93968,5804,50.24099435909589,14,1
94008,5805,-20.69380558484686,40,0
94018,5806,48.986614453305556,10,1
94030,5807,19.81049031983059,12,1
94044,5808,36.07402354476542,14,1
94056,5809,22.356315033971864,12,1
94066,5810,25.77369822713595,10,1
94076,5811,52.20168490417014,10,1
94087,5812,28.681669221645468,11,1
94101,5813,16.125609103299865,14,1
94111,5814,35.53333844445524,10,1
94121,5815,27.11792214727418,10,1
94131,5816,26.793989934202532,10,1
94171,5817,-20.969956587600894,40,0
94181,5818,20.528535456670657,10,1
94192,5819,34.002429090093756,11,1
94202,5820,74.5101321741343,10,1
94214,5821,26.365402966724172,12,1
94226,5822,47.49276344414392,12,1
94238,5823,30.391281126422697,12,1
94248,5824,114.9080127368063,10,1
94261,5825,24.15657431629821,13,1
94271,5826,43.38684802812736,10,1
94281,5827,68.16072911232793,10,1
94291,5828,76.89118265319368,10,1
94307,5829,30.817234845226448,16,1
94320,5830,25.49430559689994,13,1
94330,5831,70.17597324055392,10,1
94340,5832,101.76386240729819,10,1
94355,5833,39.83226969444818,15,1
94365,5834,42.58245474383829,10,1
94375,5835,76.79214016344194,10,1
94394,5836,58.69192509764172,19,1
94405,5837,36.9395225796419,11,1
94415,5838,55.017377175224674,10,1
94425,5839,30.77502204039121,10,1
94435,5840,41.75246507066806,10,1
94445,5841,134.5972023157908,10,1
94455,5842,84.16487448269575,10,1
94465,5843,32.91174727342455,10,1
94475,5844,67.42898695812002,10,1
94490,5845,45.27770407574425,15,1
94500,5846,21.85684336540968,10,1
94510,5847,49.441068572257606,10,1
94520,5848,92.96838380615372,10,1
94536,5849,32.14635912279573,16,1
94551,5850,15.280828161802475,15,1
94561,5851,20.780062677397105,10,1
94571,5852,44.794779210087974,10,1
94584,5853,50.22749232118823,13,1
94596,5854,26.012667077517847,12,1
94606,5855,52.25816679046884,10,1
94646,5856,-20.811348741327084,40,0
94686,5857,-21.460674216540752,40,0
94726,5858,-21.054883044193197,40,0
94736,5859,26.789328166991808,10,1
94748,5860,27.753394593563165,12,1
94758,5861,42.9059813312221,10,1
94768,5862,20.396041016824395,10,1
94778,5863,34.417597379032706,10,1
94788,5864,28.410847367751963,10,1
94800,5865,87.3735037821855,12,1
94814,5866,106.42122376757644,14,1
94826,5867,20.199457412658056,12,1
94836,5868,46.34361304177641,10,1
94853,5869,22.425236284900073,17,1
94863,5870,24.246076768426363,10,1
94875,5871,28.617861969616992,12,1
94885,5872,31.93392583053568,10,1
94898,5873,21.45930944359028,13,1
94908,5874,52.85533724243089,10,1
94923,5875,76.04926522842408,15,1
94933,5876,28.269610985723972,10,1
94945,5877,31.10487021020643,12,1
94955,5878,48.52379346719733,10,1
94967,5879,25.995165795138966,12,1
94977,5880,109.49915174400626,10,1
94991,5881,140.57824704708946,14,1
95001,5882,48.611937095417396,10,1
95012,5883,28.162836559970906,11,1
95052,5884,-20.686064966993865,40,0
95062,5885,31.514192651435508,10,1
95072,5886,55.87421184847636,10,1
95082,5887,32.07035130805203,10,1
95094,5888,26.69668962075071,12,1
95104,5889,38.19178650921849,10,1
95114,5890,98.30786205475206,10,1
95124,5891,88.19490517365938,10,1
95140,5892,38.539509455746334,16,1
95150,5893,68.19200518964944,10,1
95160,5894,26.889360804578196,10,1
95170,5895,62.22060787058692,10,1
95189,5896,20.545694085924133,19,1
95199,5897,39.95703227599056,10,1
95209,5898,72.00032094453755,10,1
95220,5899,90.25674417046608,11,1
95235,5900,110.77145210208123,15,1
95248,5901,31.1550223991196,13,1
95258,5902,37.966905180253015,10,1
95273,5903,44.81608779056747,15,1
95283,5904,22.156881267086632,10,1
95293,5905,27.59411847873772,10,1
95303,5906,107.01224485352336,10,1
95314,5907,41.46286555871686,11,1
95328,5908,21.00258661409489,14,1
95338,5909,25.54771198928349,10,1
95348,5910,33.46486123062616,10,1
95358,5911,22.766206016154772,10,1
95368,5912,31.422959628759642,10,1
95381,5913,33.13072575500358,13,1
95393,5914,25.45661532553586,12,1
95407,5915,50.729080196012994,14,1
95420,5916,38.0778939334177,13,1
95440,5917,29.99666820040962,20,1
95451,5918,57.364903630761646,11,1
95467,5919,29.670385364202374,16,1
95507,5920,-22.37380890254182,40,0
95517,5921,137.59431024808777,10,1
95528,5922,28.667025571770186,11,1
95538,5923,72.20400157897592,10,1
95548,5924,25.047006242103997,10,1
95558,5925,120.10214880625303,10,1
95568,5926,88.76441858599489,10,1
95581,5927,95.96744782935198,13,1
95591,5928,28.72612511311647,10,1
95604,5929,105.29365531166314,13,1
95614,5930,24.949023365341798,10,1
95625,5931,36.226369139877335,11,1
95635,5932,37.12974580660747,10,1
95658,5933,107.29930199267228,23,1
95668,5934,14.971836438144743,10,1
95678,5935,31.953704167258692,10,1
95690,5936,109.89552316519607,12,1
95703,5937,31.60506113450381,13,1
95713,5938,54.579931856705194,10,1
95753,5939,-20.74355528676654,40,0
95763,5940,89.77464300494464,10,1
95775,5941,31.02491962579761,12,1
95786,5942,79.86662309183797,11,1
95796,5943,25.596186633771488,10,1
95807,5944,138.6531835950632,11,1
95817,5945,46.72445054380002,10,1
95827,5946,97.14329963798367,10,1
95837,5947,92.24473997423173,10,1
95848,5948,41.96782819140323,11,1
95862,5949,76.58169801149701,14,1
95876,5950,61.69023764334405,14,1
95888,5951,70.09528608312911,12,1
95904,5952,91.27704908089956,16,1
95914,5953,82.39669814228264,10,1
95924,5954,32.39597476471321,10,1
95936,5955,42.60955982353575,12,1
95946,5956,32.363029418227796,10,1
95956,5957,45.785754693411214,10,1
95966,5958,46.0258676200455,10,1
95983,5959,47.200214566204075,17,1
95993,5960,17.69473463683939,10,1
96003,5961,86.49413642196,10,1
96013,5962,94.52791676569765,10,1
96023,5963,44.346039651336405,10,1
96037,5964,113.1299126561565,14,1
96047,5965,30.824768681361295,10,1
96061,5966,35.93283131316931,14,1
96071,5967,37.542846085984586,10,1
96081,5968,102.11396985633252,10,1
96101,5969,27.03463262362593,20,1
96111,5970,38.37217903896645,10,1
96121,5971,114.71297058452866,10,1
96132,5972,49.753110634593554,11,1
96143,5973,54.24652263644228,11,1
96183,5974,-22.07812135661941,40,0
96196,5975,62.11777091027694,13,1
96210,5976,110.44878779291157,14,1
96220,5977,29.6124578851307,10,1
96230,5978,77.79570639454066,10,1
96240,5979,91.08040947283881,10,1
96250,5980,38.99459169778932,10,1
96262,5981,20.560250963018184,12,1
96273,5982,38.46988875174998,11,1
96283,5983,53.37713669195337,10,1
96297,5984,31.671667266281315,14,1
96307,5985,37.68595998432923,10,1
96317,5986,113.79361981167175,10,1
96331,5987,98.64422785953685,14,1
96341,5988,31.36835754860957,10,1
96355,5989,91.59966333304475,14,1
96365,5990,24.918055170374203,10,1
96375,5991,37.13719023285435,10,1
96389,5992,24.119669048527523,14,1
96399,5993,21.378661180679842,10,1
96412,5994,60.43706037365005,13,1
96422,5995,48.77542076307615,10,1
96439,5996,52.790191796665354,17,1
96464,5997,45.70172683938967,25,1
96476,5998,92.05076801814646,12,1
96489,5999,60.593168474578185,13,1
96499,6000,45.61085464941396,10,1
96509,6001,27.381045071325065,10,1
96519,6002,130.3672352429117,10,1
96531,6003,58.18364786370638,12,1
96546,6004,58.725601329841645,15,1
96558,6005,31.454347335079238,12,1
96570,6006,29.928000488429564,12,1
96581,6007,46.69983277191348,11,1
96592,6008,40.87164691198755,11,1
96602,6009,97.09408409076948,10,1
96619,6010,98.33935536619637,17,1
96629,6011,15.068613543885457,10,1
96639,6012,111.50277343589121,10,1
96656,6013,11.2877078546696,17,1
96666,6014,74.43624501735077,10,1
96676,6015,28.812874575942825,10,1
96686,6016,124.35209370059926,10,1
96696,6017,24.998744054970246,10,1
96706,6018,89.08548615224551,10,1
96746,6019,-22.836682853556848,40,0
96759,6020,73.19024831246485,13,1
96773,6021,31.077518211526975,14,1
96783,6022,35.25552290603024,10,1
96796,6023,35.518691570496365,13,1
96811,6024,27.60523046472944,15,1
96821,6025,19.56520823476304,10,1
96856,6026,17.19200688463897,35,1
96866,6027,29.826831913235893,10,1
96878,6028,70.55033080570722,12,1
96888,6029,31.934172108512897,10,1
96904,6030,95.67515931943242,16,1
96916,6031,67.37914967595462,12,1
96954,6032,33.778515892443316,38,1
96964,6033,43.93934943374466,10,1
96982,6034,19.67972328247695,18,1
97000,6035,32.19116443793781,18,1
97010,6036,52.348886980821625,10,1
97020,6037,38.39859904237986,10,1
97036,6038,101.20330028700201,16,1
97046,6039,32.57460118654416,10,1
97060,6040,67.35279427449039,14,1
97070,6041,59.5710470026172,10,1
97080,6042,71.93454396229274,10,1
97105,6043,81.03525700551116,25,1
97119,6044,31.78288999599456,14,1
97129,6045,40.10080907814876,10,1
97140,6046,75.40226145643656,11,1
97150,6047,87.87461719979112,10,1
97165,6048,20.023469081502892,15,1
97181,6049,102.48264187616485,16,1
97192,6050,98.83851249241317,11,1
97212,6051,16.42033617818272,20,1
97228,6052,59.53449521953202,16,1
97238,6053,108.20845234367323,10,1
97253,6054,50.00330841499878,15,1
97263,6055,19.26898732662268,10,1
97273,6056,21.136719540376713,10,1
97293,6057,18.62010101133567,20,1
97303,6058,26.867811301897504,10,1
97322,6059,46.667710548058984,19,1
97337,6060,7.35924641278284,15,1
97350,6061,75.72503945432692,13,1
97364,6062,36.35861300637487,14,1
97374,6063,41.361910317198934,10,1
97392,6064,102.93648243139874,18,1
97402,6065,57.87305772415609,10,1
97413,6066,80.43681099176762,11,1
97423,6067,39.69755833038523,10,1
97433,6068,34.21190666681041,10,1
97456,6069,103.9220933642151,23,1
97466,6070,61.15732048871304,10,1
97482,6071,52.66969552269731,16,1
97493,6072,95.1599926935901,11,1
97503,6073,53.17249608783282,10,1
97513,6074,22.029276347953356,10,1
97526,6075,10.22724119392808,13,1
97566,6076,-22.38837078881669,40,0
97576,6077,92.20775275131977,10,1
97591,6078,50.792239383951696,15,1
97610,6079,13.31992225814566,19,1
97636,6080,60.337721981519785,26,1
97646,6081,17.86364114989687,10,1
97656,6082,133.58098051241632,10,1
97674,6083,26.60562675763354,18,1
97684,6084,69.95090935647248,10,1
97695,6085,54.94407154853063,11,1
97708,6086,52.61991286369542,13,1
97719,6087,38.13887542582842,11,1
97729,6088,58.71121210218636,10,1
97739,6089,40.22470011150519,10,1
97749,6090,30.309548689168547,10,1
97763,6091,53.480839236481195,14,1
97773,6092,31.426811032895923,10,1
97783,6093,25.781784596500408,10,1
97801,6094,26.70246626052581,18,1
97838,6095,71.56263765017299,37,1
97852,6096,112.04097572750727,14,1
97862,6097,25.263255696917547,10,1
97874,6098,25.593104155686966,12,1
97893,6099,36.60494104030952,19,1
97908,6100,136.14375618668456,15,1
97922,6101,119.1499228002845,14,1
97937,6102,22.28661045913354,15,1
97960,6103,25.443717424112137,23,1
97971,6104,101.1074891327358,11,1
97984,6105,19.40395725181699,13,1
97995,6106,57.295678639988964,11,1
98005,6107,31.52933000147055,10,1
98038,6108,28.210979993048248,33,1
98048,6109,83.24322632937853,10,1
98060,6110,140.03525128982483,12,1
98075,6111,30.767982356820664,15,1
98093,6112,36.78492800341012,18,1
98103,6113,35.6113930492463,10,1
98115,6114,39.90039075372402,12,1
98125,6115,83.8959030225693,10,1
98135,6116,31.299036009842254,10,1
98151,6117,29.29526445238295,16,1
98164,6118,43.68905683816819,13,1
98204,6119,-20.658457787678092,40,0
98244,6120,-20.581833790185463,40,0
98256,6121,103.63339183880879,12,1
98269,6122,26.63322292255622,13,1
98281,6123,32.354770952932924,12,1
98296,6124,-7.015093078585201,15,1
98306,6125,47.305526352025986,10,1
98323,6126,29.364923355475117,17,1
98335,6127,69.73413720422421,12,1
98345,6128,53.1443368627193,10,1
98364,6129,19.320406042061954,19,1
98382,6130,39.4846462377946,18,1
98393,6131,41.9278627311688,11,1
98410,6132,140.09205425318387,17,1
98420,6133,36.431840596577814,10,1
98430,6134,39.685303786724766,10,1
98441,6135,32.88549782819568,11,1
98451,6136,35.416163852833364,10,1
98461,6137,92.43636724700332,10,1
98477,6138,100.97409936776967,16,1
98494,6139,30.292823316984617,17,1
98504,6140,87.7480319195735,10,1
98514,6141,117.1039337952993,10,1
98525,6142,18.966217710412327,11,1
98536,6143,29.572135500881025,11,1
98550,6144,18.431141092093206,14,1
98566,6145,95.58198277204461,16,1
98583,6146,24.59720938828806,17,1
98603,6147,26.190087459777104,20,1
98613,6148,55.171049772522466,10,1
98623,6149,100.88075335101082,10,1
98663,6150,-22.844640130099794,40,0
98675,6151,42.96810109907603,12,1
98685,6152,21.45124319687137,10,1
98725,6153,-20.398518741939753,40,0
98735,6154,17.805733569439678,10,1
98749,6155,104.44938156847401,14,1
98764,6156,141.96510132161765,15,1
98785,6157,79.37359708922678,21,1
98802,6158,22.80658361586809,17,1
98813,6159,83.09979591586416,11,1
98823,6160,34.8043654633894,10,1
98859,6161,69.71122564571796,36,1
98870,6162,30.20492677389571,11,1
98886,6163,107.11005921338374,16,1
98900,6164,108.62321347038089,14,1
98910,6165,58.82568067121296,10,1
98920,6166,89.80018567694026,10,1
98950,6167,16.3996783267634,30,1
98962,6168,30.27641364320736,12,1
98972,6169,24.83862312455414,10,1
98983,6170,132.16181244529912,11,1
98993,6171,35.89482126537508,10,1
99005,6172,30.482718253375403,12,1
99021,6173,56.0060624043847,16,1
99031,6174,32.08854947125301,10,1
99041,6175,43.592341980297206,10,1
99051,6176,31.964209862796732,10,1
99061,6177,77.38427238193006,10,1
99078,6178,47.93660692001553,17,1
99110,6179,-0.3348573208358848,32,1
99120,6180,93.58837632441455,10,1
99134,6181,29.466162417914003,14,1
99144,6182,99.71642650164199,10,1
99154,6183,33.05871273912827,10,1
99164,6184,22.785458739858235,10,1
99183,6185,30.657738363568733,19,1
99209,6186,32.58295383266187,26,1
99224,6187,78.71626760299905,15,1
99238,6188,94.17898857495027,14,1
99248,6189,109.48978399630303,10,1
99261,6190,19.387799022306314,13,1
99271,6191,117.13616242710442,10,1
99287,6192,56.367691548482505,16,1
99305,6193,77.33137866190299,18,1
99315,6194,111.78902093820413,10,1
99334,6195,33.76442911890626,19,1
99346,6196,78.96327048876435,12,1
99356,6197,87.86773190273368,10,1
99367,6198,49.46993070075334,11,1
99380,6199,40.527474469328986,13,1
99420,6200,-20.378178890074114,40,0
99432,6201,40.46480408556114,12,1
99448,6202,39.68079748558239,16,1
99458,6203,34.96321171192255,10,1
99498,6204,-21.497455596261123,40,0
99508,6205,20.66565855923794,10,1
99518,6206,19.279773252832882,10,1
99528,6207,51.26140543981337,10,1
99568,6208,-20.429997288502395,40,0
99579,6209,95.27758577017204,11,1
99590,6210,131.67943943847524,11,1
99600,6211,114.50502247300697,10,1
99610,6212,30.788745311767986,10,1
99621,6213,68.44933750602313,11,1
99655,6214,19.28399786646937,34,1
99665,6215,26.156356396590294,10,1
99678,6216,18.327214409529766,13,1
99698,6217,1.13721673806167,20,1
99711,6218,63.24595593659438,13,1
99727,6219,26.539345331453546,16,1
99737,6220,-2.4725742433736353,10,1
99747,6221,16.81966366303225,10,1
99757,6222,21.263812133286837,10,1
99768,6223,30.775654558318504,11,1
99778,6224,86.54880785808456,10,1
99817,6225,20.041690045573546,39,1
99832,6226,31.446516107370012,15,1
99842,6227,47.03366928391233,10,1
99852,6228,24.763156369277965,10,1
99862,6229,115.47232684320987,10,1
99874,6230,82.2808836176127,12,1
99884,6231,71.07747631785575,10,1
99897,6232,30.336612807948256,13,1
99907,6233,26.142967604589053,10,1
99918,6234,13.798362404853556,11,1
99958,6235,-20.944713394257697,40,0
99983,6236,91.23141949044249,25,1
99993,6237,67.07027768197173,10,1
100003,6238,141.46045761286933,10,1
100032,6239,54.87236310402226,29,1
100043,6240,138.8812741112867,11,1
100055,6241,54.20673274630574,12,1
100066,6242,17.716902794578395,11,1
100080,6243,15.632709749024608,14,1
100090,6244,52.4189350691005,10,1
100100,6245,60.13717885495455,10,1
100113,6246,29.484662816126214,13,1
100124,6247,76.46936135735587,11,1
100136,6248,101.82493509099342,12,1
100150,6249,21.289044483869063,14,1
100160,6250,16.790011130048256,10,1
100170,6251,47.93784319001831,10,1
100183,6252,27.11545699617107,13,1
100196,6253,39.41258837247067,13,1
100214,6254,21.38754595905289,18,1
100224,6255,48.21404514535953,10,1
100234,6256,27.211247861599787,10,1
100247,6257,38.588477665438624,13,1
100257,6258,39.2082425441968,10,1
100272,6259,15.302327378054654,15,1
100282,6260,19.00199235599402,10,1
100292,6261,86.60494752119007,10,1
100308,6262,88.98562997739606,16,1
100324,6263,25.951166915857645,16,1
100338,6264,19.167765682657517,14,1
100348,6265,74.82650479793472,10,1
100358,6266,36.43570240613525,10,1
100370,6267,41.78284515351583,12,1
100380,6268,48.762970161955224,10,1
100392,6269,26.062519228364877,12,1
100406,6270,43.435543330623105,14,1
100416,6271,21.747067215656582,10,1
100430,6272,22.297076010657047,14,1
100443,6273,107.07569670269811,13,1
100457,6274,102.58812985885571,14,1
100469,6275,22.907610594483156,12,1
100485,6276,54.45885880751222,16,1
100495,6277,97.51553823248582,10,1
100535,6278,-27.715459398307015,40,0
100545,6279,51.598758783364744,10,1
100564,6280,61.062051378346254,19,1
100594,6281,7.920612418406065,30,1
100605,6282,28.728117504691603,11,1
100619,6283,18.468655952249385,14,1
100629,6284,25.838085404477553,10,1
100639,6285,29.692770784605667,10,1
100655,6286,29.434960295260222,16,1
100667,6287,107.63917846547243,12,1
100681,6288,93.22210328584906,14,1
100697,6289,48.79954167529044,16,1
100714,6290,39.55907899085833,17,1
100724,6291,60.461087169006255,10,1
100757,6292,51.76787418856253,33,1
100797,6293,-20.379636308116904,40,0
100807,6294,77.88720950793483,10,1
100838,6295,88.16739576406682,31,1
100848,6296,31.622050693659606,10,1
100862,6297,116.32334326316138,14,1
100895,6298,19.672854293775828,33,1
100912,6299,20.128964974361402,17,1
100925,6300,33.92301962682955,13,1
100935,6301,59.00507100804128,10,1
100975,6302,-23.01854275161083,40,0
100994,6303,7.743855891741776,19,1
101004,6304,42.56966548550138,10,1
101020,6305,110.77234344586924,16,1
101030,6306,134.11890573359943,10,1
101040,6307,29.86629115164916,10,1
101058,6308,66.86447052036523,18,1
101068,6309,26.107337321888537,10,1
101078,6310,75.2087087021664,10,1
101088,6311,35.92752041398838,10,1
101104,6312,22.55388510685054,16,1
101114,6313,59.71305101420811,10,1
101124,6314,38.15277866528718,10,1
101137,6315,50.683968235568585,13,1
101152,6316,100.03609748701979,15,1
101162,6317,39.9540147507841,10,1
101178,6318,87.50320595045523,16,1
101188,6319,32.43502586686205,10,1
101204,6320,50.27082098934284,16,1
101235,6321,18.274450871952116,31,1
101245,6322,36.33338240458959,10,1
101255,6323,26.76146249346153,10,1
101273,6324,60.474191489671036,18,1
101286,6325,20.004778512872917,13,1
101297,6326,24.829064713570105,11,1
101308,6327,67.81056623353298,11,1
101318,6328,27.257697169996675,10,1
101332,6329,11.21265288819154,14,1
101345,6330,110.29626170852856,13,1
101361,6331,119.65674194224934,16,1
101377,6332,76.58002069821474,16,1
101400,6333,50.426426206560734,23,1
101412,6334,14.654883485816224,12,1
101422,6335,90.00145675908779,10,1
101432,6336,88.78889289228572,10,1
101442,6337,115.00285750000783,10,1
101458,6338,40.84748574142583,16,1
101472,6339,22.600016527179047,14,1
101482,6340,116.65130259583914,10,1
101492,6341,99.95720551631415,10,1
101502,6342,84.41075657174723,10,1
101512,6343,32.865602376191035,10,1
101527,6344,68.40894089003338,15,1
101537,6345,77.19959410976107,10,1
101548,6346,59.12871726231425,11,1
101570,6347,46.61984510264574,22,1
101581,6348,51.875714634991404,11,1
101621,6349,-21.131060755510482,40,0
101632,6350,58.45316579101732,11,1
101643,6351,25.41292857204404,11,1
101663,6352,7.709657652056421,20,1
101676,6353,17.288005502574237,13,1
101686,6354,62.64026078174318,10,1
101696,6355,114.09341971271617,10,1
101707,6356,32.28123290508538,11,1
101720,6357,119.37124700219387,13,1
101734,6358,110.58588090556931,14,1
101745,6359,28.367494636372573,11,1
101757,6360,41.178396985039704,12,1
101767,6361,140.71119580217652,10,1
101807,6362,-20.698146313678926,40,0
101847,6363,-21.48127193733493,40,0
101868,6364,58.749394254279125,21,1
101878,6365,59.57674427812283,10,1
101918,6366,-20.997657809479232,40,0
101933,6367,35.4601570168973,15,1
101943,6368,52.521664646506835,10,1
101953,6369,70.65761756038755,10,1
101993,6370,-23.801743075429314,40,0
102004,6371,69.21329961170053,11,1
102014,6372,41.78673884288688,10,1
102031,6373,22.164860146297123,17,1
102046,6374,25.515163195985217,15,1
102056,6375,81.80725258363258,10,1
102066,6376,22.763012945306222,10,1
102076,6377,103.87251873287579,10,1
102116,6378,-22.385628546419404,40,0
102130,6379,37.93630289550851,14,1
102142,6380,47.355330937989244,12,1
102157,6381,37.13838981413942,15,1
102168,6382,31.237388966059925,11,1
102178,6383,59.28919582785373,10,1
102188,6384,34.07686719293038,10,1
102206,6385,25.691770049278688,18,1
102216,6386,54.728108500390285,10,1
102226,6387,27.38705710218754,10,1
102236,6388,24.80337130889879,10,1
102259,6389,24.919714813587053,23,1
102272,6390,21.227798816170907,13,1
102291,6391,38.47537040690698,19,1
102304,6392,26.698988586881452,13,1
102316,6393,38.08842477830752,12,1
102330,6394,21.662510745259873,14,1
102341,6395,23.81251391217597,11,1
102354,6396,47.53395761893364,13,1
102368,6397,35.79919375602373,14,1
102379,6398,36.2478738135007,11,1
102390,6399,34.58238059880234,11,1
102400,6400,37.55645987129938,10,1
102410,6401,26.99617554202176,10,1
102421,6402,27.557747931487523,11,1
102433,6403,30.769046114418554,12,1
102447,6404,72.37513295174872,14,1
102458,6405,31.168894885480768,11,1
102470,6406,34.69757254812314,12,1
102480,6407,122.55886543378864,10,1
102493,6408,34.671386973087955,13,1
102503,6409,115.01049696304106,10,1
102513,6410,27.701557706728522,10,1
102530,6411,115.25379727559795,17,1
102541,6412,110.80201144675112,11,1
102551,6413,90.60401593313904,10,1
102573,6414,138.55615098460692,22,1
102583,6415,28.416228412929865,10,1
102600,6416,68.64300116356276,17,1
102610,6417,45.11380630800799,10,1
102620,6418,32.50735300357528,10,1
102632,6419,67.91809766824784,12,1
102642,6420,83.83669682115656,10,1
102663,6421,100.78911654153148,21,1
102698,6422,100.67603496795107,35,1
102713,6423,90.88688528483132,15,1
102723,6424,91.08958054438314,10,1
102763,6425,-21.463968590992188,40,0
102779,6426,73.94992379396294,16,1
102795,6427,104.9760374774085,16,1
102805,6428,111.44101242101235,10,1
102815,6429,43.05688787279927,10,1
102826,6430,47.545374317470845,11,1
102836,6431,81.6911152642928,10,1
102846,6432,27.797233344209168,10,1
102856,6433,19.378792265162456,10,1
102866,6434,78.23040589095066,10,1
102882,6435,73.3412399928886,16,1
102892,6436,121.98615919199716,10,1
102903,6437,21.169169780459814,11,1
102913,6438,44.28246361240799,10,1
102936,6439,44.95440516872157,23,1
102946,6440,66.79774029526585,10,1
102986,6441,-20.50379458518497,40,0
102999,6442,39.646285702650474,13,1
103011,6443,93.68439904457357,12,1
103021,6444,20.269177921242893,10,1
103031,6445,18.151012767838576,10,1
103043,6446,20.55530582878505,12,1
103060,6447,75.47220125238069,17,1
103078,6448,18.50208747283869,18,1
103089,6449,19.365494189354553,11,1
103099,6450,34.718620582631864,10,1
103121,6451,68.42418759622214,22,1
103133,6452,22.81067778759607,12,1
103143,6453,46.10600600969379,10,1
103162,6454,57.5196602347216,19,1
103172,6455,47.24307846809294,10,1
103190,6456,46.898243102429284,18,1
103200,6457,21.35013536477897,10,1
103215,6458,55.80526158228898,15,1
103225,6459,35.19748326833723,10,1
103235,6460,79.10322133348545,10,1
103252,6461,25.31762666549602,17,1
103266,6462,77.54283063302486,14,1
103279,6463,34.52197013484971,13,1
103293,6464,27.517654259156604,14,1
103311,6465,34.221657883043065,18,1
103323,6466,36.99165603983206,12,1
103339,6467,44.41228785215449,16,1
103359,6468,30.473757581462724,20,1
103369,6469,30.868009660887914,10,1
103379,6470,70.45139386816484,10,1
103392,6471,82.68838454380037,13,1
103402,6472,43.73634813411964,10,1
103412,6473,19.98790646607487,10,1
103422,6474,18.65192505107949,10,1
103432,6475,100.81465452500142,10,1
103442,6476,34.06781163679064,10,1
103452,6477,113.59761015648014,10,1
103462,6478,43.70741021098552,10,1
103473,6479,27.027150331084606,11,1
103494,6480,43.084877962267626,21,1
103504,6481,58.768486210745884,10,1
103514,6482,111.88296094016954,10,1
103529,6483,12.773338676170724,15,1
103539,6484,35.240255357287026,10,1
103549,6485,31.46475952709378,10,1
103562,6486,34.94889566715368,13,1
103574,6487,21.167707032139734,12,1
103585,6488,40.403774218009495,11,1
103595,6489,57.01417553092114,10,1
103605,6490,28.800133035974273,10,1
103615,6491,111.35546768048121,10,1
103639,6492,21.424146902810946,24,1
103649,6493,75.06800070971383,10,1
103665,6494,96.97136818583763,16,1
103675,6495,18.454389293269234,10,1
103685,6496,25.61267468179185,10,1
103702,6497,18.74901155629337,17,1
103712,6498,57.393500506131325,10,1
103726,6499,39.15506985621883,14,1
103738,6500,52.45060745406493,12,1
103755,6501,66.81291227298594,17,1
103765,6502,46.99885502552532,10,1
103778,6503,32.01482080859685,13,1
103791,6504,55.36128021986325,13,1
103801,6505,27.530339950051122,10,1
103811,6506,28.29086496984231,10,1
103825,6507,110.39851301398056,14,1
103842,6508,27.104768331847765,17,1
103857,6509,31.63338785087763,15,1
103873,6510,31.597969809945692,16,1
103884,6511,21.016611195255994,11,1
103894,6512,97.43585865976809,10,1
103904,6513,47.70582539228622,10,1
103914,6514,57.72807515247839,10,1
103940,6515,15.027325372174486,26,1
103956,6516,106.63650406785813,16,1
103996,6517,-20.423778853135076,40,0
104006,6518,37.57795381149338,10,1
104016,6519,40.70184388573495,10,1
104027,6520,66.97714752941927,11,1
104041,6521,43.56483711812841,14,1
104055,6522,108.95276660244684,14,1
104066,6523,115.0980617051136,11,1
104076,6524,65.80083587106724,10,1
104091,6525,33.49116853011869,15,1
104101,6526,43.54875538124199,10,1
104112,6527,21.19778503533057,11,1
104122,6528,69.69880587189301,10,1
104133,6529,34.45210926769459,11,1
104143,6530,104.56821278503851,10,1
104158,6531,20.99709980790385,15,1
104169,6532,104.29190218731661,11,1
104179,6533,54.11517915288755,10,1
104197,6534,11.833320777066628,18,1
104208,6535,32.86216199137091,11,1
104218,6536,78.80056502971262,10,1
104228,6537,66.66885251856208,10,1
104239,6538,57.76890441307689,11,1
104249,6539,25.551434108660892,10,1
104265,6540,58.0883004222919,16,1
104277,6541,97.72142070671791,12,1
104287,6542,52.315784640025996,10,1
104305,6543,108.5632093469552,18,1
104318,6544,120.08662878654883,13,1
104328,6545,117.35152046689946,10,1
104340,6546,51.50457936780188,12,1
104350,6547,86.78392251917546,10,1
104360,6548,84.76219903534006,10,1
104372,6549,20.994612762741863,12,1
104384,6550,102.36848936251285,12,1
104394,6551,48.725344574783875,10,1
104404,6552,51.18432203189166,10,1
104414,6553,15.008527363485642,10,1
104424,6554,51.877006028202466,10,1
104434,6555,39.970653376329885,10,1
104449,6556,90.43507169976452,15,1
104467,6557,86.75380748932142,18,1
104477,6558,42.17758384268987,10,1
104487,6559,18.143474715770186,10,1
104498,6560,28.147541505228432,11,1
104510,6561,76.27381065065464,12,1
104520,6562,55.133760333656845,10,1
104530,6563,59.3688796115583,10,1
104540,6564,71.63311760479205,10,1
104550,6565,16.361838593178206,10,1
104563,6566,48.740562272784466,13,1
104576,6567,33.08646407854342,13,1
104586,6568,67.25432476365914,10,1
104596,6569,29.530337286257637,10,1
104606,6570,67.89871202183356,10,1
104620,6571,29.148571497814753,14,1
104644,6572,29.37056708848651,24,1
104656,6573,27.92592889096864,12,1
104666,6574,76.30636965665337,10,1
104706,6575,-20.464485602257895,40,0
104716,6576,33.298027579522376,10,1
104734,6577,77.87094959108236,18,1
104747,6578,106.52951201833714,13,1
104765,6579,36.732408544642574,18,1
104775,6580,75.67892344777252,10,1
104785,6581,58.5519515417235,10,1
104795,6582,107.84825485171892,10,1
104835,6583,-20.600744003384587,40,0
104845,6584,29.417230449157632,10,1
104857,6585,39.25299609012382,12,1
104869,6586,34.13683421779239,12,1
104879,6587,134.3323528648797,10,1
104889,6588,21.662868644160135,10,1
104901,6589,78.40573306053386,12,1
104912,6590,93.95795372642925,11,1
104927,6591,34.617738797540916,15,1
104937,6592,31.929828098886897,10,1
104947,6593,55.39011823383839,10,1
104957,6594,82.38238745299904,10,1
104985,6595,27.817611899578676,28,1
104995,6596,49.648438925904244,10,1
105008,6597,88.91560539366378,13,1
105018,6598,45.85735456329506,10,1
105033,6599,35.880664612703995,15,1
105043,6600,60.91904885582054,10,1
105053,6601,33.25423245107532,10,1
105063,6602,43.43990395316164,10,1
105073,6603,56.01097764172967,10,1
105089,6604,39.5447718525022,16,1
105119,6605,27.621911400465876,30,1
105131,6606,33.212063299370705,12,1
105144,6607,115.68232852099587,13,1
105155,6608,18.44486011889676,11,1
105168,6609,33.355318404319895,13,1
105185,6610,49.465695056848546,17,1
105195,6611,23.345537091625182,10,1
105207,6612,77.14150061932087,12,1
105247,6613,-21.966902059736988,40,0
105257,6614,73.11490318351001,10,1
105267,6615,106.72662436955038,10,1
105287,6616,58.89800957645494,20,1
105297,6617,135.27617547394823,10,1
105309,6618,28.930334669439347,12,1
105321,6619,35.6515193648045,12,1
105344,6620,60.59783479685448,23,1
105368,6621,44.280076095322535,24,1
105386,6622,44.05885606691607,18,1
105406,6623,50.70929609076164,20,1
105422,6624,33.73524968711783,16,1
105432,6625,30.25910561863244,10,1
105446,6626,30.934281834374122,14,1
105458,6627,42.72195838953598,12,1
105468,6628,20.10215057170391,10,1
105478,6629,68.61908230828612,10,1
105488,6630,46.437509894932106,10,1
105498,6631,29.157427306249858,10,1
105511,6632,25.7008748782786,13,1
105521,6633,75.06898597810924,10,1
105531,6634,98.94356582195118,10,1
105541,6635,78.8842803369364,10,1
105560,6636,47.550912448698746,19,1
105573,6637,60.33536918167482,13,1
105613,6638,-23.66644191407061,40,0
105623,6639,69.87093002222734,10,1
105633,6640,29.814830150307337,10,1
105645,6641,29.934039506521593,12,1
105656,6642,83.70423626557874,11,1
105696,6643,-21.100184504796555,40,0
105718,6644,29.84664830158151,22,1
105732,6645,58.64539179782177,14,1
105742,6646,85.1353191182861,10,1
105752,6647,60.32210863124739,10,1
105792,6648,-22.57969779273468,40,0
105810,6649,25.286771481760148,18,1
105820,6650,105.49194650892647,10,1
105831,6651,86.94940543731364,11,1
105847,6652,25.721327126835625,16,1
105857,6653,25.364478690266004,10,1
105868,6654,24.785168088910016,11,1
105894,6655,13.23480860281949,26,1
105904,6656,142.31906297875207,10,1
105915,6657,48.10562094161757,11,1
105925,6658,38.05980813741293,10,1
105935,6659,123.74614042248662,10,1
105945,6660,46.82476841526437,10,1
105955,6661,45.60479592001119,10,1
105965,6662,140.3045006440872,10,1
106005,6663,-20.435300589149154,40,0
106015,6664,100.07173739635654,10,1
106055,6665,-20.316970610629962,40,0
106068,6666,43.25083266995595,13,1
106078,6667,92.84951366670248,10,1
106088,6668,74.64147430182437,10,1
106098,6669,114.05431531136162,10,1
106108,6670,27.14905392415787,10,1
106118,6671,88.35995015911931,10,1
106131,6672,60.35962786130892,13,1
106141,6673,99.389580180101,10,1
106152,6674,71.66147673379272,11,1
106162,6675,22.897899742141224,10,1
106177,6676,8.835161805233984,15,1
106187,6677,49.02331297863061,10,1
106197,6678,108.66659154129195,10,1
106210,6679,52.40678433653094,13,1
106220,6680,57.08179281442009,10,1
106230,6681,22.36173453624587,10,1
106240,6682,22.34454749194045,10,1
106250,6683,42.05690618404006,10,1
106271,6684,28.563811690622547,21,1
106281,6685,77.1059196591518,10,1
106291,6686,100.50842469748342,10,1
106322,6687,77.6842188748837,31,1
106338,6688,28.386786957095193,16,1
106348,6689,25.652268360819804,10,1
106383,6690,51.58516376175088,35,1
106402,6691,15.184292917330032,19,1
106414,6692,49.40905964734721,12,1
106424,6693,41.049287213180385,10,1
106449,6694,124.47380929709333,25,1
106459,6695,53.04418857112392,10,1
106473,6696,61.62020871151118,14,1
106486,6697,138.4171763501034,13,1
106499,6698,78.14444841916249,13,1
106509,6699,82.27656277984701,10,1
106526,6700,26.864714626209224,17,1
106537,6701,42.940228561290084,11,1
106547,6702,91.63175170292405,10,1
106558,6703,59.79552707586101,11,1
106572,6704,16.8225611086201,14,1
106596,6705,30.092091857408256,24,1
106607,6706,46.03576640693446,11,1
106617,6707,87.30147836516143,10,1
106627,6708,70.06028491839652,10,1
106650,6709,18.158200160538648,23,1
106690,6710,-20.344347938668587,40,0
106701,6711,28.196901559354473,11,1
106714,6712,75.50163183447573,13,1
106724,6713,139.26947943143153,10,1
106734,6714,73.62340791846128,10,1
106744,6715,51.01680750174175,10,1
106754,6716,27.064149490193536,10,1
106764,6717,83.02649490781619,10,1
106776,6718,36.991665029554795,12,1
106787,6719,55.4704747576786,11,1
106797,6720,30.85630367824959,10,1
106808,6721,88.43090230824949,11,1
106818,6722,19.293136709649435,10,1
106831,6723,84.69681794188631,13,1
106841,6724,28.91345901020437,10,1
106852,6725,35.03953489007318,11,1
106862,6726,40.69996151886126,10,1
106879,6727,56.1829042233206,17,1
106889,6728,47.4976250916198,10,1
106900,6729,11.36966794743693,11,1
106917,6730,137.65986203146358,17,1
106927,6731,98.55495394715433,10,1
106942,6732,76.27417911181928,15,1
106955,6733,28.208637804057496,13,1
106965,6734,52.09165874015029,10,1
106977,6735,38.86308172448691,12,1
106987,6736,116.66875360301167,10,1
107000,6737,45.8534650982631,13,1
107018,6738,19.98750246793613,18,1
107037,6739,16.280457604826626,19,1
107048,6740,75.85770008129589,11,1
107071,6741,28.851787180513224,23,1
107084,6742,102.53738704127237,13,1
107097,6743,96.59763902754257,13,1
107107,6744,51.52653817609587,10,1
107131,6745,48.965630034785775,24,1
107141,6746,39.55914207084881,10,1
107151,6747,106.15683130900365,10,1
107161,6748,92.91028997141922,10,1
107175,6749,101.37113491916807,14,1
107196,6750,39.42249144622019,21,1
107206,6751,86.0883912438753,10,1
107216,6752,102.11515820768162,10,1
107227,6753,36.20598831448173,11,1
107241,6754,48.943234987036206,14,1
107251,6755,74.94588190904572,10,1
107261,6756,76.21607155407713,10,1
107271,6757,45.80857476800686,10,1
107284,6758,69.46908872030635,13,1
107298,6759,35.1540004867601,14,1
107308,6760,21.637034767844867,10,1
107318,6761,86.89890546772997,10,1
107338,6762,37.38785954066265,20,1
107358,6763,22.13657206063705,20,1
107369,6764,61.63749894579974,11,1
107382,6765,32.37724441419138,13,1
107392,6766,142.1607590822212,10,1
107407,6767,115.33584555742627,15,1
107417,6768,82.26751686448439,10,1
107427,6769,67.0339879830922,10,1
107438,6770,76.39517798898208,11,1
107460,6771,74.26652336860654,22,1
107470,6772,89.92963461400682,10,1
107480,6773,134.76858135440298,10,1
107490,6774,38.0173612005745,10,1
107504,6775,-32.47334622739912,14,1
107519,6776,61.836231902109034,15,1
107529,6777,120.46136283695397,10,1
107544,6778,26.85751688909376,15,1
107554,6779,94.9359936083055,10,1
107571,6780,35.775513606272725,17,1
107581,6781,115.50526154290668,10,1
107591,6782,124.16475020620108,10,1
107601,6783,53.29950100700814,10,1
107611,6784,73.77532228022248,10,1
107633,6785,33.580954385687804,22,1
107648,6786,28.85174321983521,15,1
107665,6787,77.48831069301195,17,1
107675,6788,102.73292688480379,10,1
107685,6789,47.85439191259725,10,1
107725,6790,-20.917111520959036,40,0
107748,6791,-23.28704569626564,23,1
107785,6792,11.571406426458354,37,1
107800,6793,49.265156079820365,15,1
107813,6794,66.5657649668246,13,1
107823,6795,42.13524858061732,10,1
107841,6796,134.30441485023815,18,1
107855,6797,68.36808318701962,14,1
107866,6798,88.73181043305887,11,1
107877,6799,113.76136574127246,11,1
107888,6800,75.38797258216357,11,1
107898,6801,96.38267181956128,10,1
107938,6802,-20.660200568573316,40,0
107949,6803,20.86485974574708,11,1
107962,6804,119.77915250862954,13,1
107973,6805,94.0167758091798,11,1
107983,6806,107.21048450215068,10,1
107997,6807,53.71143386468893,14,1
108007,6808,67.40697584981078,10,1
108017,6809,56.012143007207605,10,1
108034,6810,111.37714288284984,17,1
108044,6811,37.05570938258467,10,1
108061,6812,-4.052861735777225,17,1
108071,6813,111.5541677140753,10,1
108082,6814,58.80147779396357,11,1
108092,6815,123.52935742670569,10,1
108107,6816,30.891466751061937,15,1
108117,6817,51.804817140352284,10,1
108128,6818,43.30623144145661,11,1
108138,6819,37.504300417027764,10,1
108149,6820,38.02359839746667,11,1
108159,6821,24.820522264691313,10,1
108172,6822,27.083493175703584,13,1
108189,6823,22.779671365929858,17,1
108204,6824,143.53401630288477,15,1
108214,6825,42.02292758994903,10,1
108224,6826,120.82029107965673,10,1
108242,6827,49.219910092828094,18,1
108252,6828,124.23080674626785,10,1
108292,6829,-20.828318887264164,40,0
108305,6830,26.021082360990032,13,1
108315,6831,47.97384167342861,10,1
108332,6832,89.35178601728708,17,1
108342,6833,139.9732005045127,10,1
108354,6834,18.659301605944044,12,1
108364,6835,132.37363065271092,10,1
108374,6836,131.11619432117988,10,1
108388,6837,32.567668710840294,14,1
108398,6838,25.869333121792707,10,1
108415,6839,58.535598856645,17,1
108425,6840,129.69164603677055,10,1
108436,6841,130.89968093937668,11,1
108446,6842,59.18029966667407,10,1
108456,6843,138.94098628567548,10,1
108470,6844,52.69678541429998,14,1
108480,6845,38.45299120263593,10,1
108490,6846,60.76353129866876,10,1
108500,6847,57.913828733700605,10,1
108521,6848,46.823296581045426,21,1
108531,6849,44.47860688025051,10,1
108541,6850,94.95128378086211,10,1
108552,6851,22.153701848492936,11,1
108562,6852,119.09188557040844,10,1
108581,6853,141.68360984147324,19,1
108595,6854,61.71006667605926,14,1
108605,6855,27.05338348223756,10,1
108615,6856,132.7261077320581,10,1
108625,6857,72.64363999538631,10,1
108635,6858,70.84569789238657,10,1
108649,6859,31.042093357869177,14,1
108661,6860,30.181281825490245,12,1
108671,6861,44.272543885799315,10,1
108694,6862,42.80387757139063,23,1
108713,6863,102.97281065042003,19,1
108730,6864,116.64639975945576,17,1
108740,6865,39.808149471539075,10,1
108752,6866,3.164530785092328,12,1
108770,6867,21.454593478656573,18,1
108784,6868,29.41437146666122,14,1
108794,6869,133.38975733342247,10,1
108808,6870,108.6038537865618,14,1
108818,6871,75.01386226371078,10,1
108828,6872,36.36387290065696,10,1
108840,6873,74.16065884873613,12,1
108850,6874,62.9212324487956,10,1
108860,6875,48.120701959905254,10,1
108870,6876,86.55613010291258,10,1
108881,6877,25.950822115795486,11,1
108895,6878,26.350031230150655,14,1
108905,6879,119.3163890633676,10,1
108919,6880,89.0433232379849,14,1
108950,6881,24.563105631348883,31,1
108961,6882,22.09977711819526,11,1
108973,6883,54.20467296782357,12,1
108983,6884,59.20961813308974,10,1
108994,6885,17.296803053775726,11,1
109004,6886,35.67836651615088,10,1
109014,6887,134.2516282507548,10,1
109024,6888,59.9201629497891,10,1
109034,6889,102.80521223820196,10,1
109047,6890,18.683908186921762,13,1
109064,6891,49.864420251453595,17,1
109080,6892,74.46838448922573,16,1
109093,6893,110.52538152422711,13,1
109107,6894,26.32696075862274,14,1
109118,6895,42.04051634638479,11,1
109129,6896,54.622597352408036,11,1
109142,6897,35.914870148253534,13,1
109159,6898,81.74176396335852,17,1
109175,6899,33.84891984221242,16,1
109188,6900,65.42792150167156,13,1
109203,6901,95.16743612046346,15,1
109213,6902,41.287338369648026,10,1
109224,6903,16.402340717733455,11,1
109234,6904,103.1927037664963,10,1
109249,6905,59.58847119117237,15,1
109259,6906,90.61142485252427,10,1
109294,6907,-25.252760629021235,35,1
109307,6908,58.993768863706045,13,1
109343,6909,28.481346289783993,36,1
109354,6910,77.13719769480042,11,1
109365,6911,31.58805562409539,11,1
109375,6912,75.3334608256924,10,1
109391,6913,16.652713018202633,16,1
109401,6914,117.67043770030158,10,1
109415,6915,-10.952821041800302,14,1
109455,6916,-21.914864746421614,40,0
109465,6917,100.7568066849462,10,1
109477,6918,32.117914241729494,12,1
109487,6919,124.15356451966888,10,1
109497,6920,119.78291161926602,10,1
109509,6921,28.721388189031888,12,1
109519,6922,79.3913480658069,10,1
109532,6923,25.36631210302272,13,1
109548,6924,29.0636287790275,16,1
109561,6925,34.23423202159799,13,1
109576,6926,44.726634496056285,15,1
109586,6927,67.76307504350501,10,1
109596,6928,109.40852958451148,10,1
109606,6929,103.35118620959729,10,1
109616,6930,93.63665101413997,10,1
109626,6931,86.06699680764164,10,1
109641,6932,22.08193460074204,15,1
109651,6933,46.943715623824005,10,1
109668,6934,37.0944866759979,17,1
109678,6935,32.61547313372705,10,1
109692,6936,70.17169775696293,14,1
109707,6937,38.242353143309295,15,1
109719,6938,94.82722415195866,12,1
109734,6939,47.348264935590755,15,1
109744,6940,76.41252796407167,10,1
109770,6941,15.102546583405717,26,1
109780,6942,56.12524091765876,10,1
109790,6943,79.21156496101062,10,1
109800,6944,101.42639484088637,10,1
109813,6945,94.81082606783305,13,1
109827,6946,138.45621008725132,14,1
109837,6947,54.925341862887024,10,1
109847,6948,73.73672234840143,10,1
109857,6949,131.70997746032833,10,1
109870,6950,37.90055632632732,13,1
109894,6951,54.6815724255462,24,1
109904,6952,60.88291233750552,10,1
109928,6953,18.03685954464476,24,1
109955,6954,26.202435074690502,27,1
109992,6955,32.21441385796382,37,1
110006,6956,43.392953527029356,14,1
110030,6957,34.338087539686526,24,1
110040,6958,121.05290180580465,10,1
110053,6959,59.42151953602394,13,1
110073,6960,108.4252686583712,20,1
110083,6961,51.59379413077605,10,1
110093,6962,83.37558582665127,10,1
110105,6963,50.72765721042309,12,1
110118,6964,77.10198725853874,13,1
110128,6965,27.83350062735526,10,1
110150,6966,21.92642053760398,22,1
110161,6967,72.37356502694146,11,1
110176,6968,42.82340358105562,15,1
110188,6969,46.23945159404997,12,1
110203,6970,68.29253359974116,15,1
110213,6971,96.87947809200719,10,1
110227,6972,26.713915085571465,14,1
110255,6973,9.542353474816963,28,1
110265,6974,66.66695833014117,10,1
110278,6975,20.18099402251516,13,1
110292,6976,120.42735256774327,14,1
110331,6977,-5.119998528284974,39,1
110367,6978,-17.790912068215512,36,1
110377,6979,92.0592608490319,10,1
110388,6980,38.97753614898143,11,1
110398,6981,18.49550650341149,10,1
110416,6982,47.20547728879425,18,1
110426,6983,113.48229683211268,10,1
110436,6984,82.80062447728173,10,1
110446,6985,94.76919880382,10,1
110486,6986,-20.697763337412233,40,0
110505,6987,43.399885482846216,19,1
110524,6988,53.269655479397635,19,1
110538,6989,74.99426758454982,14,1
110548,6990,33.35260428892991,10,1
110558,6991,70.53942052941316,10,1
110568,6992,81.61375515821473,10,1
110579,6993,60.574151765552095,11,1
110600,6994,32.611898262582216,21,1
110610,6995,36.37204215442575,10,1
110620,6996,113.03377710820467,10,1
110630,6997,133.38414679553495,10,1
110642,6998,58.533537131286565,12,1
110658,6999,32.279775000117496,16,1
110668,7000,41.14422252263798,10,1
110685,7001,44.74507931116631,17,1
110705,7002,36.903876071060964,20,1
110715,7003,75.52327051091707,10,1
110747,7004,32.25721815163809,32,1
110763,7005,66.43044282541513,16,1
110773,7006,40.46422465257024,10,1
110788,7007,27.2389116773336,15,1
110811,7008,40.10847736350486,23,1
110832,7009,67.21664098123736,21,1
110849,7010,69.47313298345625,17,1
110861,7011,37.65062168339324,12,1
110871,7012,67.24215301882654,10,1
110888,7013,34.03656808180633,17,1
110905,7014,95.43500664669847,17,1
110915,7015,56.05852660130623,10,1
110932,7016,43.742634564617575,17,1
110942,7017,67.68920428874176,10,1
110953,7018,37.610331630715564,11,1
110968,7019,12.059037233103693,15,1
110978,7020,61.47279877042627,10,1
110988,7021,67.61751396780859,10,1
111000,7022,108.86218767762497,12,1
111010,7023,58.33622624818217,10,1
111020,7024,41.91694225812541,10,1
111030,7025,75.64409573250946,10,1
111041,7026,78.64973648134489,11,1
111055,7027,88.88693052506014,14,1
111065,7028,90.45985466626398,10,1
111075,7029,47.441689188418295,10,1
111085,7030,24.38918568466164,10,1
111095,7031,56.01556585294692,10,1
111105,7032,28.132855824980357,10,1
111117,7033,74.54443782013522,12,1
111128,7034,81.37356770751366,11,1
111140,7035,53.24538189242905,12,1
111154,7036,39.27648940031128,14,1
111174,7037,15.834590751641269,20,1
111191,7038,27.423046852094572,17,1
111201,7039,67.27828513657316,10,1
111211,7040,74.30627408051511,10,1
111225,7041,32.079951278533244,14,1
111235,7042,50.48615526177222,10,1
111249,7043,40.537878290548775,14,1
111259,7044,135.81247182817654,10,1
111272,7045,43.68305804386373,13,1
111282,7046,44.056707954665434,10,1
111294,7047,68.06921903541645,12,1
111306,7048,27.991559618587218,12,1
111316,7049,91.22545345015446,10,1
111336,7050,92.4004560692056,20,1
111346,7051,90.46035884615421,10,1
111356,7052,82.63434179864808,10,1
111370,7053,21.957742940175713,14,1
111380,7054,136.90725834997244,10,1
111420,7055,-20.386125584816504,40,0
111432,7056,78.23442700638559,12,1
111442,7057,63.136734455091975,10,1
111456,7058,34.46957391297499,14,1
111473,7059,92.14383217014152,17,1
111487,7060,123.48320487928346,14,1
111500,7061,103.59754854891905,13,1
111510,7062,77.47760697419963,10,1
111541,7063,28.52637962133961,31,1
111552,7064,32.39560400795313,11,1
111562,7065,17.288202427432886,10,1
111573,7066,61.92588909210431,11,1
111583,7067,11.963031387795553,10,1
111597,7068,56.529209423675454,14,1
111607,7069,67.35190846205519,10,1
111620,7070,95.18840230199427,13,1
111630,7071,25.896238302190657,10,1
111642,7072,28.186506899059857,12,1
111654,7073,25.415028734161993,12,1
111668,7074,40.570072847783905,14,1
111678,7075,96.5268286880109,10,1
111688,7076,89.33973054466037,10,1
111703,7077,50.71057532845645,15,1
111713,7078,37.73233017513119,10,1
111723,7079,124.10785364161815,10,1
111734,7080,140.66372507456694,11,1
111744,7081,107.26573646191692,10,1
111760,7082,70.63290433261133,16,1
111773,7083,84.69497742730441,13,1
111783,7084,26.243333615167632,10,1
111794,7085,45.81450066066507,11,1
111804,7086,51.44485114431688,10,1
111817,7087,36.482803012590395,13,1
111827,7088,115.083603024093,10,1
111837,7089,59.32468011109304,10,1
111847,7090,71.69303428790718,10,1
111857,7091,47.29400599507728,10,1
111867,7092,74.85033225299217,10,1
111885,7093,36.13819162302209,18,1
111895,7094,79.09155515658698,10,1
111910,7095,60.03034512882102,15,1
111924,7096,52.315859068531864,14,1
111937,7097,31.812601649895463,13,1
111947,7098,92.61749530299186,10,1
111957,7099,29.82944939557655,10,1
111967,7100,105.00434018754068,10,1
111991,7101,47.69963066587909,24,1
112001,7102,94.4774253886006,10,1
112015,7103,46.223761449871,14,1
112026,7104,54.814511329698696,11,1
112040,7105,113.58714476968646,14,1
112051,7106,45.38588561222883,11,1
112063,7107,41.00683924691035,12,1
112077,7108,26.519776119232173,14,1
112089,7109,20.342375295503267,12,1
112099,7110,57.898579776833465,10,1
112112,7111,41.82437494753611,13,1
112122,7112,99.4580943920769,10,1
112132,7113,78.41307193434953,10,1
112142,7114,100.02710496830863,10,1
112152,7115,119.3092528362977,10,1
112162,7116,57.354924168329156,10,1
112176,7117,60.20511334844897,14,1
112210,7118,79.49245986926515,34,1
112220,7119,113.1553502819148,10,1
112232,7120,69.23102758244585,12,1
112243,7121,69.95601698858509,11,1
112253,7122,43.10461140645643,10,1
112265,7123,31.559616168917863,12,1
112275,7124,57.08140043533104,10,1
112286,7125,2.666218391230077,11,1
112296,7126,116.95413610093868,10,1
112306,7127,97.30665918451376,10,1
112316,7128,53.42733310434716,10,1
112326,7129,109.29179499797816,10,1
112336,7130,19.317318761093027,10,1
112348,7131,59.51099468608955,12,1
112358,7132,142.7742786988648,10,1
112376,7133,116.14561397183263,18,1
112388,7134,141.80171589795168,12,1
112398,7135,97.66572614148231,10,1
112413,7136,78.74958574293342,15,1
112423,7137,68.51415891091969,10,1
112438,7138,45.676921311500934,15,1
112448,7139,80.70090953766992,10,1
112459,7140,7.526821508821843,11,1
112471,7141,122.46349111045491,12,1
112481,7142,104.40614200184368,10,1
112491,7143,60.72653217563708,10,1
112501,7144,31.9624879877926,10,1
112514,7145,27.17875797117166,13,1
112524,7146,104.60012261258304,10,1
112541,7147,85.39665647364822,17,1
112557,7148,89.21202047214018,16,1
112571,7149,34.18630150297262,14,1
112583,7150,62.334387647365276,12,1
112593,7151,21.316395690743537,10,1
112603,7152,105.46671047558726,10,1
112613,7153,51.6051360067273,10,1
112632,7154,51.91096504524622,19,1
112642,7155,30.5953508981085,10,1
112653,7156,67.93921341055595,11,1
112663,7157,47.23599009340225,10,1
112673,7158,32.51150635463411,10,1
112687,7159,123.63159030452518,14,1
112699,7160,93.47250016022794,12,1
112709,7161,138.07301816697284,10,1
112720,7162,67.5210895530732,11,1
112731,7163,95.59772491776512,11,1
112743,7164,89.2596195712738,12,1
112753,7165,36.26048309746295,10,1
112763,7166,34.328886358633746,10,1
112773,7167,46.48105655425339,10,1
112783,7168,43.567044394497245,10,1
112797,7169,38.708682911719855,14,1
112807,7170,116.97496112744818,10,1
112821,7171,53.03107980757763,14,1
112843,7172,29.033130397013288,22,1
112853,7173,79.01329576432326,10,1
112864,7174,25.266933733043622,11,1
112879,7175,44.723464837354186,15,1
112894,7176,33.68971479357518,15,1
112904,7177,32.5413720427712,10,1
112914,7178,89.07721454983378,10,1
112927,7179,119.3111084649319,13,1
112937,7180,58.12113725396745,10,1
112950,7181,59.005881815902306,13,1
112962,7182,82.30607615330564,12,1
112972,7183,50.45093173994706,10,1
112989,7184,114.10783872553158,17,1
113001,7185,135.26810954980115,12,1
113011,7186,82.44611262990973,10,1
113024,7187,57.927832738982794,13,1
113041,7188,33.408318938156576,17,1
113051,7189,81.20697919133376,10,1
113062,7190,25.76714149528394,11,1
113072,7191,38.41785121691102,10,1
113082,7192,67.49706336176095,10,1
113095,7193,22.141084803293406,13,1
113135,7194,-21.925542954434498,40,0
113145,7195,52.37765669799722,10,1
113155,7196,61.42533095885374,10,1
113165,7197,42.905538109636744,10,1
113175,7198,97.63878811352338,10,1
113185,7199,115.45267391747615,10,1
113195,7200,57.586335495096364,10,1
113206,7201,55.95565241587196,11,1
113216,7202,89.69782272828138,10,1
113228,7203,40.36834135975159,12,1
113238,7204,54.41852606128084,10,1
113248,7205,88.83795419236633,10,1
113264,7206,94.26518252695958,16,1
113274,7207,29.89650583567162,10,1
113285,7208,54.644959137751144,11,1
113295,7209,15.981579971293959,10,1
113305,7210,51.3588763393074,10,1
113321,7211,39.62703310805374,16,1
113331,7212,134.2577949167029,10,1
113341,7213,115.8489161218533,10,1
113351,7214,43.898204916343424,10,1
113361,7215,10.658611472985388,10,1
113401,7216,-20.614774152156187,40,0
113415,7217,107.34723663525854,14,1
113426,7218,62.3378603655128,11,1
113436,7219,22.19267635914804,10,1
113446,7220,75.31052192395629,10,1
113456,7221,18.437505378227453,10,1
113468,7222,94.92037652613081,12,1
113479,7223,62.16154874130996,11,1
113489,7224,50.695949213262004,10,1
113499,7225,25.03733427230511,10,1
113509,7226,45.37457898702833,10,1
113524,7227,92.68064870697003,15,1
113536,7228,41.475509005228346,12,1
113549,7229,19.222664985340074,13,1
113560,7230,69.55230378090747,11,1
113577,7231,108.57289492332053,17,1
113597,7232,9.243081656440902,20,1
113611,7233,33.850272442706704,14,1
113621,7234,35.2200459455867,10,1
113634,7235,107.91127702320837,13,1
113648,7236,20.0437619337595,14,1
113663,7237,102.37787674248413,15,1
113687,7238,7.634904242928944,24,1
113697,7239,58.75401011743051,10,1
113710,7240,75.7759638034621,13,1
113737,7241,12.552016960338523,27,1
113747,7242,103.8785108088735,10,1
113757,7243,53.152011328758114,10,1
113767,7244,141.1835344861686,10,1
113778,7245,14.915373512614252,11,1
113801,7246,104.38579114855169,23,1
113812,7247,70.22657266542952,11,1
113827,7248,15.422492766401925,15,1
113837,7249,82.02867175241425,10,1
113847,7250,42.9244760317832,10,1
113860,7251,28.597890038433537,13,1
113875,7252,118.44691862676812,15,1
113885,7253,85.81127228952175,10,1
113896,7254,124.9910598028125,11,1
113906,7255,121.4122611278498,10,1
113916,7256,97.8585569029541,10,1
113929,7257,44.043346670730585,13,1
113942,7258,115.61334639614813,13,1
113955,7259,44.06470023763671,13,1
113965,7260,39.72457994852053,10,1
113975,7261,28.26862749720282,10,1
113987,7262,60.88356253090836,12,1
114002,7263,114.81170336070598,15,1
114023,7264,88.45121477209938,21,1
114035,7265,79.75443792801329,12,1
114051,7266,41.325568087754064,16,1
114091,7267,-21.84933489265336,40,0
114110,7268,130.8978050321885,19,1
114120,7269,134.23925220628163,10,1
114130,7270,35.6591593564542,10,1
114144,7271,35.96970307414064,14,1
114155,7272,48.89794558765317,11,1
114165,7273,74.91675486551313,10,1
114176,7274,94.42262858484341,11,1
114188,7275,45.51190333152106,12,1
114228,7276,-20.92254366497422,40,0
114238,7277,46.657543208780005,10,1
114253,7278,98.77278050178253,15,1
114263,7279,119.44448189182751,10,1
114276,7280,94.35924897161729,13,1
114292,7281,80.82027209077883,16,1
114302,7282,88.46394187594046,10,1
114316,7283,133.11432353219206,14,1
114329,7284,89.24073895563667,13,1
114339,7285,37.31486018021899,10,1
114353,7286,125.64987382704614,14,1
114365,7287,42.778051050470545,12,1
114386,7288,25.792249338160165,21,1
114406,7289,118.97213041981405,20,1
114416,7290,19.436872952915838,10,1
114456,7291,-22.441224092026115,40,0
114466,7292,21.39833810971363,10,1
114478,7293,37.88361204601928,12,1
114492,7294,19.14064173162536,14,1
114502,7295,60.37436563653259,10,1
114513,7296,53.58092631431826,11,1
114526,7297,30.89238584165673,13,1
114538,7298,40.75705948128225,12,1
114548,7299,25.415482576661457,10,1
114558,7300,100.75641666070102,10,1
114569,7301,18.220943946095392,11,1
114593,7302,48.373835206151796,24,1
114604,7303,123.83029589145701,11,1
114615,7304,104.9516538192824,11,1
114627,7305,106.29562456615221,12,1
114641,7306,28.09247394823941,14,1
114654,7307,33.94023033043165,13,1
114664,7308,25.99764511449522,10,1
114675,7309,26.08759275547042,11,1
114696,7310,106.47632545045842,21,1
114711,7311,81.019101250375,15,1
114721,7312,116.36855465330267,10,1
114731,7313,97.05911668927133,10,1
114741,7314,29.860843152991293,10,1
114754,7315,81.74449076229791,13,1
114765,7316,94.07735664448553,11,1
114775,7317,121.13451618923321,10,1
114785,7318,138.48025830091692,10,1
114795,7319,25.855473676552574,10,1
114805,7320,102.77215342700636,10,1
114815,7321,107.50603949499897,10,1
114825,7322,80.73972239459374,10,1
114841,7323,84.53297170749035,16,1
114853,7324,123.02709246538024,12,1
114865,7325,68.92263752539608,12,1
114876,7326,36.57283958116055,11,1
114886,7327,34.691927770482756,10,1
114898,7328,84.54372474090961,12,1
114908,7329,134.9818894437258,10,1
114919,7330,49.231670927755,11,1
114930,7331,95.4612507707736,11,1
114942,7332,118.16121981437531,12,1
114955,7333,18.16058823660451,13,1
114986,7334,28.980944318922102,31,1
115000,7335,61.40388110877063,14,1
115011,7336,50.602296036666026,11,1
115027,7337,115.00727635065877,16,1
115037,7338,41.74128585244715,10,1
115058,7339,21.748116152060902,21,1
115068,7340,114.00740795278799,10,1
115078,7341,70.05555277070185,10,1
115088,7342,31.420095906139217,10,1
115106,7343,60.35623835023099,18,1
115119,7344,49.12619371156917,13,1
115129,7345,19.39351335009951,10,1
115140,7346,43.42683248753572,11,1
115150,7347,112.8253184676193,10,1
115160,7348,133.44936309937577,10,1
115170,7349,142.86390309930687,10,1
115180,7350,32.2193901628461,10,1
115190,7351,59.64980957708122,10,1
115200,7352,41.29794610530075,10,1
115215,7353,49.55948781296892,15,1
115225,7354,76.83001999849357,10,1
115235,7355,44.29378603154358,10,1
115275,7356,-22.289672049856748,40,0
115285,7357,135.3763457575566,10,1
115295,7358,43.349057004824246,10,1
115305,7359,110.35301156030575,10,1
115320,7360,18.21030664504615,15,1
115333,7361,33.00005507950102,13,1
115343,7362,67.72999539712144,10,1
115359,7363,40.12135916645593,16,1
115372,7364,72.18068901778311,13,1
115385,7365,86.10856172662434,13,1
115395,7366,143.39042591071671,10,1
115407,7367,48.32827292158759,12,1
115417,7368,38.26852148237799,10,1
115433,7369,48.15111082091827,16,1
115443,7370,122.30087681305756,10,1
115460,7371,34.99555969094684,17,1
115473,7372,106.69798529600769,13,1
115488,7373,16.782904545891498,15,1
115504,7374,120.90674832602562,16,1
115518,7375,56.4850960835546,14,1
115530,7376,97.74206372116092,12,1
115543,7377,56.12329453610269,13,1
115553,7378,129.78325494719599,10,1
115563,7379,36.88939828604759,10,1
115576,7380,30.381720133190154,13,1
115590,7381,101.58548946042806,14,1
115601,7382,30.173598067906266,11,1
115611,7383,32.49382683894073,10,1
115629,7384,48.15318942922412,18,1
115639,7385,72.66816121866742,10,1
115664,7386,102.40327616274604,25,1
115674,7387,74.1472101779251,10,1
115686,7388,38.93665035964617,12,1
115708,7389,32.419570091157816,22,1
115720,7390,17.693321550908315,12,1
115730,7391,116.30585478934978,10,1
115745,7392,70.75756164942405,15,1
115755,7393,115.65320057048362,10,1
115765,7394,131.48536526821246,10,1
115786,7395,122.44301845018565,21,1
115796,7396,71.34563149062818,10,1
115806,7397,119.10352821371154,10,1
115824,7398,41.93383573608004,18,1
115834,7399,75.00595386008337,10,1
115847,7400,89.23797539063438,13,1
115865,7401,32.417290106353946,18,1
115881,7402,61.65668114245679,16,1
115894,7403,20.093568953766166,13,1
115908,7404,75.30581519873306,14,1
115922,7405,109.15063405913614,14,1
115938,7406,31.464509743030906,16,1
115949,7407,47.82851879802175,11,1
115964,7408,78.48190421394305,15,1
115977,7409,49.35546909057649,13,1
115987,7410,124.43188313721545,10,1
115997,7411,136.47336240081228,10,1
116010,7412,18.099193163307866,13,1
116025,7413,60.824774445051595,15,1
116035,7414,75.14166485167061,10,1
116045,7415,119.20817279505519,10,1
116055,7416,103.7123336575525,10,1
116067,7417,76.41931771799263,12,1
116078,7418,55.03252490197673,11,1
116092,7419,35.69849314227321,14,1
116102,7420,115.33683542723061,10,1
116113,7421,31.686386280063616,11,1
116130,7422,54.72391997722755,17,1
116149,7423,134.62222190993822,19,1
116159,7424,90.48270899179683,10,1
116174,7425,61.17321043660295,15,1
116184,7426,69.596039697926,10,1
116205,7427,141.00751328271485,21,1
116215,7428,73.03384164263942,10,1
116229,7429,109.38157888394097,14,1
116239,7430,77.9199531297924,10,1
116251,7431,52.567552257493176,12,1
116261,7432,101.80125779288676,10,1
116271,7433,74.09371720443409,10,1
116281,7434,67.21674934951646,10,1
116291,7435,115.78672286376158,10,1
116301,7436,57.57174940641343,10,1
116318,7437,19.684581906985887,17,1
116328,7438,29.668021767193785,10,1
116338,7439,78.34148513973163,10,1
116348,7440,38.48347347513489,10,1
116361,7441,138.52890926732536,13,1
116377,7442,39.1449230689993,16,1
116391,7443,71.19094730436784,14,1
116401,7444,140.83164192134535,10,1
116412,7445,43.318253332357365,11,1
116427,7446,91.35465086352744,15,1
116439,7447,73.91550584917597,12,1
116451,7448,74.83743972909495,12,1
116467,7449,120.66172899506145,16,1
116477,7450,116.39708675626514,10,1
116504,7451,141.11384254246934,27,1
116514,7452,43.629018815778586,10,1
116524,7453,61.27388812082688,10,1
116539,7454,20.843201465914156,15,1
116554,7455,5.1850220906242175,15,1
116568,7456,85.40288709155858,14,1
116585,7457,62.54962823760598,17,1
116595,7458,122.7891850594577,10,1
116605,7459,56.18616770510123,10,1
116617,7460,8.971474979897335,12,1
116633,7461,60.229728315672006,16,1
116648,7462,31.66281822764773,15,1
116658,7463,67.595157065856,10,1
116675,7464,53.992409526668,17,1
116687,7465,33.26557022174491,12,1
116700,7466,19.510515667480732,13,1
116711,7467,56.5653028063228,11,1
116721,7468,15.85408057476007,10,1
116746,7469,22.092897052640943,25,1
116758,7470,28.045970801363946,12,1
116768,7471,80.27164289438586,10,1
116781,7472,47.935610933598994,13,1
116791,7473,67.94861285672897,10,1
116804,7474,68.31663329832489,13,1
116817,7475,35.3893544265317,13,1
116827,7476,68.78262887226987,10,1
116837,7477,97.0945976603738,10,1
116847,7478,100.42179865161705,10,1
116863,7479,30.638114808531977,16,1
116873,7480,34.45956284764253,10,1
116883,7481,52.221392766879326,10,1
116923,7482,-20.826667525747773,40,0
116935,7483,78.20925755083128,12,1
116952,7484,138.94186719957727,17,1
116962,7485,39.03122626076797,10,1
116978,7486,48.550611566943516,16,1
116991,7487,36.97465439354098,13,1
117003,7488,30.54913827903188,12,1
117013,7489,86.0604107025879,10,1
117026,7490,41.04135753117032,13,1
117041,7491,29.12508131511825,15,1
117067,7492,7.541494529514036,26,1
117088,7493,134.86579933209347,21,1
117101,7494,37.52752902449425,13,1
117113,7495,76.0590382931949,12,1
117123,7496,88.26558528735174,10,1
117134,7497,32.500456944675605,11,1
117146,7498,104.05756137093283,12,1
117156,7499,98.94169270666653,10,1
117166,7500,66.0499106013036,10,1
117183,7501,31.96674966118763,17,1
117195,7502,31.93589827705497,12,1
117205,7503,110.20340827665294,10,1
117215,7504,43.28574264004045,10,1
117235,7505,13.534961102728689,20,1
117247,7506,43.029767555700694,12,1
117261,7507,34.11271890251843,14,1
117278,7508,20.455573705662058,17,1
117293,7509,141.40756309247138,15,1
117306,7510,88.41871079802519,13,1
117322,7511,62.29039177147587,16,1
117332,7512,85.91024688352805,10,1
117346,7513,56.31126288320743,14,1
117364,7514,94.26411924483594,18,1
117378,7515,30.57898596429473,14,1
117388,7516,102.95734062306738,10,1
117398,7517,51.04487372476206,10,1
117410,7518,82.79921648145273,12,1
117427,7519,66.94192419199481,17,1
117438,7520,91.6116978925986,11,1
117453,7521,124.70201718250932,15,1
117467,7522,46.5671688173474,14,1
117479,7523,109.70481638899955,12,1
117489,7524,69.5496203906653,10,1
117501,7525,94.31868802459653,12,1
117513,7526,53.997287202600766,12,1
117526,7527,93.56317298413211,13,1
117539,7528,118.71286648224044,13,1
117549,7529,25.63433673279806,10,1
117559,7530,35.199284929981104,10,1
117570,7531,16.087657949234014,11,1
117580,7532,32.883531007900785,10,1
117593,7533,88.20565540014927,13,1
117603,7534,71.18365772646372,10,1
117621,7535,54.13959790617167,18,1
117635,7536,44.53207782482183,14,1
117660,7537,112.35125319764538,25,1
117670,7538,74.48837700839105,10,1
117685,7539,107.24398819650575,15,1
117700,7540,36.64309597597679,15,1
117710,7541,78.17230119522468,10,1
117720,7542,83.05802792867651,10,1
117730,7543,108.73403374473085,10,1
117741,7544,48.928483599313225,11,1
117752,7545,40.391759041967866,11,1
117762,7546,93.88963308817178,10,1
117772,7547,100.09789288364487,10,1
117784,7548,82.96768730362837,12,1
117794,7549,101.25945872083973,10,1
117807,7550,81.34942099769223,13,1
117817,7551,102.28129793073877,10,1
117827,7552,114.65339101836445,10,1
117837,7553,77.47375368650864,10,1
117847,7554,94.1117993282094,10,1
117857,7555,50.321369583373404,10,1
117871,7556,72.47702394058246,14,1
117888,7557,116.07271783853865,17,1
117902,7558,85.592242656601,14,1
117921,7559,72.65616561777675,19,1
117931,7560,109.45720590534603,10,1
117941,7561,93.69778116147985,10,1
117958,7562,38.762852884793865,17,1
117968,7563,56.487903467704875,10,1
117983,7564,106.83709255509933,15,1
117994,7565,101.11726384023785,11,1
118006,7566,57.777358031140544,12,1
118018,7567,84.46077261560002,12,1
118028,7568,37.08625401198185,10,1
118038,7569,134.60008383815398,10,1
118050,7570,105.96449872883893,12,1
118063,7571,137.70619391167708,13,1
118077,7572,107.64029981828888,14,1
118087,7573,79.34696778840934,10,1
118098,7574,54.16870936406067,11,1
118110,7575,55.82140606487005,12,1
118123,7576,42.46661273324189,13,1
118133,7577,67.29548305497609,10,1
118143,7578,44.11668603068893,10,1
118156,7579,85.7913296825205,13,1
118173,7580,95.01136122824741,17,1
118185,7581,74.24395028311093,12,1
118195,7582,35.08508339807873,10,1
118205,7583,85.70218137144248,10,1
118215,7584,89.87686607209564,10,1
118255,7585,-20.692705043069328,40,0
118265,7586,114.84421462597226,10,1
118280,7587,30.19410498853875,15,1
118294,7588,20.54433620341868,14,1
118306,7589,138.5635676764785,12,1
118318,7590,101.18139646009381,12,1
118328,7591,36.96914231778603,10,1
118338,7592,31.378944678132353,10,1
118354,7593,102.32590297331649,16,1
118367,7594,44.687931714848126,13,1
118377,7595,31.06087020760945,10,1
118390,7596,21.25842792640621,13,1
118404,7597,20.007555024960944,14,1
118414,7598,35.39042299062256,10,1
118436,7599,71.56729958813253,22,1
118446,7600,105.15404430512824,10,1
118456,7601,27.313246096989335,10,1
118472,7602,58.224510001835235,16,1
118488,7603,105.52674146543113,16,1
118498,7604,67.16501403896588,10,1
118515,7605,61.939922245499275,17,1
118525,7606,38.944315110778525,10,1
118539,7607,89.97949608913689,14,1
118552,7608,20.124339759063364,13,1
118562,7609,89.51048947169262,10,1
118572,7610,42.49468132990878,10,1
118582,7611,31.98249247231456,10,1
118592,7612,98.15283399027845,10,1
118608,7613,46.835667187477505,16,1
118618,7614,91.65667297823576,10,1
118628,7615,66.30290659906983,10,1
118638,7616,23.177392459678753,10,1
118674,7617,26.854163181447458,36,1
118684,7618,105.6118612998791,10,1
118694,7619,135.4898024741424,10,1
118704,7620,107.09292634552752,10,1
118714,7621,122.56538361399454,10,1
118739,7622,-9.630572693260783,25,1
118751,7623,108.14435181485818,12,1
118761,7624,69.56183755399911,10,1
118775,7625,139.1616219063985,14,1
118787,7626,45.1970482911785,12,1
118800,7627,61.46368950020267,13,1
118810,7628,25.481662025066452,10,1
118822,7629,36.269542985500834,12,1
118832,7630,137.19948087399672,10,1
118843,7631,53.44038304713178,11,1
118860,7632,117.16389706165249,17,1
118871,7633,113.46491711068447,11,1
118881,7634,119.57914392152395,10,1
118891,7635,104.4392889694181,10,1
118901,7636,125.02226614586309,10,1
118913,7637,68.96340640349167,12,1
118927,7638,110.47396746156242,14,1
118937,7639,123.50854407389116,10,1
118947,7640,108.24526235588375,10,1
118958,7641,44.92884565068436,11,1
118971,7642,28.597577126703744,13,1
118981,7643,103.78224598979979,10,1
118999,7644,94.8119868103497,18,1
119009,7645,59.78159399206381,10,1
119034,7646,125.57458701486027,25,1
119044,7647,113.47435738430313,10,1
119055,7648,71.36405579284532,11,1
119065,7649,104.1445880348956,10,1
119075,7650,52.2014664115022,10,1
119088,7651,34.301474804995735,13,1
119098,7652,74.80479833092186,10,1
119108,7653,54.92922154221588,10,1
119120,7654,137.69173836948028,12,1
119131,7655,117.03965180428891,11,1
119141,7656,74.0134130252989,10,1
119152,7657,99.79060671776146,11,1
119166,7658,61.00563713738674,14,1
119176,7659,96.79163435092967,10,1
119192,7660,53.6035826725788,16,1
119203,7661,87.74546107101752,11,1
119213,7662,56.1289182940604,10,1
119225,7663,103.10174966930944,12,1
119235,7664,53.810836628271325,10,1
119245,7665,35.74020526184315,10,1
119260,7666,46.44953794877938,15,1
119273,7667,28.939787535399418,13,1
119283,7668,113.221248515541,10,1
119294,7669,48.313436244558105,11,1
119305,7670,32.161763066628545,11,1
119316,7671,57.48887056996324,11,1
119326,7672,43.24513459697749,10,1
119336,7673,64.85318519314687,10,1
119348,7674,42.40925894103542,12,1
119358,7675,28.680377325074836,10,1
119372,7676,131.47056655118925,14,1
119382,7677,70.12532668801953,10,1
119397,7678,82.1614548139726,15,1
119407,7679,68.89495474112309,10,1
119417,7680,57.033354734717804,10,1
119429,7681,100.07587685444189,12,1
119439,7682,119.03724650168317,10,1
119450,7683,51.849078587592594,11,1
119470,7684,30.628642669713603,20,1
119480,7685,55.72245689772381,10,1
119506,7686,15.029706568666253,26,1
119516,7687,74.04280449290628,10,1
119526,7688,90.47104071419248,10,1
119536,7689,119.64716143602962,10,1
119552,7690,79.00551213097211,16,1
119562,7691,54.199969346880565,10,1
119578,7692,89.33983768891206,16,1
119588,7693,71.29457267297937,10,1
119625,7694,-3.1382527225784145,37,1
119636,7695,65.9897585126521,11,1
119650,7696,87.21499838261892,14,1
119664,7697,137.46043536990342,14,1
119704,7698,-21.34542651377584,40,0
119714,7699,60.340822383443935,10,1
119728,7700,51.821321959065145,14,1
119750,7701,49.76859786391932,22,1
119760,7702,122.13434073522524,10,1
119776,7703,73.49483635563978,16,1
119791,7704,37.05032268348684,15,1
119803,7705,25.273979430638246,12,1
119821,7706,98.06591631621771,18,1
119860,7707,-9.832256550120023,39,1
119870,7708,61.03355176238885,10,1
119881,7709,96.15323242793676,11,1
119891,7710,28.098527507370676,10,1
119901,7711,47.7390052073252,10,1
119911,7712,50.459766465478324,10,1
119932,7713,99.22212958721066,21,1
119942,7714,83.6271666398505,10,1
119952,7715,50.1925236518214,10,1
119963,7716,83.44841615986194,11,1
119985,7717,133.389269779083,22,1
120010,7718,59.1872625690024,25,1
120020,7719,42.54706042885989,10,1
120030,7720,32.621467365631446,10,1
120041,7721,79.32880355243263,11,1
120051,7722,81.95708777799776,10,1
120081,7723,75.71842882597531,30,1
120092,7724,83.86923727757153,11,1
120102,7725,47.53462851865464,10,1
120142,7726,-20.46994907395062,40,0
120152,7727,51.16176146201539,10,1
120162,7728,103.5156649443474,10,1
120173,7729,102.47719607090912,11,1
120186,7730,49.61408960155998,13,1
120196,7731,108.12946253197367,10,1
120208,7732,82.19586937950326,12,1
120221,7733,34.50227784839825,13,1
120235,7734,80.57478845850567,14,1
120245,7735,46.28145041714716,10,1
120256,7736,81.99644668146311,11,1
120266,7737,29.357408276525494,10,1
120276,7738,48.74279153036329,10,1
120291,7739,42.60805883219583,15,1
120308,7740,22.730095174026083,17,1
120318,7741,32.057776292989324,10,1
120328,7742,101.52533188679412,10,1
120367,7743,11.460435788315154,39,1
120379,7744,110.42430835631652,12,1
120389,7745,52.04104282987068,10,1
120399,7746,78.60586314777768,10,1
120412,7747,76.90513359971493,13,1
120430,7748,36.336216058591795,18,1
120441,7749,16.9180235575375,11,1
120456,7750,45.86128528749949,15,1
120470,7751,88.43055123217313,14,1
120481,7752,139.5082332655907,11,1
120491,7753,67.3869427125616,10,1
120505,7754,39.72345620012812,14,1
120515,7755,33.31914455432611,10,1
120525,7756,100.37677640528169,10,1
120542,7757,32.744059576390995,17,1
120560,7758,75.79242730341845,18,1
120570,7759,38.04717931323528,10,1
120586,7760,29.89380399129473,16,1
120601,7761,27.29491978539868,15,1
120611,7762,41.33728230859671,10,1
120651,7763,-20.301926280090147,40,0
120661,7764,35.32291129138016,10,1
120671,7765,86.64050984626839,10,1
120681,7766,103.13968199942312,10,1
120693,7767,78.9304298707696,12,1
120703,7768,58.722929774030675,10,1
120713,7769,73.11120912835662,10,1
120727,7770,133.9748694325029,14,1
120737,7771,47.73128233138945,10,1
120750,7772,41.87212183378691,13,1
120767,7773,95.87940252745351,17,1
120777,7774,72.44714828959376,10,1
120789,7775,35.18024280053719,12,1
120801,7776,26.932717916141137,12,1
120811,7777,75.48786105166015,10,1
120826,7778,105.94498417391503,15,1
120866,7779,-20.87102748449139,40,0
120876,7780,37.21679317617662,10,1
120893,7781,79.83491480891725,17,1
120903,7782,28.98828445588964,10,1
120943,7783,-20.972085461011165,40,0
120962,7784,78.06545618370049,19,1
120972,7785,109.24940744739027,10,1
120986,7786,83.42174106317525,14,1
121000,7787,85.68144313438256,14,1
121010,7788,133.35207505679605,10,1
121021,7789,111.10349351871227,11,1
121033,7790,44.594798996261,12,1
121045,7791,24.993822748829327,12,1
121055,7792,50.28809374069197,10,1
121065,7793,34.86663770557679,10,1
121087,7794,83.15063324126444,22,1
121097,7795,65.98243917042431,10,1
121114,7796,30.829687529263747,17,1
121124,7797,140.21239258903964,10,1
121138,7798,27.382544053981256,14,1
121148,7799,95.23333954421192,10,1
121168,7800,121.40854985263599,20,1
121178,7801,81.28405810988605,10,1
121188,7802,138.9494097430524,10,1
121201,7803,104.58065901057452,13,1
121241,7804,-21.115973215522672,40,0
121254,7805,66.12418336628784,13,1
121294,7806,-20.676475956543996,40,0
121313,7807,61.857283437342865,19,1
121325,7808,24.288515460666044,12,1
121344,7809,22.982176471068986,19,1
121361,7810,76.17643327418537,17,1
121378,7811,81.21486973618289,17,1
121391,7812,92.4887281053565,13,1
121401,7813,99.20045365115658,10,1
121420,7814,35.28995577268788,19,1
121430,7815,85.87103129089859,10,1
121470,7816,-20.65303034238629,40,0
121491,7817,62.876095194128034,21,1
121501,7818,84.88029216312076,10,1
121511,7819,133.11076994525484,10,1
121527,7820,94.56172660614922,16,1
121537,7821,28.58603817817544,10,1
121547,7822,31.26018227599441,10,1
121557,7823,109.42134998280261,10,1
121569,7824,33.22418254264643,12,1
121582,7825,90.73119613161928,13,1
121594,7826,110.15421018560798,12,1
121606,7827,94.32246621018845,12,1
121616,7828,138.67388891275328,10,1
121631,7829,25.43407340599536,15,1
121641,7830,101.09204876842142,10,1
121655,7831,20.624734256196504,14,1
121671,7832,91.39398558009269,16,1
121684,7833,134.6596863593362,13,1
121695,7834,26.299092469449633,11,1
121706,7835,44.4857643898822,11,1
121723,7836,68.57470324566789,17,1
121734,7837,53.8598832229077,11,1
121745,7838,107.40815009301191,11,1
121756,7839,91.11783542642723,11,1
121770,7840,142.17112910143547,14,1
121784,7841,38.294040661518544,14,1
121794,7842,122.95981576198218,10,1
121808,7843,39.56307784306821,14,1
121824,7844,77.81814780323853,16,1
121836,7845,90.84068198616822,12,1
121848,7846,74.67315116782996,12,1
121860,7847,115.23201730288827,12,1
121874,7848,26.492235003087433,14,1
121895,7849,11.664459486080156,21,1
121906,7850,54.00069461747365,11,1
121916,7851,74.66573163802278,10,1
121926,7852,87.03073184534999,10,1
121936,7853,27.790098117463565,10,1
121946,7854,80.99145817980296,10,1
121956,7855,30.900066079558233,10,1
121966,7856,59.85405546063342,10,1
121977,7857,67.68564568737408,11,1
121987,7858,46.71364938461728,10,1
121997,7859,114.32200868852404,10,1
122008,7860,102.35106330182782,11,1
122020,7861,21.27798585702324,12,1
122030,7862,67.84804640218277,10,1
122051,7863,94.74625965768946,21,1
122061,7864,54.923170066382696,10,1
122074,7865,39.11304104658202,13,1
122084,7866,27.394258800476138,10,1
122094,7867,57.07201337292432,10,1
122104,7868,102.7880219039323,10,1
122115,7869,11.790077299438451,11,1
122126,7870,121.50746254512306,11,1
122139,7871,74.48517433642473,13,1
122149,7872,86.63653479373659,10,1
122161,7873,36.32600936721648,12,1
122173,7874,114.74824419075316,12,1
122187,7875,49.92274992957589,14,1
122201,7876,72.48649529299382,14,1
122213,7877,38.786804661486315,12,1
122224,7878,136.07328781916155,11,1
122234,7879,60.759105899047704,10,1
122247,7880,132.54795966665466,13,1
122257,7881,65.31865873691517,10,1
122267,7882,114.71331027998119,10,1
122280,7883,44.01981209057983,13,1
122292,7884,39.78386557230636,12,1
122302,7885,21.240846219505617,10,1
122313,7886,76.74300445592804,11,1
122324,7887,59.09988144279346,11,1
122354,7888,6.499350538385894,30,1
122365,7889,87.90413353614461,11,1
122375,7890,27.301044066556308,10,1
122385,7891,98.89246711184192,10,1
122412,7892,26.950191111580295,27,1
122435,7893,107.82611135329549,23,1
122446,7894,68.36924503988533,11,1
122456,7895,34.0967930246004,10,1
122469,7896,20.44064602154628,13,1
122487,7897,27.248613249116,18,1
122499,7898,113.89982789143536,12,1
122539,7899,-20.66036933356864,40,0
122549,7900,83.51221249979075,10,1
122559,7901,38.19339239237629,10,1
122573,7902,106.98281152128348,14,1
122613,7903,-20.991837612036516,40,0
122627,7904,73.7479130909579,14,1
122638,7905,73.24481393909241,11,1
122648,7906,51.02110363307927,10,1
122658,7907,41.96634945774975,10,1
122668,7908,84.27969849349724,10,1
122688,7909,40.0621288239655,20,1
122698,7910,49.914377714033435,10,1
122712,7911,72.73460315429976,14,1
122722,7912,117.11448421836201,10,1
122745,7913,35.594774550785495,23,1
122762,7914,68.58587632320291,17,1
122772,7915,105.82130083011064,10,1
122785,7916,93.33069351040432,13,1
122800,7917,62.08367082359793,15,1
122810,7918,39.00941738477587,10,1
122830,7919,31.874697156687212,20,1
122840,7920,36.897730808077206,10,1
122859,7921,74.82265175707681,19,1
122870,7922,31.415739401960767,11,1
122880,7923,64.8485988331115,10,1
122890,7924,47.29257382434259,10,1
122912,7925,33.96161762281582,22,1
122922,7926,28.404463961217964,10,1
122936,7927,26.125451629969223,14,1
122951,7928,51.13062665854197,15,1
122961,7929,124.70027189229917,10,1
122977,7930,86.6671287962229,16,1
122987,7931,95.14717049373317,10,1
122999,7932,55.00156646632038,12,1
123039,7933,-22.990674235987136,40,0
123050,7934,47.017074385504856,11,1
123070,7935,31.36982762197492,20,1
123080,7936,94.94465538289096,10,1
123090,7937,81.11731353181617,10,1
123100,7938,85.72798677540374,10,1
123110,7939,101.25452056591456,10,1
123126,7940,30.532602430880605,16,1
123136,7941,52.3411494760426,10,1
123148,7942,21.078972322012987,12,1
123158,7943,28.01300478714005,10,1
123168,7944,57.842305351992685,10,1
123178,7945,32.79119166337629,10,1
123218,7946,-20.939608193294582,40,0
123232,7947,59.08828699642294,14,1
123272,7948,-22.469963344111655,40,0
123285,7949,76.33633957217872,13,1
123296,7950,37.152716771537236,11,1
123307,7951,24.952898304983194,11,1
123324,7952,79.39522454756168,17,1
123334,7953,141.57974759643102,10,1
123346,7954,61.116438027688545,12,1
123360,7955,86.6705926971578,14,1
123400,7956,-21.7824111915654,40,0
123415,7957,121.37773930358468,15,1
123428,7958,71.39594678480671,13,1
123444,7959,77.137337888435,16,1
123459,7960,57.457267453497096,15,1
123471,7961,37.87031553302875,12,1
123511,7962,-20.394298477323673,40,0
123522,7963,92.12229570488043,11,1
123532,7964,57.61602745380693,10,1
123546,7965,47.592435327710525,14,1
123556,7966,73.21199611416294,10,1
123569,7967,69.09437654210384,13,1
123583,7968,85.19114014049534,14,1
123600,7969,43.41305486654198,17,1
123610,7970,32.49109197278083,10,1
123620,7971,112.3931500500527,10,1
123630,7972,134.32420685788645,10,1
123640,7973,42.69253717893845,10,1
123650,7974,83.83997192177638,10,1
123690,7975,-26.35042466054304,40,0
123700,7976,31.109160560497973,10,1
123711,7977,93.97850940625423,11,1
123721,7978,137.04972737195956,10,1
123731,7979,40.78598423151564,10,1
123741,7980,74.39196270657487,10,1
123756,7981,95.99427489024185,15,1
123767,7982,85.63737036171176,11,1
123778,7983,42.142445939310406,11,1
123790,7984,-5.002852917718013,12,1
123800,7985,121.69964348120645,10,1
123813,7986,70.11873931051116,13,1
123823,7987,72.40632582564176,10,1
123838,7988,32.64759387034527,15,1
123848,7989,30.640349817242807,10,1
123858,7990,40.06939529793835,10,1
123869,7991,99.05033937841644,11,1
123882,7992,47.40799583328643,13,1
123893,7993,89.67874782855058,11,1
123904,7994,97.1949360436367,11,1
123915,7995,57.746373315666396,11,1
123925,7996,82.3895227105324,10,1
123935,7997,31.768795695112683,10,1
123949,7998,113.09068334843296,14,1
123959,7999,105.80362116132726,10,1
123969,8000,75.81744833036143,10,1
123981,8001,33.74045841592253,12,1
123991,8002,85.76548185597228,10,1
124004,8003,76.1165696939639,13,1
124014,8004,76.49424911444186,10,1
124028,8005,62.08680285395757,14,1
124055,8006,60.82396625692571,27,1
124067,8007,67.46773683608222,12,1
124107,8008,-21.25391803192357,40,0
124135,8009,83.37694288506343,28,1
124145,8010,129.3955242849741,10,1
124185,8011,-22.143629884788872,40,0
124206,8012,44.0097413358865,21,1
124220,8013,41.83973600621396,14,1
124230,8014,61.33627007693595,10,1
124240,8015,44.55594791343078,10,1
124252,8016,101.34403719478547,12,1
124266,8017,99.92177225601016,14,1
124276,8018,104.12354600366159,10,1
124316,8019,-21.20612148837571,40,0
124326,8020,57.16311164389099,10,1
124336,8021,104.54449016999295,10,1
124350,8022,57.83661005728969,14,1
124362,8023,26.708707755951384,12,1
124376,8024,120.38882406162392,14,1
124386,8025,91.93228048907007,10,1
124400,8026,44.611683368707254,14,1
124422,8027,42.19320224801637,22,1
124462,8028,-20.709128215934815,40,0
124473,8029,123.9611600676121,11,1
124488,8030,27.551231726439752,15,1
124498,8031,23.72570030052226,10,1
124508,8032,45.734462594776005,10,1
124518,8033,35.90745619165498,10,1
124534,8034,19.422969150760984,16,1
124544,8035,125.04032713803102,10,1
124554,8036,40.29791287385461,10,1
124569,8037,117.5530483745121,15,1
124579,8038,114.77637701250632,10,1
124589,8039,52.216684566788615,10,1
124599,8040,79.81047642184068,10,1
124622,8041,20.86467192211523,23,1
124632,8042,42.80512812286135,10,1
124648,8043,68.93395140427708,16,1
124688,8044,-20.662077053300397,40,0
124702,8045,76.35488275080255,14,1
124716,8046,85.52777491165513,14,1
124728,8047,101.62741947745693,12,1
124738,8048,36.80398129956209,10,1
124748,8049,52.71428030889484,10,1
124758,8050,105.91924288039417,10,1
124773,8051,41.37066770394106,15,1
124785,8052,42.222378167711355,12,1
124799,8053,43.51099036736477,14,1
124809,8054,89.7589394960051,10,1
124821,8055,43.51479629731686,12,1
124831,8056,48.15359304325796,10,1
124871,8057,-20.54515195738474,40,0
124881,8058,75.35103347483114,10,1
124905,8059,138.28023551296326,24,1
124916,8060,75.61036248182025,11,1
124927,8061,58.51308088335569,11,1
124939,8062,55.134282021521166,12,1
124957,8063,71.09106780129315,18,1
124967,8064,72.02774730572472,10,1
124977,8065,115.37679431990668,10,1
124987,8066,36.62055562119024,10,1
124997,8067,102.90506465292339,10,1
125011,8068,48.315231847131045,14,1
125034,8069,95.64686540022932,23,1
125074,8070,-21.479846696087435,40,0
125089,8071,32.65094010380592,15,1
125101,8072,31.61787178148367,12,1
125111,8073,120.2925074910699,10,1
125130,8074,41.08711400617816,19,1
125144,8075,44.29764762852943,14,1
125154,8076,53.952504479607555,10,1
125166,8077,134.82722048841094,12,1
125177,8078,93.65374353329217,11,1
125187,8079,85.5811522742023,10,1
125199,8080,51.69009348726613,12,1
125225,8081,120.90751819884167,26,1
125248,8082,113.7052447349829,23,1
125260,8083,50.6605193157316,12,1
125278,8084,40.15205719788797,18,1
125289,8085,50.86949722308811,11,1
125304,8086,27.247031530020188,15,1
125318,8087,33.8104345964245,14,1
125339,8088,26.58871266410725,21,1
125352,8089,129.90823802196937,13,1
125362,8090,43.82697137366935,10,1
125374,8091,60.61587746998902,12,1
125385,8092,88.07917051099227,11,1
125402,8093,38.98709285611564,17,1
125413,8094,103.90835848898844,11,1
125423,8095,68.36545275333631,10,1
125433,8096,46.664879365296926,10,1
125444,8097,97.61647181533894,11,1
125459,8098,42.32023866372073,15,1
125472,8099,25.587758271641672,13,1
125482,8100,124.82029106503447,10,1
125492,8101,75.76193466191285,10,1
125508,8102,41.53857788973879,16,1
125521,8103,45.18145271294317,13,1
125532,8104,122.07182723701014,11,1
125542,8105,106.47744535468011,10,1
125552,8106,119.97219364262286,10,1
125566,8107,41.69166494187512,14,1
125581,8108,45.090866730495044,15,1
125597,8109,90.58850572077932,16,1
125610,8110,50.83123761632627,13,1
125624,8111,28.635085108615538,14,1
125634,8112,78.88358512772623,10,1
125648,8113,25.757567520081118,14,1
125658,8114,67.87455143625664,10,1
125668,8115,118.21066777766613,10,1
125684,8116,49.711547506730334,16,1
125694,8117,97.15431589305192,10,1
125704,8118,136.61825477756622,10,1
125714,8119,55.90259495942849,10,1
125724,8120,69.48612945963283,10,1
125738,8121,83.26225964944435,14,1
125762,8122,36.82631577184042,24,1
125774,8123,53.74812620606118,12,1
125784,8124,135.27246123141245,10,1
125794,8125,129.3648444570311,10,1
125808,8126,99.92030988606285,14,1
125824,8127,48.87128200369471,16,1
125836,8128,141.42438884356793,12,1
125846,8129,89.91463890252511,10,1
125858,8130,102.09516478450826,12,1
125871,8131,87.52060028209216,13,1
125881,8132,96.42588560965864,10,1
125891,8133,35.603251263365095,10,1
125905,8134,76.05564051025769,14,1
125919,8135,76.63513343691832,14,1
125929,8136,132.05276634557492,10,1
125939,8137,60.73194037055431,10,1
125949,8138,124.83063717263902,10,1
125974,8139,42.70734050968023,25,1
125988,8140,111.90016607412494,14,1
126002,8141,35.899595911745706,14,1
126012,8142,83.04289992146238,10,1
126022,8143,68.32574350363866,10,1
126033,8144,44.31568703312431,11,1
126044,8145,88.08863858980084,11,1
126054,8146,32.12653110303982,10,1
126066,8147,35.71948475354553,12,1
126083,8148,60.08780366578978,17,1
126101,8149,43.61256011167793,18,1
126113,8150,28.31115176968107,12,1
126123,8151,55.0721914544544,10,1
126133,8152,51.584105872240045,10,1
126147,8153,53.429759135737044,14,1
126159,8154,26.21902655714654,12,1
126177,8155,59.032479556657925,18,1
126187,8156,137.60936010644238,10,1
126222,8157,12.282936820890253,35,1
126232,8158,46.30786643422897,10,1
126242,8159,57.12047645857245,10,1
126259,8160,38.61429939253098,17,1
126275,8161,57.4082633713525,16,1
126290,8162,28.647405078500377,15,1
126314,8163,101.9413793615553,24,1
126327,8164,45.89255627913726,13,1
126347,8165,125.3137977845234,20,1
126361,8166,92.38942204689126,14,1
126374,8167,45.35781715343775,13,1
126384,8168,85.60050755502603,10,1
126394,8169,118.21805417346734,10,1
126434,8170,-20.70266010511744,40,0
126447,8171,64.98099960735551,13,1
126462,8172,30.937097169055576,15,1
126472,8173,59.87177393005643,10,1
126488,8174,27.297432383488523,16,1
126504,8175,43.76215170371602,16,1
126514,8176,71.30823374067992,10,1
126527,8177,85.56890087661235,13,1
126537,8178,57.8018959038138,10,1
126547,8179,93.11664718184313,10,1
126561,8180,99.29891469848042,14,1
126581,8181,89.90345917601665,20,1
126599,8182,28.004300873802638,18,1
126609,8183,78.41334064251932,10,1
126627,8184,58.72682076554446,18,1
126637,8185,133.64192463953367,10,1
126647,8186,142.0877604123416,10,1
126663,8187,104.9440126543875,16,1
126699,8188,73.98413932406214,36,1
126710,8189,108.49003365607729,11,1
126723,8190,41.10189772960048,13,1
126735,8191,47.060340342529805,12,1
126745,8192,18.962215234079252,10,1
126758,8193,115.95575174643815,13,1
126768,8194,124.98460596224596,10,1
126785,8195,85.55278434418142,17,1
126795,8196,98.36852863125566,10,1
126809,8197,72.52302891474618,14,1
126819,8198,117.37340386274549,10,1
126829,8199,58.248773108475795,10,1
126839,8200,138.11250024199845,10,1
126849,8201,92.87445342499888,10,1
126859,8202,88.36391098842506,10,1
126899,8203,-20.88565805629879,40,0
126910,8204,88.35188722173874,11,1
126927,8205,89.16006812876448,17,1
126943,8206,37.5716514746504,16,1
126955,8207,39.34812615984212,12,1
126965,8208,79.56181684083623,10,1
126975,8209,52.32163735954901,10,1
126986,8210,136.56778619675492,11,1
126998,8211,52.79201777752315,12,1
127008,8212,35.501578679339374,10,1
127019,8213,67.1181847058129,11,1
127029,8214,78.5667274299552,10,1
127045,8215,73.13759773114253,16,1
127060,8216,32.75765679607932,15,1
127075,8217,75.4193577109762,15,1
127089,8218,41.07149929435815,14,1
127100,8219,52.012015767413395,11,1
127124,8220,81.40701965323808,24,1
127147,8221,44.41662276412665,23,1
127162,8222,39.24122873638493,15,1
127202,8223,-20.693433044958848,40,0
127218,8224,123.91731036840874,16,1
127228,8225,58.39562065997938,10,1
127246,8226,138.1983118877028,18,1
127257,8227,92.0567972114488,11,1
127274,8228,42.29068996048871,17,1
127284,8229,44.077027230963814,10,1
127307,8230,54.01787356362606,23,1
127318,8231,34.4945224144693,11,1
127340,8232,32.457752149737445,22,1
127350,8233,109.89151247733594,10,1
127376,8234,39.2717336740684,26,1
127391,8235,26.277979883481635,15,1
127405,8236,54.00361316177995,14,1
127418,8237,132.74042537036593,13,1
127428,8238,106.83394716201603,10,1
127449,8239,89.222618963379,21,1
127461,8240,103.09676596617626,12,1
127471,8241,74.9903942836979,10,1
127484,8242,94.19600845818012,13,1
127496,8243,54.91101351941879,12,1
127506,8244,119.28229232501904,10,1
127516,8245,32.87766423490861,10,1
127527,8246,44.693347813230055,11,1
127539,8247,42.06661686647854,12,1
127551,8248,40.33077092578842,12,1
127564,8249,29.232520643319507,13,1
127582,8250,69.84812235425429,18,1
127593,8251,41.900574633659126,11,1
127608,8252,70.67300526650979,15,1
127648,8253,-21.390629223271073,40,0
127660,8254,59.709788966357856,12,1
127679,8255,95.19538856875242,19,1
127689,8256,114.69637142603949,10,1
127702,8257,43.25944203271,13,1
127712,8258,76.2946240620963,10,1
127723,8259,49.88746639421653,11,1
127740,8260,75.91051959084373,17,1
127752,8261,25.31856011187229,12,1
127762,8262,43.01761263054439,10,1
127783,8263,85.12465823986159,21,1
127793,8264,44.231870648915724,10,1
127832,8265,67.90849979831047,39,1
127842,8266,35.50928793369578,10,1
127852,8267,140.91081183050906,10,1
127886,8268,14.861265950180258,34,1
127899,8269,51.57874939191163,13,1
127909,8270,94.12913906043946,10,1
127921,8271,95.34553512187384,12,1
127941,8272,20.398640978949416,20,1
127951,8273,45.79404531106634,10,1
127961,8274,83.66471314151103,10,1
127977,8275,45.36781049016825,16,1
127987,8276,48.611104902208176,10,1
127999,8277,130.6399990493288,12,1
128009,8278,138.39939525225415,10,1
128019,8279,27.70877398509262,10,1
128039,8280,69.08823822435244,20,1
128060,8281,76.87633774776138,21,1
128072,8282,95.38282170145034,12,1
128098,8283,109.00074388662351,26,1
128110,8284,34.79921815380576,12,1
128120,8285,95.1463268079587,10,1
128132,8286,20.084695626392726,12,1
128143,8287,52.311901863519665,11,1
128153,8288,104.68600561243811,10,1
128163,8289,34.08808421997426,10,1
128173,8290,45.85866957091407,10,1
128183,8291,116.73426183804797,10,1
128194,8292,86.32186760134888,11,1
128204,8293,99.12396351291537,10,1
128215,8294,60.68814887194661,11,1
128225,8295,81.69507252904127,10,1
128238,8296,133.7425854929699,13,1
128269,8297,26.15530925860079,31,1
128285,8298,70.09749792148946,16,1
128295,8299,66.65274639728634,10,1
128309,8300,42.927076182577565,14,1
128320,8301,58.7935195499527,11,1
128336,8302,67.83692436699344,16,1
128347,8303,35.008546602702246,11,1
128368,8304,78.84255604324301,21,1
128378,8305,137.01525444156005,10,1
128402,8306,116.35858522546583,24,1
128416,8307,34.67637635952411,14,1
128430,8308,58.14755757813306,14,1
128440,8309,32.5689921926578,10,1
128453,8310,34.10467324582868,13,1
128468,8311,120.23023845622824,15,1
128478,8312,48.80589070477829,10,1
128490,8313,28.09482542964474,12,1
128501,8314,59.79466658981771,11,1
128511,8315,135.68085067008397,10,1
128521,8316,134.4698149179602,10,1
128531,8317,32.93108737942193,10,1
128544,8318,69.47278536001977,13,1
128557,8319,39.21879701356283,13,1
128567,8320,99.79994909306428,10,1
128579,8321,29.12203135824715,12,1
128593,8322,36.893210279174056,14,1
128608,8323,53.12552364690026,15,1
128633,8324,86.15975042791005,25,1
128645,8325,40.23919344425035,12,1
128656,8326,94.87248954983848,11,1
128670,8327,119.52820977896893,14,1
128681,8328,42.12919305679933,11,1
128693,8329,71.1273561374341,12,1
128703,8330,95.47774436777902,10,1
128713,8331,80.95683551964323,10,1
128723,8332,33.91642423132808,10,1
128734,8333,-18.601699022454046,11,1
128750,8334,27.335871407740477,16,1
128760,8335,95.33547920387893,10,1
128778,8336,120.0506207803571,18,1
128788,8337,42.54454850641554,10,1
128798,8338,47.8946342254698,10,1
128808,8339,30.630105806505977,10,1
128826,8340,30.412779842745262,18,1
128836,8341,39.28743251779628,10,1
128855,8342,43.26690820906121,19,1
128868,8343,38.43848650309148,13,1
128878,8344,99.33799608251609,10,1
128888,8345,137.05941658392803,10,1
128898,8346,68.09108344142814,10,1
128913,8347,107.89193167993402,15,1
128923,8348,112.03691929946305,10,1
128940,8349,28.862577065530314,17,1
128952,8350,102.89308688998018,12,1
128962,8351,52.52403908749658,10,1
128987,8352,132.08621366891938,25,1
129001,8353,47.56428697678297,14,1
129014,8354,31.251862347129077,13,1
129024,8355,71.51590067635502,10,1
129039,8356,34.80295529567004,15,1
129055,8357,60.3640788068995,16,1
129066,8358,56.047599927621555,11,1
129083,8359,96.82100220959497,17,1
129093,8360,135.16577474277972,10,1
129103,8361,108.95373153956734,10,1
129113,8362,83.21456315492247,10,1
129123,8363,87.28805291307742,10,1
129135,8364,49.84264023150972,12,1
129146,8365,91.02152865834368,11,1
129156,8366,136.18314575215155,10,1
129170,8367,89.74425871350017,14,1
129193,8368,82.6578365330977,23,1
129220,8369,26.121783382464827,27,1
129237,8370,27.724689622805677,17,1
129247,8371,75.91345552805345,10,1
129258,8372,65.85939709478386,11,1
129269,8373,99.72212617792812,11,1
129282,8374,83.37865725692959,13,1
129292,8375,130.0135160541378,10,1
129308,8376,94.13519119803414,16,1
129318,8377,97.32643364956927,10,1
129328,8378,31.669745814356727,10,1
129338,8379,85.6274350936276,10,1
129348,8380,62.98899195905349,10,1
129358,8381,83.15553618272004,10,1
129377,8382,83.55179443013046,19,1
129390,8383,119.72486503767092,13,1
129406,8384,50.91242685552607,16,1
129419,8385,69.08015087517846,13,1
129429,8386,82.52866260833694,10,1
129439,8387,54.981671990876805,10,1
129454,8388,90.8657034067481,15,1
129464,8389,37.50840730351351,10,1
129480,8390,117.35027494311217,16,1
129490,8391,108.1055023969655,10,1
129504,8392,27.656726413057807,14,1
129523,8393,56.19913009291043,19,1
129533,8394,84.1770817436959,10,1
129543,8395,87.61697153272954,10,1
129553,8396,139.35930028933657,10,1
129571,8397,109.31852835480763,18,1
129589,8398,38.11368962287171,18,1
129610,8399,58.68974500984677,21,1
129635,8400,55.03439001553183,25,1
129648,8401,60.026980788841335,13,1
129658,8402,29.529255878294137,10,1
129668,8403,108.68683588605778,10,1
129679,8404,107.16138739921105,11,1
129692,8405,37.09316051204121,13,1
129708,8406,20.889315151443384,16,1
129739,8407,29.086779625232023,31,1
129749,8408,87.05655160282183,10,1
129762,8409,75.21763429349137,13,1
129776,8410,134.01056697742402,14,1
129793,8411,104.09374554119009,17,1
129803,8412,116.25123517242656,10,1
129815,8413,95.43112611375768,12,1
129825,8414,78.3206585957221,10,1
129841,8415,37.255206304338586,16,1
129857,8416,113.33079022169794,16,1
129870,8417,106.05256491086482,13,1
129880,8418,114.94771911080531,10,1
129897,8419,49.72298067935352,17,1
129907,8420,143.1512446603378,10,1
129919,8421,31.229780275537866,12,1
129929,8422,101.94145267135877,10,1
129943,8423,125.5009088541187,14,1
129975,8424,105.47818411282981,32,1
129997,8425,21.156051240400988,22,1
130010,8426,47.51562717044186,13,1
130023,8427,51.934505585747154,13,1
130033,8428,58.983687161197935,10,1
130052,8429,6.376488039112705,19,1
130062,8430,94.06704019010344,10,1
130072,8431,41.932831730863924,10,1
130087,8432,39.38388866559221,15,1
130097,8433,122.5617256369151,10,1
130107,8434,108.72723542454382,10,1
130120,8435,40.7356323139167,13,1
130139,8436,5.237416544207628,19,1
130151,8437,87.98041381523142,12,1
130162,8438,112.07486541240927,11,1
130172,8439,88.72055186553037,10,1
130182,8440,121.5055440650697,10,1
130197,8441,66.6954956058326,15,1
130207,8442,129.98468044482337,10,1
130217,8443,88.84493844920081,10,1
130227,8444,39.82689982692711,10,1
130237,8445,67.23980885618542,10,1
130247,8446,67.46739873356177,10,1
130261,8447,56.40028592661473,14,1
130301,8448,-21.218438179024787,40,0
130316,8449,69.78947908115879,15,1
130330,8450,36.82925117317953,14,1
130348,8451,81.38359399885788,18,1
130358,8452,114.90223065000161,10,1
130368,8453,27.72592442394361,10,1
130389,8454,41.91704825921816,21,1
130399,8455,116.73366857429716,10,1
130409,8456,75.39265875326846,10,1
130424,8457,34.96822223493976,15,1
130440,8458,26.19181534594478,16,1
130455,8459,67.75593270815226,15,1
130474,8460,75.47785636493421,19,1
130488,8461,49.615050456473014,14,1
130502,8462,21.340290753645753,14,1
130513,8463,101.88388375455558,11,1
130527,8464,134.23266751690625,14,1
130548,8465,72.13266900151581,21,1
130571,8466,45.71388329206477,23,1
130584,8467,81.76304450449837,13,1
130596,8468,105.14852749112893,12,1
130606,8469,45.580994055470576,10,1
130630,8470,107.65519728390157,24,1
130644,8471,57.2428161382232,14,1
130660,8472,28.674794715836715,16,1
130670,8473,48.95230670500225,10,1
130680,8474,58.25265494257697,10,1
130690,8475,108.09506200498073,10,1
130700,8476,38.77270567688149,10,1
130718,8477,22.688946317109725,18,1
130758,8478,-21.35734983248182,40,0
130768,8479,119.49441403542649,10,1
130780,8480,142.00455617931058,12,1
130797,8481,35.05946398178423,17,1
130807,8482,75.85203759651621,10,1
130824,8483,60.585136717769025,17,1
130834,8484,73.99469438919373,10,1
130848,8485,38.15342853831494,14,1
130866,8486,59.05007932185678,18,1
130880,8487,121.35829130253012,14,1
130890,8488,49.89786502821815,10,1
130908,8489,40.466991772319744,18,1
130926,8490,41.34550727245551,18,1
130966,8491,-21.484821190618245,40,0
130994,8492,58.672935833419146,28,1
131011,8493,118.74140293401378,17,1
131026,8494,55.76281889589272,15,1
131036,8495,40.496495713087356,10,1
131067,8496,139.37247977763946,31,1
131081,8497,114.8854505188008,14,1
131106,8498,78.13925538412394,25,1
131120,8499,88.82725960364722,14,1
131130,8500,59.358576212842245,10,1
131162,8501,46.938024375000154,32,1
131190,8502,69.4866188779107,28,1
131201,8503,142.25537896799918,11,1
131211,8504,68.14708111570167,10,1
131222,8505,47.01035539653025,11,1
131232,8506,132.19889969051815,10,1
131242,8507,45.36744354700573,10,1
131252,8508,114.51498713849173,10,1
131273,8509,70.30813182255449,21,1
131291,8510,26.42292321983611,18,1
131308,8511,41.705688168716506,17,1
131348,8512,-23.559515517980106,40,0
131384,8513,36.5096996089988,36,1
131416,8514,-47.41121299246054,32,1
131444,8515,31.996849963178605,28,1
131454,8516,97.47804046078808,10,1
131494,8517,-21.622285409429413,40,0
131504,8518,18.932734357391606,10,1
131524,8519,112.6900688488008,20,1
131537,8520,27.020039785564368,13,1
131550,8521,110.88080655359617,13,1
131560,8522,99.24391876087039,10,1
131580,8523,38.27883969034923,20,1
131592,8524,79.70007325430318,12,1
131605,8525,42.903463792103466,13,1
131618,8526,67.55968412200961,13,1
131637,8527,58.81034201677345,19,1
131648,8528,68.64856497799687,11,1
131658,8529,70.58490743825392,10,1
131677,8530,54.4247653693096,19,1
131687,8531,79.13353644900918,10,1
131699,8532,52.58492905025075,12,1
131709,8533,29.398286176432222,10,1
131724,8534,42.689477043814996,15,1
131734,8535,80.11607060490778,10,1
131756,8536,62.934704424575706,22,1
131783,8537,20.382646370088295,27,1
131797,8538,44.51367981668574,14,1
131832,8539,58.18475287186998,35,1
131846,8540,95.96658810310512,14,1
131858,8541,66.16563602547048,12,1
131873,8542,57.044069222539925,15,1
131883,8543,117.78667110910926,10,1
131894,8544,85.07688473475586,11,1
131927,8545,74.028883028261,33,1
131948,8546,60.0691284757185,21,1
131966,8547,96.1737554186785,18,1
131976,8548,135.17603423180222,10,1
131987,8549,78.59067916330936,11,1
131999,8550,132.21683741089777,12,1
132019,8551,51.89841400475129,20,1
132029,8552,95.11780264492958,10,1
132039,8553,134.76844903109003,10,1
132057,8554,92.85271260146946,18,1
132081,8555,39.78020353790332,24,1
132109,8556,103.63337902081146,28,1
132137,8557,29.70365032377106,28,1
132153,8558,42.44800144433734,16,1
132175,8559,92.91607204186788,22,1
132189,8560,89.25054251127975,14,1
132205,8561,120.20219120325403,16,1
132218,8562,68.77098947371829,13,1
132228,8563,133.4659382240669,10,1
132248,8564,125.42054517514306,20,1
132259,8565,79.22967859275096,11,1
132269,8566,132.25498363746573,10,1
132279,8567,56.0964708472375,10,1
132290,8568,60.33505065052927,11,1
132301,8569,52.52104860609759,11,1
132328,8570,123.8266027608814,27,1
132338,8571,78.06116907415783,10,1
132351,8572,46.12485060382472,13,1
132363,8573,135.4080065739672,12,1
132373,8574,72.74634184608668,10,1
132383,8575,44.68762162692733,10,1
132397,8576,58.17853355253222,14,1
132419,8577,115.87345048012845,22,1
132438,8578,22.453165068407003,19,1
132448,8579,27.26038996072583,10,1
132458,8580,45.92145682866848,10,1
132475,8581,139.68996807013104,17,1
132496,8582,52.05889165331109,21,1
132506,8583,57.18973159719561,10,1
132516,8584,49.238933685804135,10,1
132526,8585,132.46487917496893,10,1
132538,8586,108.36539323300087,12,1
132557,8587,69.4824381727983,19,1
132577,8588,102.37924420565722,20,1
132601,8589,117.88379957377651,24,1
132613,8590,44.867140327194875,12,1
132623,8591,115.5175570439914,10,1
132638,8592,69.60999559651775,15,1
132662,8593,72.97917458323887,24,1
132678,8594,47.22802589646856,16,1
132695,8595,144.21188560440183,17,1
132709,8596,57.91883081042683,14,1
132727,8597,49.41791116550569,18,1
132738,8598,115.17516676540214,11,1
132748,8599,118.05485877395198,10,1
132768,8600,25.534354421035435,20,1
132780,8601,42.0538717021989,12,1
132794,8602,72.05900436344005,14,1
132811,8603,137.44114669672177,17,1
132830,8604,70.79988737346699,19,1
132840,8605,55.91444942361967,10,1
132865,8606,117.93540396726168,25,1
132877,8607,34.62150850893327,12,1
132887,8608,66.5308897264438,10,1
132899,8609,91.20927997513935,12,1
132938,8610,18.370511847294605,39,1
132948,8611,52.874201863792436,10,1
132962,8612,119.40972199010295,14,1
132975,8613,131.65212863250423,13,1
132987,8614,51.1140735032945,12,1
133008,8615,91.92071731244776,21,1
133048,8616,-22.493244934288157,40,0
133083,8617,107.46132510907601,35,1
133100,8618,104.35191233998361,17,1
133110,8619,143.34885735321419,10,1
133122,8620,107.86756863286998,12,1
133132,8621,143.7556431179804,10,1
133145,8622,34.28371550346489,13,1
133155,8623,133.6841172669623,10,1
133168,8624,87.35868841486929,13,1
133178,8625,40.53412941965586,10,1
133189,8626,20.258942752362547,11,1
133199,8627,51.17533298020651,10,1
133219,8628,86.65501257738529,20,1
133244,8629,106.22203659164161,25,1
133254,8630,83.07515162260474,10,1
133268,8631,29.18784043788926,14,1
133278,8632,132.86305164925022,10,1
133288,8633,122.96623530888729,10,1
133308,8634,38.71822948501393,20,1
133318,8635,99.53030912755553,10,1
133342,8636,47.41177328313746,24,1
133352,8637,98.9866409881864,10,1
133362,8638,135.9223267376886,10,1
133374,8639,59.06439140698424,12,1
133385,8640,47.20183423745722,11,1
133395,8641,67.74174255563285,10,1
133435,8642,-21.428621399359166,40,0
133445,8643,114.37525028668443,10,1
133455,8644,98.00318503560628,10,1
133476,8645,33.57713677190739,21,1
133486,8646,70.32164908963972,10,1
133504,8647,103.44147421291154,18,1
133525,8648,56.919722422220445,21,1
133535,8649,94.54251089203635,10,1
133546,8650,56.43229350824004,11,1
133558,8651,94.33923772253037,12,1
133572,8652,33.317304459894615,14,1
133582,8653,44.86916011338551,10,1
133593,8654,88.95550213727455,11,1
133610,8655,78.79987130275968,17,1
133628,8656,67.99264292982984,18,1
133638,8657,100.03165364558063,10,1
133671,8658,70.81418592239946,33,1
133681,8659,111.27018858926355,10,1
133697,8660,90.3856590341563,16,1
133716,8661,41.496702673779815,19,1
133727,8662,66.82592508573451,11,1
133737,8663,72.1061378176721,10,1
133748,8664,60.404350449044045,11,1
133758,8665,37.25120960837652,10,1
133771,8666,123.77517882981343,13,1
133786,8667,125.85171604781338,15,1
133796,8668,116.49660846807211,10,1
133806,8669,90.1938806312502,10,1
133827,8670,52.48651601126062,21,1
133837,8671,80.62588828861992,10,1
133862,8672,109.79206680773768,25,1
133886,8673,107.71980090665005,24,1
133896,8674,20.35393646840464,10,1
133909,8675,60.209866409903704,13,1
133932,8676,133.92187782707765,23,1
133942,8677,67.56664381117817,10,1
133957,8678,134.91610173760083,15,1
133984,8679,143.1242801995059,27,1
133996,8680,94.43903193962126,12,1
134012,8681,50.81348232194031,16,1
134029,8682,49.05163278754722,17,1
134040,8683,29.50511481578332,11,1
134054,8684,32.566814975169564,14,1
134094,8685,-21.603786798860874,40,0
134109,8686,117.05793883398252,15,1
134149,8687,-29.814590781941796,40,0
134159,8688,40.05444025937272,10,1
134169,8689,78.748964859535,10,1
134192,8690,123.74609689215278,23,1
134204,8691,61.77253638552871,12,1
134214,8692,48.810277474988354,10,1
134226,8693,77.59358510247382,12,1
134241,8694,46.51525133527524,15,1
134253,8695,75.31272675822532,12,1
134263,8696,98.94029858626195,10,1
134273,8697,123.10860564131264,10,1
134284,8698,88.26365609329876,11,1
134295,8699,31.649635548342353,11,1
134305,8700,80.11411755131991,10,1
134319,8701,51.348887590247024,14,1
134331,8702,68.85450054135578,12,1
134347,8703,34.381602898363404,16,1
134363,8704,66.30852552210433,16,1
134373,8705,34.63948400538199,10,1
134384,8706,37.21779526823148,11,1
134403,8707,43.84234558391021,19,1
134413,8708,76.546580874105,10,1
134424,8709,51.15308030546274,11,1
134437,8710,45.96217895435162,13,1
134448,8711,97.27905669599633,11,1
134458,8712,110.34271008631681,10,1
134470,8713,102.9056084059718,12,1
134480,8714,111.86297146123202,10,1
134490,8715,97.59360383831795,10,1
134502,8716,48.448555982512815,12,1
134532,8717,107.9890472511124,30,1
134542,8718,77.8229352923601,10,1
134558,8719,36.83038002835908,16,1
134579,8720,50.99167978021049,21,1
134599,8721,45.02981206190286,20,1
134609,8722,45.72410000489213,10,1
134624,8723,51.83352721136588,15,1
134634,8724,133.6357398793916,10,1
134655,8725,84.45333280679262,21,1
134665,8726,111.27585838277173,10,1
134677,8727,111.82218936899685,12,1
134700,8728,45.83858370225031,23,1
134710,8729,79.25003005961351,10,1
134720,8730,39.38064085174793,10,1
134732,8731,70.33534798622486,12,1
134748,8732,42.55008478103502,16,1
134758,8733,76.48025086794416,10,1
134768,8734,58.302241998232326,10,1
134779,8735,136.77094169302558,11,1
134789,8736,38.363634921123825,10,1
134799,8737,97.79252047369155,10,1
134826,8738,58.09638897598334,27,1
134838,8739,88.96435190151269,12,1
134878,8740,-20.828114348255365,40,0
134897,8741,34.521684943543946,19,1
134907,8742,139.28625741442454,10,1
134917,8743,109.00896394296429,10,1
134941,8744,90.1045134754401,24,1
134955,8745,46.63051040850711,14,1
134977,8746,23.106035957756173,22,1
134997,8747,53.585366479152114,20,1
135008,8748,89.5506353323958,11,1
135034,8749,107.1284259492389,26,1
135049,8750,92.03733802960404,15,1
135062,8751,72.59276395826001,13,1
135072,8752,55.46602958453499,10,1
135088,8753,111.51500171221689,16,1
135100,8754,140.51786767096286,12,1
135115,8755,61.29947906229466,15,1
135125,8756,108.05279398520085,10,1
135138,8757,133.6189005932848,13,1
135151,8758,54.845900640991495,13,1
135176,8759,12.894120073884128,25,1
135199,8760,72.579589330708,23,1
135209,8761,51.3732449760507,10,1
135219,8762,124.8818535159492,10,1
135229,8763,51.731379324509234,10,1
135246,8764,60.50853909556017,17,1
135258,8765,142.01235918180143,12,1
135268,8766,123.52984226903385,10,1
135294,8767,-25.648486787142797,26,1
135304,8768,79.29079084504859,10,1
135315,8769,66.41861222485204,11,1
135336,8770,45.04863863104798,21,1
135346,8771,99.10219022825405,10,1
135365,8772,86.85518302620456,19,1
135378,8773,123.29456458319947,13,1
135389,8774,39.14754813477712,11,1
135399,8775,50.81833747971703,10,1
135417,8776,39.72960114337334,18,1
135427,8777,60.115858023660884,10,1
135449,8778,88.12856912970132,22,1
135469,8779,44.50555035608848,20,1
135479,8780,31.434682632057488,10,1
135491,8781,84.14528960624837,12,1
135501,8782,122.4846158232649,10,1
135514,8783,52.3041574574674,13,1
135527,8784,58.97158762616031,13,1
135537,8785,58.32164171350362,10,1
135548,8786,119.80436281236314,11,1
135558,8787,93.15301834764169,10,1
135568,8788,59.21902316308541,10,1
135579,8789,53.43450597637782,11,1
135596,8790,74.89475571584813,17,1
135606,8791,42.7202561115279,10,1
135617,8792,44.018892523614085,11,1
135627,8793,137.64220411773962,10,1
135640,8794,132.77236649509132,13,1
135652,8795,133.46890923462968,12,1
135663,8796,89.63304457233006,11,1
135673,8797,81.46214491591621,10,1
135693,8798,46.84532041018652,20,1
135703,8799,76.70003318699368,10,1
135713,8800,93.9050957631239,10,1
135729,8801,22.197172406974474,16,1
135739,8802,122.87234790972383,10,1
135749,8803,48.90875203151053,10,1
135763,8804,140.11173476340383,14,1
135778,8805,120.9868461110639,15,1
135790,8806,102.23509503143326,12,1
135810,8807,82.40668516509577,20,1
135820,8808,73.75414549675014,10,1
135840,8809,102.16450350004861,20,1
135850,8810,31.39396006069765,10,1
135860,8811,69.1093773156527,10,1
135871,8812,112.76003870597457,11,1
135881,8813,49.67369201883665,10,1
135897,8814,113.76296945752213,16,1
135916,8815,67.83347936396741,19,1
135926,8816,107.25692645808857,10,1
135936,8817,139.6802849471874,10,1
135946,8818,49.61994551163503,10,1
135956,8819,73.6358714211973,10,1
135966,8820,109.37423460595909,10,1
135983,8821,106.75259345868375,17,1
135993,8822,138.86030951744604,10,1
136006,8823,38.168548659665646,13,1
136021,8824,100.52433872292868,15,1
136031,8825,120.09019994234215,10,1
136054,8826,89.395777437826,23,1
136067,8827,90.72642072549628,13,1
136081,8828,103.56428213840303,14,1
136092,8829,72.22587942940227,11,1
136105,8830,62.795648596176584,13,1
136116,8831,54.544386976929026,11,1
136156,8832,-20.49299599818123,40,0
136196,8833,-21.822763919139362,40,0
136211,8834,82.11520775496012,15,1
136222,8835,82.40510784774602,11,1
136235,8836,77.2539828687461,13,1
136250,8837,49.81527096100892,15,1
136263,8838,41.78793557150963,13,1
136273,8839,135.74913931915322,10,1
136288,8840,100.57841747520774,15,1
136298,8841,40.42185479877818,10,1
136308,8842,73.08449355254518,10,1
136318,8843,71.45484629037205,10,1
136328,8844,122.1232719864641,10,1
136347,8845,80.64270791764382,19,1
136360,8846,43.889889842025966,13,1
136373,8847,82.05047629532315,13,1
136387,8848,66.65464193435645,14,1
136397,8849,80.5726597268934,10,1
136407,8850,39.01838731739174,10,1
136417,8851,73.84678999631606,10,1
136429,8852,112.73302165894373,12,1
136439,8853,115.1420913267609,10,1
136453,8854,70.83368833277534,14,1
136465,8855,60.0251083015841,12,1
136475,8856,37.68786238016553,10,1
136485,8857,32.58504281144483,10,1
136497,8858,67.59075365806117,12,1
136510,8859,48.45111299767788,13,1
136526,8860,90.39097267610889,16,1
136539,8861,42.59398535638801,13,1
136549,8862,105.12217772824759,10,1
136562,8863,33.49190342780684,13,1
136577,8864,75.95148542834865,15,1
136587,8865,31.287777215552115,10,1
136598,8866,140.09271594255398,11,1
136608,8867,58.0785102654318,10,1
136623,8868,103.68205495143712,15,1
136636,8869,111.27339018275373,13,1
136647,8870,120.0592375759605,11,1
136657,8871,106.8526774413974,10,1
136669,8872,113.88535788561956,12,1
136680,8873,118.79273643490808,11,1
136691,8874,117.92357833442149,11,1
136707,8875,25.80861754677309,16,1
136717,8876,134.11325533099904,10,1
136729,8877,60.438097958428635,12,1
136739,8878,34.47442228791155,10,1
136752,8879,42.90254787036167,13,1
136768,8880,56.038045048335015,16,1
136778,8881,107.58262491536941,10,1
136788,8882,79.50518279850947,10,1
136799,8883,48.529259943769055,11,1
136809,8884,69.68412437716324,10,1
136819,8885,100.48424393910938,10,1
136836,8886,99.27075591044054,17,1
136846,8887,93.12411536766251,10,1
136856,8888,101.0870518888194,10,1
136869,8889,139.8904012984606,13,1
136881,8890,113.89088646585563,12,1
136897,8891,68.5318852213475,16,1
136911,8892,95.88325717840212,14,1
136923,8893,115.77582697517218,12,1
136937,8894,39.63488401929062,14,1
136947,8895,26.557179558840073,10,1
136957,8896,107.05347721257915,10,1
136967,8897,75.75821833840818,10,1
136977,8898,76.76269842436503,10,1
136991,8899,114.01662816896666,14,1
137001,8900,58.97209995181343,10,1
137025,8901,46.926688316711385,24,1
137048,8902,55.62222419095444,23,1
137058,8903,85.90748282335785,10,1
137070,8904,47.502961592490756,12,1
137082,8905,76.74351833619626,12,1
137092,8906,112.97765621215599,10,1
137105,8907,80.14538040222786,13,1
137115,8908,136.6827574926555,10,1
137128,8909,59.432833561181596,13,1
137147,8910,137.02261040718778,19,1
137158,8911,89.4162578445676,11,1
137171,8912,39.79574881527826,13,1
137185,8913,27.803817805090883,14,1
137195,8914,112.95933401965081,10,1
137205,8915,91.00086694241028,10,1
137228,8916,96.04659964526866,23,1
137238,8917,79.9625593039339,10,1
137248,8918,57.479956080570986,10,1
137264,8919,90.71754189475878,16,1
137274,8920,69.41817380928217,10,1
137284,8921,141.8127618887454,10,1
137297,8922,61.959749037637735,13,1
137321,8923,56.54119571935545,24,1
137332,8924,83.79111053194083,11,1
137342,8925,75.03768506651822,10,1
137354,8926,84.04445074818386,12,1
137364,8927,84.2265388889006,10,1
137376,8928,133.03728917615686,12,1
137389,8929,129.36018017527078,13,1
137404,8930,32.455365836673415,15,1
137419,8931,40.055547127887294,15,1
137429,8932,82.10531642650736,10,1
137441,8933,136.91946214252363,12,1
137457,8934,59.86868927347418,16,1
137467,8935,67.80235715126705,10,1
137477,8936,84.463088986934,10,1
137488,8937,92.75703650519415,11,1
137499,8938,134.58463830662936,11,1
137539,8939,-20.683982647009092,40,0
137549,8940,121.40229336279462,10,1
137565,8941,81.9852845241474,16,1
137576,8942,60.508268263769544,11,1
137586,8943,89.06962706555592,10,1
137598,8944,99.73428314888918,12,1
137620,8945,100.09696470791464,22,1
137630,8946,93.70399224331821,10,1
137645,8947,35.61200901542773,15,1
137658,8948,20.126488503324392,13,1
137668,8949,62.38973644266525,10,1
137682,8950,95.95584416371453,14,1
137695,8951,97.82579355510146,13,1
137705,8952,74.44143131026112,10,1
137723,8953,89.51485602136623,18,1
137751,8954,91.00377282811448,28,1
137768,8955,107.88140411972199,17,1
137782,8956,51.92557213760665,14,1
137792,8957,57.329605922557576,10,1
137802,8958,103.45522180118213,10,1
137817,8959,68.04769325978319,15,1
137827,8960,132.13743028471316,10,1
137837,8961,72.04368241344649,10,1
137847,8962,130.24804110668342,10,1
137857,8963,98.16687024820962,10,1
137867,8964,114.97800457620097,10,1
137888,8965,131.77667770822697,21,1
137901,8966,121.11089779927812,13,1
137911,8967,40.7934041438791,10,1
137921,8968,113.65914170423035,10,1
137936,8969,141.23711698788526,15,1
137946,8970,76.38409101088325,10,1
137956,8971,53.40594251190629,10,1
137980,8972,92.99032615335118,24,1
137993,8973,36.20838177319279,13,1
138003,8974,86.1395819883616,10,1
138022,8975,107.5369710809248,19,1
138040,8976,112.28767793004904,18,1
138063,8977,121.9116273907952,23,1
138073,8978,115.17847119393761,10,1
138083,8979,131.69690485682855,10,1
138118,8980,102.60243596066644,35,1
138129,8981,48.68187941391769,11,1
138139,8982,102.74940537624579,10,1
138154,8983,58.74381718104986,15,1
138165,8984,132.03394171163586,11,1
138183,8985,102.09067397349642,18,1
138198,8986,140.02423017478074,15,1
138209,8987,133.53350535650387,11,1
138221,8988,85.81084529064675,12,1
138232,8989,32.18480660203478,11,1
138247,8990,97.00800791916394,15,1
138258,8991,58.83794906419185,11,1
138268,8992,141.8721388365511,10,1
138281,8993,56.12171112602663,13,1
138291,8994,92.8308150540916,10,1
138301,8995,134.7300918139329,10,1
138311,8996,37.097911439329536,10,1
138321,8997,106.48709893574024,10,1
138333,8998,102.28761904270203,12,1
138345,8999,45.824820591005405,12,1
138355,9000,132.91497654026028,10,1
138369,9001,76.98983303696608,14,1
138379,9002,109.2318396276677,10,1
138389,9003,105.596544710334,10,1
138399,9004,81.5555985393243,10,1
138409,9005,76.89004932666606,10,1
138432,9006,37.6162010866232,23,1
138443,9007,74.80448597397557,11,1
138457,9008,39.99630842327252,14,1
138470,9009,41.22335493496699,13,1
138480,9010,112.64941709084387,10,1
138490,9011,105.45366466753723,10,1
138500,9012,51.90585560065576,10,1
138512,9013,59.06380081453241,12,1
138529,9014,55.11496039018861,17,1
138539,9015,41.10384991169624,10,1
138549,9016,59.97818623252385,10,1
138565,9017,56.07076116702927,16,1
138575,9018,92.26785521604624,10,1
138585,9019,37.98808037583245,10,1
138596,9020,77.82670428895891,11,1
138609,9021,97.2687526269969,13,1
138619,9022,101.44645234948203,10,1
138629,9023,100.57956012586077,10,1
138639,9024,141.94541418818474,10,1
138661,9025,112.23524967356504,22,1
138671,9026,135.84078721267403,10,1
138686,9027,76.57188602859236,15,1
138709,9028,56.29945785140485,23,1
138719,9029,29.390576081600305,10,1
138732,9030,34.543860752776176,13,1
138743,9031,-27.362590419403404,11,1
138755,9032,115.08025570736955,12,1
138770,9033,143.30852143301698,15,1
138780,9034,135.34477147719736,10,1
138791,9035,116.308781867939,11,1
138801,9036,111.49589036901338,10,1
138817,9037,84.72345440152147,16,1
138833,9038,113.79068641777525,16,1
138846,9039,89.70083484675564,13,1
138859,9040,51.73020604825656,13,1
138869,9041,137.07144803148668,10,1
138883,9042,44.31144895919596,14,1
138898,9043,32.499596224019534,15,1
138908,9044,26.206447284019923,10,1
138918,9045,99.24892880008586,10,1
138928,9046,35.51162655539054,10,1
138946,9047,107.65840431195083,18,1
138964,9048,115.10710027399453,18,1
138974,9049,50.604064777399614,10,1
138984,9050,119.71746255214597,10,1
138995,9051,31.887163353979542,11,1
139012,9052,39.71158008144902,17,1
139033,9053,118.68247410996649,21,1
139043,9054,26.959314532747694,10,1
139053,9055,-22.150203359145394,10,1
139093,9056,-20.49883385447533,40,0
139106,9057,82.72372374839064,13,1
139121,9058,59.73864993237642,15,1
139132,9059,110.07794668288246,11,1
139142,9060,118.81854851053896,10,1
139152,9061,35.48046131005896,10,1
139162,9062,78.83793526107391,10,1
139179,9063,114.83173805225552,17,1
139189,9064,98.78853820745304,10,1
139221,9065,46.04672564964881,32,1
139233,9066,27.42261299444126,12,1
139247,9067,75.47483312408504,14,1
139260,9068,69.90130148365887,13,1
139270,9069,116.4200520146677,10,1
139281,9070,114.44119353282413,11,1
139292,9071,85.65373222042125,11,1
139302,9072,74.54650840195521,10,1
139315,9073,43.51041328439729,13,1
139327,9074,92.81461169559314,12,1
139337,9075,109.20700848690582,10,1
139349,9076,89.0700305680182,12,1
139359,9077,55.830989631106135,10,1
139378,9078,111.83006529416942,19,1
139393,9079,81.66365285688164,15,1
139405,9080,120.00269953769006,12,1
139417,9081,89.78755532510965,12,1
139445,9082,68.32675375891698,28,1
139456,9083,94.32747159327438,11,1
139466,9084,80.68946818739592,10,1
139479,9085,24.570126130604525,13,1
139489,9086,73.7640708567579,10,1
139506,9087,97.78596255497176,17,1
139519,9088,81.53964882761028,13,1
139529,9089,54.720325366638285,10,1
139539,9090,114.80497095881964,10,1
139552,9091,138.17533552839305,13,1
139565,9092,91.92229801237372,13,1
139578,9093,46.49154630319696,13,1
139588,9094,43.12833974092322,10,1
139600,9095,108.16043553586728,12,1
139610,9096,89.22301843278167,10,1
139620,9097,132.63767480878596,10,1
139635,9098,137.17112467459773,15,1
139651,9099,76.25441637496648,16,1
139661,9100,97.19815255823747,10,1
139672,9101,114.58445441100801,11,1
139687,9102,108.3750800843548,15,1
139704,9103,102.16854539009927,17,1
139714,9104,40.04759756882462,10,1
139724,9105,41.3167590833933,10,1
139734,9106,91.86695990326906,10,1
139744,9107,82.19582420172497,10,1
139754,9108,93.00704571401612,10,1
139764,9109,38.07663939564895,10,1
139774,9110,57.73343718701551,10,1
139787,9111,43.41226040780451,13,1
139802,9112,80.87374805911071,15,1
139820,9113,59.89965901721741,18,1
139832,9114,113.32310980835926,12,1
139842,9115,96.3024079589927,10,1
139853,9116,43.789557102160295,11,1
139863,9117,45.11825874315197,10,1
139873,9118,44.25752197151891,10,1
139889,9119,108.7695993048285,16,1
139902,9120,58.05776253974328,13,1
139914,9121,75.41556136257279,12,1
139924,9122,80.54670377694619,10,1
139938,9123,71.96107193500173,14,1
139948,9124,123.60108289972473,10,1
139963,9125,119.97368146794484,15,1
139976,9126,121.3886584838775,13,1
139987,9127,46.426500586677406,11,1
139997,9128,73.21055833472629,10,1
140009,9129,75.97681181558922,12,1
140020,9130,88.14804200204024,11,1
140033,9131,101.85699844519786,13,1
140043,9132,85.93157637585514,10,1
140053,9133,54.43277388129792,10,1
140065,9134,121.30822154036596,12,1
140076,9135,109.51465629681879,11,1
140087,9136,49.25942640734393,11,1
140097,9137,50.192176948690886,10,1
140107,9138,118.78284104052607,10,1
140120,9139,92.9835422533737,13,1
140133,9140,56.38568060983351,13,1
140149,9141,88.43745553460754,16,1
140159,9142,53.75906523060928,10,1
140172,9143,142.32485691580274,13,1
140183,9144,113.05072680709335,11,1
140193,9145,118.56256152306922,10,1
140203,9146,143.6759039909868,10,1
140213,9147,137.15825510759592,10,1
140224,9148,136.68493251856316,11,1
140236,9149,81.70566565074671,12,1
140247,9150,136.93669696179032,11,1
140257,9151,108.88579186753111,10,1
140268,9152,124.3637611587172,11,1
140278,9153,112.23198025374734,10,1
140318,9154,-22.532611059685074,40,0
140328,9155,112.85297051880183,10,1
140340,9156,143.30428652389332,12,1
140353,9157,49.5222530745158,13,1
140366,9158,115.33965637843255,13,1
140376,9159,46.95098854044259,10,1
140386,9160,132.97631902325344,10,1
140398,9161,70.86207897229154,12,1
140411,9162,88.21388600751989,13,1
140435,9163,116.86330378160395,24,1
140447,9164,115.17935158572833,12,1
140460,9165,79.96766744658827,13,1
140470,9166,130.87655301821675,10,1
140482,9167,61.13939785308815,12,1
140493,9168,139.60326564772458,11,1
140523,9169,55.45472762887871,30,1
140555,9170,-3.8425925835707777,32,1
140570,9171,100.36365599536994,15,1
140589,9172,108.18409437300514,19,1
140606,9173,101.30084663671114,17,1
140616,9174,79.25385514694207,10,1
140628,9175,68.57994120172114,12,1
140642,9176,68.41098157528359,14,1
140655,9177,109.12107255821456,13,1
140668,9178,78.14205311853726,13,1
140678,9179,36.29875031043855,10,1
140688,9180,113.75655637516927,10,1
140728,9181,-20.555211856415823,40,0
140754,9182,-27.45721715022113,26,1
140768,9183,121.9818217250557,14,1
140783,9184,72.84811344533874,15,1
140796,9185,88.0278851832524,13,1
140806,9186,88.1024064993322,10,1
140816,9187,104.5313339082481,10,1
140833,9188,74.82407472479844,17,1
140843,9189,99.46841256105135,10,1
140853,9190,76.0314626641296,10,1
140863,9191,118.4832767877635,10,1
140873,9192,115.60042474396589,10,1
140884,9193,67.23660315108737,11,1
140909,9194,92.06979144395348,25,1
140921,9195,81.21888303573034,12,1
140931,9196,77.90988894926558,10,1
140945,9197,79.48707112812016,14,1
140955,9198,107.9364987237641,10,1
140967,9199,132.17931154141667,12,1
140984,9200,93.45311116837853,17,1
140996,9201,67.2302122933422,12,1
141006,9202,104.02036067093704,10,1
141018,9203,134.58357673592658,12,1
141029,9204,41.8574830649638,11,1
141042,9205,75.41781179053484,13,1
141056,9206,69.22399791960547,14,1
141071,9207,59.25990722639336,15,1
141082,9208,70.33363043843488,11,1
141096,9209,35.04052026685749,14,1
141108,9210,95.16556930265055,12,1
141125,9211,17.587366334667507,17,1
141135,9212,29.876157039901173,10,1
141161,9213,70.65085615555962,26,1
141172,9214,119.22579459731321,11,1
141190,9215,91.47015879176878,18,1
141201,9216,92.1783285077015,11,1
141215,9217,75.72551043269877,14,1
141227,9218,116.15472732890375,12,1
141237,9219,35.86597090865285,10,1
141247,9220,122.43026431965221,10,1
141258,9221,60.01086528297548,11,1
141268,9222,136.77561865085121,10,1
141308,9223,-20.382920152483045,40,0
141320,9224,96.6147962544524,12,1
141332,9225,46.891501295175765,12,1
141343,9226,73.7615669861217,11,1
141353,9227,30.317897279874668,10,1
141363,9228,52.56068019367563,10,1
141377,9229,59.078408018303456,14,1
141397,9230,44.89759712045691,20,1
141435,9231,3.321686325124196,38,1
141449,9232,142.07237057473512,14,1
141461,9233,42.45987661069794,12,1
141473,9234,96.67960681073566,12,1
141483,9235,74.76714197350147,10,1
141497,9236,38.55954826648991,14,1
141507,9237,66.68911975663319,10,1
141517,9238,141.57036555340017,10,1
141538,9239,93.63390732866577,21,1
141552,9240,66.65905597974498,14,1
141562,9241,110.27993891488136,10,1
141572,9242,141.0558029427003,10,1
141587,9243,40.36670787137011,15,1
141600,9244,31.10026566072277,13,1
141610,9245,131.47283906002278,10,1
141624,9246,82.61223490770612,14,1
141634,9247,117.69757081440933,10,1
141647,9248,45.515144996835076,13,1
141657,9249,95.2429385022842,10,1
141668,9250,27.20428506151052,11,1
141678,9251,135.03428411966973,10,1
141688,9252,117.3424345550216,10,1
141699,9253,59.40328100960646,11,1
141709,9254,33.28305028580548,10,1
141723,9255,109.76842787362153,14,1
141737,9256,39.78556273260122,14,1
141747,9257,39.0420210551874,10,1
141757,9258,80.77989343097089,10,1
141770,9259,118.08686096289199,13,1
141780,9260,115.61054899379286,10,1
141795,9261,85.43483298269379,15,1
141812,9262,99.03809851657924,17,1
141824,9263,121.91619037139216,12,1
141834,9264,132.0767324423182,10,1
141844,9265,92.75719861716104,10,1
141858,9266,115.81919615208568,14,1
141873,9267,87.07628297786987,15,1
141883,9268,33.88381793099995,10,1
141902,9269,75.68788725169898,19,1
141912,9270,123.74562938295934,10,1
141927,9271,92.91102118752288,15,1
141940,9272,83.81109205243445,13,1
141953,9273,105.43778040536935,13,1
141963,9274,99.65991703762413,10,1
141973,9275,111.11252459626282,10,1
141983,9276,60.62401708554291,10,1
141993,9277,133.2122340497923,10,1
142009,9278,142.5664750222074,16,1
142020,9279,39.27506829630233,11,1
142030,9280,106.38131467142128,10,1
142040,9281,105.49425435244395,10,1
142050,9282,30.64480452320151,10,1
142060,9283,45.75633680123507,10,1
142074,9284,120.24397380667665,14,1
142084,9285,130.312979872687,10,1
142094,9286,134.10310700415022,10,1
142111,9287,102.87010904586602,17,1
142125,9288,140.00734066055773,14,1
142138,9289,139.98517979785336,13,1
142153,9290,108.72310337217813,15,1
142163,9291,98.60875127155846,10,1
142173,9292,108.65253784102794,10,1
142183,9293,49.43367266134769,10,1
142193,9294,100.58034592927923,10,1
142203,9295,140.29559993291616,10,1
142217,9296,78.15248070527315,14,1
142229,9297,33.645286566307185,12,1
142239,9298,133.52117271617698,10,1
142249,9299,37.90921835542494,10,1
142259,9300,137.2338697891123,10,1
142269,9301,132.18387838113537,10,1
142279,9302,47.1741955932834,10,1
142295,9303,81.47742373843988,16,1
142309,9304,43.140515016476925,14,1
142319,9305,134.40921001352072,10,1
142334,9306,71.3643837147929,15,1
142344,9307,99.32165855488016,10,1
142354,9308,139.17827254569215,10,1
142364,9309,108.09084517054269,10,1
142374,9310,117.29020570578898,10,1
142384,9311,123.52756517070566,10,1
142397,9312,120.27049149807766,13,1
142408,9313,52.34951940817771,11,1
142418,9314,137.9960792480871,10,1
142428,9315,65.64290328956696,10,1
142440,9316,116.76930627186829,12,1
142450,9317,93.4014743537689,10,1
142466,9318,110.55991409932007,16,1
142476,9319,45.54300459407107,10,1
142486,9320,73.23431202308575,10,1
142497,9321,56.811623056047004,11,1
142509,9322,69.69103533580383,12,1
142523,9323,71.9188870155649,14,1
142533,9324,99.66589575134017,10,1
142546,9325,79.65043208666593,13,1
142556,9326,92.72378559670092,10,1
142566,9327,42.56967179749894,10,1
142577,9328,111.99696028682413,11,1
142604,9329,52.16896626064383,27,1
142614,9330,119.64884410545814,10,1
142631,9331,139.5111451028338,17,1
142641,9332,111.81728565053606,10,1
142651,9333,122.76788934583655,10,1
142661,9334,140.06258765896388,10,1
142687,9335,56.747484976538296,26,1
142697,9336,-24.105574647599372,10,1
142707,9337,67.93907994795627,10,1
142718,9338,41.8469522533795,11,1
142734,9339,106.33844042318334,16,1
142745,9340,71.25863045081582,11,1
142757,9341,116.92947441099075,12,1
142769,9342,42.821996494141665,12,1
142779,9343,112.90987694032768,10,1
142790,9344,89.61392469163516,11,1
142814,9345,45.81016114380866,24,1
142824,9346,120.89172532304154,10,1
142837,9347,102.16009222333874,13,1
142853,9348,36.439160870192566,16,1
142866,9349,131.50774998667228,13,1
142878,9350,103.639786568864,12,1
142889,9351,115.72494089009514,11,1
142899,9352,101.74008016552683,10,1
142920,9353,106.52848497212794,21,1
142933,9354,49.75130615145667,13,1
142949,9355,73.20676071066924,16,1
142964,9356,67.20356122459528,15,1
142976,9357,100.28282949104283,12,1
142986,9358,98.51865214018189,10,1
142999,9359,74.0664785508826,13,1
143009,9360,108.35587389583365,10,1
143019,9361,140.30328603292406,10,1
143030,9362,103.54767654046906,11,1
143040,9363,131.8859761631758,10,1
143050,9364,72.41820278168228,10,1
143060,9365,123.36246670676044,10,1
143071,9366,124.61138853769512,11,1
143081,9367,112.49802946529338,10,1
143091,9368,-21.78162757414302,10,1
143103,9369,122.13579362299723,12,1
143113,9370,45.81164898580256,10,1
143126,9371,45.10620610650795,13,1
143136,9372,39.945706060849766,10,1
143146,9373,74.41524316017035,10,1
143163,9374,52.62498696296288,17,1
143175,9375,91.99969389643938,12,1
143185,9376,71.81308685895138,10,1
143197,9377,107.32838065906196,12,1
143207,9378,104.26383112034594,10,1
143225,9379,84.21798991168569,18,1
143238,9380,74.42589987364454,13,1
143257,9381,86.93039497089794,19,1
143267,9382,78.2919742917082,10,1
143280,9383,87.39094296261462,13,1
143290,9384,139.53999131372947,10,1
143302,9385,88.11796768933611,12,1
143312,9386,100.24101072863613,10,1
143334,9387,33.683817924210224,22,1
143355,9388,87.79533320557337,21,1
143369,9389,57.84089033706526,14,1
143383,9390,80.56333052679236,14,1
143393,9391,45.7516624093845,10,1
143405,9392,85.06739311918174,12,1
143415,9393,86.23795102647946,10,1
143425,9394,81.33911099083977,10,1
143442,9395,83.76941518389364,17,1
143452,9396,125.59276945800629,10,1
143467,9397,-14.75618498240556,15,1
143477,9398,135.0394545197635,10,1
143492,9399,123.1649096169178,15,1
143514,9400,80.94979250666532,22,1
143525,9401,96.55116303221436,11,1
143535,9402,108.52698578129801,10,1
143547,9403,104.69668843281833,12,1
143557,9404,106.74822979089721,10,1
143567,9405,44.68887516820252,10,1
143584,9406,69.59524505605401,17,1
143599,9407,113.32860123638395,15,1
143609,9408,130.80308328609195,10,1
143619,9409,103.54255635773144,10,1
143638,9410,105.00940757777822,19,1
143655,9411,85.24994679280027,17,1
143668,9412,68.96330453311714,13,1
143678,9413,34.7298114072963,10,1
143688,9414,130.30620345264543,10,1
143700,9415,101.37491233027168,12,1
143710,9416,88.19854750394444,10,1
143720,9417,118.86843567503034,10,1
143738,9418,68.7971071405341,18,1
143752,9419,106.4257698197838,14,1
143763,9420,60.71170686751483,11,1
143774,9421,56.04023926453346,11,1
143786,9422,107.26755559324809,12,1
143798,9423,76.53974521875594,12,1
143808,9424,94.75353709523023,10,1
143819,9425,128.3792412404532,11,1
143831,9426,36.39157376495457,12,1
143844,9427,28.08846731209463,13,1
143856,9428,112.50193593642788,12,1
143866,9429,143.18121776945532,10,1
143876,9430,98.66403520632413,10,1
143890,9431,139.31599968375932,14,1
143902,9432,125.72306841940647,12,1
143912,9433,78.60696610919983,10,1
143922,9434,71.43099051437054,10,1
143933,9435,57.60446735741765,11,1
143943,9436,134.9786933773219,10,1
143955,9437,102.95622725816025,12,1
143971,9438,48.07951576445104,16,1
143983,9439,74.81051221983896,12,1
143995,9440,57.80477193852006,12,1
144005,9441,78.54276261504512,10,1
144022,9442,134.35646290364792,17,1
144046,9443,83.497204840904,24,1
144061,9444,66.78638015862411,15,1
144071,9445,55.72941795908861,10,1
144083,9446,36.62278476430097,12,1
144093,9447,100.97587857581372,10,1
144103,9448,133.2407680836607,10,1
144113,9449,115.6102968871804,10,1
144127,9450,119.40027938166347,14,1
144139,9451,107.05590252534422,12,1
144151,9452,30.862188443619885,12,1
144162,9453,84.63464806378349,11,1
144172,9454,71.2824805309178,10,1
144182,9455,134.84098435778947,10,1
144192,9456,139.27771634809952,10,1
144204,9457,135.2721404899585,12,1
144214,9458,111.80175494502339,10,1
144224,9459,86.68419749228995,10,1
144236,9460,129.49151168981604,12,1
144249,9461,89.59139639087623,13,1
144261,9462,96.52171320217236,12,1
144273,9463,51.985895025851335,12,1
144283,9464,43.13151743825736,10,1
144294,9465,116.34576685058799,11,1
144306,9466,53.99161203463498,12,1
144317,9467,93.51672622169359,11,1
144329,9468,136.5262446477454,12,1
144340,9469,132.76915744782247,11,1
144351,9470,142.11226587035833,11,1
144361,9471,138.14260157753526,10,1
144378,9472,70.8391489232385,17,1
144391,9473,85.1782767651162,13,1
144403,9474,109.63073636501424,12,1
144443,9475,-20.36960364207675,40,0
144455,9476,77.50317285743716,12,1
144468,9477,84.52093305980748,13,1
144481,9478,84.5765576398815,13,1
144493,9479,77.28359567859145,12,1
144521,9480,5.070074250193311,28,1
144531,9481,74.58675657853861,10,1
144541,9482,109.88683835490109,10,1
144551,9483,93.88845344436332,10,1
144561,9484,91.7845521148823,10,1
144573,9485,132.61624151662008,12,1
144583,9486,113.08334159857846,10,1
144594,9487,80.03378511307744,11,1
144604,9488,93.32349411942471,10,1
144614,9489,70.1290665542636,10,1
144628,9490,52.1295434848389,14,1
144643,9491,76.6433172357285,15,1
144654,9492,83.55121704210836,11,1
144666,9493,120.38613892956528,12,1
144676,9494,141.82531994050007,10,1
144695,9495,60.172118838127616,19,1
144709,9496,61.454206471654444,14,1
144719,9497,50.33090237393169,10,1
144732,9498,97.73424155556299,13,1
144742,9499,58.33531625593436,10,1
144777,9500,71.60378636594402,35,1
144788,9501,47.11114178676128,11,1
144798,9502,95.92586087771762,10,1
144810,9503,74.7075315970995,12,1
144820,9504,84.18970200866104,10,1
144835,9505,141.52884748845867,15,1
144845,9506,89.82060476295747,10,1
144856,9507,131.23274203507228,11,1
144866,9508,121.13418530023912,10,1
144876,9509,98.16099933866418,10,1
144889,9510,123.7977967048745,13,1
144899,9511,38.075200731566824,10,1
144909,9512,48.711439389558706,10,1
144919,9513,75.86913436957313,10,1
144933,9514,72.62448045560944,14,1
144943,9515,39.91398799357509,10,1
144953,9516,18.53290222312028,10,1
144966,9517,132.23634031436393,13,1
144983,9518,37.494048648705764,17,1
144993,9519,105.03076953500837,10,1
145004,9520,82.08246162730637,11,1
145014,9521,124.48086707561487,10,1
145026,9522,49.055236946924154,12,1
145036,9523,68.98321084943662,10,1
145047,9524,54.85338990096976,11,1
145057,9525,87.24780130340993,10,1
145078,9526,56.92091546191407,21,1
145088,9527,115.31989511047192,10,1
145114,9528,108.69518986775626,26,1
145124,9529,71.35591125091622,10,1
145138,9530,70.28548703109297,14,1
145156,9531,46.8756531989854,18,1
145166,9532,78.77931195366499,10,1
145182,9533,50.63340537181395,16,1
145192,9534,36.88165197308639,10,1
145203,9535,105.21947620787734,11,1
145214,9536,33.09541778296268,11,1
145224,9537,124.50311748469423,10,1
145244,9538,53.12306230382911,20,1
145284,9539,-21.606205973588615,40,0
145302,9540,104.24206635723714,18,1
145320,9541,31.518335037969038,18,1
145332,9542,76.60212509975942,12,1
145342,9543,73.11872864417435,10,1
145382,9544,-20.455783389614314,40,0
145393,9545,49.14745051805587,11,1
145415,9546,55.29665653342261,22,1
145427,9547,45.60750454647079,12,1
145437,9548,33.647977028753886,10,1
145448,9549,86.69158656103559,11,1
145458,9550,30.637532153870346,10,1
145468,9551,65.97026970277463,10,1
145478,9552,104.64881050293259,10,1
145488,9553,130.92103607189415,10,1
145498,9554,143.023747731945,10,1
145516,9555,32.52357958306081,18,1
145526,9556,112.94094012329164,10,1
145536,9557,142.86508740820662,10,1
145551,9558,44.684089740509364,15,1
145561,9559,98.57826330093248,10,1
145574,9560,124.58628729285485,13,1
145586,9561,56.327608874392816,12,1
145596,9562,121.87219829619148,10,1
145611,9563,77.24118374138921,15,1
145623,9564,93.23404235250722,12,1
145663,9565,-20.844499886101737,40,0
145681,9566,52.55351543539409,18,1
145691,9567,38.50798792020856,10,1
145704,9568,75.06310088642064,13,1
145725,9569,40.22554809145412,21,1
145737,9570,68.66038435517778,12,1
145750,9571,132.01272353815514,13,1
145760,9572,111.15437323068144,10,1
145770,9573,41.18671333302386,10,1
145784,9574,45.684248430784805,14,1
145794,9575,119.17719207669157,10,1
145806,9576,66.44581215416004,12,1
145816,9577,83.83475349114563,10,1
145831,9578,73.05696639916987,15,1
145846,9579,36.522488361435855,15,1
145856,9580,74.23490029299649,10,1
145867,9581,47.84940682426947,11,1
145879,9582,53.01587287639342,12,1
145919,9583,-21.722990248100402,40,0
145929,9584,112.61260858000081,10,1
145939,9585,95.25790791920981,10,1
145949,9586,28.46474042139632,10,1
145959,9587,107.84876651785905,10,1
145970,9588,134.2214274558107,11,1
145980,9589,40.42558804682546,10,1
146007,9590,35.35537866144117,27,1
146018,9591,135.95610981218383,11,1
146058,9592,-22.197610603383865,40,0
146070,9593,66.67327266630045,12,1
146083,9594,47.67266906972395,13,1
146093,9595,101.50980174324809,10,1
146103,9596,88.72053828187813,10,1
146126,9597,108.66128377414223,23,1
146136,9598,97.27730819009868,10,1
146148,9599,81.13475602298084,12,1
146158,9600,115.71815417754046,10,1
146171,9601,72.60881434579156,13,1
146181,9602,83.83191938241441,10,1
146221,9603,-21.420615358018903,40,0
146261,9604,-20.279186265158838,40,0
146271,9605,75.35560849921305,10,1
146311,9606,-22.610183642208046,40,0
146321,9607,139.15642403845388,10,1
146331,9608,91.61508923525965,10,1
146350,9609,91.42849803436539,19,1
146361,9610,116.82768166744158,11,1
146372,9611,93.47807569875468,11,1
146382,9612,81.4555167743298,10,1
146396,9613,66.21434470068345,14,1
146410,9614,87.74462639133527,14,1
146424,9615,62.67634210595306,14,1
146434,9616,57.18407636188322,10,1
146454,9617,22.511774140258378,20,1
146464,9618,87.26428100317275,10,1
146474,9619,43.278287814295034,10,1
146484,9620,137.4669658964694,10,1
146494,9621,143.0547110170346,10,1
146512,9622,102.99446798734918,18,1
146524,9623,112.91192814115445,12,1
146539,9624,116.96521835983857,15,1
146553,9625,107.34971975038553,14,1
146563,9626,103.89780144810139,10,1
146573,9627,75.74220253645773,10,1
146587,9628,136.92037832686242,14,1
146603,9629,101.03422855409572,16,1
146613,9630,136.02058393576738,10,1
146629,9631,119.68595851339816,16,1
146640,9632,118.4275100175651,11,1
146650,9633,110.22091370772954,10,1
146661,9634,94.99477483737573,11,1
146683,9635,36.426107622008935,22,1
146693,9636,80.161840745836,10,1
146703,9637,111.54529349637646,10,1
146716,9638,131.33875308752027,13,1
146727,9639,124.18955793486835,11,1
146737,9640,100.47844794635927,10,1
146751,9641,131.789042211408,14,1
146763,9642,60.787640789300966,12,1
146773,9643,99.76599630200218,10,1
146787,9644,84.23527167636543,14,1
146798,9645,40.02066161255779,11,1
146815,9646,96.13511667266097,17,1
146825,9647,76.59021952898878,10,1
146852,9648,68.30645970142925,27,1
146862,9649,119.82933729531078,10,1
146875,9650,132.1209504116472,13,1
146886,9651,95.65082815473471,11,1
146897,9652,60.31278919358812,11,1
146907,9653,56.51740369343587,10,1
146918,9654,106.13713161499071,11,1
146928,9655,112.12803891852188,10,1
146938,9656,130.49168259503782,10,1
146949,9657,48.65321149598681,11,1
146960,9658,56.51865825086496,11,1
146970,9659,97.7576999642472,10,1
147010,9660,-20.43015708266577,40,0
147036,9661,-19.370292869957943,26,1
147058,9662,75.77675479737748,22,1
147068,9663,39.967296879645296,10,1
147079,9664,124.87889017006415,11,1
147089,9665,78.422018879499,10,1
147101,9666,39.865740863183305,12,1
147112,9667,108.2985352488421,11,1
147122,9668,117.78301784385121,10,1
147134,9669,118.1731959547555,12,1
147144,9670,110.97697263211661,10,1
147162,9671,97.41893738918056,18,1
147172,9672,103.86969495972001,10,1
147184,9673,97.60650295428871,12,1
147199,9674,47.13106328896376,15,1
147210,9675,79.57912125613089,11,1
147223,9676,44.46744917543972,13,1
147233,9677,106.46981160478238,10,1
147247,9678,118.66077913691281,14,1
147257,9679,143.08997722045794,10,1
147268,9680,79.23331128581947,11,1
147280,9681,102.20442169453817,12,1
147290,9682,137.5088682042806,10,1
147300,9683,100.45227170642397,10,1
147310,9684,58.667882486269384,10,1
147320,9685,52.172717274157876,10,1
147331,9686,130.72865650382604,11,1
147341,9687,139.29988318511957,10,1
147351,9688,110.83818121792659,10,1
147362,9689,75.8030868010879,11,1
147378,9690,124.58848508844088,16,1
147391,9691,34.24467202778467,13,1
147403,9692,62.4766681016181,12,1
147416,9693,138.260365933387,13,1
147426,9694,136.27740391843383,10,1
147442,9695,100.36235997356845,16,1
147463,9696,65.19803215474361,21,1
147474,9697,88.74980209727201,11,1
147484,9698,110.43446393125468,10,1
147498,9699,55.87496874553203,14,1
147513,9700,113.79332202244741,15,1
147524,9701,45.08019075272815,11,1
147535,9702,76.65682835746658,11,1
147554,9703,44.530439203414964,19,1
147564,9704,133.92170832246444,10,1
147574,9705,135.91633339866502,10,1
147584,9706,55.058679766466014,10,1
147594,9707,84.63287536407286,10,1
147604,9708,110.43061015254743,10,1
147615,9709,82.27657231496782,11,1
147627,9710,109.07134327269314,12,1
147637,9711,133.45713023349313,10,1
147647,9712,85.665921244284,10,1
147657,9713,130.81331830117915,10,1
147667,9714,135.91870190149007,10,1
147677,9715,101.43026006667796,10,1
147690,9716,45.26566388902959,13,1
147700,9717,121.03075115121602,10,1
147712,9718,108.03691995388895,12,1
147725,9719,92.08220272947781,13,1
147736,9720,88.0912950171359,11,1
147749,9721,102.4681576207012,13,1
147760,9722,144.31458233520425,11,1
147770,9723,37.50609314946961,10,1
147780,9724,122.59600127093717,10,1
147790,9725,94.9332235633479,10,1
147800,9726,99.27276234996428,10,1
147812,9727,37.15542062521629,12,1
147822,9728,137.4223073427023,10,1
147837,9729,100.29818628060647,15,1
147851,9730,85.45844612230954,14,1
147861,9731,86.22327545562122,10,1
147873,9732,76.38892772725423,12,1
147883,9733,116.54419230539321,10,1
147912,9734,120.075785124113,29,1
147922,9735,48.78145351209775,10,1
147933,9736,115.83020990319802,11,1
147944,9737,131.66683342023953,11,1
147954,9738,73.11221619589224,10,1
147965,9739,119.48290754587187,11,1
147985,9740,134.4558942538001,20,1
147997,9741,54.421889912719145,12,1
148007,9742,75.38391236376505,10,1
148017,9743,91.33781646236291,10,1
148027,9744,119.55117833741315,10,1
148038,9745,120.71876185831137,11,1
148054,9746,88.14918977583812,16,1
148064,9747,92.79922696276033,10,1
148075,9748,100.7574530379814,11,1
148085,9749,91.36389481004647,10,1
148095,9750,95.70024560899088,10,1
148107,9751,114.03776025802281,12,1
148117,9752,91.57673420399442,10,1
148127,9753,92.02923740835465,10,1
148137,9754,33.993054856092186,10,1
148147,9755,89.01534950859914,10,1
148157,9756,94.77467990134211,10,1
148197,9757,-20.545203092236584,40,0
148207,9758,93.6236459410878,10,1
148220,9759,131.59815121147477,13,1
148230,9760,109.12318845795258,10,1
148240,9761,120.38117028364971,10,1
148250,9762,104.67126096472616,10,1
148260,9763,83.87159910040076,10,1
148270,9764,115.64486156225405,10,1
148285,9765,121.29621641639359,15,1
148296,9766,106.96082104016874,11,1
148306,9767,93.48608689524606,10,1
148317,9768,94.55172642074298,11,1
148331,9769,111.15936532782828,14,1
148341,9770,123.90973150138319,10,1
148351,9771,136.56819527655568,10,1
148368,9772,58.10120248310079,17,1
148378,9773,99.45335553854989,10,1
148393,9774,70.45740705320529,15,1
148406,9775,142.72226757635477,13,1
148416,9776,116.59497308086917,10,1
148435,9777,103.79441465634142,19,1
148448,9778,66.57222652702673,13,1
148463,9779,141.53052764394562,15,1
148474,9780,78.3286788518217,11,1
148488,9781,124.36901234842664,14,1
148500,9782,112.91505858715887,12,1
148510,9783,75.62568930970009,10,1
148523,9784,107.3390891692254,13,1
148535,9785,81.4641862337567,12,1
148545,9786,47.69435555916695,10,1
148555,9787,54.62738848112741,10,1
148566,9788,106.55453346668871,11,1
148578,9789,80.04985251155418,12,1
148595,9790,117.48598392748934,17,1
148607,9791,113.30529654945946,12,1
148620,9792,81.65899252901013,13,1
148631,9793,103.95649706433962,11,1
148642,9794,118.41982006243803,11,1
148652,9795,86.6187149128076,10,1
148665,9796,79.22536848704777,13,1
148677,9797,34.78301445642994,12,1
148688,9798,82.60141770053148,11,1
148700,9799,66.42675582461916,12,1
148715,9800,91.17452732448714,15,1
148730,9801,38.32471247088246,15,1
148746,9802,110.0463840126575,16,1
148756,9803,100.06794743044223,10,1
148766,9804,139.04755063422195,10,1
148783,9805,53.419577299692634,17,1
148798,9806,142.23288005862358,15,1
148808,9807,41.56569960317267,10,1
148818,9808,92.42428345627437,10,1
148828,9809,36.80001773583989,10,1
148843,9810,131.95696539849203,15,1
148855,9811,49.07627009561587,12,1
148865,9812,33.05869593937955,10,1
148876,9813,102.57488130440572,11,1
148886,9814,90.29120012734953,10,1
148901,9815,39.06459685574847,15,1
148916,9816,71.25101584418245,15,1
148926,9817,114.9600195729495,10,1
148936,9818,102.96251439873328,10,1
148949,9819,79.19373385254104,13,1
148960,9820,82.1184090191557,11,1
148971,9821,99.39133981147997,11,1
148981,9822,106.70790936088633,10,1
148993,9823,104.32370940079633,12,1
149003,9824,107.48544232412314,10,1
149015,9825,79.18811354212389,12,1
149025,9826,55.17052120944445,10,1
149035,9827,67.35643949104883,10,1
149045,9828,86.21469839853079,10,1
149057,9829,116.93135290396495,12,1
149067,9830,116.04430789899283,10,1
149077,9831,130.57132993814366,10,1
149087,9832,67.11162294294655,10,1
149099,9833,123.28413707656381,12,1
149109,9834,126.05686911616209,10,1
149119,9835,85.32823145026234,10,1
149135,9836,62.216336343813154,16,1
149151,9837,70.59305176656245,16,1
149161,9838,142.21887218486816,10,1
149171,9839,78.31458298490591,10,1
149182,9840,81.22166888109521,11,1
149192,9841,50.563959535661844,10,1
149204,9842,74.85902089139569,12,1
149214,9843,120.01631202532384,10,1
149224,9844,112.82579417521043,10,1
149240,9845,80.975286397222,16,1
149254,9846,86.36502326062914,14,1
149264,9847,143.3433718251154,10,1
149277,9848,98.84686181315506,13,1
149288,9849,76.1625211008065,11,1
149298,9850,67.43997612930693,10,1
149308,9851,42.678735758822604,10,1
149318,9852,122.15468026830125,10,1
149329,9853,73.13568981271544,11,1
149344,9854,109.20961454417296,15,1
149360,9855,66.10903653367737,16,1
149370,9856,51.94703760884169,10,1
149397,9857,84.55743533080528,27,1
149409,9858,124.4919143502731,12,1
149441,9859,134.63513055006828,32,1
149453,9860,73.18179343042448,12,1
149464,9861,61.04584220669895,11,1
149474,9862,109.38000527100634,10,1
149484,9863,115.4391662623739,10,1
149502,9864,102.36810515428874,18,1
149514,9865,114.26358808060233,12,1
149524,9866,89.5773201624157,10,1
149535,9867,44.77829776185846,11,1
149545,9868,141.17034753696,10,1
149555,9869,83.69254906549124,10,1
149567,9870,32.46300911010746,12,1
149577,9871,105.7071449359213,10,1
149587,9872,42.03482305567972,10,1
149599,9873,46.98965748965727,12,1
149616,9874,81.54222168604124,17,1
149628,9875,55.402203904778354,12,1
149639,9876,97.23636293207926,11,1
149652,9877,104.56250107019711,13,1
149664,9878,107.13239406128949,12,1
149680,9879,81.71370729965481,16,1
149695,9880,44.22642770629173,15,1
149705,9881,42.954953610047966,10,1
149715,9882,135.15712244237918,10,1
149725,9883,140.72599288641575,10,1
149737,9884,37.252937109621335,12,1
149751,9885,59.47715189028575,14,1
149770,9886,55.707149233010426,19,1
149782,9887,71.5868344490947,12,1
149793,9888,84.56913935215573,11,1
149803,9889,105.29899137786359,10,1
149818,9890,59.7602574456658,15,1
149842,9891,100.33564975671662,24,1
149852,9892,101.65515008821804,10,1
149862,9893,29.23524776347651,10,1
149872,9894,78.94477975495641,10,1
149886,9895,109.91959213765932,14,1
149896,9896,19.613118057442165,10,1
149911,9897,114.78308243232361,15,1
149951,9898,-21.801444905814265,40,0
149961,9899,121.53045449068563,10,1
149971,9900,116.6172959975856,10,1
149983,9901,86.13109346909911,12,1
149994,9902,26.736103074678173,11,1
150004,9903,75.35071663202132,10,1
150014,9904,135.90233973481367,10,1
150024,9905,131.1680223972057,10,1
150034,9906,142.3723028792238,10,1
150044,9907,51.51789711123954,10,1
150058,9908,115.14215161991216,14,1
150071,9909,88.67290637974892,13,1
150085,9910,42.81517334087128,14,1
150095,9911,42.33442672646512,10,1
150108,9912,107.45770109950438,13,1
150123,9913,55.60806378472697,15,1
150133,9914,76.39570132811149,10,1
150146,9915,89.27578545763026,13,1
150158,9916,73.86704236182871,12,1
150168,9917,101.9052206094915,10,1
150208,9918,-20.726845667374707,40,0
150218,9919,56.09384946131475,10,1
150228,9920,117.26112928131124,10,1
150240,9921,49.52795007389839,12,1
150253,9922,66.6225555825058,13,1
150270,9923,83.61298133450622,17,1
150280,9924,74.5260068325,10,1
150299,9925,109.15693736014308,19,1
150310,9926,104.66876720815314,11,1
150350,9927,-23.515074239612325,40,0
150360,9928,103.40719136395897,10,1
150370,9929,42.142484517783394,10,1
150380,9930,113.25354601060546,10,1
150390,9931,116.2818501952098,10,1
150400,9932,142.10393709238346,10,1
150421,9933,111.37534470650994,21,1
150432,9934,121.82361017228912,11,1
150442,9935,35.05541535352052,10,1
150456,9936,125.26179913044841,14,1
150467,9937,85.89431402787868,11,1
150481,9938,91.21851203856711,14,1
150495,9939,86.04967172218888,14,1
150506,9940,69.52846148753802,11,1
150516,9941,76.49511479924934,10,1
150526,9942,116.97554210961103,10,1
150536,9943,110.43469903678356,10,1
150546,9944,25.747129187101184,10,1
150557,9945,82.95017437285237,11,1
150567,9946,110.92845077919584,10,1
150580,9947,89.80811701243563,13,1
150590,9948,130.55941854013832,10,1
150600,9949,110.3638388410123,10,1
150614,9950,49.556313553340466,14,1
150625,9951,76.85306082804804,11,1
150640,9952,115.6690225833677,15,1
150650,9953,39.26348647234863,10,1
150660,9954,131.98749879211954,10,1
150675,9955,53.30710458631158,15,1
150686,9956,49.17905495744895,11,1
150696,9957,105.35297628375004,10,1
150706,9958,108.37303158754494,10,1
150716,9959,109.46755645380945,10,1
150729,9960,82.4351352136038,13,1
150740,9961,132.6300252002129,11,1
150750,9962,123.41949503605187,10,1
150760,9963,51.49394491406912,10,1
150772,9964,70.807663457802,12,1
150792,9965,90.02532543702642,20,1
150802,9966,112.35608370991268,10,1
150814,9967,52.19029595652306,12,1
150827,9968,113.88216628597202,13,1
150840,9969,138.97547778940464,13,1
150851,9970,47.43046434758291,11,1
150861,9971,117.02326833205531,10,1
150874,9972,138.0520906628627,13,1
150884,9973,105.66133779630856,10,1
150902,9974,122.14238641772926,18,1
150912,9975,93.05639935589767,10,1
150922,9976,122.23550147111312,10,1
150932,9977,124.56250733080202,10,1
150946,9978,132.48654245845938,14,1
150956,9979,122.30232596100947,10,1
150966,9980,131.17411347175081,10,1
150976,9981,63.11065630335892,10,1
150988,9982,78.66473533169061,12,1
150998,9983,105.66358275969763,10,1
151011,9984,49.41494072682937,13,1
151021,9985,96.56060544451489,10,1
151034,9986,136.07054994729089,13,1
151044,9987,40.177411861153715,10,1
151054,9988,113.03234453206946,10,1
151064,9989,62.22633652096383,10,1
151075,9990,137.14797123652934,11,1
151085,9991,92.60065225108279,10,1
151096,9992,51.07453745747264,11,1
151109,9993,58.689735777498754,13,1
151119,9994,62.90193226698132,10,1
151134,9995,69.53724958700677,15,1
151144,9996,122.02815838334101,10,1
151160,9997,57.19767544600285,16,1
151170,9998,83.64299111070214,10,1
151181,9999,112.22414694170993,11,1
151194,10000,80.56469524756287,13,1
151204,10001,132.98771630645382,10,1
151218,10002,65.24157343539501,14,1
151228,10003,50.21237361833078,10,1
151238,10004,132.92406472356194,10,1
151248,10005,87.28190604350415,10,1
151258,10006,83.05217573986624,10,1
151275,10007,69.09398978615853,17,1
151287,10008,93.57392829909561,12,1
151297,10009,106.13108580445756,10,1
151317,10010,77.50173122513235,20,1
151327,10011,28.684162734528105,10,1
151367,10012,-21.926500775122772,40,0
151377,10013,92.88905072380904,10,1
151387,10014,56.22803599121834,10,1
151402,10015,51.27623215052588,15,1
151414,10016,114.98385604531597,12,1
151427,10017,108.28461998813096,13,1
151439,10018,102.75470492354236,12,1
151450,10019,115.47827159466686,11,1
151470,10020,60.97677431079089,20,1
151481,10021,115.48579562571156,11,1
151491,10022,80.1926607816489,10,1
151503,10023,90.58294860133631,12,1
151513,10024,132.57878260223586,10,1
151523,10025,105.21616390631368,10,1
151533,10026,134.54859069389437,10,1
151543,10027,70.26386212771972,10,1
151553,10028,45.09962608549699,10,1
151563,10029,114.1163919669471,10,1
151573,10030,85.13970560398964,10,1
151583,10031,26.76872680244392,10,1
151595,10032,141.85131084219776,12,1
151605,10033,138.1798813737643,10,1
151621,10034,72.93611323064563,16,1
151632,10035,70.44001190179821,11,1
151646,10036,109.70290751677359,14,1
151661,10037,108.81508532122484,15,1
151672,10038,36.81131886661186,11,1
151684,10039,120.62402091958153,12,1
151694,10040,85.14927122033022,10,1
151706,10041,60.76321477036597,12,1
151725,10042,87.06970508085368,19,1
151735,10043,104.4179183972826,10,1
151747,10044,113.31209274233063,12,1
151757,10045,137.76864311865396,10,1
151767,10046,135.90416178588634,10,1
151782,10047,47.78418959789981,15,1
151821,10048,0.24960797637150467,39,1
151835,10049,58.20677562370076,14,1
151849,10050,50.141414610978615,14,1
151859,10051,87.04265577582167,10,1
151872,10052,134.48726430379824,13,1
151894,10053,62.22623117637632,22,1
151904,10054,84.25467133205908,10,1
151921,10055,118.03317386634181,17,1
151933,10056,68.26018192454556,12,1
151946,10057,134.98130709409207,13,1
151956,10058,95.85782618119592,10,1
151974,10059,100.5853824173564,18,1
151984,10060,29.831540093243586,10,1
151995,10061,108.4808257356434,11,1
152006,10062,123.55701742477207,11,1
152016,10063,101.70760662531501,10,1
152026,10064,51.65860902647838,10,1
152036,10065,40.86170693950653,10,1
152046,10066,48.52633603722648,10,1
152056,10067,87.96388173704564,10,1
152066,10068,55.49893313845622,10,1
152076,10069,135.15489850904532,10,1
152087,10070,67.12580671489475,11,1
152097,10071,102.33418065320568,10,1
152124,10072,74.18812342936003,27,1
152135,10073,52.75543928385394,11,1
152146,10074,83.69971822349959,11,1
152157,10075,125.1557204839593,11,1
152167,10076,142.41385189715535,10,1
152177,10077,86.95288412372133,10,1
152189,10078,88.11176433836148,12,1
152209,10079,92.45595690985584,20,1
152219,10080,57.16708895131213,10,1
152229,10081,58.05681009214185,10,1
152246,10082,95.5869684739864,17,1
152258,10083,42.424796574679206,12,1
152275,10084,62.71512631853476,17,1
152285,10085,80.91172394379193,10,1
152297,10086,105.15780338080184,12,1
152307,10087,143.40129616032056,10,1
152319,10088,86.03178147241992,12,1
152329,10089,139.48454923147506,10,1
152339,10090,125.23512753236619,10,1
152350,10091,104.95418634726033,11,1
152360,10092,133.72049317779843,10,1
152372,10093,129.12169225213574,12,1
152385,10094,100.87140194831953,13,1
152395,10095,100.76729724365705,10,1
152405,10096,48.35932094605798,10,1
152415,10097,114.09480772228918,10,1
152425,10098,100.1885259044017,10,1
152435,10099,95.86046203911401,10,1
152445,10100,112.22871539507415,10,1
152460,10101,77.13502355062354,15,1
152470,10102,133.86641158215988,10,1
152480,10103,26.867176870064355,10,1
152498,10104,86.69391434082513,18,1
152508,10105,118.6032526683696,10,1
152520,10106,74.75853694032625,12,1
152530,10107,123.27338376429398,10,1
152545,10108,-17.419041977049996,15,1
152555,10109,118.76422904781657,10,1
152565,10110,80.79330831897971,10,1
152575,10111,98.75905457957097,10,1
152585,10112,131.9237406744768,10,1
152597,10113,37.28376184846709,12,1
152607,10114,42.58452138708994,10,1
152617,10115,28.92087583485567,10,1
152628,10116,27.128870692291965,11,1
152639,10117,58.946177004760145,11,1
152649,10118,111.04186391378698,10,1
152661,10119,40.84397865857338,12,1
152672,10120,108.48528944059831,11,1
152683,10121,112.48144965504356,11,1
152693,10122,119.24233683337452,10,1
152706,10123,47.20223603900922,13,1
152716,10124,96.32873527219206,10,1
152726,10125,93.47356801025454,10,1
152736,10126,91.58378029757179,10,1
152749,10127,135.51382970896012,13,1
152766,10128,74.83334303180128,17,1
152776,10129,51.70216682484963,10,1
152786,10130,110.15906421013273,10,1
152796,10131,111.41721001831408,10,1
152808,10132,122.34871014462539,12,1
152820,10133,72.89532903945286,12,1
152833,10134,133.8792398903714,13,1
152843,10135,92.40657806189807,10,1
152856,10136,70.90723945489701,13,1
152866,10137,105.06268202964647,10,1
152906,10138,-25.267154381004676,40,0
152946,10139,-21.88453766864675,40,0
152956,10140,103.63510250177146,10,1
152992,10141,51.21234944803185,36,1
153002,10142,84.64767840054546,10,1
153013,10143,97.80838826811164,11,1
153023,10144,104.94696249899096,10,1
153033,10145,120.06606245576657,10,1
153043,10146,135.01452004677043,10,1
153053,10147,91.78520703544689,10,1
153063,10148,86.47072545440822,10,1
153074,10149,105.9296177335437,11,1
153084,10150,100.67256801954065,10,1
153099,10151,61.22888847684241,15,1
153109,10152,107.64093996107525,10,1
153119,10153,80.29089442781853,10,1
153132,10154,96.74874146214772,13,1
153144,10155,121.72790268180914,12,1
153155,10156,103.59793629659445,11,1
153165,10157,-19.33248183302785,10,1
153177,10158,135.51947070039995,12,1
153187,10159,87.22875828082633,10,1
153212,10160,139.13955291589707,25,1
153225,10161,101.42599631213372,13,1
153235,10162,117.40622736878724,10,1
153246,10163,123.3548643060735,11,1
153256,10164,132.50582377496033,10,1
153269,10165,122.10997383323318,13,1
153279,10166,80.04612557004141,10,1
153289,10167,118.73941910507183,10,1
153303,10168,85.66206644377424,14,1
153316,10169,83.09746942468097,13,1
153326,10170,77.10322933042943,10,1
153341,10171,74.07434218651015,15,1
153353,10172,102.05985726121783,12,1
153372,10173,66.33692149982105,19,1
153412,10174,-20.72216251966879,40,0
153422,10175,46.007641798426064,10,1
153432,10176,90.66664690560515,10,1
153442,10177,140.7737528708991,10,1
153453,10178,98.74692064924793,11,1
153463,10179,62.2399734472821,10,1
153473,10180,103.21231207781335,10,1
153483,10181,112.09151454392033,10,1
153496,10182,98.04702620038076,13,1
153507,10183,135.01464163063238,11,1
153517,10184,111.45940511780046,10,1
153532,10185,25.894618940959816,15,1
153543,10186,132.0959773249884,11,1
153556,10187,89.47038100439843,13,1
153568,10188,136.29166854712798,12,1
153593,10189,-20.687951698815738,25,1
153608,10190,59.941920437556526,15,1
153620,10191,121.91029218418035,12,1
153630,10192,66.4302419462858,10,1
153649,10193,123.98377972793082,19,1
153660,10194,103.87134385976772,11,1
153673,10195,34.690021009707365,13,1
153683,10196,40.6019670690554,10,1
153704,10197,118.47291700985508,21,1
153716,10198,88.30130979567132,12,1
153739,10199,135.70247701855865,23,1
153752,10200,89.09941379452091,13,1
153768,10201,58.1678812237304,16,1
153778,10202,114.23135522526191,10,1
153788,10203,68.50490716439342,10,1
153798,10204,58.18089147992426,10,1
153808,10205,109.71259677896121,10,1
153848,10206,-22.02713811904046,40,0
153861,10207,84.00136771432554,13,1
153875,10208,122.34862060489615,14,1
153893,10209,133.12935915323075,18,1
153903,10210,139.42994636308728,10,1
153913,10211,130.13460171435608,10,1
153926,10212,131.00262585681548,13,1
153936,10213,19.087945801419423,10,1
153946,10214,106.29929709470453,10,1
153956,10215,106.12130673721875,10,1
153968,10216,110.44438567605923,12,1
153981,10217,98.63270581313037,13,1
153992,10218,50.269049631961856,11,1
154032,10219,-20.59191239078811,40,0
154044,10220,123.83333842550583,12,1
154054,10221,99.67103235129606,10,1
154065,10222,114.1608253557489,11,1
154077,10223,114.77906461466218,12,1
154089,10224,114.19617459746019,12,1
154099,10225,89.8761526672954,10,1
154109,10226,99.37779840596657,10,1
154119,10227,39.14967294249769,10,1
154129,10228,53.66258001401666,10,1
154142,10229,137.34391558298353,13,1
154158,10230,118.60578371072384,16,1
154168,10231,103.20091207767712,10,1
154180,10232,113.58677096523456,12,1
154218,10233,72.3486841957877,38,1
154229,10234,94.46725255456545,11,1
154242,10235,140.74408919696776,13,1
154252,10236,109.86122304970212,10,1
154262,10237,133.39673926629976,10,1
154272,10238,65.80826171730749,10,1
154283,10239,69.1059336063929,11,1
154293,10240,124.6319160291818,10,1
154304,10241,55.90010194902552,11,1
154314,10242,82.77811568561215,10,1
154324,10243,103.24719191891562,10,1
154336,10244,131.27914210591882,12,1
154349,10245,91.81765426021563,13,1
154359,10246,68.7164414987872,10,1
154372,10247,49.02184843577647,13,1
154383,10248,135.0293602926612,11,1
154393,10249,69.26532556093517,10,1
154403,10250,92.81990919373878,10,1
154418,10251,76.30283015885006,15,1
154428,10252,96.77069917425702,10,1
154439,10253,84.4368432856558,11,1
154451,10254,105.89704308492166,12,1
154461,10255,93.17859912977757,10,1
154477,10256,142.59792617656814,16,1
154487,10257,100.68561726054197,10,1
154497,10258,134.38796017821335,10,1
154507,10259,46.63141026790551,10,1
154517,10260,123.91902104164053,10,1
154527,10261,140.24011733793668,10,1
154543,10262,104.91425448034803,16,1
154556,10263,143.52062461422807,13,1
154567,10264,137.73638166782794,11,1
154577,10265,122.59016031959021,10,1
154587,10266,80.81441860481883,10,1
154597,10267,103.18011947483953,10,1
154612,10268,92.68653650534131,15,1
154622,10269,136.40437777287966,10,1
154632,10270,125.22458417934945,10,1
154658,10271,115.58575363700764,26,1
154669,10272,139.2134675460802,11,1
154701,10273,-491.5865959443377,32,1
154716,10274,59.21911212856479,15,1
154727,10275,88.71816932208417,11,1
154737,10276,105.25450567271405,10,1
154754,10277,68.53586647491224,17,1
154764,10278,46.72426032870353,10,1
154775,10279,137.16607546364182,11,1
154786,10280,121.80716503221603,11,1
154796,10281,114.64150175315272,10,1
154806,10282,133.9837762716084,10,1
154816,10283,60.018917704300755,10,1
154830,10284,110.9444182103299,14,1
154843,10285,55.0861065325113,13,1
154860,10286,71.602933879189,17,1
154870,10287,58.91908148297779,10,1
154881,10288,66.84362158246375,11,1
154892,10289,139.15782534703158,11,1
154904,10290,109.75739580727225,12,1
154928,10291,86.11508938427993,24,1
154938,10292,113.05835232127794,10,1
154948,10293,111.79782303407681,10,1
154966,10294,57.0648957363245,18,1
154978,10295,134.1136312007992,12,1
154988,10296,55.847917822895226,10,1
155000,10297,122.93820897721017,12,1
155010,10298,98.52881328711413,10,1
155022,10299,58.22952400315212,12,1
155032,10300,131.48156403180946,10,1
155050,10301,124.51027007659069,18,1
155066,10302,142.93219403243666,16,1
155076,10303,107.84842753556374,10,1
155086,10304,95.34009423464578,10,1
155098,10305,113.3846966826698,12,1
155108,10306,101.54206728195823,10,1
155118,10307,76.02821941781598,10,1
155131,10308,86.93275953430603,13,1
155145,10309,119.31635663241474,14,1
155155,10310,132.67033366434956,10,1
155175,10311,93.05067927568086,20,1
155202,10312,98.86646379922304,27,1
155215,10313,115.44217273429717,13,1
155232,10314,66.80182043469073,17,1
155243,10315,120.9494924310324,11,1
155253,10316,48.00319868324297,10,1
155293,10317,-20.73177936592152,40,0
155303,10318,68.0225976967472,10,1
155319,10319,134.0743507941026,16,1
155342,10320,119.22479028539588,23,1
155352,10321,141.68813072365995,10,1
155370,10322,-26.42148416334108,18,1
155380,10323,83.62925181874158,10,1
155390,10324,91.16611458386531,10,1
155400,10325,103.56550107330776,10,1
155411,10326,141.80203889497818,11,1
155423,10327,56.51921665992142,12,1
155435,10328,137.6059721027257,12,1
155448,10329,123.8520696307286,13,1
155458,10330,88.50837044260425,10,1
155474,10331,140.50741816039604,16,1
155488,10332,75.8090545221899,14,1
155499,10333,74.89066382346489,11,1
155509,10334,116.84360567481438,10,1
155519,10335,29.467383570525136,10,1
155529,10336,103.77514999700807,10,1
155539,10337,82.37998277363634,10,1
155549,10338,123.60330814910387,10,1
155559,10339,134.95859889547236,10,1
155572,10340,78.78678963907862,13,1
155585,10341,84.82540777420431,13,1
155596,10342,113.29309001453566,11,1
155606,10343,77.4947434678746,10,1
155616,10344,34.98074197701461,10,1
155628,10345,131.06957465529197,12,1
155638,10346,131.52112874219284,10,1
155650,10347,109.32895135398024,12,1
155663,10348,143.08000396833688,13,1
155675,10349,123.36418836773444,12,1
155686,10350,76.15342499881946,11,1
155696,10351,75.29896842788688,10,1
155715,10352,73.18041804732552,19,1
155725,10353,62.44698404534625,10,1
155740,10354,73.14399219000126,15,1
155753,10355,138.79287078890792,13,1
155763,10356,135.13357430149134,10,1
155773,10357,123.88654813467964,10,1
155788,10358,120.887813440823,15,1
155798,10359,57.965162702750895,10,1
155814,10360,92.63651271436521,16,1
155827,10361,105.86370496824156,13,1
155837,10362,140.69008558270687,10,1
155847,10363,130.98502574811292,10,1
155857,10364,120.14591627347723,10,1
155867,10365,94.81731877651283,10,1
155884,10366,87.7298197556376,17,1
155900,10367,61.63223444794144,16,1
155916,10368,108.73282488069945,16,1
155926,10369,125.23501288857393,10,1
155936,10370,116.6920403814525,10,1
155946,10371,134.4995528546028,10,1
155956,10372,106.88710690364398,10,1
155968,10373,110.4763216740972,12,1
155980,10374,71.37916421285294,12,1
156020,10375,-10.581690820951735,40,1
156033,10376,131.44457754020564,13,1
156043,10377,123.56609365080648,10,1
156057,10378,122.5501382854522,14,1
156068,10379,107.49255360350386,11,1
156078,10380,111.82485604061729,10,1
156090,10381,104.56773389929394,12,1
156101,10382,107.258484729545,11,1
156112,10383,143.56785766355839,11,1
156131,10384,86.11244365489132,19,1
156144,10385,99.05179009232556,13,1
156154,10386,29.161514145891623,10,1
156164,10387,54.91771585879051,10,1
156179,10388,74.32101537749118,15,1
156195,10389,79.94941663302677,16,1
156208,10390,142.15261416069563,13,1
156218,10391,103.42280680481029,10,1
156239,10392,74.76965979502724,21,1
156249,10393,118.09392792794554,10,1
156265,10394,98.98792844060962,16,1
156277,10395,118.44820335107644,12,1
156287,10396,89.14410433214529,10,1
156300,10397,140.4401974679899,13,1
156311,10398,111.80476089688351,11,1
156321,10399,105.62727985216131,10,1
156334,10400,116.50666806849082,13,1
156345,10401,99.87539616230379,11,1
156355,10402,138.7107883541339,10,1
156365,10403,89.88330769676512,10,1
156378,10404,58.16221841088264,13,1
156388,10405,123.0875643549552,10,1
156398,10406,57.67485076322106,10,1
156412,10407,96.78945442117225,14,1
156427,10408,54.296838507212854,15,1
156441,10409,125.16055802827226,14,1
156451,10410,140.35964502046014,10,1
156461,10411,129.76990233185012,10,1
156471,10412,104.94163969840977,10,1
156482,10413,36.60175032514098,11,1
156492,10414,86.92414048910014,10,1
156502,10415,129.87615010584045,10,1
156514,10416,66.52985046120081,12,1
156525,10417,92.00176861420235,11,1
156537,10418,112.89412454788936,12,1
156551,10419,68.95409809970735,14,1
156561,10420,94.67876898800532,10,1
156571,10421,144.0759993339985,10,1
156582,10422,61.12016932889728,11,1
156592,10423,135.39479651656958,10,1
156606,10424,54.31760935326433,14,1
156621,10425,134.09550232587904,15,1
156634,10426,137.83506587125942,13,1
156644,10427,108.01929266275904,10,1
156654,10428,125.89437318574109,10,1
156667,10429,91.74159815191574,13,1
156677,10430,121.74844107238903,10,1
156687,10431,133.48183469400388,10,1
156706,10432,68.21241199903766,19,1
156716,10433,65.80490213964197,10,1
156726,10434,100.61844045708509,10,1
156738,10435,113.1026857223974,12,1
156755,10436,139.73602736658248,17,1
156772,10437,122.18821917096251,17,1
156782,10438,81.07480185672412,10,1
156795,10439,87.03392205608021,13,1
156806,10440,96.55287521302458,11,1
156818,10441,95.36559629953847,12,1
156837,10442,143.85565747277084,19,1
156847,10443,86.28985316036199,10,1
156859,10444,102.87020256411095,12,1
156872,10445,137.7219849336119,13,1
156900,10446,20.049868291375127,28,1
156916,10447,54.2793700281764,16,1
156927,10448,83.6252973225927,11,1
156937,10449,122.34085788573178,10,1
156947,10450,92.13601659560476,10,1
156965,10451,39.42316609493611,18,1
156979,10452,55.699984023946094,14,1
156989,10453,116.43748310333987,10,1
156999,10454,118.5821111282326,10,1
157009,10455,101.80631808397789,10,1
157027,10456,58.569634484361245,18,1
157038,10457,80.39970407689933,11,1
157048,10458,104.82631012448431,10,1
157060,10459,97.13549634806596,12,1
157072,10460,114.82572186108135,12,1
157082,10461,121.71224311207119,10,1
157096,10462,134.20955366344572,14,1
157108,10463,103.87618460486694,12,1
157119,10464,71.80736815257497,11,1
157129,10465,125.68872595687378,10,1
157139,10466,137.44995202651089,10,1
157149,10467,98.9073641874519,10,1
157161,10468,110.40084210037206,12,1
157171,10469,138.97246146008143,10,1
157181,10470,117.27062088608504,10,1
157191,10471,91.37319538728612,10,1
157202,10472,105.03586915414482,11,1
157212,10473,80.0241089451268,10,1
157238,10474,64.75548072085941,26,1
157248,10475,47.32314852811031,10,1
157258,10476,117.35326748572179,10,1
157273,10477,87.366796969009,15,1
157284,10478,124.50873695447179,11,1
157295,10479,124.02641100624929,11,1
157307,10480,135.26923465312552,12,1
157319,10481,113.63457496125321,12,1
157330,10482,87.99646166156687,11,1
157340,10483,124.2736432609011,10,1
157353,10484,50.75488423295117,13,1
157363,10485,76.13782771261644,10,1
157373,10486,76.54470945131543,10,1
157383,10487,106.82876720567285,10,1
157394,10488,125.55076855393656,11,1
157404,10489,80.30318521789641,10,1
157414,10490,91.03630859633537,10,1
157424,10491,54.31669164129749,10,1
157436,10492,90.15964853221519,12,1
157447,10493,82.63390115715957,11,1
157457,10494,58.02872078775647,10,1
157475,10495,57.996163461877174,18,1
157487,10496,30.726707230331026,12,1
157497,10497,114.4052252460125,10,1
157510,10498,122.7913758420304,13,1
157550,10499,-20.714152563442934,40,0
157562,10500,112.97305690544717,12,1
157576,10501,115.70639306167965,14,1
157588,10502,123.72042658072868,12,1
157602,10503,132.15954900060547,14,1
157612,10504,88.22875669107417,10,1
157630,10505,79.36760890369467,18,1
157649,10506,97.38936051155211,19,1
157665,10507,43.787336098370076,16,1
157675,10508,115.4026468353974,10,1
157685,10509,119.0355353069189,10,1
157696,10510,123.1812503637532,11,1
157708,10511,103.59156902500254,12,1
157718,10512,137.3335785216674,10,1
157734,10513,67.25153566153674,16,1
157744,10514,57.56637854308993,10,1
157756,10515,80.36158074351175,12,1
157768,10516,120.87811863517577,12,1
157778,10517,129.432433367847,10,1
157790,10518,82.90475540410287,12,1
157804,10519,116.49072680815344,14,1
157816,10520,107.06669615232462,12,1
157837,10521,101.16245175641481,21,1
157847,10522,58.364194584552685,10,1
157864,10523,39.348831606092425,17,1
157875,10524,100.43679091902462,11,1
157915,10525,-20.54680139589193,40,0
157930,10526,67.54208347010339,15,1
157948,10527,83.1709332689492,18,1
157958,10528,100.90064881494155,10,1
157968,10529,66.71788609937235,10,1
157978,10530,113.49160561365501,10,1
157995,10531,94.8406991886292,17,1
158007,10532,109.4319039703534,12,1
158019,10533,117.45362082433057,12,1
158031,10534,83.97365763921059,12,1
158043,10535,94.16960451562636,12,1
158055,10536,71.66982113044317,12,1
158067,10537,139.8777149428295,12,1
158077,10538,55.784014739932374,10,1
158087,10539,49.19897001977996,10,1
158097,10540,100.23000432244233,10,1
158126,10541,87.09638480359416,29,1
158144,10542,97.69736892240486,18,1
158154,10543,82.71686048908491,10,1
158164,10544,50.01411990504749,10,1
158174,10545,31.012801259648896,10,1
158184,10546,121.83944076831071,10,1
158194,10547,69.55427168914454,10,1
158204,10548,34.82269741841461,10,1
158216,10549,143.21187262912622,12,1
158228,10550,116.59019230560119,12,1
158251,10551,114.15996486144655,23,1
158261,10552,93.66591604827559,10,1
158271,10553,56.77965839572923,10,1
158286,10554,72.26859693056757,15,1
158297,10555,105.93389389007167,11,1
158307,10556,103.86447248681715,10,1
158317,10557,113.87210375942864,10,1
158327,10558,101.30534911832727,10,1
158338,10559,76.2188288940172,11,1
158348,10560,74.31339506490414,10,1
158358,10561,81.49878479788917,10,1
158368,10562,105.32882763093235,10,1
158385,10563,67.09766408911517,17,1
158395,10564,76.47541883902568,10,1
158413,10565,85.01527377818623,18,1
158424,10566,137.20228745533907,11,1
158434,10567,91.97148130555517,10,1
158446,10568,99.67742530683026,12,1
158456,10569,98.96174279357155,10,1
158466,10570,90.09563298426588,10,1
158477,10571,129.37354670910105,11,1
158490,10572,133.1562403232223,13,1
158501,10573,124.69607582207922,11,1
158511,10574,62.47963942313623,10,1
158521,10575,115.98950470711871,10,1
158531,10576,133.75010696386028,10,1
158551,10577,104.01901364252363,20,1
158567,10578,77.07392928542994,16,1
158577,10579,114.6735743827846,10,1
158587,10580,91.00751134411769,10,1
158598,10581,118.48216598101568,11,1
158608,10582,120.62148976346445,10,1
158618,10583,91.09566448328981,10,1
158629,10584,122.21956271968098,11,1
158642,10585,83.82033145606829,13,1
158652,10586,109.21337727622519,10,1
158662,10587,136.37490395921307,10,1
158674,10588,109.73398588625642,12,1
158684,10589,51.75169520010734,10,1
158696,10590,138.95736582362233,12,1
158709,10591,105.25673233271365,13,1
158727,10592,42.64754469225285,18,1
158738,10593,105.30697761774469,11,1
158748,10594,30.50046951299338,10,1
158759,10595,86.13053979500528,11,1
158769,10596,118.54748119279202,10,1
158809,10597,-20.65050133714671,40,0
158822,10598,120.54688472507061,13,1
158832,10599,58.102576331310665,10,1
158842,10600,106.12696389213792,10,1
158854,10601,106.94512278524205,12,1
158864,10602,121.41139910132082,10,1
158876,10603,125.22415680878935,12,1
158887,10604,70.27472854599345,11,1
158897,10605,56.90773707444397,10,1
158909,10606,140.7806520486415,12,1
158927,10607,102.7991177539982,18,1
158937,10608,72.09628203545336,10,1
158949,10609,112.09026706454101,12,1
158962,10610,59.64055530046052,13,1
158972,10611,120.32308493030949,10,1
158982,10612,135.4624058694307,10,1
158992,10613,60.29438623931422,10,1
159002,10614,107.17941729527786,10,1
159014,10615,138.34555766937828,12,1
159025,10616,137.8261899608096,11,1
159035,10617,138.55401605749185,10,1
159047,10618,136.96161831262646,12,1
159057,10619,36.8985190130176,10,1
159069,10620,142.61119207774405,12,1
159079,10621,98.70057227724051,10,1
159089,10622,101.00853904986722,10,1
159101,10623,47.785695170102365,12,1
159116,10624,93.8918974088606,15,1
159128,10625,87.06024506469518,12,1
159142,10626,140.71072063359466,14,1
159155,10627,132.2651105608356,13,1
159165,10628,95.78775861203766,10,1
159179,10629,111.19781471071742,14,1
159193,10630,68.58443428303909,14,1
159203,10631,134.28906318316214,10,1
159214,10632,120.15952459100818,11,1
159224,10633,98.56996479679144,10,1
159238,10634,117.92507330950825,14,1
159248,10635,95.29329290770424,10,1
159262,10636,142.4765306636955,14,1
159272,10637,36.999045614210495,10,1
159290,10638,92.8272986296069,18,1
159300,10639,85.62010856450807,10,1
159310,10640,74.23584433152763,10,1
159320,10641,121.46029197996343,10,1
159331,10642,111.18290619687313,11,1
159341,10643,100.17063628161452,10,1
159353,10644,115.51298194934036,12,1
159363,10645,137.2633879131442,10,1
159378,10646,57.353696544244855,15,1
159389,10647,115.8353363571355,11,1
159400,10648,114.69864703915482,11,1
159412,10649,78.8652975813204,12,1
159422,10650,87.54045335277581,10,1
159432,10651,136.12742968102341,10,1
159442,10652,97.73058728542803,10,1
159452,10653,101.42199310936296,10,1
159463,10654,84.33116718175451,11,1
159478,10655,67.57085538803665,15,1
159489,10656,49.9404769187103,11,1
159500,10657,137.87241905832164,11,1
159511,10658,131.06687610086465,11,1
159522,10659,79.03177903954102,11,1
159532,10660,102.03019943559823,10,1
159543,10661,69.67351983114523,11,1
159553,10662,83.62131161733414,10,1
159566,10663,99.06927171849502,13,1
159576,10664,119.18095660680004,10,1
159587,10665,51.769602637585066,11,1
159597,10666,81.87609137806766,10,1
159607,10667,141.89128949352715,10,1
159617,10668,137.85951901127126,10,1
159628,10669,106.04603260299876,11,1
159639,10670,109.0417757182229,11,1
159654,10671,114.57611454785614,15,1
159665,10672,35.37707156156459,11,1
159675,10673,59.83574238097372,10,1
159689,10674,78.57714655521919,14,1
159699,10675,117.25394552957333,10,1
159718,10676,101.57198046409522,19,1
159728,10677,108.77877898066474,10,1
159739,10678,85.64344884328175,11,1
159749,10679,69.37486082687238,10,1
159759,10680,140.636505054891,10,1
159770,10681,116.59771143910119,11,1
159781,10682,109.91241999535511,11,1
159791,10683,121.61887333146349,10,1
159801,10684,74.04732187349053,10,1
159812,10685,135.2903933305489,11,1
159824,10686,114.1463700184644,12,1
159838,10687,118.93919386280723,14,1
159851,10688,85.36842150938347,13,1
159861,10689,86.35387943968175,10,1
159871,10690,108.10564177937879,10,1
159882,10691,119.43186555810372,11,1
159892,10692,121.30450237618474,10,1
159902,10693,83.85888207009123,10,1
159913,10694,82.00644926676593,11,1
159923,10695,93.48079346561873,10,1
159933,10696,69.45417366711781,10,1
159943,10697,71.64375852899849,10,1
159954,10698,134.1062358644064,11,1
159964,10699,139.63251421282243,10,1
159974,10700,101.71543839055043,10,1
159984,10701,96.52050170352183,10,1
159994,10702,85.34401830781397,10,1
160009,10703,110.5121118958217,15,1
160025,10704,67.99353217357185,16,1
160035,10705,78.82306397421911,10,1
160045,10706,72.50170816728087,10,1
160055,10707,92.50476208684361,10,1
160065,10708,85.77603441275599,10,1
160075,10709,84.33466117637158,10,1
160085,10710,35.275454616812986,10,1
160095,10711,85.9439839093948,10,1
160108,10712,143.60390136921026,13,1
160118,10713,83.05907437685289,10,1
160135,10714,29.785713783991433,17,1
160150,10715,86.08098059275905,15,1
160160,10716,93.79214805248508,10,1
160170,10717,50.72549659548066,10,1
160180,10718,104.75108488096954,10,1
160190,10719,111.12662286080828,10,1
160203,10720,117.04894203959569,13,1
160213,10721,136.48403356777476,10,1
160226,10722,101.27657068647142,13,1
160236,10723,69.84506623543133,10,1
160248,10724,77.81924227869983,12,1
160259,10725,105.8302200827617,11,1
160269,10726,131.44642203695742,10,1
160279,10727,132.33588961206624,10,1
160289,10728,41.1041917349701,10,1
160299,10729,132.7141530105615,10,1
160309,10730,131.52813266066187,10,1
160324,10731,88.96897871241755,15,1
160334,10732,110.37344743349362,10,1
160346,10733,113.87247039648436,12,1
160356,10734,138.28353532386717,10,1
160366,10735,103.1473521917224,10,1
160376,10736,137.5829872964152,10,1
160390,10737,139.31836085792736,14,1
160403,10738,133.69252658362086,13,1
160413,10739,105.80740224830753,10,1
160423,10740,143.2326844480872,10,1
160433,10741,111.88570058515936,10,1
160444,10742,106.79652081449058,11,1
160455,10743,122.97972208088132,11,1
160466,10744,121.1105640771589,11,1
160476,10745,75.78307080985505,10,1
160491,10746,118.5601289906559,15,1
160501,10747,108.17388779322712,10,1
160513,10748,80.96852326561145,12,1
160527,10749,136.92633159161343,14,1
160540,10750,133.61882670714877,13,1
160551,10751,121.13231428141953,11,1
160563,10752,62.65484890291598,12,1
160573,10753,87.9715782314288,10,1
160585,10754,140.3011686583847,12,1
160598,10755,116.09965753099613,13,1
160608,10756,39.05727787871454,10,1
160620,10757,123.52329575073617,12,1
160630,10758,121.78681819571685,10,1
160646,10759,103.09249151851286,16,1
160656,10760,104.78396238742238,10,1
160668,10761,86.06269786085245,12,1
160680,10762,114.45261161748311,12,1
160692,10763,71.21678791772725,12,1
160702,10764,47.58673148232483,10,1
160712,10765,101.2968020876511,10,1
160722,10766,139.58310471658115,10,1
160732,10767,51.929981530467224,10,1
160742,10768,112.7979340846121,10,1
160752,10769,57.57610605647745,10,1
160766,10770,123.23809628086295,14,1
160776,10771,104.34455250571274,10,1
160789,10772,115.91895082927684,13,1
160799,10773,94.22249592678743,10,1
160810,10774,76.0372447299881,11,1
160820,10775,117.7576793181712,10,1
160830,10776,73.60874673723224,10,1
160843,10777,78.79585620678417,13,1
160853,10778,67.8901526416283,10,1
160863,10779,61.31565610057265,10,1
160874,10780,133.85004467292123,11,1
160891,10781,114.09407692902727,17,1
160901,10782,84.95402185102368,10,1
160912,10783,82.38836199167415,11,1
160932,10784,51.086809409110145,20,1
160945,10785,111.53597078846153,13,1
160958,10786,103.27663314944651,13,1
160968,10787,131.7959580659204,10,1
160979,10788,139.44495671662398,11,1
160990,10789,132.4417826995139,11,1
161000,10790,139.67137559701416,10,1
161010,10791,124.90111054730689,10,1
161023,10792,88.34316873436573,13,1
161035,10793,140.42986647650181,12,1
161045,10794,131.31364073238342,10,1
161063,10795,96.92224227397556,18,1
161075,10796,135.9117903165749,12,1
161087,10797,134.25586321167688,12,1
161097,10798,60.680461003158406,10,1
161107,10799,112.01993840988911,10,1
161119,10800,38.62748031275877,12,1
161132,10801,19.726691911457763,13,1
161146,10802,110.5238631307128,14,1
161156,10803,66.70829685161523,10,1
161168,10804,138.81361373856555,12,1
161178,10805,87.86526698160284,10,1
161188,10806,93.85607271155698,10,1
161198,10807,78.0030688177996,10,1
161208,10808,88.22971968727258,10,1
161220,10809,120.2668423831362,12,1
161230,10810,130.36773244233564,10,1
161245,10811,131.9846869977809,15,1
161285,10812,-21.03118441750946,40,0
161296,10813,121.62060884674985,11,1
161315,10814,77.66405297173537,19,1
161329,10815,85.34703776284726,14,1
161339,10816,118.0736583873821,10,1
161349,10817,100.03928573208243,10,1
161360,10818,80.80402274911543,11,1
161370,10819,96.4822432903453,10,1
161381,10820,110.01746076053224,11,1
161394,10821,92.70213479379882,13,1
161404,10822,60.09146196890662,10,1
161414,10823,82.7944838482137,10,1
161426,10824,80.21861437012095,12,1
161436,10825,132.80270221875185,10,1
161451,10826,93.32977170370089,15,1
161462,10827,121.83061756596852,11,1
161475,10828,118.37537019117343,13,1
161485,10829,80.55193312226366,10,1
161495,10830,44.501806764990874,10,1
161505,10831,83.81122298415816,10,1
161515,10832,123.09897365656037,10,1
161525,10833,93.99183389588208,10,1
161535,10834,75.63830929853832,10,1
161547,10835,142.50995383429927,12,1
161559,10836,105.4453209463393,12,1
161569,10837,140.01601358680952,10,1
161579,10838,87.6685943668156,10,1
161589,10839,67.06475416579426,10,1
161600,10840,136.284037333435,11,1
161610,10841,102.26381309627263,10,1
161633,10842,83.16494202173993,23,1
161645,10843,122.58115769068516,12,1
161655,10844,108.94853171756226,10,1
161665,10845,103.03275092516458,10,1
161677,10846,77.60804374024575,12,1
161690,10847,84.73158072564863,13,1
161701,10848,122.44404988901324,11,1
161711,10849,89.94925571758304,10,1
161721,10850,66.20001941678133,10,1
161731,10851,135.2619629315357,10,1
161744,10852,131.71200942604378,13,1
161754,10853,141.39744383966024,10,1
161764,10854,94.80444537565943,10,1
161777,10855,39.46302683045295,13,1
161787,10856,36.180141777084316,10,1
161797,10857,67.64498870880487,10,1
161807,10858,143.71299595552554,10,1
161817,10859,57.422402530920344,10,1
161832,10860,114.25126512229063,15,1
161843,10861,144.04239609012313,11,1
161853,10862,81.3816630029985,10,1
161863,10863,93.27654708916229,10,1
161873,10864,40.97321723464991,10,1
161883,10865,79.78506793666452,10,1
161893,10866,124.52734142277079,10,1
161903,10867,45.56737439061538,10,1
161913,10868,96.90617255795804,10,1
161924,10869,50.30178349295849,11,1
161934,10870,98.28988409006494,10,1
161944,10871,82.06038405378766,10,1
161954,10872,142.66716221754024,10,1
161967,10873,54.16007556367448,13,1
161979,10874,51.64839030662216,12,1
161990,10875,121.56153422814461,11,1
162002,10876,136.00477762128824,12,1
162020,10877,62.18815442635758,18,1
162030,10878,73.66817198368784,10,1
162040,10879,97.8208827597714,10,1
162050,10880,36.49034788020719,10,1
162063,10881,36.84471265133651,13,1
162073,10882,75.24891371033085,10,1
162084,10883,122.1464328437429,11,1
162094,10884,31.818530810006,10,1
162104,10885,114.85221570574284,10,1
162114,10886,91.70621796173599,10,1
162125,10887,135.4719988256483,11,1
162135,10888,116.99419193761213,10,1
162157,10889,143.6272174828507,22,1
162168,10890,139.5175307178471,11,1
162178,10891,88.22503212486345,10,1
162197,10892,89.95954751476519,19,1
162208,10893,92.86760255258388,11,1
162218,10894,79.33174442683145,10,1
162228,10895,79.52543986657177,10,1
162239,10896,106.65919559572842,11,1
162249,10897,91.38660405149737,10,1
162259,10898,72.79725460619005,10,1
162272,10899,109.91304984711697,13,1
162282,10900,124.21542643277341,10,1
162296,10901,87.64957652649021,14,1
162316,10902,71.59169873615369,20,1
162326,10903,80.00568626399804,10,1
162337,10904,88.47392321525018,11,1
162353,10905,35.30813056947722,16,1
162363,10906,47.63833777945901,10,1
162373,10907,78.01891095488696,10,1
162391,10908,34.60708463121863,18,1
162401,10909,112.95119108948376,10,1
162411,10910,106.17492310390155,10,1
162424,10911,90.65621222954385,13,1
162436,10912,90.88190799666916,12,1
162450,10913,84.34693074246891,14,1
162464,10914,116.09969990855515,14,1
162478,10915,119.95165664910013,14,1
162488,10916,80.29404387285531,10,1
162498,10917,58.185285806167826,10,1
162510,10918,106.45732054025937,12,1
162523,10919,111.73318437328889,13,1
162533,10920,101.05693672405818,10,1
162545,10921,65.8654612965617,12,1
162558,10922,86.13814325262464,13,1
162569,10923,124.04260823039353,11,1
162579,10924,104.63748441590876,10,1
162589,10925,95.87643816010782,10,1
162600,10926,103.05532886569345,11,1
162610,10927,92.73600873844636,10,1
162627,10928,90.50114693934826,17,1
162639,10929,114.83387472112221,12,1
162649,10930,-9.97850908564176,10,1
162660,10931,141.5806228398528,11,1
162670,10932,82.41712336645973,10,1
162680,10933,73.35521445916768,10,1
162691,10934,132.87668754287148,11,1
162701,10935,118.74949840061672,10,1
162711,10936,79.20218617221417,10,1
162725,10937,137.88713374887183,14,1
162735,10938,134.01276603659528,10,1
162745,10939,123.00276187945116,10,1
162761,10940,76.55957139755002,16,1
162771,10941,61.93022953996761,10,1
162785,10942,134.38512454468278,14,1
162803,10943,62.59990744749537,18,1
162815,10944,99.44805831254892,12,1
162827,10945,69.79395645140823,12,1
162843,10946,102.79907289683979,16,1
162853,10947,97.61551645660687,10,1
162865,10948,121.85135113307744,12,1
162875,10949,118.14101525340686,10,1
162885,10950,106.39682395474709,10,1
162895,10951,48.36254018653364,10,1
162907,10952,120.11328167049975,12,1
162925,10953,125.03556102270004,18,1
162937,10954,131.3663400262148,12,1
162947,10955,108.74547459112107,10,1
162958,10956,115.29514478145647,11,1
162971,10957,75.07863033388278,13,1
162994,10958,102.96866161320392,23,1
163005,10959,121.04545613578027,11,1
163015,10960,99.14729684031553,10,1
163025,10961,48.964405915730104,10,1
163037,10962,113.97652064490909,12,1
163047,10963,107.70285074321815,10,1
163058,10964,-19.481677028352948,11,1
163068,10965,34.918643663197685,10,1
163078,10966,96.25184915097469,10,1
163118,10967,-20.774280561953,40,0
163128,10968,134.67556211144114,10,1
163138,10969,139.60379324785472,10,1
163151,10970,124.73501166235881,13,1
163161,10971,124.99744254162164,10,1
163173,10972,138.81867008127543,12,1
163184,10973,125.36605988017612,11,1
163198,10974,137.0106042135711,14,1
163208,10975,97.37722777965692,10,1
163218,10976,103.72225617613474,10,1
163229,10977,108.90665040093019,11,1
163241,10978,111.33302104413397,12,1
163251,10979,104.0424712316758,10,1
163263,10980,81.7981909775062,12,1
163281,10981,101.45242981167686,18,1
163294,10982,100.00933205123346,13,1
163308,10983,114.37699340407892,14,1
163318,10984,138.27247495212762,10,1
163358,10985,-20.8781248650067,40,0
163369,10986,135.39873407163475,11,1
163379,10987,110.6842251888576,10,1
163389,10988,87.43263206595823,10,1
163401,10989,108.6599718028418,12,1
163414,10990,93.29938983256505,13,1
163425,10991,131.40493256857766,11,1
163435,10992,76.93277184344923,10,1
163451,10993,111.6598164201212,16,1
163463,10994,94.47181858864212,12,1
163473,10995,78.15140343975264,10,1
163483,10996,130.81382164528318,10,1
163493,10997,90.41393333595303,10,1
163503,10998,136.00005507593653,10,1
163513,10999,94.16367090953835,10,1
163523,11000,121.16636256913904,10,1
163533,11001,123.20258650126519,10,1
163544,11002,90.31516999829773,11,1
163561,11003,110.09896614959878,17,1
163571,11004,92.07024885786711,10,1
163581,11005,79.55067962965144,10,1
163592,11006,84.44086880476851,11,1
163602,11007,108.67866137220611,10,1
163613,11008,115.67641800268919,11,1
163624,11009,140.29473544187042,11,1
163634,11010,69.03470060876268,10,1
163645,11011,124.40006310386146,11,1
163655,11012,106.90817074791075,10,1
163668,11013,111.48453521902094,13,1
163678,11014,104.94137155550456,10,1
163688,11015,107.42705979996387,10,1
163698,11016,139.37944566306757,10,1
163718,11017,107.38274290752598,20,1
163728,11018,109.19879163012482,10,1
163739,11019,107.75913771769655,11,1
163751,11020,131.9027733557801,12,1
163761,11021,60.61310086941633,10,1
163773,11022,95.55762684284821,12,1
163791,11023,121.62900531740354,18,1
163805,11024,132.40745717979013,14,1
163816,11025,109.89392541862107,11,1
163827,11026,140.24662917173333,11,1
163837,11027,95.87478978113458,10,1
163855,11028,116.65368461125662,18,1
163865,11029,117.63231927983676,10,1
163875,11030,107.46457684617043,10,1
163885,11031,104.63525943471448,10,1
163895,11032,96.2817197246578,10,1
163905,11033,134.15338452447412,10,1
163915,11034,57.89408829328187,10,1
163925,11035,99.76696139564292,10,1
163935,11036,114.57047749405359,10,1
163945,11037,105.83952850474203,10,1
163955,11038,93.6630413845962,10,1
163965,11039,54.05883574947448,10,1
163980,11040,90.58177289672732,15,1
163994,11041,40.764486967180645,14,1
164007,11042,121.07411225315819,13,1
164017,11043,136.95063581848524,10,1
164027,11044,140.193537496219,10,1
164040,11045,110.79100668825022,13,1
164059,11046,113.52429465449853,19,1
164072,11047,72.02505348974128,13,1
164082,11048,107.91937283043411,10,1
164096,11049,136.61746247591452,14,1
164106,11050,125.58665447390057,10,1
164116,11051,103.18823299050761,10,1
164126,11052,104.71930006945965,10,1
164136,11053,132.72863881997344,10,1
164148,11054,102.30656724427406,12,1
164159,11055,84.27129772657183,11,1
164169,11056,93.62388280198138,10,1
164179,11057,131.13858187278862,10,1
164191,11058,106.04447937972323,12,1
164202,11059,132.55710011685935,11,1
164214,11060,123.40787910064688,12,1
164224,11061,94.10681319824342,10,1
164236,11062,87.6093584241139,12,1
164247,11063,100.27791857583136,11,1
164260,11064,55.61773085144146,13,1
164300,11065,-20.433725556183788,40,0
164310,11066,62.13082302887818,10,1
164332,11067,77.80008345362323,22,1
164343,11068,95.26813813914784,11,1
164353,11069,138.20838582895897,10,1
164363,11070,138.114505092093,10,1
164373,11071,95.05456918915775,10,1
164383,11072,143.0225225652701,10,1
164400,11073,107.6678470822183,17,1
164413,11074,92.12385957956795,13,1
164423,11075,141.49718876973768,10,1
164435,11076,90.06433340023136,12,1
164445,11077,113.32219313634509,10,1
164455,11078,143.04057596164319,10,1
164467,11079,112.67787291018361,12,1
164484,11080,68.95973936482389,17,1
164499,11081,61.55216734162157,15,1
164509,11082,117.1382278941631,10,1
164520,11083,121.54956718522727,11,1
164560,11084,-20.397091674076876,40,0
164570,11085,140.362136602119,10,1
164580,11086,132.88241993305974,10,1
164590,11087,100.09172380353374,10,1
164602,11088,46.431155361417225,12,1
164612,11089,131.01272688431908,10,1
164652,11090,-20.506478394952005,40,0
164662,11091,132.3753208763851,10,1
164672,11092,138.87091275127835,10,1
164682,11093,70.2581710994351,10,1
164696,11094,48.08128008922451,14,1
164706,11095,81.81630021632128,10,1
164716,11096,115.2976696106137,10,1
164727,11097,95.56103067928251,11,1
164737,11098,87.76644312379918,10,1
164751,11099,110.9911811406695,14,1
164762,11100,113.4122514514225,11,1
164774,11101,117.31594131662474,12,1
164786,11102,107.89373980343447,12,1
164796,11103,91.1455235868118,10,1
164806,11104,31.330341228894703,10,1
164819,11105,112.17108620074681,13,1
164833,11106,120.95521907618604,14,1
164843,11107,131.643296854383,10,1
164858,11108,55.63501257571974,15,1
164870,11109,96.90711898334774,12,1
164882,11110,110.25682221678517,12,1
164896,11111,141.6198929362716,14,1
164908,11112,88.16617032817702,12,1
164918,11113,53.349978116324024,10,1
164928,11114,113.27861600066359,10,1
164938,11115,103.36333339182052,10,1
164951,11116,123.99512967349956,13,1
164961,11117,101.87837668188708,10,1
164971,11118,135.32095911151308,10,1
164981,11119,111.87873396685461,10,1
164995,11120,62.55736084815346,14,1
165008,11121,143.7979908130925,13,1
165018,11122,143.09218147654417,10,1
165030,11123,140.8583570428248,12,1
165040,11124,137.12349280297664,10,1
165052,11125,102.3781824932638,12,1
165063,11126,124.86839681785334,11,1
165074,11127,70.58714438789475,11,1
165084,11128,136.1117072236098,10,1
165095,11129,113.95132432388131,11,1
165107,11130,87.65056103640958,12,1
165117,11131,124.94328856619836,10,1
165127,11132,43.1833744131215,10,1
165138,11133,58.27659012445987,11,1
165151,11134,139.80110232809233,13,1
165164,11135,61.16030373081558,13,1
165178,11136,67.38531602233326,14,1
165188,11137,54.33449838137305,10,1
165198,11138,115.06428451757311,10,1
165209,11139,139.77167350787906,11,1
165219,11140,83.26536350847945,10,1
165230,11141,104.69906454618445,11,1
165240,11142,46.52553225797381,10,1
165250,11143,102.4313533128873,10,1
165260,11144,108.98940998264663,10,1
165271,11145,136.52327848753356,11,1
165282,11146,136.55298964888823,11,1
165292,11147,143.79531944509614,10,1
165302,11148,77.85175478801995,10,1
165315,11149,111.75827722286074,13,1
165325,11150,135.1844094729281,10,1
165335,11151,143.18722835884566,10,1
165345,11152,114.27587175957883,10,1
165357,11153,140.6624879937128,12,1
165368,11154,102.33438902326012,11,1
165378,11155,116.97444956728793,10,1
165388,11156,114.02459483117833,10,1
165405,11157,48.30361863793478,17,1
165415,11158,87.4972426546443,10,1
165425,11159,70.65913559848865,10,1
165435,11160,74.82735895970362,10,1
165445,11161,97.79598153154897,10,1
165455,11162,48.10328793910858,10,1
165465,11163,69.26352343294927,10,1
165475,11164,137.818566987114,10,1
165485,11165,141.6641176172548,10,1
165495,11166,111.26542996027376,10,1
165505,11167,92.34174323740505,10,1
165516,11168,106.17226683974785,11,1
165526,11169,119.01860298986638,10,1
165536,11170,54.55667085774666,10,1
165550,11171,82.14784421708511,14,1
165561,11172,70.24292363347855,11,1
165571,11173,71.76875876743436,10,1
165581,11174,69.62917870233706,10,1
165592,11175,51.620947677701196,11,1
165602,11176,51.09535077747212,10,1
165612,11177,28.347426074896074,10,1
165622,11178,110.47896119003333,10,1
165632,11179,107.70598733792518,10,1
165647,11180,97.60559522174057,15,1
165660,11181,77.61391271659662,13,1
165670,11182,98.84524126680554,10,1
165680,11183,90.52342808558043,10,1
165700,11184,119.77022464921603,20,1
165714,11185,77.8937781794447,14,1
165727,11186,119.3520907057765,13,1
165737,11187,84.56561426386347,10,1
165747,11188,53.51390252480382,10,1
165757,11189,112.68258481594633,10,1
165768,11190,97.09655394638565,11,1
165779,11191,58.649995809581135,11,1
165790,11192,117.81716129230479,11,1
165802,11193,121.2106593263966,12,1
165814,11194,79.28195955982612,12,1
165831,11195,102.56562922513089,17,1
165841,11196,135.65915486729045,10,1
165851,11197,99.98105653644546,10,1
165861,11198,137.969207098771,10,1
165871,11199,46.15105781769843,10,1
165881,11200,65.96661026611078,10,1
165891,11201,101.69456908173677,10,1
165901,11202,130.68445318161997,10,1
165915,11203,109.30907364350658,14,1
165925,11204,98.1966256119462,10,1
165935,11205,106.13553738575082,10,1
165945,11206,119.99986268252701,10,1
165955,11207,66.8745733861663,10,1
165967,11208,117.7474227650272,12,1
165977,11209,66.65228573535133,10,1
165987,11210,39.40897392462507,10,1
165997,11211,104.96030005461344,10,1
166008,11212,103.24430316544684,11,1
166019,11213,115.98903166346875,11,1
166035,11214,47.49890804949189,16,1
166071,11215,70.9199257091687,36,1
166081,11216,110.26195820582828,10,1
166091,11217,117.79567942854756,10,1
166104,11218,104.79976896437306,13,1
166115,11219,110.5852157949967,11,1
166126,11220,113.56204605323592,11,1
166136,11221,141.29325414680764,10,1
166147,11222,106.06637581887615,11,1
166157,11223,79.08560958345062,10,1
166167,11224,118.4380163059579,10,1
166177,11225,90.17362270989395,10,1
166191,11226,134.2527207316363,14,1
166201,11227,134.4310099649466,10,1
166211,11228,73.46102504846783,10,1
166221,11229,120.43459167011522,10,1
166233,11230,46.64194730824891,12,1
166243,11231,137.22770134876725,10,1
166254,11232,137.80191377573647,11,1
166264,11233,134.19383181926918,10,1
166277,11234,82.79904108294231,13,1
166290,11235,59.31639942466352,13,1
166300,11236,122.49947654461734,10,1
166310,11237,133.62375420475811,10,1
166322,11238,112.34192743833373,12,1
166338,11239,85.13525793941623,16,1
166348,11240,80.38948860683391,10,1
166358,11241,65.72320405959714,10,1
166368,11242,139.50825999810215,10,1
166380,11243,97.8587286698675,12,1
166390,11244,109.31089568733576,10,1
166400,11245,45.64768596371117,10,1
166413,11246,122.19054455841652,13,1
166423,11247,138.92908547685164,10,1
166433,11248,137.9411079514245,10,1
166445,11249,140.58974143555596,12,1
166458,11250,138.7459522608954,13,1
166472,11251,123.85836079983143,14,1
166482,11252,54.64322669529057,10,1
166492,11253,99.26932527229533,10,1
166504,11254,111.47293173193972,12,1
166516,11255,89.42578618950247,12,1
166527,11256,114.61459615059823,11,1
166542,11257,141.83476566287135,15,1
166552,11258,111.91656607342155,10,1
166566,11259,124.7768231312186,14,1
166578,11260,124.27651410096888,12,1
166589,11261,118.74730031406378,11,1
166602,11262,139.54803845779415,13,1
166618,11263,114.46833781011289,16,1
166628,11264,85.95174222296247,10,1
166638,11265,95.56095908806401,10,1
166652,11266,137.2964579196171,14,1
166662,11267,77.5224965047223,10,1
166672,11268,58.318850427067005,10,1
166682,11269,117.76973165651447,10,1
166693,11270,139.3448994013075,11,1
166704,11271,132.58751157280884,11,1
166714,11272,133.62758230061598,10,1
166724,11273,95.74062639967059,10,1
166737,11274,132.12926917953553,13,1
166748,11275,57.96413969391996,11,1
166758,11276,119.37531686547142,10,1
166768,11277,101.09046346480848,10,1
166778,11278,48.43361791324285,10,1
166788,11279,99.62741948006698,10,1
166800,11280,130.63208259377888,12,1
166812,11281,93.41661894256455,12,1
166824,11282,117.92530341604454,12,1
166835,11283,47.39409829639645,11,1
166845,11284,78.50990176683023,10,1
166855,11285,52.21109711818747,10,1
166865,11286,135.79490209511113,10,1
166883,11287,101.62324094834847,18,1
166912,11288,122.53901374824463,29,1
166922,11289,133.09978630057776,10,1
166937,11290,143.5599681317697,15,1
166954,11291,138.69649130100072,17,1
166965,11292,54.17159811913251,11,1
166978,11293,141.99616770374067,13,1
166988,11294,101.2416730142741,10,1
167000,11295,107.54954870878134,12,1
167040,11296,-21.02164761874459,40,0
167050,11297,104.45858885023597,10,1
167065,11298,104.348025617856,15,1
167075,11299,81.82757315781966,10,1
167085,11300,96.51161167757458,10,1
167096,11301,89.14667011079516,11,1
167110,11302,69.20688071752167,14,1
167120,11303,106.83065897983259,10,1
167131,11304,110.5018465219041,11,1
167142,11305,116.85234954904055,11,1
167152,11306,113.10820479622947,10,1
167166,11307,138.50356795369186,14,1
167176,11308,88.16182413560215,10,1
167187,11309,122.57225145595376,11,1
167199,11310,101.35509886123894,12,1
167209,11311,137.06158764502493,10,1
167219,11312,67.48374745197621,10,1
167230,11313,136.35862460689245,11,1
167240,11314,119.33791244834748,10,1
167250,11315,123.04853888957757,10,1
167260,11316,92.57560811674024,10,1
167300,11317,-22.306961994720382,40,0
167310,11318,53.73675303294714,10,1
167321,11319,106.12010573816104,11,1
167331,11320,141.2494735258332,10,1
167341,11321,79.21436877220208,10,1
167351,11322,45.258832708115584,10,1
167361,11323,105.87379035317339,10,1
167371,11324,122.43177968332411,10,1
167382,11325,109.36071216790046,11,1
167392,11326,81.19115035441916,10,1
167403,11327,69.3955430025291,11,1
167414,11328,84.4161734231605,11,1
167425,11329,90.59606182334758,11,1
167435,11330,112.80372326091157,10,1
167445,11331,92.84831156974217,10,1
167456,11332,114.81796947781272,11,1
167467,11333,122.46459384484402,11,1
167477,11334,54.98228197778095,10,1
167487,11335,84.64530697422636,10,1
167497,11336,136.58691097954957,10,1
167507,11337,121.45300279690531,10,1
167518,11338,62.78373194665662,11,1
167529,11339,120.5703688459512,11,1
167539,11340,121.75835784836681,10,1
167549,11341,123.70159381554336,10,1
167559,11342,86.21756691771337,10,1
167569,11343,123.41385000720976,10,1
167580,11344,130.16945941994106,11,1
167590,11345,72.84937964263958,10,1
167600,11346,121.8296129323155,10,1
167611,11347,102.74341867803842,11,1
167624,11348,122.75730334715567,13,1
167634,11349,121.34830728525087,10,1
167644,11350,133.741038209935,10,1
167654,11351,72.36949157790008,10,1
167664,11352,87.01648793528447,10,1
167674,11353,37.54648158311982,10,1
167684,11354,46.774792144406746,10,1
167696,11355,122.8977345963751,12,1
167706,11356,54.78031222533465,10,1
167716,11357,114.50339198200358,10,1
167726,11358,139.5607156216537,10,1
167738,11359,120.80960808820396,12,1
167749,11360,117.04489059877763,11,1
167759,11361,105.13957197772054,10,1
167769,11362,133.4291206385947,10,1
167779,11363,137.13502959640974,10,1
167789,11364,121.50678234605782,10,1
167800,11365,92.74211328862778,11,1
167812,11366,123.7942202408748,12,1
167822,11367,106.8520787467229,10,1
167832,11368,92.66511715621368,10,1
167842,11369,111.64498251993167,10,1
167853,11370,117.06863673381135,11,1
167865,11371,95.06863958317804,12,1
167876,11372,112.66413538498205,11,1
167886,11373,107.13924222885363,10,1
167897,11374,79.95679794542859,11,1
167909,11375,114.01000799346382,12,1
167919,11376,139.33142695502679,10,1
167929,11377,40.82590039157422,10,1
167939,11378,84.15577843383888,10,1
167949,11379,50.55871592655272,10,1
167959,11380,110.77056447822363,10,1
167969,11381,142.44167613617554,10,1
167979,11382,78.24777074163487,10,1
167989,11383,140.06252840801062,10,1
167999,11384,79.41612070517976,10,1
168009,11385,108.23020965886647,10,1
168020,11386,108.50328717383334,11,1
168030,11387,139.7872721522306,10,1
168040,11388,121.2602291931345,10,1
168053,11389,140.53455650366348,13,1
168067,11390,92.87767804652871,14,1
168077,11391,117.18132694481932,10,1
168087,11392,92.71916482223398,10,1
168097,11393,43.09710075089812,10,1
168108,11394,117.6684931396772,11,1
168134,11395,42.31717167683243,26,1
168144,11396,69.9154604183852,10,1
168156,11397,113.1856991031526,12,1
168167,11398,68.49902509266339,11,1
168181,11399,139.20315405781594,14,1
168194,11400,109.71482559489885,13,1
168207,11401,118.84716065049807,13,1
168218,11402,97.86285404630185,11,1
168228,11403,121.85378986466061,10,1
168239,11404,136.46838545648362,11,1
168251,11405,117.14476816339844,12,1
168261,11406,117.95121604462508,10,1
168271,11407,107.82611108226045,10,1
168281,11408,140.7526110069091,10,1
168293,11409,137.9104599193432,12,1
168305,11410,69.54416132132215,12,1
168315,11411,114.36680886557951,10,1
168327,11412,107.30022303672958,12,1
168342,11413,85.04163556867286,15,1
168352,11414,71.7696880311723,10,1
168362,11415,103.35230160960165,10,1
168374,11416,115.65769783552928,12,1
168384,11417,139.14812311743196,10,1
168396,11418,106.62143856847955,12,1
168408,11419,134.0039949988707,12,1
168418,11420,71.25946519778557,10,1
168429,11421,131.92804693605024,11,1
168443,11422,138.80416437196843,14,1
168453,11423,106.48890325903089,10,1
168465,11424,96.45720789557798,12,1
168475,11425,114.87525342882839,10,1
168486,11426,117.73242290362096,11,1
168496,11427,114.83298920349557,10,1
168508,11428,123.92435334106784,12,1
168518,11429,31.529816928132618,10,1
168530,11430,133.76024891324963,12,1
168540,11431,76.81550514204403,10,1
168552,11432,123.87459413985538,12,1
168564,11433,106.97480575647924,12,1
168574,11434,142.766647821631,10,1
168586,11435,136.9404002773761,12,1
168596,11436,56.010656547172516,10,1
168607,11437,92.85889096612948,11,1
168620,11438,85.24371439429099,13,1
168632,11439,110.7509530755305,12,1
168643,11440,56.51692678676584,11,1
168653,11441,62.95304789323688,10,1
168663,11442,110.60421114435441,10,1
168673,11443,48.86071286858427,10,1
168684,11444,109.22207344645633,11,1
168694,11445,113.39512884100041,10,1
168706,11446,132.78122417741844,12,1
168716,11447,99.69503202323897,10,1
168731,11448,111.2765874474221,15,1
168741,11449,79.445278659372,10,1
168752,11450,113.8508695536502,11,1
168765,11451,116.54622933751068,13,1
168775,11452,32.152917840613355,10,1
168785,11453,105.32631904447479,10,1
168795,11454,138.4831394010993,10,1
168805,11455,88.13776861876204,10,1
168818,11456,121.466349225682,13,1
168828,11457,55.66092112738719,10,1
168842,11458,115.82112122347547,14,1
168852,11459,73.33088904119408,10,1
168862,11460,123.32190766508133,10,1
168872,11461,95.4758753906188,10,1
168882,11462,131.73684464192897,10,1
168892,11463,138.14475098390548,10,1
168904,11464,115.70015273383967,12,1
168914,11465,57.77862531036308,10,1
168926,11466,79.95477640374531,12,1
168936,11467,85.74033570856288,10,1
168946,11468,103.76628952269988,10,1
168956,11469,111.27462740089466,10,1
168966,11470,79.03060021981315,10,1
168979,11471,130.9051670488555,13,1
168989,11472,124.55188425024788,10,1
169000,11473,137.0219366773779,11,1
169010,11474,138.78503887498672,10,1
169025,11475,132.22864399711884,15,1
169035,11476,48.989921186088615,10,1
169045,11477,116.60050524300263,10,1
169055,11478,104.55583905046699,10,1
169065,11479,75.14610699474976,10,1
169105,11480,-20.803624829405965,40,0
169117,11481,106.807405744974,12,1
169127,11482,84.07301110836043,10,1
169137,11483,117.75912154542698,10,1
169148,11484,123.6807130927744,11,1
169160,11485,139.60237786241535,12,1
169172,11486,131.40540921148326,12,1
169182,11487,133.7096256665668,10,1
169193,11488,141.02572522396449,11,1
169204,11489,85.9525695971572,11,1
169214,11490,79.10163902082647,10,1
169254,11491,-20.3652555799582,40,0
169270,11492,80.2854556329319,16,1
169280,11493,58.11566698368196,10,1
169290,11494,139.40992238397155,10,1
169301,11495,-17.482815363968925,11,1
169311,11496,110.67668193518072,10,1
169322,11497,116.08226077274875,11,1
169332,11498,94.1550510960748,10,1
169342,11499,109.0574070945637,10,1
169356,11500,124.77036658665699,14,1
169366,11501,115.93501513296958,10,1
169378,11502,132.02520452591972,12,1
169388,11503,133.2762262189739,10,1
169398,11504,125.24283373283966,10,1
169408,11505,30.043025384898517,10,1
169420,11506,134.88540259634806,12,1
169432,11507,72.84760455309748,12,1
169444,11508,103.90950248847419,12,1
169458,11509,69.89829513170717,14,1
169475,11510,89.95143812276049,17,1
169485,11511,122.64246667590746,10,1
169495,11512,132.82591080657107,10,1
169505,11513,111.01433935142411,10,1
169520,11514,89.00069185994187,15,1
169531,11515,76.0634984730325,11,1
169542,11516,140.11294796605088,11,1
169553,11517,140.76372189618766,11,1
169563,11518,90.42382188176688,10,1
169575,11519,120.09334683099696,12,1
169590,11520,124.47853772029634,15,1
169600,11521,71.73689525308356,10,1
169640,11522,-20.826296995575323,40,0
169653,11523,140.24124954750994,13,1
169663,11524,113.01857359289325,10,1
169673,11525,138.36885331620337,10,1
169683,11526,73.30839567468334,10,1
169696,11527,124.46996262463998,13,1
169709,11528,114.49022157509019,13,1
169719,11529,106.32421768415408,10,1
169729,11530,104.37420423290958,10,1
169741,11531,135.4911426598197,12,1
169751,11532,87.5157873933513,10,1
169761,11533,76.16672157941434,10,1
169772,11534,75.94487658105696,11,1
169784,11535,137.49351533552556,12,1
169796,11536,137.36030053107223,12,1
169806,11537,115.04160154523467,10,1
169816,11538,134.0474045463594,10,1
169826,11539,140.0505608288072,10,1
169836,11540,138.9050191342003,10,1
169848,11541,100.32008853515838,12,1
169858,11542,119.8417793583883,10,1
169874,11543,103.78228367422737,16,1
169885,11544,140.55955997424374,11,1
169895,11545,137.19694891300793,10,1
169905,11546,89.77252351187391,10,1
169917,11547,138.50516757547246,12,1
169927,11548,135.18443254629557,10,1
169937,11549,87.28072154240883,10,1
169954,11550,97.1511108783688,17,1
169964,11551,117.87503699784979,10,1
169974,11552,134.74150697528626,10,1
169984,11553,120.26642042196393,10,1
169994,11554,117.17556015353767,10,1
170009,11555,122.64885057147895,15,1
170020,11556,112.71737870925976,11,1
170031,11557,70.90843324826551,11,1
170041,11558,81.07077384112027,10,1
170052,11559,135.62084273934136,11,1
170063,11560,49.06006064992342,11,1
170073,11561,81.16685970351294,10,1
170083,11562,81.75806573662646,10,1
170093,11563,115.82991652853471,10,1
170103,11564,142.64677011975274,10,1
170113,11565,57.71794867562719,10,1
170127,11566,141.58659766262173,14,1
170138,11567,83.60244661630108,11,1
170148,11568,143.81394464879799,10,1
170159,11569,98.4943006225907,11,1
170170,11570,72.85499182305124,11,1
170180,11571,113.27269408990861,10,1
170190,11572,138.56261543882982,10,1
170206,11573,44.69565364338929,16,1
170216,11574,118.27659263763019,10,1
170229,11575,103.20262791414676,13,1
170239,11576,133.75954704583336,10,1
170249,11577,83.98973125937209,10,1
170259,11578,75.33513441710566,10,1
170282,11579,101.58983616073381,23,1
170292,11580,93.17985570674406,10,1
170302,11581,112.89261397008305,10,1
170312,11582,90.38480172036144,10,1
170322,11583,138.1696302500348,10,1
170334,11584,89.28831995411994,12,1
170344,11585,104.02763017008492,10,1
170354,11586,85.96716126680592,10,1
170364,11587,120.97505103973243,10,1
170374,11588,75.79719255003239,10,1
170384,11589,133.77284344905254,10,1
170394,11590,62.52665385682181,10,1
170404,11591,91.8735157720095,10,1
170414,11592,101.75288231274396,10,1
170424,11593,111.77057742569981,10,1
170434,11594,82.34713372962442,10,1
170445,11595,79.64452780496124,11,1
170468,11596,81.96672108571678,23,1
170480,11597,35.580533040298185,12,1
170497,11598,109.10950678802992,17,1
170514,11599,101.2033787251241,17,1
170529,11600,81.80942481917697,15,1
170539,11601,80.83936327255824,10,1
170549,11602,113.00065631892633,10,1
170560,11603,134.56323688423024,11,1
170572,11604,108.48834031803297,12,1
170584,11605,136.6216671937776,12,1
170595,11606,134.99470504555916,11,1
170607,11607,97.78012865465124,12,1
170617,11608,112.62936240647868,10,1
170627,11609,129.18971324851273,10,1
170637,11610,43.198569270481286,10,1
170647,11611,141.81753040626361,10,1
170657,11612,105.20381835158977,10,1
170667,11613,111.56172109110977,10,1
170679,11614,84.43403794675424,12,1
170689,11615,77.0295050663985,10,1
170700,11616,73.95687931342069,11,1
170710,11617,83.65259128940713,10,1
170720,11618,89.03583620131833,10,1
170730,11619,118.64028728832886,10,1
170740,11620,133.5772167255719,10,1
170751,11621,140.01243720316515,11,1
170769,11622,45.86507143912259,18,1
170783,11623,62.47936389455815,14,1
170793,11624,124.8767413253476,10,1
170803,11625,118.89442238597348,10,1
170835,11626,78.07149663770349,32,1
170845,11627,39.08486252206222,10,1
170855,11628,66.37582317617272,10,1
170865,11629,47.16259203535136,10,1
170877,11630,96.70483070128829,12,1
170887,11631,79.73239839251615,10,1
170903,11632,107.88273922255006,16,1
170913,11633,142.72733355094346,10,1
170923,11634,49.037835854337686,10,1
170933,11635,85.26711943125831,10,1
170943,11636,134.33703902260652,10,1
170953,11637,135.28010501173534,10,1
170963,11638,120.0079061324302,10,1
170973,11639,96.10818323151373,10,1
170983,11640,90.0377344864094,10,1
170993,11641,106.57212288353634,10,1
171005,11642,100.86046900578572,12,1
171015,11643,39.4891070976026,10,1
171027,11644,97.66078520564238,12,1
171039,11645,95.0834233672233,12,1
171055,11646,101.68729247217918,16,1
171066,11647,115.59769157576041,11,1
171090,11648,100.37133082484829,24,1
171100,11649,92.65986327416009,10,1
171110,11650,141.31816431969148,10,1
171150,11651,-21.44798991511334,40,0
171160,11652,109.37423562378822,10,1
171177,11653,-26.826845987587706,17,1
171190,11654,105.34814341105827,13,1
171200,11655,102.00808252592674,10,1
171210,11656,81.97102076710654,10,1
171224,11657,90.99998673221258,14,1
171234,11658,106.5337005354512,10,1
171246,11659,124.54087544283063,12,1
171259,11660,132.33393274466476,13,1
171269,11661,117.46542571786857,10,1
171279,11662,114.62297056678997,10,1
171289,11663,118.4008177268961,10,1
171299,11664,90.64363548532879,10,1
171310,11665,94.95351553619446,11,1
171320,11666,124.94326259527573,10,1
171330,11667,103.51416603134206,10,1
171341,11668,97.77092506922466,11,1
171353,11669,141.52648083192852,12,1
171363,11670,117.41421005388946,10,1
171373,11671,98.87762706807612,10,1
171386,11672,116.92751491453672,13,1
171396,11673,139.93934090713248,10,1
171407,11674,135.70417411843158,11,1
171419,11675,77.06219385605253,12,1
171431,11676,95.72496230548114,12,1
171441,11677,132.16883904854677,10,1
171452,11678,143.0348225055256,11,1
171462,11679,109.67943188582052,10,1
171472,11680,109.930830901676,10,1
171488,11681,78.7471414914493,16,1
171500,11682,133.2995987077154,12,1
171512,11683,113.32057429732146,12,1
171522,11684,116.03414798866534,10,1
171562,11685,-20.662394501083526,40,0
171572,11686,88.49162790637568,10,1
171584,11687,62.44237201048963,12,1
171596,11688,133.24267608322393,12,1
171606,11689,120.13165929032861,10,1
171617,11690,109.38860935126064,11,1
171632,11691,93.98788990590045,15,1
171644,11692,141.6445967884389,12,1
171654,11693,125.81822009101752,10,1
171694,11694,-20.517163012006424,40,0
171704,11695,109.38067623174912,10,1
171716,11696,135.17102209634206,12,1
171726,11697,125.48670255310266,10,1
171736,11698,119.56014065936581,10,1
171748,11699,115.8275038106678,12,1
171759,11700,136.40063154251334,11,1
171769,11701,124.60016979300634,10,1
171780,11702,115.66324246513045,11,1
171790,11703,113.82531526595108,10,1
171800,11704,101.92083153788938,10,1
171817,11705,101.33722955630037,17,1
171828,11706,138.2823994166221,11,1
171843,11707,82.13035966037684,15,1
171853,11708,101.06292784180727,10,1
171866,11709,55.839689747816365,13,1
171876,11710,120.18782281356319,10,1
171886,11711,136.4978930066897,10,1
171896,11712,137.47873917203282,10,1
171911,11713,34.5022456333622,15,1
171923,11714,123.81621245422299,12,1
171933,11715,112.94809777101429,10,1
171943,11716,65.20455119676207,10,1
171953,11717,116.35244341465688,10,1
171963,11718,93.23979937956095,10,1
171976,11719,123.32707517789581,13,1
171987,11720,132.92790281698387,11,1
171997,11721,142.0298995238969,10,1
172007,11722,84.09567023246687,10,1
172018,11723,79.4175686057761,11,1
172031,11724,117.18519341422856,13,1
172042,11725,83.59411734035237,11,1
172054,11726,111.9681648928664,12,1
172064,11727,97.20083190563463,10,1
172074,11728,102.21206802988767,10,1
172084,11729,122.89262615949178,10,1
172094,11730,78.54062093979785,10,1
172104,11731,62.27580173127662,10,1
172118,11732,97.02564393635468,14,1
172128,11733,118.93900655715684,10,1
172138,11734,115.87037368417793,10,1
172149,11735,130.40533847950365,11,1
172166,11736,101.81912178452689,17,1
172176,11737,67.48369622679601,10,1
172186,11738,87.17555530687228,10,1
172196,11739,77.95355101357258,10,1
172208,11740,103.57507264820906,12,1
172218,11741,108.8595098119469,10,1
172237,11742,120.96135075178117,19,1
172247,11743,117.94356156808367,10,1
172263,11744,84.69804806383827,16,1
172276,11745,54.656620117505575,13,1
172286,11746,72.01930651706995,10,1
172296,11747,89.70050707514945,10,1
172308,11748,139.6125049202087,12,1
172320,11749,123.25701203477911,12,1
172332,11750,74.1615481383656,12,1
172342,11751,115.63879094372058,10,1
172357,11752,107.99984531620869,15,1
172367,11753,86.10221246921787,10,1
172392,11754,76.66894009319147,25,1
172402,11755,109.35762822933313,10,1
172412,11756,132.16686764335307,10,1
172422,11757,140.11853013427836,10,1
172432,11758,66.1903339790207,10,1
172442,11759,78.78943546391889,10,1
172454,11760,90.4551792224925,12,1
172465,11761,136.44065376927077,11,1
172475,11762,104.00415808422102,10,1
172487,11763,143.4561476666343,12,1
172498,11764,132.4692126105939,11,1
172509,11765,142.1211459879947,11,1
172519,11766,58.29048640289237,10,1
172529,11767,87.88121597499592,10,1
172539,11768,75.66108029108177,10,1
172551,11769,110.96087117700837,12,1
172562,11770,93.36390897106689,11,1
172574,11771,77.7476963525236,12,1
172584,11772,110.76932912692736,10,1
172594,11773,94.51621969895396,10,1
172604,11774,98.66314480506604,10,1
172614,11775,59.694983148568745,10,1
172635,11776,89.35544630981411,21,1
172645,11777,90.9639234091032,10,1
172667,11778,35.39083461561131,22,1
172677,11779,71.75936783553998,10,1
172687,11780,76.58404377039766,10,1
172697,11781,74.28014277339824,10,1
172707,11782,72.26798260178215,10,1
172717,11783,136.4390095493405,10,1
172733,11784,80.72186490442903,16,1
172743,11785,112.48238594574747,10,1
172754,11786,113.18990423544338,11,1
172764,11787,100.44692882997244,10,1
172774,11788,55.43515940742417,10,1
172785,11789,128.95294905455648,11,1
172798,11790,99.39786320911655,13,1
172808,11791,97.51321427648305,10,1
172819,11792,135.31839942729073,11,1
172831,11793,134.18600334092548,12,1
172841,11794,75.28079557175562,10,1
172853,11795,106.25685643184302,12,1
172863,11796,87.730115606728,10,1
172873,11797,93.09304053863538,10,1
172885,11798,89.92652465450116,12,1
172899,11799,59.597075583268186,14,1
172909,11800,137.10209658383553,10,1
172925,11801,140.6626996630653,16,1
172935,11802,113.33238331343323,10,1
172945,11803,136.3786842179831,10,1
172957,11804,77.54005777902233,12,1
172967,11805,106.50560935167773,10,1
172977,11806,57.78104066195856,10,1
172988,11807,131.16405229904268,11,1
173002,11808,107.91845258750823,14,1
173012,11809,76.32359054370384,10,1
173022,11810,60.67684311665763,10,1
173062,11811,-20.369464663555235,40,0
173072,11812,140.12269519937539,10,1
173085,11813,129.8370961756909,13,1
173097,11814,57.724319227852504,12,1
173107,11815,85.7633124143546,10,1
173117,11816,87.75497404534794,10,1
173128,11817,102.85825071866283,11,1
173138,11818,48.13047339829498,10,1
173148,11819,137.1792168367521,10,1
173158,11820,108.75655778077648,10,1
173169,11821,138.43826390963756,11,1
173180,11822,109.7042448503125,11,1
173193,11823,41.12837629138867,13,1
173203,11824,123.75558728712356,10,1
173213,11825,98.38054032506682,10,1
173223,11826,92.0086420627407,10,1
173234,11827,104.69128032345338,11,1
173244,11828,58.523533465042355,10,1
173255,11829,101.36640550951945,11,1
173265,11830,69.5429150853502,10,1
173284,11831,40.63343553849406,19,1
173294,11832,93.27320468224306,10,1
173309,11833,74.10611745728411,15,1
173324,11834,92.92039326332944,15,1
173334,11835,124.04965968243215,10,1
173344,11836,100.38147317046867,10,1
173355,11837,92.10710309771804,11,1
173367,11838,117.49211128783074,12,1
173377,11839,124.1344255223379,10,1
173387,11840,111.35046529000063,10,1
173397,11841,77.55606493585383,10,1
173407,11842,97.28032367016463,10,1
173417,11843,132.22618757709827,10,1
173427,11844,107.12076775099385,10,1
173437,11845,75.13700457562379,10,1
173447,11846,131.18074834320672,10,1
173458,11847,83.48899610245931,11,1
173468,11848,56.916417405088154,10,1
173478,11849,135.04947853808395,10,1
173490,11850,45.353396185882225,12,1
173500,11851,134.0935805001103,10,1
173514,11852,106.5958204095277,14,1
173524,11853,112.68986766298559,10,1
173536,11854,142.19670846809626,12,1
173547,11855,114.14369161481581,11,1
173557,11856,43.30412342301836,10,1
173568,11857,137.26881185446604,11,1
173586,11858,80.38353790995451,18,1
173600,11859,71.83798457751817,14,1
173617,11860,124.34521690897198,17,1
173632,11861,109.02382169962901,15,1
173644,11862,142.29026855340558,12,1
173654,11863,93.22167606152217,10,1
173665,11864,138.76852766430653,11,1
173676,11865,48.29854393137944,11,1
173687,11866,135.9441889753914,11,1
173697,11867,119.81165181905902,10,1
173708,11868,133.31547052657547,11,1
173718,11869,135.8953565189856,10,1
173739,11870,68.35290714307887,21,1
173750,11871,143.26583012167222,11,1
173763,11872,138.7675897402754,13,1
173781,11873,142.81162878917064,18,1
173791,11874,117.27660509799857,10,1
173801,11875,112.8025429546259,10,1
173811,11876,78.5721861317867,10,1
173821,11877,79.75522384004856,10,1
173832,11878,121.33553681506902,11,1
173843,11879,133.53759438481637,11,1
173856,11880,107.80688689821321,13,1
173866,11881,112.16001760438928,10,1
173877,11882,98.62386107996872,11,1
173890,11883,117.26262728185719,13,1
173900,11884,140.75675741674607,10,1
173910,11885,113.20266972414234,10,1
173920,11886,54.005770423438086,10,1
173930,11887,139.46785525446032,10,1
173943,11888,122.49389285409599,13,1
173953,11889,104.81939847813848,10,1
173963,11890,93.18159073478063,10,1
173975,11891,117.5896019967548,12,1
173987,11892,123.7348031298236,12,1
173998,11893,110.07278207494578,11,1
174008,11894,75.91770927172172,10,1
174019,11895,123.53518016620643,11,1
174029,11896,73.95619367222108,10,1
174039,11897,106.67501912480104,10,1
174049,11898,98.80779220481689,10,1
174061,11899,100.40395880972838,12,1
174073,11900,122.48276775739966,12,1
174084,11901,51.54936883805787,11,1
174094,11902,137.8706687761129,10,1
174106,11903,134.12286783667355,12,1
174116,11904,80.35597766959962,10,1
174126,11905,92.82182893936697,10,1
174139,11906,100.56671699844249,13,1
174149,11907,53.07119830484621,10,1
174162,11908,119.89872244493078,13,1
174174,11909,136.64289106993715,12,1
174184,11910,136.89633333922538,10,1
174194,11911,140.62763971519803,10,1
174204,11912,105.04723802879819,10,1
174215,11913,54.93415201479346,11,1
174225,11914,100.88724032137578,10,1
174239,11915,80.94093716511262,14,1
174249,11916,48.62574116197495,10,1
174259,11917,124.49217811932687,10,1
174272,11918,132.9300243074896,13,1
174284,11919,136.75898659023542,12,1
174294,11920,137.88454705260736,10,1
174304,11921,138.108201396167,10,1
174314,11922,142.5711214530007,10,1
174324,11923,67.12240577229466,10,1
174334,11924,120.23226706891596,10,1
174344,11925,121.19785593572644,10,1
174355,11926,115.36398962020479,11,1
174365,11927,140.80868805591544,10,1
174375,11928,141.86254179030095,10,1
174386,11929,85.91692122096292,11,1
174398,11930,53.21113865617411,12,1
174408,11931,114.28880705065183,10,1
174418,11932,64.81680623674545,10,1
174428,11933,103.69402733749861,10,1
174439,11934,103.4182293304261,11,1
174449,11935,105.57325333348194,10,1
174464,11936,123.18723108581447,15,1
174474,11937,114.97841019057083,10,1
174484,11938,117.37585755977072,10,1
174496,11939,123.21826890438223,12,1
174506,11940,99.83438268289594,10,1
174520,11941,81.36886900700408,14,1
174530,11942,123.89904819200136,10,1
174540,11943,104.39908581011528,10,1
174550,11944,101.39023978020089,10,1
174560,11945,97.63127160797444,10,1
174570,11946,111.77312689030623,10,1
174582,11947,131.14029176714024,12,1
174592,11948,131.36877670181613,10,1
174602,11949,78.23215587732271,10,1
174612,11950,92.48474801274948,10,1
174622,11951,84.56315930246588,10,1
174632,11952,119.14113726428278,10,1
174645,11953,131.14419292927678,13,1
174655,11954,79.48791841678587,10,1
174668,11955,71.57596783017193,13,1
174681,11956,141.58725027727638,13,1
174692,11957,133.10476341760037,11,1
174704,11958,87.81117413394558,12,1
174714,11959,55.96447370751539,10,1
174724,11960,117.56768936916261,10,1
174734,11961,100.38430634583553,10,1
174745,11962,139.23910791967495,11,1
174756,11963,142.6332285009177,11,1
174766,11964,123.65577486800038,10,1
174777,11965,133.8231231345346,11,1
174787,11966,80.13552814556107,10,1
174798,11967,134.1496729730492,11,1
174813,11968,101.51645064880985,15,1
174824,11969,114.62649937877605,11,1
174834,11970,50.73940397718935,10,1
174845,11971,45.85655236111602,11,1
174857,11972,133.57005164073533,12,1
174867,11973,62.013762924286965,10,1
174880,11974,125.25823792320857,13,1
174893,11975,67.91689643138768,13,1
174903,11976,138.26640435307806,10,1
174913,11977,138.17340225556362,10,1
174925,11978,118.84117982287502,12,1
174936,11979,107.29157717433847,11,1
174947,11980,92.33415047097502,11,1
174957,11981,96.62739894183339,10,1
174967,11982,67.39892782930693,10,1
174977,11983,136.52480010387993,10,1
174987,11984,122.0268473519859,10,1
174997,11985,101.66923156082468,10,1
175007,11986,48.71005515881247,10,1
175019,11987,131.48267913340274,12,1
175034,11988,112.05982417171757,15,1
175044,11989,71.2957874372168,10,1
175054,11990,76.63989032271454,10,1
175065,11991,141.99629282135146,11,1
175075,11992,140.30224342975075,10,1
175085,11993,65.25108375084484,10,1
175097,11994,124.8376797911302,12,1
175111,11995,91.94846516705807,14,1
175151,11996,-20.357022872363473,40,0
175161,11997,138.21218569169324,10,1
175171,11998,112.4730121574194,10,1
175181,11999,112.88879923843842,10,1
175194,12000,119.10916111158791,13,1
175204,12001,105.7704073437903,10,1
175214,12002,133.53980510582096,10,1
175225,12003,140.93461698379735,11,1
175241,12004,44.296278498018644,16,1
175253,12005,104.1218187976208,12,1
175263,12006,112.7585491902668,10,1
175276,12007,130.272237031225,13,1
175286,12008,116.97562820717417,10,1
175296,12009,100.71374353112668,10,1
175306,12010,92.52537960827044,10,1
175317,12011,89.56711949203499,11,1
175327,12012,112.91896283333679,10,1
175337,12013,98.50067963363384,10,1
175347,12014,116.18316498275635,10,1
175357,12015,62.78969379529888,10,1
175371,12016,102.30646762495672,14,1
175381,12017,82.73099823358073,10,1
175391,12018,87.74587072316939,10,1
175401,12019,111.97664996018229,10,1
175420,12020,131.40615560371987,19,1
175431,12021,77.63137800217264,11,1
175443,12022,142.04080260559334,12,1
175453,12023,86.06547288566286,10,1
175463,12024,114.98362286761626,10,1
175473,12025,139.09951669549153,10,1
175483,12026,103.41362851802475,10,1
175493,12027,120.93930310332316,10,1
175503,12028,115.39066964672655,10,1
175515,12029,115.33071275163769,12,1
175525,12030,95.38286308505657,10,1
175535,12031,138.7656561922444,10,1
175547,12032,115.84796567926143,12,1
175557,12033,124.22612230283819,10,1
175567,12034,136.7081358483542,10,1
175577,12035,135.05598518652695,10,1
175591,12036,138.88187830205365,14,1
175601,12037,141.9098726301312,10,1
175616,12038,77.74881175655791,15,1
175626,12039,113.20569668436976,10,1
175636,12040,76.51415464610479,10,1
175646,12041,141.47181423907747,10,1
175657,12042,87.82096887261412,11,1
175667,12043,83.73465379100794,10,1
175678,12044,72.53200000931749,11,1
175688,12045,140.22764303689164,10,1
175700,12046,102.0680691963093,12,1
175710,12047,88.80333440055986,10,1
175724,12048,109.35531987108243,14,1
175735,12049,125.1108133622424,11,1
175749,12050,124.95994535959554,14,1
175759,12051,112.03166487914703,10,1
175773,12052,131.19652865450354,14,1
175784,12053,132.95309013959033,11,1
175794,12054,140.9187763588195,10,1
175810,12055,94.34487416104216,16,1
175821,12056,131.84262447741614,11,1
175834,12057,143.88045395326685,13,1
175844,12058,93.58101605556628,10,1
175854,12059,123.99039426169004,10,1
175864,12060,98.44946694536219,10,1
175874,12061,100.60739050409826,10,1
175885,12062,143.20199480135938,11,1
175895,12063,101.36537466468816,10,1
175907,12064,90.27415393226103,12,1
175919,12065,93.00193770899813,12,1
175929,12066,53.419429316890316,10,1
175939,12067,91.69221054014105,10,1
175949,12068,124.45282358542659,10,1
175961,12069,77.98572307307745,12,1
175976,12070,104.48323864986887,15,1
175986,12071,114.38364668132627,10,1
175996,12072,108.96267138442694,10,1
176006,12073,109.79017676608593,10,1
176019,12074,116.97519735865623,13,1
176029,12075,138.22887730480133,10,1
176040,12076,122.22975767131028,11,1
176051,12077,112.50710414792314,11,1
176061,12078,72.21801434041168,10,1
176071,12079,143.07128287120918,10,1
176082,12080,93.85216438401767,11,1
176092,12081,132.84260141806487,10,1
176104,12082,132.43523416250852,12,1
176116,12083,137.72314969799208,12,1
176126,12084,94.14023674531643,10,1
176136,12085,138.97118338392536,10,1
176146,12086,102.84018010184417,10,1
176158,12087,80.8633713481279,12,1
176168,12088,111.72198813023594,10,1
176178,12089,109.00696826901142,10,1
176192,12090,122.61739389631762,14,1
176202,12091,143.06321014187418,10,1
176212,12092,91.45366722442569,10,1
176222,12093,99.45910106599604,10,1
176234,12094,141.22287694810322,12,1
176245,12095,105.18603411252134,11,1
176255,12096,139.60119639416538,10,1
176265,12097,125.2809998008672,10,1
176275,12098,81.69759807625705,10,1
176286,12099,80.01977712177896,11,1
176296,12100,125.47978810035234,10,1
176306,12101,68.01111044369394,10,1
176316,12102,78.94049722051595,10,1
176329,12103,141.75551407379174,13,1
176339,12104,120.01121881188729,10,1
176349,12105,110.51632831306459,10,1
176359,12106,120.89350982319756,10,1
176369,12107,61.711146306657675,10,1
176383,12108,122.86186680020829,14,1
176393,12109,108.00414498972965,10,1
176406,12110,134.62352073015288,13,1
176416,12111,113.06761835080492,10,1
176427,12112,94.76973693785419,11,1
176437,12113,132.3761364404802,10,1
176447,12114,77.41398324405517,10,1
176457,12115,117.77379674653082,10,1
176467,12116,101.54215833204759,10,1
176479,12117,116.46608968107152,12,1
176489,12118,135.42527329556432,10,1
176502,12119,118.13822283844821,13,1
176512,12120,69.88587528266879,10,1
176522,12121,124.4235040800231,10,1
176533,12122,125.61822390514179,11,1
176543,12123,94.35515067974568,10,1
176553,12124,131.90664359817723,10,1
176566,12125,78.84849317798417,13,1
176577,12126,111.35520975538829,11,1
176588,12127,76.42192371049207,11,1
176598,12128,93.02295129462573,10,1
176608,12129,116.03497385879068,10,1
176622,12130,102.33409659473506,14,1
176635,12131,114.76650700940834,13,1
176650,12132,119.64452196948974,15,1
176661,12133,85.92362085319623,11,1
176674,12134,92.86633260582502,13,1
176684,12135,122.99713429694681,10,1
176694,12136,97.57837564201748,10,1
176708,12137,133.2401468598121,14,1
176718,12138,112.7322537363236,10,1
176734,12139,88.38932728083896,16,1
176746,12140,139.62159504881262,12,1
176761,12141,109.63030980814945,15,1
176772,12142,130.86783903395417,11,1
176783,12143,105.85294424033638,11,1
176793,12144,93.01267363854278,10,1
176803,12145,130.61824048999435,10,1
176813,12146,76.31275917561099,10,1
176826,12147,135.4839439587574,13,1
176836,12148,123.42847179321046,10,1
176851,12149,132.83753491025712,15,1
176861,12150,43.59647835715686,10,1
176871,12151,108.76427753358851,10,1
176881,12152,112.9709865074883,10,1
176891,12153,109.92731882452502,10,1
176906,12154,101.52294663754628,15,1
176917,12155,114.71440477314805,11,1
176927,12156,118.80408011144137,10,1
176937,12157,121.9494984499769,10,1
176947,12158,131.74625498835863,10,1
176959,12159,123.38192765001568,12,1
176971,12160,117.52052083262961,12,1
176981,12161,142.77335178825692,10,1
176995,12162,90.09042510834087,14,1
177005,12163,103.66275252975566,10,1
177016,12164,134.7071374105535,11,1
177026,12165,46.92345484291774,10,1
177036,12166,66.76257506855387,10,1
177046,12167,104.5737843775003,10,1
177056,12168,121.97707424631506,10,1
177066,12169,68.25997098873859,10,1
177076,12170,68.73274310381514,10,1
177087,12171,124.34603470166286,11,1
177098,12172,95.75774042209196,11,1
177109,12173,90.56980435176659,11,1
177119,12174,135.5515875040452,10,1
177129,12175,98.12266780265846,10,1
177139,12176,120.53729425311023,10,1
177149,12177,143.38970122240133,10,1
177159,12178,97.08537477911466,10,1
177169,12179,51.32913078598562,10,1
177179,12180,91.02124832029463,10,1
177193,12181,98.99577657695997,14,1
177203,12182,131.03812010792026,10,1
177213,12183,131.8101230711862,10,1
177223,12184,114.51215478724365,10,1
177234,12185,135.65916109147503,11,1
177245,12186,104.68277796387461,11,1
177256,12187,120.03331592849136,11,1
177266,12188,132.52829812515506,10,1
177276,12189,121.27663949441651,10,1
177286,12190,110.0318050598274,10,1
177297,12191,136.58468554500945,11,1
177307,12192,140.49406281947242,10,1
177317,12193,117.64260798352993,10,1
177328,12194,142.1246700676687,11,1
177338,12195,130.54232909757204,10,1
177348,12196,87.33525197700327,10,1
177358,12197,72.51932143435045,10,1
177368,12198,118.94570256436843,10,1
177383,12199,113.16616977225566,15,1
177404,12200,138.95060602395054,21,1
177414,12201,50.788888870581815,10,1
177424,12202,119.9358847862083,10,1
177434,12203,109.3005382721657,10,1
177444,12204,73.35380640725938,10,1
177456,12205,120.61094813854277,12,1
177466,12206,106.58616160863491,10,1
177476,12207,117.02120257955897,10,1
177490,12208,118.99342976951776,14,1
177502,12209,102.83238489004424,12,1
177512,12210,35.872608152121764,10,1
177522,12211,122.12320514050043,10,1
177532,12212,116.04335940416755,10,1
177542,12213,99.58351005042495,10,1
177555,12214,141.89550644755968,13,1
177566,12215,135.61393133102328,11,1
177576,12216,108.53009286510844,10,1
177586,12217,55.61772505254121,10,1
177605,12218,69.86621154163255,19,1
177615,12219,100.44253260680296,10,1
177631,12220,59.20520426909152,16,1
177644,12221,99.05863062122552,13,1
177654,12222,119.69208007089239,10,1
177674,12223,117.2544584860187,20,1
177685,12224,119.52724906983413,11,1
177695,12225,61.84465767179447,10,1
177705,12226,73.7476778846703,10,1
177717,12227,51.03623781650359,12,1
177727,12228,136.31882650681482,10,1
177737,12229,91.25330840497934,10,1
177747,12230,78.9831092857412,10,1
177757,12231,114.7151873176764,10,1
177772,12232,130.14860397793203,15,1
177782,12233,101.11441156946424,10,1
177794,12234,116.88344658486405,12,1
177804,12235,53.10895989156386,10,1
177816,12236,110.81177896419342,12,1
177826,12237,90.95723822805098,10,1
177839,12238,136.82807536631083,13,1
177857,12239,142.17377449282188,18,1
177867,12240,86.81617577732334,10,1
177877,12241,88.0755773103075,10,1
177887,12242,85.04375226117637,10,1
177898,12243,114.96802414734812,11,1
177909,12244,134.06493976967334,11,1
177921,12245,144.17850314227692,12,1
177933,12246,130.25930751010372,12,1
177943,12247,82.33019402508056,10,1
177953,12248,60.1460452220405,10,1
177963,12249,135.70518209765544,10,1
177979,12250,72.7681559970643,16,1
177989,12251,84.71974628699064,10,1
177999,12252,79.73702153862864,10,1
178009,12253,119.2703083967351,10,1
178019,12254,133.75772097825958,10,1
178034,12255,139.23986078200875,15,1
178047,12256,100.0800984181063,13,1
178057,12257,114.90774079216003,10,1
178067,12258,122.3373592099977,10,1
178077,12259,141.30671553927323,10,1
178087,12260,135.6848282576111,10,1
178100,12261,94.78804944345337,13,1
178111,12262,51.38619741583925,11,1
178123,12263,122.59279264342243,12,1
178133,12264,85.05013382937554,10,1
178143,12265,107.70169029989573,10,1
178153,12266,49.624573267553025,10,1
178163,12267,96.93323910852692,10,1
178173,12268,73.82806033762785,10,1
178183,12269,114.54653333171653,10,1
178193,12270,122.5037530350098,10,1
178205,12271,124.34623696395245,12,1
178218,12272,133.55094147293426,13,1
178228,12273,62.16659272739261,10,1
178238,12274,116.46337223921277,10,1
178248,12275,107.54951729257503,10,1
178264,12276,93.79403020172607,16,1
178277,12277,120.92788827716674,13,1
178289,12278,108.69826632320076,12,1
178305,12279,96.85834227710605,16,1
178315,12280,130.41173683926718,10,1
178326,12281,137.94748357983758,11,1
178337,12282,124.09317270591092,11,1
178347,12283,62.21800840262805,10,1
178357,12284,113.58300990696173,10,1
178367,12285,72.09844705035114,10,1
178377,12286,106.00140418860444,10,1
178387,12287,137.64076039566095,10,1
178400,12288,131.4529359132386,13,1
178413,12289,100.58401742079378,13,1
178423,12290,97.20165041928215,10,1
178434,12291,142.98845964293764,11,1
178444,12292,99.87477163407482,10,1
178454,12293,105.9126641474441,10,1
178469,12294,104.6283673799742,15,1
178481,12295,84.88147100324899,12,1
178495,12296,84.59749739234854,14,1
178512,12297,115.32328983664797,17,1
178522,12298,100.38944733799607,10,1
178532,12299,131.31896615336484,10,1
178542,12300,138.27043014729824,10,1
178552,12301,120.90878051129688,10,1
178563,12302,106.00789110078776,11,1
178573,12303,114.81699152175497,10,1
178584,12304,109.94212436474348,11,1
178598,12305,130.77978675819327,14,1
178613,12306,138.33671217177104,15,1
178623,12307,82.29171324882493,10,1
178634,12308,121.9556415037778,11,1
178647,12309,124.19188543299883,13,1
178657,12310,143.11751704584282,10,1
178667,12311,115.05422493180858,10,1
178677,12312,39.384382124789916,10,1
178687,12313,78.02544214668777,10,1
178697,12314,138.49032670408826,10,1
178707,12315,134.8707897378626,10,1
178717,12316,61.50956362116051,10,1
178727,12317,134.2269744819651,10,1
178737,12318,113.10963339660579,10,1
178747,12319,123.49904298452643,10,1
178760,12320,134.35877386542091,13,1
178770,12321,58.16842266972209,10,1
178781,12322,123.64453749622365,11,1
178791,12323,132.88101049391042,10,1
178807,12324,105.34173432210181,16,1
178821,12325,98.82584158631553,14,1
178831,12326,80.24100497750938,10,1
178841,12327,117.04512202358059,10,1
178851,12328,72.03013338794841,10,1
178861,12329,94.32774393709097,10,1
178871,12330,118.59662418948716,10,1
178881,12331,92.54727835190803,10,1
178894,12332,51.50427601781707,13,1
178906,12333,139.20189557857023,12,1
178916,12334,49.36921398112765,10,1
178926,12335,44.39408083244162,10,1
178936,12336,85.84393443419674,10,1
178946,12337,76.35780610234843,10,1
178960,12338,123.48334781326602,14,1
178970,12339,106.23377575653994,10,1
178980,12340,125.11005443263132,10,1
178992,12341,96.66219352354933,12,1
179002,12342,98.3120528368451,10,1
179015,12343,143.52716384934672,13,1
179029,12344,131.34014911506551,14,1
179039,12345,141.80337590471197,10,1
179049,12346,93.11481056525892,10,1
179059,12347,107.70106177543394,10,1
179069,12348,113.70409485909639,10,1
179079,12349,112.71556860166162,10,1
179089,12350,139.02665875062556,10,1
179099,12351,70.05491948953278,10,1
179113,12352,119.62878980516338,14,1
179123,12353,77.02389154845731,10,1
179138,12354,138.72554488358762,15,1
179154,12355,26.93385595292465,16,1
179165,12356,134.66434089675548,11,1
179175,12357,120.00296767688636,10,1
179185,12358,56.165811630358164,10,1
179195,12359,123.18587331630701,10,1
179205,12360,87.77066094050541,10,1
179215,12361,56.76751379545395,10,1
179225,12362,77.14825048174538,10,1
179235,12363,65.2619980658265,10,1
179247,12364,101.45892586922551,12,1
179257,12365,138.93254629169184,10,1
179271,12366,114.86241967670797,14,1
179288,12367,138.84393897116803,17,1
179298,12368,131.78330627984232,10,1
179308,12369,125.19666621607182,10,1
179318,12370,104.89333369815945,10,1
179328,12371,120.2513976188328,10,1
179338,12372,122.24976296250772,10,1
179348,12373,114.03015891550352,10,1
179358,12374,105.99100515093792,10,1
179368,12375,133.74709962741233,10,1
179382,12376,141.84683012144737,14,1
179392,12377,84.53332961264789,10,1
179402,12378,103.76086708926178,10,1
179415,12379,132.9043941259136,13,1
179425,12380,104.21788829664797,10,1
179435,12381,102.14743846031797,10,1
179445,12382,102.03257891255932,10,1
179455,12383,111.0407018646884,10,1
179465,12384,116.81296251500783,10,1
179475,12385,118.95619514798321,10,1
179485,12386,99.41909269256035,10,1
179498,12387,88.12374365192662,13,1
179508,12388,139.86410982659115,10,1
179518,12389,118.14293412067606,10,1
179529,12390,110.48233616937323,11,1
179539,12391,74.28874976626093,10,1
179552,12392,140.8711047833544,13,1
179562,12393,98.80024221921876,10,1
179575,12394,116.88317857316432,13,1
179586,12395,120.87785441522426,11,1
179599,12396,95.19214069785922,13,1
179609,12397,107.77725128349887,10,1
179621,12398,113.243288232864,12,1
179633,12399,102.86128205273496,12,1
179643,12400,116.41129227537294,10,1
179655,12401,44.25510066312856,12,1
179667,12402,132.42358593674865,12,1
179680,12403,131.347569677661,13,1
179690,12404,119.08616654595528,10,1
179702,12405,117.42516958390185,12,1
179712,12406,135.7421817921907,10,1
179725,12407,117.25563640856407,13,1
179735,12408,100.85556254204963,10,1
179745,12409,138.27044637239385,10,1
179759,12410,115.03911944153256,14,1
179772,12411,139.4207334932421,13,1
179783,12412,117.52785234789084,11,1
179806,12413,142.4998843656184,23,1
179816,12414,80.1449200119201,10,1
179829,12415,113.60543338534576,13,1
179839,12416,67.2045372182239,10,1
179849,12417,142.41044923744624,10,1
179860,12418,101.9027120583253,11,1
179870,12419,98.34306170897428,10,1
179883,12420,115.35226563595667,13,1
179894,12421,135.0583885084143,11,1
179906,12422,136.72638220043302,12,1
179921,12423,99.70226616892381,15,1
179931,12424,102.20063703251334,10,1
179941,12425,133.63776824420887,10,1
179951,12426,115.31668218859649,10,1
179961,12427,119.98340273360475,10,1
179971,12428,123.89384542898405,10,1
179982,12429,132.1490114940002,11,1
179992,12430,76.68277011523217,10,1
180004,12431,84.89986728096241,12,1
180015,12432,43.3608600097357,11,1
180025,12433,137.80000227669714,10,1
180039,12434,143.56891416182472,14,1
180049,12435,99.23678628573828,10,1
180059,12436,94.30234508155084,10,1
180071,12437,142.2287231382424,12,1
180083,12438,136.36256536573484,12,1
180093,12439,114.31143269056591,10,1
180103,12440,110.29535297247381,10,1
180113,12441,55.726694747113946,10,1
180123,12442,138.91569607616503,10,1
180133,12443,137.22348889804746,10,1
180143,12444,52.1788475362358,10,1
180153,12445,120.14799919708761,10,1
180163,12446,107.05237442470981,10,1
180173,12447,125.65471321953837,10,1
180183,12448,85.51507312699486,10,1
180194,12449,120.95601701173172,11,1
180204,12450,113.66597970268411,10,1
180214,12451,102.04950562638261,10,1
180224,12452,101.58641282500359,10,1
180236,12453,97.7750836569262,12,1
180246,12454,133.7127475186673,10,1
180256,12455,74.15712720889263,10,1
180267,12456,123.25750654701694,11,1
180277,12457,93.52755458324415,10,1
180287,12458,138.02605058146312,10,1
180298,12459,66.91434129786904,11,1
180308,12460,96.03864000177825,10,1
180318,12461,133.50313815932958,10,1
180332,12462,85.95375095612238,14,1
180346,12463,98.42180265013958,14,1
180356,12464,135.32536593009684,10,1
180366,12465,88.74906942546527,10,1
180376,12466,131.77495136081683,10,1
180389,12467,97.40567860291806,13,1
180399,12468,93.94901467985426,10,1
180414,12469,105.12327975669578,15,1
180427,12470,138.02622337860237,13,1
180441,12471,109.72587462412845,14,1
180451,12472,122.33368551383556,10,1
180461,12473,104.28648328215185,10,1
180471,12474,87.73824817414281,10,1
180481,12475,88.70440960041907,10,1
180491,12476,122.31701689322038,10,1
180502,12477,55.40246262272933,11,1
180513,12478,142.3993113141027,11,1
180523,12479,104.12922631611548,10,1
180533,12480,71.49344060797362,10,1
180546,12481,80.26215395077264,13,1
180556,12482,135.1367295436013,10,1
180566,12483,118.69887611518237,10,1
180576,12484,103.86766878333512,10,1
180586,12485,136.02745953442263,10,1
180600,12486,124.37538076724712,14,1
180611,12487,119.64681725550716,11,1
180623,12488,93.85715693069943,12,1
180638,12489,116.31250880530494,15,1
180648,12490,124.1546031080224,10,1
180658,12491,121.88349654893412,10,1
180668,12492,132.2845212363003,10,1
180686,12493,25.433826178036632,18,1
180700,12494,139.83459395103176,14,1
180710,12495,74.77381347886822,10,1
180720,12496,97.38026186579016,10,1
180730,12497,94.21208197176213,10,1
180740,12498,137.14625099756245,10,1
180750,12499,134.64642529309222,10,1
180760,12500,62.62933860998162,10,1
180770,12501,117.61683592525205,10,1
180780,12502,52.56723609904255,10,1
180820,12503,-20.96128835904248,40,0
180830,12504,117.12564234842105,10,1
180840,12505,100.61110633422726,10,1
180850,12506,119.53857318708025,10,1
180860,12507,121.97297901640562,10,1
180878,12508,133.38689411044507,18,1
180892,12509,114.71139710317826,14,1
180904,12510,108.28567199793959,12,1
180914,12511,103.89774847736778,10,1
180927,12512,142.52640071078184,13,1
180938,12513,140.2642455801061,11,1
180951,12514,142.84798881121992,13,1
180964,12515,131.23211062683612,13,1
180978,12516,134.33965773611942,14,1
180988,12517,131.52942795381873,10,1
180998,12518,142.87265152190304,10,1
181010,12519,119.26235939835522,12,1
181020,12520,118.45076715086157,10,1
181030,12521,119.30875795749266,10,1
181040,12522,81.1444191758596,10,1
181050,12523,120.97819734740735,10,1
181060,12524,51.181720025807074,10,1
181070,12525,50.82361939817606,10,1
181080,12526,100.80377087647732,10,1
181090,12527,34.666265274979274,10,1
181100,12528,139.54857460572836,10,1
181111,12529,131.57985403848627,11,1
181121,12530,107.51821321174839,10,1
181132,12531,115.97145264150882,11,1
181142,12532,140.77982876441564,10,1
181152,12533,118.89347641917033,10,1
181164,12534,142.82915493503472,12,1
181174,12535,90.24791093970339,10,1
181185,12536,120.55361411362405,11,1
181195,12537,84.813439496537,10,1
181205,12538,143.23457843763543,10,1
181220,12539,132.89160148766558,15,1
181230,12540,81.92495612648842,10,1
181243,12541,136.68630688214077,13,1
181254,12542,108.95110308478213,11,1
181264,12543,120.72783942396707,10,1
181281,12544,138.29803928300294,17,1
181293,12545,120.5819052386334,12,1
181303,12546,114.00860954404531,10,1
181314,12547,117.42346563219435,11,1
181325,12548,118.96235740783328,11,1
181337,12549,96.95292580873665,12,1
181348,12550,139.72846907463486,11,1
181360,12551,102.8956118263739,12,1
181370,12552,113.33566842304721,10,1
181381,12553,106.74621663145983,11,1
181391,12554,39.2485277158125,10,1
181401,12555,102.4922199397457,10,1
181413,12556,93.13547678144938,12,1
181423,12557,85.56670179822945,10,1
181433,12558,102.02550479300598,10,1
181446,12559,103.86012414490378,13,1
181457,12560,96.7057072537472,11,1
181467,12561,59.71367965435219,10,1
181477,12562,99.01337806466684,10,1
181489,12563,140.45666081561112,12,1
181500,12564,136.56765119893188,11,1
181511,12565,122.44000343321477,11,1
181523,12566,138.9233181806897,12,1
181533,12567,83.71103919649927,10,1
181546,12568,132.36227691347383,13,1
181556,12569,138.1815235836877,10,1
181567,12570,131.2460107364598,11,1
181578,12571,142.58633173538323,11,1
181588,12572,103.38290042155232,10,1
181602,12573,86.70125763503158,14,1
181617,12574,89.61009152545884,15,1
181628,12575,80.08614465818306,11,1
181638,12576,102.06376338762789,10,1
181648,12577,122.29047156125392,10,1
181660,12578,105.25049798913523,12,1
181670,12579,99.35566538667966,10,1
181680,12580,89.57917517557506,10,1
181690,12581,72.53193027344999,10,1
181700,12582,73.31915547310737,10,1
181717,12583,68.59278680482286,17,1
181732,12584,117.45133520043024,15,1
181743,12585,138.76258453526756,11,1
181755,12586,131.6644007094611,12,1
181765,12587,121.24819048971021,10,1
181792,12588,141.08636989663296,27,1
181802,12589,124.94407141012078,10,1
181814,12590,119.25841747949639,12,1
181824,12591,111.36749250115201,10,1
181835,12592,89.27692862333095,11,1
181845,12593,96.64223995431912,10,1
181855,12594,132.31311858360777,10,1
181867,12595,132.35985373780898,12,1
181879,12596,89.375768982553,12,1
181889,12597,121.62359258142115,10,1
181900,12598,136.2307382145622,11,1
181911,12599,24.67992566660087,11,1
181921,12600,94.16525060055545,10,1
181933,12601,107.27985321482595,12,1
181943,12602,118.71590181888162,10,1
181956,12603,140.92765966644228,13,1
181967,12604,113.85245299360271,11,1
181978,12605,142.96952915597956,11,1
181993,12606,112.93905974635175,15,1
182004,12607,117.070522508273,11,1
182015,12608,67.29881211232822,11,1
182025,12609,105.31503630721699,10,1
182035,12610,136.75325707481727,10,1
182045,12611,98.4030769984527,10,1
182057,12612,138.96496181925363,12,1
182067,12613,132.35965042708847,10,1
182077,12614,93.00802984533912,10,1
182089,12615,142.9685162254956,12,1
182106,12616,102.59740168492641,17,1
182117,12617,131.40137533829667,11,1
182127,12618,124.83221474761963,10,1
182137,12619,122.39759282252598,10,1
182147,12620,82.4268848249413,10,1
182157,12621,71.4714712005628,10,1
182167,12622,108.40306126181618,10,1
182180,12623,133.78569789807466,13,1
182190,12624,112.71046505249677,10,1
182200,12625,121.01796338288841,10,1
182210,12626,108.69917029898224,10,1
182239,12627,26.438559571080052,29,1
182253,12628,113.42395205931186,14,1
182266,12629,124.53922520116693,13,1
182276,12630,139.58784676197314,10,1
182288,12631,100.51577945263735,12,1
182299,12632,74.47206636418296,11,1
182310,12633,135.22736074838193,11,1
182325,12634,121.4307516978961,15,1
182335,12635,115.45858626447306,10,1
182348,12636,117.54264716780573,13,1
182358,12637,114.4998913003612,10,1
182368,12638,133.85684057561875,10,1
182378,12639,129.71648446824395,10,1
182392,12640,93.45121175234138,14,1
182403,12641,130.09238807884134,11,1
182414,12642,121.77721766616614,11,1
182424,12643,115.90130194238212,10,1
182434,12644,131.45196877363685,10,1
182445,12645,96.65734385374704,11,1
182459,12646,114.67497530336065,14,1
182469,12647,88.79785605075496,10,1
182479,12648,100.42159725461332,10,1
182491,12649,105.08667496675386,12,1
182501,12650,59.5196618017966,10,1
182511,12651,110.32161299473157,10,1
182521,12652,137.0029893708927,10,1
182531,12653,92.10220959768061,10,1
182541,12654,82.18357778394702,10,1
182551,12655,105.71534530678449,10,1
182562,12656,117.87304364556289,11,1
182574,12657,133.90310215381103,12,1
182586,12658,140.76433317486666,12,1
182597,12659,118.39533702379413,11,1
182617,12660,140.0190351128969,20,1
182627,12661,68.28890360373825,10,1
182637,12662,75.8222399566095,10,1
182647,12663,66.2792263742983,10,1
182659,12664,123.99739292596145,12,1
182669,12665,113.26520493411923,10,1
182681,12666,109.0775448724896,12,1
182691,12667,141.43233401064765,10,1
182701,12668,77.96347581963629,10,1
182711,12669,37.904904329342344,10,1
182721,12670,141.27039490268172,10,1
182731,12671,103.4161153336832,10,1
182741,12672,62.28078452724301,10,1
182751,12673,94.55891885692773,10,1
182761,12674,70.94082892200058,10,1
182772,12675,102.74282353954996,11,1
182782,12676,135.68436425730187,10,1
182792,12677,88.94766639706127,10,1
182804,12678,88.57379568401511,12,1
182814,12679,48.51877170073853,10,1
182826,12680,117.1875789394669,12,1
182839,12681,102.04577259615269,13,1
182849,12682,104.9657693750602,10,1
182860,12683,118.68890726032113,11,1
182870,12684,136.6930071600289,10,1
182880,12685,78.04197010827797,10,1
182890,12686,89.45076471802362,10,1
182903,12687,77.45594092183491,13,1
182915,12688,122.25614759327708,12,1
182925,12689,124.64502569037171,10,1
182935,12690,74.58611815481632,10,1
182945,12691,53.55506528329141,10,1
182958,12692,65.87752159461589,13,1
182968,12693,65.5767690283408,10,1
182978,12694,141.78817466867548,10,1
182991,12695,143.70249815647483,13,1
183007,12696,104.7259686280956,16,1
183021,12697,133.06280881849884,14,1
183031,12698,69.4675994099682,10,1
183041,12699,78.09988727670998,10,1
183053,12700,90.25423176220669,12,1
183068,12701,110.86610593495385,15,1
183078,12702,110.32707837447755,10,1
183088,12703,94.57508011442226,10,1
183098,12704,106.15678945508235,10,1
183108,12705,95.2935646209913,10,1
183119,12706,123.88837815685434,11,1
183129,12707,88.37680453516118,10,1
183139,12708,100.89641897121503,10,1
183149,12709,96.52624042406485,10,1
183159,12710,131.96375376822107,10,1
183170,12711,133.91080186803825,11,1
183182,12712,134.5582933390661,12,1
183192,12713,123.75027529816307,10,1
183203,12714,110.0293106600574,11,1
183213,12715,84.25095337284047,10,1
183223,12716,125.27060422935259,10,1
183236,12717,138.91083552408335,13,1
183246,12718,91.23228447395138,10,1
183257,12719,115.23766455813748,11,1
183270,12720,110.57448568607346,13,1
183287,12721,138.35725688308688,17,1
183297,12722,135.56409352012676,10,1
183307,12723,119.49249366626795,10,1
183317,12724,137.09716547771376,10,1
183327,12725,138.82119853245877,10,1
183337,12726,137.34310993731643,10,1
183347,12727,114.85774030070613,10,1
183357,12728,114.12478876089831,10,1
183367,12729,108.91009820211907,10,1
183377,12730,97.48155265515594,10,1
183390,12731,106.69492998588859,13,1
183402,12732,113.61452029944306,12,1
183412,12733,69.72198071430746,10,1
183423,12734,112.78196793646936,11,1
183433,12735,139.093156632574,10,1
183443,12736,137.01655032946084,10,1
183453,12737,141.11633765429752,10,1
183463,12738,138.02193249987292,10,1
183473,12739,54.53801510046522,10,1
183486,12740,134.46236919073604,13,1
183496,12741,101.3189223331266,10,1
183506,12742,102.11095655159713,10,1
183516,12743,98.9343452478056,10,1
183526,12744,109.18363653314837,10,1
183536,12745,118.14622946045904,10,1
183546,12746,99.22796231994198,10,1
183556,12747,64.59214499319116,10,1
183566,12748,105.49335960821816,10,1
183577,12749,132.37709290506308,11,1
183587,12750,112.02604172116713,10,1
183598,12751,121.38160640775818,11,1
183608,12752,97.00423917143216,10,1
183618,12753,77.09328009404594,10,1
183628,12754,45.51822537420665,10,1
183639,12755,130.68738580133586,11,1
183649,12756,140.41717978051832,10,1
183659,12757,99.51518813918045,10,1
183669,12758,135.86790283746373,10,1
183681,12759,142.6009700880449,12,1
183691,12760,131.08695552298252,10,1
183702,12761,42.21129514489915,11,1
183712,12762,102.01060490735907,10,1
183722,12763,101.23613112637396,10,1
183732,12764,142.45168735969557,10,1
183742,12765,135.28401883179043,10,1
183754,12766,120.58529367572991,12,1
183766,12767,138.02712603140833,12,1
183776,12768,103.80905358653224,10,1
183786,12769,134.53262553379176,10,1
183796,12770,105.13246622361636,10,1
183806,12771,109.27429934690721,10,1
183820,12772,86.11906411588907,14,1
183833,12773,111.56417318915221,13,1
183843,12774,68.39573431873852,10,1
183853,12775,129.40893786525265,10,1
183863,12776,114.95752559329216,10,1
183875,12777,131.37560112964184,12,1
183885,12778,63.293838193642614,10,1
183898,12779,113.30018650781824,13,1
183908,12780,141.54724836504943,10,1
183920,12781,133.15179139068113,12,1
183933,12782,132.22510242434848,13,1
183943,12783,106.59496794616908,10,1
183955,12784,123.5336891976148,12,1
183967,12785,93.01262351193908,12,1
183979,12786,94.82129584862854,12,1
183989,12787,140.76114454690585,10,1
184002,12788,110.10453548267657,13,1
184014,12789,111.54072473699516,12,1
184027,12790,116.51681217168182,13,1
184037,12791,143.84716182221894,10,1
184047,12792,101.73113861098781,10,1
184061,12793,111.1264124982803,14,1
184071,12794,104.17250803176418,10,1
184081,12795,140.1116748772414,10,1
184091,12796,142.36371594168085,10,1
184101,12797,66.66972277800605,10,1
184111,12798,84.8220265345239,10,1
184121,12799,132.05934208726168,10,1
184131,12800,105.95307879751556,10,1
184141,12801,132.76515483090984,10,1
184154,12802,138.75103427188048,13,1
184164,12803,115.60647808579763,10,1
184175,12804,109.73709411930163,11,1
184185,12805,77.7886540343493,10,1
184195,12806,114.9776041269576,10,1
184205,12807,58.948762198362836,10,1
184216,12808,106.62668127721601,11,1
184226,12809,96.00414166994594,10,1
184237,12810,135.05346124570178,11,1
184247,12811,86.76286779829195,10,1
184261,12812,119.23673200381698,14,1
184271,12813,137.066523394492,10,1
184281,12814,74.01873861209059,10,1
184293,12815,111.79436985752291,12,1
184307,12816,124.75836725768181,14,1
184319,12817,122.60837371252944,12,1
184329,12818,113.41467209556794,10,1
184339,12819,75.91047401389183,10,1
184349,12820,70.70760577983074,10,1
184360,12821,84.56267826398792,11,1
184370,12822,137.21287587029502,10,1
184380,12823,95.57066626779769,10,1
184391,12824,114.54541198357008,11,1
184404,12825,67.12548187520858,13,1
184414,12826,125.0299525423733,10,1
184424,12827,91.79143633101069,10,1
184434,12828,131.84899068449192,10,1
184444,12829,86.35094956005305,10,1
184457,12830,101.09320793222771,13,1
184469,12831,130.96143189538935,12,1
184485,12832,122.28983726888566,16,1
184497,12833,101.1818655423533,12,1
184508,12834,99.48999793963829,11,1
184518,12835,130.54355394099332,10,1
184528,12836,47.06304781815262,10,1
184538,12837,61.519927125455595,10,1
184552,12838,141.987023035638,14,1
184562,12839,88.49655798254946,10,1
184572,12840,122.57013711438444,10,1
184582,12841,125.2976764676537,10,1
184592,12842,143.55849351961444,10,1
184603,12843,137.18046574317515,11,1
184613,12844,105.09530106869168,10,1
184631,12845,86.1945885206033,18,1
184641,12846,116.99264382736352,10,1
184653,12847,113.68708225847831,12,1
184663,12848,118.6226404751017,10,1
184673,12849,98.99603177297698,10,1
184684,12850,139.08677931402997,11,1
184694,12851,139.82791584379538,10,1
184713,12852,136.4935828331282,19,1
184723,12853,89.6076842820612,10,1
184739,12854,132.37326724284017,16,1
184749,12855,118.54175924554443,10,1
184759,12856,138.8320002324297,10,1
184771,12857,103.92331559906862,12,1
184781,12858,100.66465667791023,10,1
184791,12859,98.05729097480784,10,1
184802,12860,141.97360615095914,11,1
184814,12861,142.3871627570309,12,1
184827,12862,84.55033523608685,13,1
184867,12863,-20.510098318029574,40,0
184877,12864,88.1852304704215,10,1
184887,12865,81.26421454438963,10,1
184897,12866,67.21497884261385,10,1
184907,12867,141.74157185564894,10,1
184918,12868,140.54740844823993,11,1
184933,12869,94.98764088221692,15,1
184949,12870,140.67299310580705,16,1
184959,12871,112.65143407749738,10,1
184972,12872,114.01461015642437,13,1
184983,12873,130.74276227366116,11,1
184997,12874,130.8595746942674,14,1
185011,12875,137.96292824387308,14,1
185022,12876,131.7670063654303,11,1
185032,12877,76.4420243417761,10,1
185044,12878,136.2493461514268,12,1
185054,12879,111.8002392306704,10,1
185066,12880,136.09113285794433,12,1
185076,12881,122.89417197475592,10,1
185091,12882,136.14065311739742,15,1
185101,12883,94.00591842107245,10,1
185111,12884,78.82351262044989,10,1
185122,12885,141.12423905935617,11,1
185138,12886,133.03346504896152,16,1
185153,12887,136.57963719725322,15,1
185164,12888,137.1583572047789,11,1
185175,12889,120.14556440526201,11,1
185185,12890,97.04871617280008,10,1
185195,12891,69.34920207765703,10,1
185210,12892,34.25238345724539,15,1
185220,12893,112.72234969738332,10,1
185230,12894,96.9477364500367,10,1
185240,12895,124.38344939990262,10,1
185257,12896,117.08628596803013,17,1
185273,12897,98.23448127669528,16,1
185285,12898,139.67302382380174,12,1
185301,12899,85.2443779546604,16,1
185316,12900,114.13871320384769,15,1
185328,12901,140.94584428925083,12,1
185338,12902,143.0568490417374,10,1
185351,12903,123.79499651168044,13,1
185367,12904,141.1736155138706,16,1
185378,12905,122.4353631339749,11,1
185388,12906,117.82228075058842,10,1
185398,12907,140.03169232108323,10,1
185411,12908,100.80247682339214,13,1
185421,12909,93.05862736882268,10,1
185432,12910,122.6525350916756,11,1
185443,12911,138.31343129156627,11,1
185453,12912,133.9054196177,10,1
185463,12913,93.18976764008603,10,1
185473,12914,96.2538628633084,10,1
185483,12915,95.55351605548655,10,1
185493,12916,115.5295423139388,10,1
185506,12917,137.1378750405102,13,1
185516,12918,68.10976221430468,10,1
185556,12919,-22.74048737054706,40,0
185569,12920,107.07052671510566,13,1
185579,12921,113.08701189517764,10,1
185596,12922,88.05540320748996,17,1
185612,12923,141.6533955708259,16,1
185625,12924,123.21357214793463,13,1
185637,12925,136.74079657239312,12,1
185647,12926,102.28497054418777,10,1
185658,12927,137.5660258826769,11,1
185670,12928,139.46723316802195,12,1
185681,12929,110.19577310972021,11,1
185691,12930,57.88041633615979,10,1
185701,12931,45.1062028064009,10,1
185717,12932,98.77802480140086,16,1
185728,12933,140.59020138183237,11,1
185742,12934,99.90068361459862,14,1
185757,12935,75.66611000044209,15,1
185767,12936,24.95590968660993,10,1
185777,12937,104.68122731369006,10,1
185787,12938,141.9319566020553,10,1
185797,12939,121.19386255726607,10,1
185815,12940,119.27522046835409,18,1
185827,12941,124.91865093851821,12,1
185843,12942,136.96984132354464,16,1
185853,12943,114.28321506103578,10,1
185863,12944,135.65464085454295,10,1
185876,12945,20.460005167044375,13,1
185888,12946,133.15836447035716,12,1
185898,12947,137.64157874006085,10,1
185911,12948,139.328453603733,13,1
185923,12949,100.74444650596446,12,1
185933,12950,117.0054887534423,10,1
185945,12951,105.78343378687363,12,1
185956,12952,135.32722550186858,11,1
185966,12953,105.38330863680405,10,1
185976,12954,95.43597710101899,10,1
185986,12955,97.44443042521243,10,1
185996,12956,107.91284098540491,10,1
186007,12957,141.94827593545432,11,1
186017,12958,125.03044820304576,10,1
186027,12959,87.33464017582268,10,1
186040,12960,137.33811435931145,13,1
186052,12961,78.64325288429833,12,1
186062,12962,81.3286781321286,10,1
186072,12963,95.0869746785135,10,1
186082,12964,134.3891578153114,10,1
186093,12965,112.39065739279184,11,1
186103,12966,74.14761499432332,10,1
186113,12967,122.29899909618649,10,1
186125,12968,123.10737067449574,12,1
186135,12969,133.52358812304985,10,1
186148,12970,136.1133713526402,13,1
186161,12971,120.02033377608534,13,1
186172,12972,138.05075286390817,11,1
186182,12973,124.47843986549728,10,1
186192,12974,92.09512118283877,10,1
186203,12975,114.33542321404289,11,1
186243,12976,-21.18048038123602,40,0
186253,12977,134.86444484046214,10,1
186263,12978,90.41352143614913,10,1
186275,12979,136.55107823882744,12,1
186289,12980,102.08146423035585,14,1
186299,12981,103.3954348497629,10,1
186310,12982,122.93594400006653,11,1
186322,12983,123.22065364215622,12,1
186362,12984,-21.46828761302334,40,0
186374,12985,133.36462464001897,12,1
186384,12986,115.33138914575517,10,1
186394,12987,138.8476076813997,10,1
186404,12988,115.06097965166416,10,1
186414,12989,79.33861826677402,10,1
186424,12990,112.9478531989204,10,1
186439,12991,117.97931157263771,15,1
186450,12992,103.34084519365453,11,1
186460,12993,140.71655292858395,10,1
186471,12994,109.09666595725275,11,1
186482,12995,139.59708976144594,11,1
186497,12996,55.25052477648182,15,1
186508,12997,110.69798109185506,11,1
186519,12998,139.26646323686253,11,1
186530,12999,131.2297607941753,11,1
186542,13000,132.4273742933107,12,1
186552,13001,120.75982928670894,10,1
186562,13002,119.5100298197728,10,1
186573,13003,112.6817071817783,11,1
186583,13004,141.42180915954935,10,1
186593,13005,98.04470897196451,10,1
186603,13006,74.6153921086881,10,1
186613,13007,143.27604374909023,10,1
186626,13008,119.01371717400235,13,1
186637,13009,102.86292639186344,11,1
186647,13010,96.50372767730597,10,1
186657,13011,133.3400174747546,10,1
186667,13012,111.49271679761827,10,1
186683,13013,132.3987865454657,16,1
186693,13014,134.62720680576155,10,1
186733,13015,-52.98160041174863,40,1
186743,13016,133.57745723077647,10,1
186753,13017,29.435139836404904,10,1
186768,13018,116.4048991996131,15,1
186778,13019,113.71589624036086,10,1
186788,13020,83.81135153219032,10,1
186802,13021,121.51642748514627,14,1
186819,13022,120.1136035952586,17,1
186832,13023,105.14067250037068,13,1
186842,13024,137.59670226180185,10,1
186852,13025,117.84450808997414,10,1
186868,13026,110.26103900294368,16,1
186880,13027,132.4573614241978,12,1
186890,13028,99.98391502177098,10,1
186900,13029,69.43732206392744,10,1
186910,13030,115.33711861098342,10,1
186922,13031,136.73819231242007,12,1
186932,13032,56.36556156770985,10,1
186942,13033,124.2278082357652,10,1
186952,13034,91.9274191552902,10,1
186962,13035,52.930804640008006,10,1
186972,13036,70.80527497186993,10,1
186982,13037,80.31638315121764,10,1
186992,13038,131.74844542858318,10,1
187004,13039,130.78062772365647,12,1
187021,13040,107.86258836209264,17,1
187031,13041,92.80446873517432,10,1
187041,13042,119.39725740192867,10,1
187054,13043,59.05408460886469,13,1
187064,13044,115.0142007896701,10,1
187075,13045,136.56084134412532,11,1
187085,13046,121.97559045086417,10,1
187095,13047,71.39797623554564,10,1
187112,13048,134.4595291752,17,1
187125,13049,130.55648078759774,13,1
187136,13050,89.71216004906736,11,1
187146,13051,102.33361133553677,10,1
187156,13052,141.39284539577548,10,1
187166,13053,56.80455802067897,10,1
187182,13054,75.38179320228829,16,1
187192,13055,116.85701653859707,10,1
187202,13056,85.69325597472344,10,1
187212,13057,112.74233696412325,10,1
187222,13058,121.33944721808433,10,1
187234,13059,121.579012384589,12,1
187244,13060,90.45509255378252,10,1
187254,13061,56.3940949715648,10,1
187265,13062,136.29245275591703,11,1
187275,13063,92.10389776799234,10,1
187289,13064,134.85170259011764,14,1
187305,13065,75.43719801659427,16,1
187318,13066,96.49457736149952,13,1
187328,13067,75.08171675540551,10,1
187338,13068,88.88113906679821,10,1
187348,13069,80.40362621606911,10,1
187361,13070,142.55541225876428,13,1
187373,13071,117.72175121767417,12,1
187385,13072,140.7014275632961,12,1
187395,13073,59.34218664323043,10,1
187405,13074,131.06479726449797,10,1
187416,13075,89.20638607108769,11,1
187426,13076,136.830839523816,10,1
187436,13077,135.42064864614895,10,1
187446,13078,138.6472043472427,10,1
187456,13079,81.34339179800257,10,1
187467,13080,116.47680983713342,11,1
187477,13081,93.54240878974325,10,1
187488,13082,102.14864195486595,11,1
187498,13083,68.11113990290868,10,1
187513,13084,137.26403083830493,15,1
187523,13085,103.69034550769386,10,1
187534,13086,116.86412449883879,11,1
187544,13087,123.24148790728314,10,1
187554,13088,136.96583841641282,10,1
187564,13089,142.8084934412046,10,1
187574,13090,115.50944266168351,10,1
187586,13091,142.37557168785946,12,1
187596,13092,141.69737150153426,10,1
187606,13093,54.98875561068344,10,1
187618,13094,135.76920136145748,12,1
187628,13095,139.76495949803953,10,1
187639,13096,130.87961661511423,11,1
187649,13097,52.855458628938905,10,1
187659,13098,102.36300793991474,10,1
187673,13099,120.30935341784614,14,1
187683,13100,123.44747930668557,10,1
187693,13101,82.1744345706279,10,1
187704,13102,119.49948989726683,11,1
187714,13103,39.581134812988374,10,1
187727,13104,141.82623970388158,13,1
187737,13105,137.52430739926163,10,1
187747,13106,114.37624073511907,10,1
187757,13107,110.55412452002149,10,1
187767,13108,116.11843724245496,10,1
187777,13109,105.71378539721749,10,1
187787,13110,133.00369399278173,10,1
187800,13111,94.02182112426887,13,1
187819,13112,119.98230817851706,19,1
187829,13113,98.4307853758964,10,1
187839,13114,135.5689918391813,10,1
187849,13115,136.16595561327617,10,1
187861,13116,84.62598162244507,12,1
187871,13117,142.1093796276702,10,1
187881,13118,116.88538883992659,10,1
187893,13119,88.6691377376056,12,1
187903,13120,99.77781849368344,10,1
187917,13121,132.99063555782547,14,1
187927,13122,107.23707078341693,10,1
187937,13123,30.23276390807623,10,1
187947,13124,47.37785275447824,10,1
187958,13125,118.54527888770836,11,1
187969,13126,124.94416503084132,11,1
187979,13127,121.83050885533396,10,1
187989,13128,89.77360422980678,10,1
188003,13129,101.39572131858293,14,1
188015,13130,109.9410178163729,12,1
188026,13131,141.12574321105134,11,1
188036,13132,135.08166857784406,10,1
188046,13133,98.26847048983745,10,1
188056,13134,117.33355446189827,10,1
188066,13135,123.07989430072247,10,1
188076,13136,132.6648371272289,10,1
188086,13137,101.33840540191437,10,1
188098,13138,124.04695217675655,12,1
188109,13139,112.01336366226941,11,1
188121,13140,143.46753098782324,12,1
188133,13141,133.0441998593236,12,1
188149,13142,69.73721480061083,16,1
188161,13143,139.71990122723253,12,1
188173,13144,109.6851346888268,12,1
188183,13145,95.418666763775,10,1
188193,13146,76.0154166569824,10,1
188203,13147,52.37684985992542,10,1
188214,13148,136.72160171027045,11,1
188224,13149,118.13194009033322,10,1
188234,13150,83.92687070716843,10,1
188244,13151,137.8066606062078,10,1
188256,13152,144.23208129058509,12,1
188266,13153,83.45349057590943,10,1
188277,13154,103.15721911698763,11,1
188287,13155,95.80449873409209,10,1
188298,13156,130.53443622926787,11,1
188308,13157,134.54274044726824,10,1
188319,13158,122.90466134589754,11,1
188332,13159,140.0665108635274,13,1
188343,13160,139.08499730544403,11,1
188354,13161,111.99788992705669,11,1
188366,13162,123.88155480058136,12,1
188377,13163,125.16949956112288,11,1
188387,13164,82.4058982774381,10,1
188397,13165,114.78520644972926,10,1
188407,13166,90.7407759933521,10,1
188417,13167,133.01363408528266,10,1
188427,13168,61.22875874792673,10,1
188437,13169,115.84976968280753,10,1
188447,13170,102.33350765789082,10,1
188457,13171,66.05296315508384,10,1
188467,13172,112.59991760624723,10,1
188479,13173,113.50413644205473,12,1
188489,13174,80.7821090801171,10,1
188501,13175,135.50203443185202,12,1
188511,13176,82.8994161054949,10,1
188521,13177,120.3841857683122,10,1
188533,13178,142.92220089362198,12,1
188548,13179,27.734020230676872,15,1
188558,13180,35.89365816672521,10,1
188569,13181,129.81862104868281,11,1
188579,13182,97.58223730445633,10,1
188591,13183,136.0552087659819,12,1
188601,13184,139.94330575404445,10,1
188614,13185,121.25414078727466,13,1
188625,13186,138.45748942903734,11,1
188635,13187,141.83330169833053,10,1
188645,13188,85.2453837366884,10,1
188659,13189,89.94560011881029,14,1
188669,13190,134.41881396721269,10,1
188698,13191,16.33825026751637,29,1
188715,13192,141.14569078944567,17,1
188725,13193,89.8804481713893,10,1
188737,13194,113.61623840662647,12,1
188747,13195,137.36984811407007,10,1
188757,13196,110.7943054560996,10,1
188769,13197,140.91452923427946,12,1
188779,13198,140.58636252813713,10,1
188789,13199,118.58045736181722,10,1
188799,13200,112.92696776356998,10,1
188811,13201,123.39168123067644,12,1
188821,13202,123.78578109285715,10,1
188832,13203,140.29660852913165,11,1
188842,13204,103.77862935878385,10,1
188854,13205,137.34960804197408,12,1
188864,13206,131.53762989745684,10,1
188875,13207,111.79367589296965,11,1
188886,13208,118.73458678748855,11,1
188896,13209,65.88045818146624,10,1
188912,13210,137.22828943543252,16,1
188923,13211,134.11643424276045,11,1
188935,13212,124.13417883417458,12,1
188945,13213,98.13031669151414,10,1
188955,13214,114.95342818493586,10,1
188967,13215,144.1649526531219,12,1
188977,13216,120.98161812312983,10,1
188987,13217,115.00152986038171,10,1
189001,13218,113.69080103536443,14,1
189013,13219,137.9711277384632,12,1
189024,13220,141.29196452524377,11,1
189034,13221,90.6883476589485,10,1
189045,13222,97.61809071685516,11,1
189056,13223,108.39041940310848,11,1
189066,13224,123.03229395878097,10,1
189076,13225,132.4884093556272,10,1
189086,13226,141.26054739769248,10,1
189096,13227,132.12877255554702,10,1
189106,13228,121.99680988671598,10,1
189116,13229,93.86997615749448,10,1
189128,13230,93.04614307725095,12,1
189140,13231,133.63952045838292,12,1
189150,13232,137.27889277302833,10,1
189160,13233,102.20777982577506,10,1
189170,13234,141.53590995167946,10,1
189180,13235,129.20394105425294,10,1
189192,13236,137.78519728873894,12,1
189202,13237,87.51102157809234,10,1
189214,13238,132.8179257238753,12,1
189226,13239,142.06383674370392,12,1
189236,13240,114.1948289481381,10,1
189248,13241,130.93922462829659,12,1
189258,13242,85.01554064179808,10,1
189268,13243,141.52036644567968,10,1
189278,13244,143.1755500942184,10,1
189289,13245,141.5412770065774,11,1
189300,13246,131.25905964921247,11,1
189310,13247,133.98180152313432,10,1
189320,13248,139.57564624697727,10,1
189333,13249,103.57011270279054,13,1
189345,13250,133.23867022103144,12,1
189355,13251,140.53740334293076,10,1
189365,13252,131.72155263352974,10,1
189377,13253,121.58638848661694,12,1
189387,13254,141.44663307092688,10,1
189397,13255,121.4615851426633,10,1
189407,13256,141.21834209190067,10,1
189417,13257,106.33094999707959,10,1
189430,13258,143.0471400799323,13,1
189440,13259,83.2685494048664,10,1
189450,13260,135.75166806205175,10,1
189463,13261,139.8013932375934,13,1
189475,13262,126.01330348769955,12,1
189485,13263,92.5431005293741,10,1
189496,13264,109.56260127559482,11,1
189507,13265,107.80576783818375,11,1
189521,13266,117.96685140113023,14,1
189532,13267,113.77536379254605,11,1
189542,13268,103.04901543029061,10,1
189552,13269,124.10215356523229,10,1
189564,13270,82.71318431630678,12,1
189574,13271,91.94435498485892,10,1
189584,13272,103.42413141859804,10,1
189594,13273,80.76612245140252,10,1
189604,13274,92.02256123980152,10,1
189644,13275,-20.649546969487393,40,0
189655,13276,141.48391223790057,11,1
189665,13277,70.13106664616188,10,1
189675,13278,109.51306702544483,10,1
189691,13279,118.07246402029608,16,1
189701,13280,93.55384204387208,10,1
189713,13281,143.56603372063466,12,1
189723,13282,138.99833868231985,10,1
189735,13283,136.37584454992665,12,1
189745,13284,140.1012111929642,10,1
189755,13285,68.10357104182559,10,1
189765,13286,87.18143906542021,10,1
189775,13287,134.56261110799306,10,1
189787,13288,121.13686372676315,12,1
189797,13289,90.26805489301579,10,1
189807,13290,108.05711577642349,10,1
189817,13291,83.3075350270603,10,1
189827,13292,122.20497936487476,10,1
189837,13293,86.56742495728693,10,1
189847,13294,73.31527504685764,10,1
189857,13295,73.68236489109078,10,1
189869,13296,116.2441769579921,12,1
189879,13297,136.97755438986619,10,1
189889,13298,133.7366632869204,10,1
189899,13299,86.62646069503326,10,1
189909,13300,85.23268265818648,10,1
189924,13301,138.60734987982758,15,1
189935,13302,142.52999754244988,11,1
189975,13303,-20.66948095842299,40,0
189987,13304,134.53366398641327,12,1
189997,13305,106.77017028519735,10,1
190007,13306,131.63955169136844,10,1
190017,13307,131.77977501349625,10,1
190027,13308,99.98518417166751,10,1
190037,13309,109.67321559994288,10,1
190054,13310,106.89866546879831,17,1
190070,13311,122.40663693205262,16,1
190080,13312,99.77310225243295,10,1
190091,13313,133.3401440292507,11,1
190105,13314,125.33676043957502,14,1
190119,13315,141.17443488345663,14,1
190133,13316,132.69082717012583,14,1
190143,13317,122.77130328264154,10,1
190153,13318,139.16746702236588,10,1
190163,13319,69.77285089081582,10,1
190173,13320,83.90910453304015,10,1
190183,13321,113.94148515480428,10,1
190195,13322,138.9716702302698,12,1
190207,13323,139.65394797594996,12,1
190217,13324,139.41528970544974,10,1
190227,13325,96.84083266370807,10,1
190239,13326,108.45215620037202,12,1
190250,13327,123.72962301316369,11,1
190260,13328,98.02459417878373,10,1
190270,13329,115.32970366493292,10,1
190280,13330,111.78779764006161,10,1
190292,13331,124.01713863373381,12,1
190302,13332,112.76994583602176,10,1
190312,13333,142.68966748277836,10,1
190322,13334,132.26305908126582,10,1
190333,13335,134.99563041842333,11,1
190344,13336,136.67146414551658,11,1
190356,13337,140.29000248423023,12,1
190366,13338,120.33553036713349,10,1
190376,13339,141.4707410324918,10,1
190388,13340,116.52903878240704,12,1
190398,13341,133.6371776985027,10,1
190410,13342,110.34198551244859,12,1
190428,13343,51.14105935879987,18,1
190439,13344,139.53657816259408,11,1
190449,13345,98.65614121198978,10,1
190459,13346,91.43296579190238,10,1
190472,13347,115.22256940135834,13,1
190486,13348,110.87924755330006,14,1
190496,13349,131.44713907986443,10,1
190510,13350,134.24770741144184,14,1
190522,13351,109.16454334718951,12,1
190532,13352,136.6362799007694,10,1
190542,13353,140.95538347725713,10,1
190552,13354,57.68900385929328,10,1
190562,13355,41.406041178589724,10,1
190574,13356,108.97340030011159,12,1
190614,13357,-20.842173531652477,40,0
190624,13358,135.74330887372346,10,1
190637,13359,137.46777856210767,13,1
190650,13360,140.92705290479356,13,1
190660,13361,25.180609196213076,10,1
190670,13362,82.96136821606287,10,1
190680,13363,89.35957306731216,10,1
190690,13364,95.62056785113747,10,1
190700,13365,79.67211806558743,10,1
190710,13366,44.438616791287096,10,1
190720,13367,102.9122777119366,10,1
190730,13368,115.94287371792225,10,1
190741,13369,114.50042295732311,11,1
190751,13370,83.79638816878563,10,1
190761,13371,142.71568193067895,10,1
190771,13372,121.33008748511615,10,1
190781,13373,61.18191386509267,10,1
190791,13374,121.68882222678648,10,1
190801,13375,111.24681710386076,10,1
190811,13376,106.97888928971155,10,1
190823,13377,122.10199450013957,12,1
190833,13378,143.61506480306562,10,1
190843,13379,109.16511762152498,10,1
190853,13380,137.08379599527754,10,1
190863,13381,85.0376750925972,10,1
190873,13382,90.00030288969037,10,1
190886,13383,124.32533863674898,13,1
190896,13384,61.584359741216254,10,1
190906,13385,98.3113494945403,10,1
190916,13386,90.62110832706549,10,1
190926,13387,54.605705251043695,10,1
190938,13388,135.9443998706435,12,1
190949,13389,114.0744738262302,11,1
190959,13390,53.17591280679181,10,1
190969,13391,125.07836061520443,10,1
190981,13392,134.71706604685113,12,1
190991,13393,101.97747270260847,10,1
191001,13394,141.3698643062113,10,1
191011,13395,121.29662800344505,10,1
191021,13396,137.116960366389,10,1
191031,13397,121.0636139528687,10,1
191041,13398,139.33777160496527,10,1
191051,13399,130.51338034063428,10,1
191061,13400,16.822446832293597,10,1
191071,13401,124.68818311703735,10,1
191081,13402,83.96122848560651,10,1
191092,13403,133.26183774013754,11,1
191102,13404,134.36133819151516,10,1
191117,13405,107.69273424369587,15,1
191129,13406,117.06018388660985,12,1
191139,13407,94.47134852471616,10,1
191149,13408,90.72206341737837,10,1
191159,13409,120.8972628603498,10,1
191170,13410,130.29695194273194,11,1
191181,13411,132.26845088242686,11,1
191191,13412,89.2683761177473,10,1
191201,13413,136.5722424494924,10,1
191211,13414,141.26959056526954,10,1
191223,13415,138.24729491170777,12,1
191235,13416,114.82865600399245,12,1
191247,13417,107.39137630496766,12,1
191257,13418,83.8458084942779,10,1
191267,13419,131.98008735827827,10,1
191307,13420,-20.845201761425844,40,0
191318,13421,132.5818820060165,11,1
191328,13422,97.01184738036747,10,1
191338,13423,116.92559592196424,10,1
191348,13424,120.20205654923238,10,1
191358,13425,139.73928879508867,10,1
191368,13426,93.35856875422462,10,1
191378,13427,132.37455954259062,10,1
191389,13428,121.18007322317547,11,1
191399,13429,107.31651736125607,10,1
191415,13430,119.45655793470857,16,1
191425,13431,94.96776602613373,10,1
191435,13432,102.16820266451778,10,1
191446,13433,138.70962271960693,11,1
191457,13434,108.69354031425388,11,1
191469,13435,142.35997439450682,12,1
191479,13436,57.36825328123305,10,1
191489,13437,129.66654460125062,10,1
191499,13438,135.982535427093,10,1
191509,13439,108.75059984583721,10,1
191519,13440,140.40588036297459,10,1
191529,13441,71.69789331678915,10,1
191539,13442,65.87415041245477,10,1
191552,13443,118.71629404262575,13,1
191562,13444,78.06490037807852,10,1
191572,13445,133.78302565474138,10,1
191583,13446,119.54344341555306,11,1
191593,13447,139.43017165280713,10,1
191609,13448,138.27798391882644,16,1
191619,13449,142.68964963691863,10,1
191629,13450,113.60739774901323,10,1
191641,13451,111.79799905887052,12,1
191652,13452,97.11479967755281,11,1
191665,13453,138.6839236159822,13,1
191676,13454,132.62006952153038,11,1
191686,13455,134.22933128634645,10,1
191696,13456,103.1483006803274,10,1
191706,13457,95.96911058096066,10,1
191716,13458,22.765123463027763,10,1
191726,13459,100.19424897687028,10,1
191736,13460,89.17452981063661,10,1
191749,13461,119.20962610693411,13,1
191759,13462,114.6507201395524,10,1
191770,13463,141.71029650031105,11,1
191781,13464,33.90021072347477,11,1
191791,13465,97.30798117562215,10,1
191803,13466,143.86318036369718,12,1
191813,13467,124.40939861148979,10,1
191827,13468,118.46325662501707,14,1
191837,13469,123.280487165962,10,1
191848,13470,72.51450796147412,11,1
191858,13471,102.22540737674643,10,1
191868,13472,124.5044177705146,10,1
191878,13473,122.39113591910176,10,1
191888,13474,108.68593378533306,10,1
191898,13475,94.87307082582105,10,1
191938,13476,-23.770758886266925,40,0
191950,13477,125.87957182339666,12,1
191960,13478,104.7270411880149,10,1
191971,13479,129.84997374086905,11,1
191981,13480,141.27931714272546,10,1
191991,13481,143.16154064123228,10,1
192003,13482,99.42979399147555,12,1
192016,13483,122.41010423012578,13,1
192026,13484,109.89789827921594,10,1
192037,13485,136.99006010764285,11,1
192047,13486,89.80537928892086,10,1
192057,13487,68.4158911564979,10,1
192067,13488,103.99783681205642,10,1
192077,13489,98.03300252290549,10,1
192087,13490,136.2008451526387,10,1
192099,13491,139.44248287593632,12,1
192110,13492,122.79371258200165,11,1
192121,13493,141.51499658463442,11,1
192131,13494,89.94260727872116,10,1
192141,13495,114.23289520530649,10,1
192151,13496,142.3942903806153,10,1
192161,13497,132.93292383563028,10,1
192173,13498,139.2187120944255,12,1
192183,13499,137.2858679586711,10,1
192194,13500,135.5507498973797,11,1
192204,13501,91.97934772898833,10,1
192215,13502,136.02460070823747,11,1
192227,13503,122.76135994981722,12,1
192237,13504,111.18306132426848,10,1
192247,13505,93.96585162279312,10,1
192257,13506,142.6514036579215,10,1
192267,13507,136.46211903695144,10,1
192280,13508,87.38471050998196,13,1
192291,13509,121.48316806725856,11,1
192301,13510,138.20911797941477,10,1
192312,13511,84.69448836326725,11,1
192322,13512,109.513762014619,10,1
192332,13513,115.72039743697711,10,1
192343,13514,136.40013744354746,11,1
192355,13515,124.28898371309786,12,1
192365,13516,141.2977360985068,10,1
192378,13517,122.44960713443348,13,1
192388,13518,118.10210071864232,10,1
192398,13519,69.66621749254394,10,1
192408,13520,45.06051189501118,10,1
192420,13521,119.81092923476608,12,1
192430,13522,53.47848686177761,10,1
192440,13523,54.88803746364128,10,1
192450,13524,136.9410457323851,10,1
192461,13525,119.52366895836322,11,1
192471,13526,91.73666640227697,10,1
192481,13527,129.03001506897473,10,1
192492,13528,124.01070579609011,11,1
192502,13529,135.2586455270335,10,1
192512,13530,140.26807392199458,10,1
192522,13531,71.74088592915098,10,1
192532,13532,139.30052317346937,10,1
192543,13533,102.09285251438605,11,1
192553,13534,103.91877339598554,10,1
192563,13535,131.68683125201574,10,1
192573,13536,139.53056830562224,10,1
192584,13537,135.39793664453413,11,1
192596,13538,125.97166073920486,12,1
192610,13539,124.52601456077574,14,1
192620,13540,103.89933226827317,10,1
192634,13541,87.01812516420196,14,1
192644,13542,119.82858718415933,10,1
192654,13543,143.87654295699568,10,1
192664,13544,124.33188708151397,10,1
192674,13545,87.65989981552107,10,1
192684,13546,93.6473902265005,10,1
192706,13547,69.03469622772474,22,1
192716,13548,97.89692511577586,10,1
192726,13549,86.86087467815683,10,1
192736,13550,73.04112770430606,10,1
192746,13551,76.63762878379165,10,1
192756,13552,114.91172436511613,10,1
192768,13553,138.4718267172687,12,1
192780,13554,124.65086924231196,12,1
192791,13555,118.11823345994725,11,1
192801,13556,103.7877559409869,10,1
192811,13557,137.25832666813005,10,1
192821,13558,46.90232722952679,10,1
192834,13559,134.48714295135034,13,1
192847,13560,124.24134733997673,13,1
192857,13561,85.76387934447644,10,1
192869,13562,142.66229531910182,12,1
192884,13563,106.61584257702037,15,1
192894,13564,76.24308707996819,10,1
192905,13565,116.14332434253417,11,1
192916,13566,124.54705551278808,11,1
192937,13567,109.44870514531299,21,1
192947,13568,122.3862237013536,10,1
192957,13569,116.63622147136714,10,1
192968,13570,100.16045734988839,11,1
192978,13571,89.14510592809951,10,1
192994,13572,120.55260710507538,16,1
193004,13573,90.83280991736386,10,1
193014,13574,80.22026362358768,10,1
193024,13575,132.8234825141075,10,1
193034,13576,130.57014939510228,10,1
193046,13577,89.03606666154722,12,1
193057,13578,131.86175483607735,11,1
193069,13579,83.26972295810609,12,1
193079,13580,110.9230357331664,10,1
193089,13581,130.22369585176844,10,1
193101,13582,133.88452518846142,12,1
193111,13583,131.76667538491404,10,1
193121,13584,66.23067628363629,10,1
193131,13585,114.27101131062133,10,1
193141,13586,108.60033216956406,10,1
193152,13587,103.12839888035491,11,1
193162,13588,60.834134981220224,10,1
193172,13589,137.50042724511397,10,1
193182,13590,115.13150341944966,10,1
193192,13591,107.23112980094476,10,1
193202,13592,138.31109481312524,10,1
193212,13593,101.73809163116344,10,1
193230,13594,26.23212156229633,18,1
193240,13595,141.57842347311424,10,1
193251,13596,103.64671473104741,11,1
193263,13597,139.77182863311972,12,1
193275,13598,75.56579389671425,12,1
193287,13599,138.492664505367,12,1
193297,13600,68.85883292052411,10,1
193308,13601,111.08841426673237,11,1
193318,13602,101.18787128869623,10,1
193328,13603,122.66352134050385,10,1
193338,13604,139.23807324342795,10,1
193348,13605,134.16455395579197,10,1
193358,13606,141.78694915687257,10,1
193368,13607,98.27146360464418,10,1
193379,13608,110.42140783376671,11,1
193391,13609,131.37264068730903,12,1
193402,13610,133.83509088072503,11,1
193413,13611,108.70508678020903,11,1
193425,13612,139.85544350965168,12,1
193435,13613,120.81362649891011,10,1
193445,13614,119.93795780145682,10,1
193455,13615,74.02360294114209,10,1
193465,13616,142.12118389180475,10,1
193475,13617,107.63923341566381,10,1
193485,13618,68.97081606981789,10,1
193496,13619,132.87934842373866,11,1
193507,13620,137.90792662182008,11,1
193517,13621,88.86127580962369,10,1
193527,13622,142.0775756970235,10,1
193538,13623,124.3638604852362,11,1
193548,13624,81.39962704624122,10,1
193558,13625,109.9183174252775,10,1
193568,13626,131.27557811826478,10,1
193581,13627,125.73028525001594,13,1
193594,13628,141.17310410611213,13,1
193606,13629,136.02574021759187,12,1
193617,13630,140.456320956452,11,1
193629,13631,138.50314450672244,12,1
193643,13632,105.34455819831864,14,1
193656,13633,75.38410586455693,13,1
193666,13634,96.7724954253343,10,1
193676,13635,94.72183434890036,10,1
193686,13636,134.92022298992774,10,1
193696,13637,136.35564686236404,10,1
193706,13638,135.9704528502073,10,1
193717,13639,130.11051775257042,11,1
193729,13640,111.90322331118305,12,1
193739,13641,124.16102627857575,10,1
193749,13642,110.16611019245235,10,1
193759,13643,94.80749278653798,10,1
193770,13644,81.70884956129764,11,1
193781,13645,139.28040136105642,11,1
193793,13646,139.0226647596157,12,1
193805,13647,95.5849135491129,12,1
193819,13648,107.21744079112405,14,1
193833,13649,108.62759464218524,14,1
193844,13650,134.75716623310964,11,1
193856,13651,79.35616671118748,12,1
193866,13652,143.68552824221806,10,1
193878,13653,124.58747123319722,12,1
193890,13654,113.35965196941495,12,1
193903,13655,96.73125016320225,13,1
193915,13656,132.5299487341328,12,1
193925,13657,93.99164418728733,10,1
193935,13658,135.1341416567923,10,1
193945,13659,110.53306070147836,10,1
193955,13660,123.6366458049792,10,1
193965,13661,137.69133881557883,10,1
193975,13662,120.90747871405406,10,1
193987,13663,137.39746716130347,12,1
193998,13664,96.3392905208291,11,1
194008,13665,84.88251723578794,10,1
194019,13666,137.09401766987708,11,1
194029,13667,100.35590798346585,10,1
194039,13668,88.51307589524093,10,1
194052,13669,98.28544402245831,13,1
194065,13670,114.86869086498365,13,1
194075,13671,105.91364588376709,10,1
194085,13672,89.29210062865798,10,1
194095,13673,114.60243815905356,10,1
194106,13674,140.11597917646642,11,1
194117,13675,90.2701069661631,11,1
194127,13676,60.379359988811586,10,1
194137,13677,121.39807406288341,10,1
194149,13678,142.87530275559683,12,1
194161,13679,121.56143626408566,12,1
194171,13680,140.72535228586764,10,1
194181,13681,71.5691735491938,10,1
194191,13682,133.03442346237946,10,1
194201,13683,86.91282673220731,10,1
194211,13684,141.52362943758982,10,1
194222,13685,130.37969929318385,11,1
194232,13686,99.56175177445796,10,1
194244,13687,142.5896722324061,12,1
194256,13688,136.11895849220744,12,1
194267,13689,118.39810498485728,11,1
194279,13690,121.91917141301727,12,1
194289,13691,54.880622973999515,10,1
194303,13692,120.8936838812579,14,1
194313,13693,102.27529680254882,10,1
194325,13694,81.961314353722,12,1
194337,13695,137.60355175927978,12,1
194347,13696,137.3028349865465,10,1
194358,13697,137.6598011935907,11,1
194368,13698,91.90311852610995,10,1
194378,13699,95.24316748713488,10,1
194389,13700,103.80116353825856,11,1
194399,13701,139.34551358957563,10,1
194415,13702,122.8497641230175,16,1
194425,13703,124.24757761414534,10,1
194436,13704,104.00679906017815,11,1
194449,13705,140.57408551541695,13,1
194459,13706,131.59864657792733,10,1
194471,13707,136.15960590920184,12,1
194481,13708,116.93559342474269,10,1
194492,13709,137.7083706762183,11,1
194502,13710,133.72829156320927,10,1
194515,13711,103.99373194590474,13,1
194525,13712,130.282565045642,10,1
194538,13713,135.48806597376225,13,1
194548,13714,138.16929081351975,10,1
194559,13715,143.5867567265062,11,1
194572,13716,97.91732392169679,13,1
194583,13717,139.10773157216863,11,1
194594,13718,84.60582918876558,11,1
194604,13719,89.88917550325738,10,1
194614,13720,142.38838971523955,10,1
194624,13721,135.05695164703974,10,1
194634,13722,87.65179873629855,10,1
194644,13723,139.38982729593116,10,1
194654,13724,132.78810942871436,10,1
194665,13725,134.40776185833408,11,1
194675,13726,116.70776768432806,10,1
194685,13727,139.54065250515524,10,1
194695,13728,134.76140029680155,10,1
194705,13729,115.927330578908,10,1
194718,13730,92.72926494498454,13,1
194728,13731,105.27100385607397,10,1
194738,13732,117.96684969388537,10,1
194748,13733,107.8057614973555,10,1
194758,13734,118.74736084536974,10,1
194768,13735,140.4183373887759,10,1
194778,13736,140.18180108397175,10,1
194788,13737,132.50018931409573,10,1
194798,13738,134.99856105815726,10,1
194810,13739,116.65116753162108,12,1
194824,13740,131.99320704998357,14,1
194834,13741,117.43729836055222,10,1
194844,13742,94.1296005207869,10,1
194854,13743,101.97155475103864,10,1
194866,13744,131.75328712508426,12,1
194876,13745,116.30117199781802,10,1
194887,13746,108.65002652449674,11,1
194899,13747,113.5972404639207,12,1
194909,13748,140.12015167807218,10,1
194921,13749,123.75884764856117,12,1
194931,13750,74.40082835389967,10,1
194941,13751,136.9650935406283,10,1
194952,13752,133.7300609193892,11,1
194962,13753,98.39706858331827,10,1
194972,13754,112.826572375636,10,1
194982,13755,141.02973080676577,10,1
194992,13756,100.52134660826204,10,1
195002,13757,141.1262611590861,10,1
195012,13758,113.45863057084333,10,1
195023,13759,133.12601013335217,11,1
195033,13760,91.50176902787324,10,1
195043,13761,81.46729495218715,10,1
195053,13762,129.65533803508586,10,1
195063,13763,111.92259118858804,10,1
195073,13764,139.09509349742996,10,1
195083,13765,111.55293379635616,10,1
195093,13766,109.82193369009798,10,1
195103,13767,136.7478334193651,10,1
195114,13768,139.90997638092782,11,1
195124,13769,139.05254786188107,10,1
195140,13770,101.39549625356788,16,1
195150,13771,103.25557741112137,10,1
195161,13772,112.56171623644784,11,1
195173,13773,113.74816545791671,12,1
195183,13774,123.4397297011579,10,1
195223,13775,-20.724700810358165,40,0
195239,13776,133.72015212696652,16,1
195251,13777,134.09814439703578,12,1
195261,13778,125.4827086531875,10,1
195273,13779,139.1840309227845,12,1
195285,13780,99.4085452868884,12,1
195295,13781,115.9854731788001,10,1
195305,13782,31.404701733486373,10,1
195316,13783,136.33220118988186,11,1
195356,13784,-20.531407441710545,40,0
195367,13785,142.68557225262893,11,1
195378,13786,110.69504291320277,11,1
195389,13787,140.32017025142426,11,1
195401,13788,107.50747342227152,12,1
195412,13789,83.769070434799,11,1
195423,13790,126.2333988210813,11,1
195433,13791,75.43095081912965,10,1
195443,13792,86.88213159129427,10,1
195453,13793,131.47149130646002,10,1
195463,13794,93.0428110236926,10,1
195473,13795,131.91803722630212,10,1
195483,13796,136.94107382322298,10,1
195493,13797,106.53799572542268,10,1
195503,13798,130.61758900202588,10,1
195513,13799,52.10818211626256,10,1
195528,13800,129.93175633267614,15,1
195538,13801,100.15710412892126,10,1
195555,13802,93.17386209415724,17,1
195565,13803,108.00064378015131,10,1
195576,13804,120.97159671747443,11,1
195587,13805,93.51399607714919,11,1
195601,13806,142.37378421738478,14,1
195612,13807,119.37907696864076,11,1
195622,13808,141.29550201534659,10,1
195632,13809,111.46279189910905,10,1
195642,13810,109.27920980335006,10,1
195652,13811,89.55665363463727,10,1
195662,13812,72.45845562409406,10,1
195673,13813,140.9119132083076,11,1
195683,13814,142.23122165585593,10,1
195693,13815,105.18013441666663,10,1
195704,13816,97.20172920866507,11,1
195716,13817,113.29070421895227,12,1
195727,13818,130.87578302940554,11,1
195737,13819,137.53442370654778,10,1
195747,13820,130.9780167067794,10,1
195759,13821,117.65872821392176,12,1
195770,13822,120.38024818687977,11,1
195780,13823,134.39490952754124,10,1
195797,13824,132.3232192105017,17,1
195807,13825,141.80594693759264,10,1
195817,13826,82.31390134998063,10,1
195827,13827,115.48070209418984,10,1
195838,13828,106.31597529240517,11,1
195848,13829,144.6681676086543,10,1
195862,13830,142.8373172768596,14,1
195872,13831,71.57013358141131,10,1
195882,13832,118.42012167294085,10,1
195892,13833,110.43249296049349,10,1
195902,13834,65.99606585996577,10,1
195912,13835,35.44437214330773,10,1
195922,13836,20.56869400979974,10,1
195932,13837,115.76655001434001,10,1
195942,13838,95.94526270932357,10,1
195952,13839,117.90406426233659,10,1
195963,13840,119.60296173109236,11,1
195973,13841,59.75057651594268,10,1
195984,13842,106.94556508547751,11,1
195994,13843,116.25909065632077,10,1
196004,13844,89.24669576297502,10,1
196015,13845,85.94705830672468,11,1
196025,13846,92.42758100038333,10,1
196037,13847,140.27052618143068,12,1
196048,13848,137.69021384184617,11,1
196062,13849,114.06521879638225,14,1
196074,13850,110.9482858735075,12,1
196084,13851,113.78410763097736,10,1
196094,13852,48.97440001982506,10,1
196104,13853,115.63441069017078,10,1
196114,13854,141.0304007761063,10,1
196124,13855,134.1986227490918,10,1
196134,13856,59.47845143422657,10,1
196144,13857,72.78448068105271,10,1
196154,13858,121.1511604574175,10,1
196165,13859,131.18829638705046,11,1
196176,13860,142.86052255865005,11,1
196186,13861,132.40863941234207,10,1
196197,13862,89.82334107174525,11,1
196210,13863,134.84074369290886,13,1
196220,13864,121.30282302515721,10,1
196230,13865,94.96435796086784,10,1
196240,13866,94.03333883755789,10,1
196251,13867,99.16503591194025,11,1
196262,13868,133.53543590426676,11,1
196272,13869,108.89411629619113,10,1
196284,13870,77.20438849872765,12,1
196294,13871,97.24066984393552,10,1
196304,13872,139.90239490782335,10,1
196314,13873,138.84539742177623,10,1
196324,13874,140.790461906475,10,1
196334,13875,117.15187877368362,10,1
196344,13876,109.61888558182174,10,1
196356,13877,97.63702945885356,12,1
196366,13878,120.71817342702467,10,1
196378,13879,89.61873721652695,12,1
196388,13880,58.603208293520346,10,1
196398,13881,86.60079946737972,10,1
196408,13882,133.7951267891776,10,1
196418,13883,80.44148910379627,10,1
196429,13884,136.67160551578795,11,1
196439,13885,113.99956077634627,10,1
196453,13886,137.835239478848,14,1
196463,13887,78.40537239585584,10,1
196473,13888,133.01589014110368,10,1
196485,13889,118.6358510201513,12,1
196495,13890,93.08132876939004,10,1
196507,13891,99.70391258929313,12,1
196517,13892,140.40223350163612,10,1
196527,13893,89.73812720845366,10,1
196538,13894,100.53184966668927,11,1
196552,13895,110.46264617051249,14,1
196562,13896,119.2394517420123,10,1
196578,13897,100.04660915735656,16,1
196591,13898,60.65813846658227,13,1
196601,13899,70.59405326402779,10,1
196613,13900,89.05390032328151,12,1
196624,13901,123.62497867016255,11,1
196634,13902,110.41586512631966,10,1
196644,13903,132.062260636661,10,1
196654,13904,134.33223305732923,10,1
196666,13905,107.69642516479136,12,1
196676,13906,116.422564820744,10,1
196690,13907,121.7903219107362,14,1
196700,13908,52.34315880715497,10,1
196711,13909,133.59988248267095,11,1
196721,13910,91.22073022622405,10,1
196731,13911,142.3198259877684,10,1
196744,13912,131.4571852857526,13,1
196756,13913,136.36478049768684,12,1
196766,13914,79.31693202722907,10,1
196776,13915,136.51248844734369,10,1
196786,13916,125.08502839957244,10,1
196798,13917,133.27435586620865,12,1
196808,13918,106.62614697755937,10,1
196820,13919,137.12648191981654,12,1
196830,13920,123.5027076094407,10,1
196843,13921,119.63402286004515,13,1
196855,13922,89.15654832669301,12,1
196865,13923,67.45040159602945,10,1
196875,13924,139.7256418471359,10,1
196885,13925,86.3642647482278,10,1
196896,13926,114.30733503384428,11,1
196907,13927,141.99761771988454,11,1
196917,13928,113.06012181325468,10,1
196929,13929,137.98211830186887,12,1
196946,13930,120.88996788955049,17,1
196956,13931,139.31369929138,10,1
196968,13932,131.79133993246722,12,1
196979,13933,132.37949322065415,11,1
196989,13934,141.3441623659629,10,1
197000,13935,113.9758075754448,11,1
197010,13936,98.95391168068444,10,1
197020,13937,122.05302437000887,10,1
197030,13938,118.83526374672513,10,1
197040,13939,92.39104453672235,10,1
197051,13940,142.83810677758598,11,1
197065,13941,143.52421776995666,14,1
197077,13942,116.57478525730548,12,1
197087,13943,99.94474931849952,10,1
197111,13944,138.2567900267656,24,1
197124,13945,124.09073592179598,13,1
197137,13946,110.06184297904173,13,1
197177,13947,-20.624858488478782,40,0
197187,13948,139.1906655710265,10,1
197197,13949,132.75008225772976,10,1
197207,13950,52.32230713699336,10,1
197217,13951,135.20100308646164,10,1
197228,13952,110.19551014877622,11,1
197268,13953,-20.989186295636284,40,0
197281,13954,105.62504109139041,13,1
197291,13955,109.40071685881777,10,1
197303,13956,107.46801041221993,12,1
197313,13957,142.0948731249006,10,1
197323,13958,113.00687715226272,10,1
197333,13959,117.23460178278152,10,1
197343,13960,112.166482283612,10,1
197355,13961,135.6096224659962,12,1
197365,13962,49.778780327653884,10,1
197375,13963,98.88903500803781,10,1
197388,13964,137.54055595121187,13,1
197399,13965,129.5507823820662,11,1
197409,13966,115.12975724239261,10,1
197421,13967,115.23144474011157,12,1
197432,13968,113.99077269189469,11,1
197444,13969,94.20475301598906,12,1
197454,13970,133.24136811462097,10,1
197467,13971,137.8806428072843,13,1
197478,13972,115.56493439790678,11,1
197490,13973,135.05258160762037,12,1
197500,13974,143.3959436933807,10,1
197510,13975,99.72294474542832,10,1
197520,13976,96.43101602681946,10,1
197530,13977,141.38680450122595,10,1
197541,13978,117.51210608999683,11,1
197557,13979,107.76795333582399,16,1
197571,13980,112.25192808575518,14,1
197581,13981,103.55059914992573,10,1
197591,13982,138.21695494620926,10,1
197601,13983,134.44961355147774,10,1
197611,13984,109.72539515753272,10,1
197623,13985,109.06818292988847,12,1
197635,13986,124.1585187281027,12,1
197645,13987,133.45293046133764,10,1
197655,13988,58.412844396375995,10,1
197665,13989,121.15117533646432,10,1
197675,13990,118.51725116854003,10,1
197685,13991,90.10141608448619,10,1
197696,13992,132.40511628089425,11,1
197706,13993,68.24641622868633,10,1
197720,13994,137.5284713346817,14,1
197731,13995,112.25926868834053,11,1
197743,13996,137.86897482994053,12,1
197753,13997,92.36480770235002,10,1
197765,13998,119.89549408208529,12,1
197775,13999,120.42760945292106,10,1
197785,14000,99.30805559561676,10,1
197796,14001,141.69409074013998,11,1
197806,14002,118.79184664950074,10,1
197816,14003,93.38267958545705,10,1
197826,14004,139.418431911282,10,1
197836,14005,130.7437260131123,10,1
197846,14006,66.23482485450512,10,1
197856,14007,57.18768187758636,10,1
197867,14008,110.29144599955023,11,1
197877,14009,98.6086591490969,10,1
197887,14010,43.60332686975166,10,1
197900,14011,124.0683008346038,13,1
197910,14012,91.48103015234986,10,1
197920,14013,116.56185140893416,10,1
197931,14014,133.43459102018056,11,1
197941,14015,110.99117239642048,10,1
197953,14016,109.59118347286969,12,1
197963,14017,141.65359054483127,10,1
197973,14018,76.55512446597547,10,1
197983,14019,114.79590194679648,10,1
197995,14020,132.63494750284156,12,1
198006,14021,113.81367193213957,11,1
198016,14022,111.20065881343487,10,1
198026,14023,75.43867394295475,10,1
198036,14024,137.60336888628908,10,1
198046,14025,135.39280558794502,10,1
198056,14026,107.69097720830386,10,1
198068,14027,104.09185005571796,12,1
198078,14028,102.37559950234655,10,1
198088,14029,128.91902939566776,10,1
198098,14030,142.97405297864753,10,1
198109,14031,133.83192854095685,11,1
198119,14032,140.12068801279577,10,1
198130,14033,106.40297974658908,11,1
198140,14034,107.91206942947561,10,1
198150,14035,54.05507767113986,10,1
198161,14036,142.26346137967897,11,1
198172,14037,124.43325904318124,11,1
198182,14038,102.16328356540524,10,1
198192,14039,92.38020759715522,10,1
198204,14040,113.5494011082159,12,1
198215,14041,110.0502008284447,11,1
198226,14042,139.0401018228356,11,1
198236,14043,104.51247026953551,10,1
198246,14044,119.26327022051629,10,1
198258,14045,110.02483679092425,12,1
198268,14046,130.83103334745414,10,1
198278,14047,140.3208532833433,10,1
198288,14048,94.86242899417705,10,1
198298,14049,109.31671248126467,10,1
198308,14050,115.72296575049205,10,1
198322,14051,141.21067101157496,14,1
198333,14052,136.43229177327981,11,1
198343,14053,60.07052660435829,10,1
198354,14054,119.4954592699816,11,1
198365,14055,98.61765709602557,11,1
198375,14056,77.2961156332201,10,1
198386,14057,139.39600444977097,11,1
198396,14058,132.5084279566145,10,1
198408,14059,121.06175888641803,12,1
198419,14060,139.59324263759112,11,1
198429,14061,102.88029052515996,10,1
198439,14062,67.31362434799546,10,1
198450,14063,141.65437188043356,11,1
198461,14064,125.27786606840398,11,1
198471,14065,47.419066897584294,10,1
198482,14066,136.00806384197344,11,1
198492,14067,98.04205051253007,10,1
198502,14068,140.49552289149682,10,1
198512,14069,133.69933508102167,10,1
198522,14070,94.33879993540297,10,1
198532,14071,108.67307990966088,10,1
198572,14072,-20.519014646979546,40,0
198583,14073,135.6484278846391,11,1
198593,14074,116.15669446049384,10,1
198603,14075,122.54523812945526,10,1
198613,14076,110.33765993709233,10,1
198625,14077,106.90150183373876,12,1
198640,14078,112.06119043107988,15,1
198650,14079,90.10412682799455,10,1
198660,14080,122.06049391919194,10,1
198671,14081,141.01388630108696,11,1
198681,14082,139.64077994222893,10,1
198691,14083,138.68921809019196,10,1
198701,14084,113.83072103249404,10,1
198711,14085,41.58546039357567,10,1
198721,14086,99.94563727110958,10,1
198731,14087,119.08774345869796,10,1
198742,14088,123.65970458109265,11,1
198752,14089,130.76320302560478,10,1
198762,14090,136.42188245242443,10,1
198781,14091,103.57546041522163,19,1
198791,14092,96.35941315264874,10,1
198801,14093,109.45487621736866,10,1
198811,14094,105.21768382304785,10,1
198821,14095,76.78414524992012,10,1
198832,14096,94.51655640013753,11,1
198844,14097,73.21862441825095,12,1
198854,14098,79.21949661692656,10,1
198864,14099,106.82950318392733,10,1
198874,14100,49.16288183842125,10,1
198884,14101,114.60318559545577,10,1
198896,14102,108.33718190065237,12,1
198909,14103,73.38717941551575,13,1
198919,14104,100.2310118623685,10,1
198930,14105,119.80226420497361,11,1
198940,14106,78.93106216481725,10,1
198953,14107,139.55067124456681,13,1
198963,14108,143.01263740378025,10,1
198973,14109,108.58055286274366,10,1
198984,14110,111.39557527158533,11,1
198994,14111,108.03245517706888,10,1
199004,14112,61.70059739619518,10,1
199016,14113,122.36719204912484,12,1
199056,14114,-20.36718375732162,40,0
199066,14115,136.58142101928982,10,1
199076,14116,69.34748929027111,10,1
199090,14117,120.07647510466897,14,1
199101,14118,124.1347602820376,11,1
199111,14119,91.36817454203475,10,1
199121,14120,140.01988314924114,10,1
199131,14121,111.79524144700011,10,1
199142,14122,124.02626543310001,11,1
199153,14123,120.49400036727046,11,1
199169,14124,112.05143493491977,16,1
199179,14125,77.58462816849611,10,1
199189,14126,90.24480611657116,10,1
199201,14127,142.6744496546816,12,1
199211,14128,132.84603545012124,10,1
199221,14129,133.98965346749839,10,1
199231,14130,98.67054059720378,10,1
199243,14131,109.32380292289604,12,1
199283,14132,-22.089865586715675,40,0
199293,14133,114.99179501059584,10,1
199303,14134,113.4843065699539,10,1
199313,14135,89.87245935968063,10,1
199323,14136,76.55266648783673,10,1
199337,14137,142.91343213157313,14,1
199348,14138,132.93648072561453,11,1
199360,14139,124.74311403611183,12,1
199370,14140,116.88514515838449,10,1
199380,14141,52.40672513942897,10,1
199391,14142,136.47580634949585,11,1
199403,14143,124.27806131045992,12,1
199443,14144,-20.482152430614118,40,0
199453,14145,143.50985135414803,10,1
199463,14146,58.4375039751883,10,1
199473,14147,51.09277467528208,10,1
199483,14148,88.71973927410494,10,1
199493,14149,117.3652018457566,10,1
199505,14150,131.53704023759818,12,1
199515,14151,138.66455821513657,10,1
199526,14152,121.36633504472078,11,1
199536,14153,105.81977690306329,10,1
199548,14154,131.2986473528943,12,1
199558,14155,141.63706971898162,10,1
199568,14156,52.11792597675665,10,1
199579,14157,131.52480118566433,11,1
199590,14158,142.23529926325628,11,1
199600,14159,135.15371638573922,10,1
199610,14160,132.63555178467115,10,1
199620,14161,40.65840138322636,10,1
199630,14162,76.64214692952311,10,1
199640,14163,101.15327140253306,10,1
199652,14164,102.06709715575433,12,1
199663,14165,140.59952742324853,11,1
199675,14166,136.70412791173595,12,1
199685,14167,121.93507832378407,10,1
199697,14168,123.09315880219135,12,1
199707,14169,103.53159026408733,10,1
199717,14170,90.41990780199478,10,1
199727,14171,72.17268374043861,10,1
199737,14172,83.28539328713896,10,1
199747,14173,123.25856922760231,10,1
199758,14174,122.303539965785,11,1
199770,14175,123.80340625474204,12,1
199780,14176,133.1016866728545,10,1
199790,14177,68.22315273197843,10,1
199800,14178,67.99796745067398,10,1
199812,14179,90.50453411756365,12,1
199825,14180,132.2351162759192,13,1
199835,14181,134.57918159584298,10,1
199845,14182,140.4871654004229,10,1
199855,14183,130.31766928590469,10,1
199865,14184,112.24389480742963,10,1
199875,14185,93.93916674732637,10,1
199886,14186,106.1571555447166,11,1
199896,14187,112.32395541386398,10,1
199906,14188,109.62302349450317,10,1
199917,14189,97.30082499737864,11,1
199927,14190,133.31634251967543,10,1
199937,14191,105.82848993949271,10,1
199948,14192,116.31466333966866,11,1
199960,14193,136.61827119002302,12,1
199970,14194,121.122704863994,10,1
199982,14195,116.48101068692763,12,1
199997,14196,112.5640542160636,15,1
200007,14197,103.6677829003984,10,1
200019,14198,104.27744769791455,12,1
200033,14199,54.56670964060326,14,1
200043,14200,129.95770721746598,10,1
200054,14201,113.99102158201039,11,1
200065,14202,100.08340743606908,11,1
200076,14203,99.57944156720977,11,1
200088,14204,101.53530504802569,12,1
200098,14205,109.67460869784941,10,1
200108,14206,141.19992337363536,10,1
200121,14207,124.28346355969929,13,1
200132,14208,136.77415330933937,11,1
200142,14209,104.65644225912692,10,1
200152,14210,115.58767645740065,10,1
200162,14211,140.70590998043437,10,1
200172,14212,91.2844320693714,10,1
200182,14213,59.88785350898872,10,1
200195,14214,139.17787579586548,13,1
200205,14215,139.754488071308,10,1
200215,14216,69.17575908934242,10,1
200229,14217,77.30350784101257,14,1
200241,14218,123.62021682960366,12,1
200251,14219,53.76606619915631,10,1
200261,14220,118.36908510581883,10,1
200271,14221,94.05878467701373,10,1
200283,14222,129.81370610365522,12,1
200323,14223,-20.856711814819295,40,0
200333,14224,135.90855790075557,10,1
200345,14225,136.2238401615928,12,1
200355,14226,133.11363976338868,10,1
200370,14227,136.28633347077513,15,1
200380,14228,77.56230407022174,10,1
200392,14229,104.38990854054724,12,1
200402,14230,60.47241128061495,10,1
200412,14231,47.74571357535096,10,1
200422,14232,42.53155737357511,10,1
200432,14233,123.84408805201224,10,1
200444,14234,100.27584620217198,12,1
200454,14235,83.97840621258246,10,1
200464,14236,121.9599854713651,10,1
200474,14237,140.73521030071691,10,1
200484,14238,108.22058588133864,10,1
200495,14239,124.33154491257315,11,1
200506,14240,110.10805957658519,11,1
200516,14241,115.56837474218631,10,1
200526,14242,104.35081498406426,10,1
200536,14243,104.16401634719087,10,1
200546,14244,112.42962529095173,10,1
200556,14245,36.502602893562205,10,1
200567,14246,93.84092379491955,11,1
200577,14247,102.35283764740494,10,1
200587,14248,69.0123258839029,10,1
200597,14249,67.92556822288508,10,1
200607,14250,142.71194459615313,10,1
200619,14251,140.02766495369536,12,1
200629,14252,94.51318089269924,10,1
200639,14253,124.83509158138074,10,1
200652,14254,80.75621979128158,13,1
200664,14255,138.4820108136337,12,1
200676,14256,136.08217139036444,12,1
200714,14257,-152.7920560071477,38,1
200724,14258,37.45501306585658,10,1
200734,14259,99.90056472019674,10,1
200744,14260,118.52626583414107,10,1
200754,14261,131.89959601751664,10,1
200764,14262,106.69386773559765,10,1
200774,14263,109.23845531666862,10,1
200784,14264,131.16864955456643,10,1
200794,14265,65.27134191292866,10,1
200805,14266,138.62619991858267,11,1
200816,14267,142.31789011236893,11,1
200826,14268,117.94240381444727,10,1
200836,14269,104.75792660216476,10,1
200847,14270,120.34384989489648,11,1
200857,14271,58.63362930114397,10,1
200868,14272,125.7159967246767,11,1
200878,14273,112.95844735719503,10,1
200888,14274,99.93770001638238,10,1
200899,14275,114.91676353840231,11,1
200910,14276,114.6722397914416,11,1
200921,14277,114.1740327301927,11,1
200931,14278,82.92253956197698,10,1
200941,14279,134.75084476407167,10,1
200951,14280,110.83055220350596,10,1
200962,14281,112.27938701245985,11,1
200974,14282,77.91930191475704,12,1
200984,14283,71.9107855184943,10,1
200996,14284,136.0258677846715,12,1
201007,14285,108.48909699283973,11,1
201018,14286,112.64424352007936,11,1
201031,14287,113.01564926105058,13,1
201044,14288,104.45325979496626,13,1
201057,14289,93.3022401460578,13,1
201067,14290,119.64767908608046,10,1
201079,14291,39.71356296503073,12,1
201089,14292,99.64478954984116,10,1
201101,14293,100.44856432396041,12,1
201111,14294,114.72276986867348,10,1
201121,14295,104.89120872564695,10,1
201133,14296,67.04952044404149,12,1
201145,14297,140.9926754740021,12,1
201155,14298,59.6772776632675,10,1
201167,14299,139.51612606751695,12,1
201178,14300,140.62918675524676,11,1
201188,14301,95.907231502902,10,1
201198,14302,124.0877868423241,10,1
201208,14303,33.265818284753806,10,1
201219,14304,140.53153710289806,11,1
201231,14305,140.8426114486243,12,1
201241,14306,140.51511921625402,10,1
201251,14307,65.56298275148255,10,1
201262,14308,119.5006344358958,11,1
201272,14309,42.05009464458779,10,1
201282,14310,93.4431360988733,10,1
201292,14311,86.02397838980224,10,1
201302,14312,40.59173971552429,10,1
201314,14313,140.6561200302671,12,1
201324,14314,94.06103719155836,10,1
201334,14315,89.46789611828486,10,1
201344,14316,113.26661147365682,10,1
201354,14317,112.71698618298593,10,1
201365,14318,94.252630414041,11,1
201375,14319,137.02053024977263,10,1
201388,14320,119.22299737810754,13,1
201398,14321,106.27903039843181,10,1
201411,14322,141.99290288671426,13,1
201423,14323,123.7191166112296,12,1
201433,14324,139.04868233150788,10,1
201444,14325,142.1256903358074,11,1
201455,14326,88.93516451257443,11,1
201466,14327,130.01522678017227,11,1
201476,14328,113.22206412829593,10,1
201486,14329,93.83624313809287,10,1
201496,14330,112.20626671150377,10,1
201511,14331,138.8778108622293,15,1
201521,14332,119.04176073498068,10,1
201533,14333,113.12636909097907,12,1
201543,14334,97.46175482439884,10,1
201558,14335,112.28718220632685,15,1
201572,14336,137.6789962219143,14,1
201586,14337,124.66273796417165,14,1
201597,14338,136.61518455863282,11,1
201610,14339,82.47620259330529,13,1
201622,14340,109.43378750540866,12,1
201632,14341,113.38820683478463,10,1
201642,14342,74.08605050787612,10,1
201653,14343,122.023087944109,11,1
201665,14344,104.40506455137584,12,1
201675,14345,82.1128969024239,10,1
201689,14346,97.55204647812869,14,1
201700,14347,141.77040948084718,11,1
201710,14348,131.06927104327545,10,1
201720,14349,118.74753245794632,10,1
201730,14350,92.21752768662029,10,1
201743,14351,81.5766562053991,13,1
201754,14352,131.56840619346826,11,1
201764,14353,140.2732028822295,10,1
201774,14354,140.9675809435989,10,1
201786,14355,132.16927734390788,12,1
201796,14356,138.71017078157558,10,1
201806,14357,86.69453989248478,10,1
201816,14358,120.5652261123384,10,1
201829,14359,139.82639179439545,13,1
201840,14360,86.12967918692583,11,1
201850,14361,138.02103728756708,10,1
201861,14362,125.6082692115034,11,1
201873,14363,136.26474394710692,12,1
201886,14364,116.98837741464486,13,1
201896,14365,67.3182019137761,10,1
201906,14366,142.86202795521518,10,1
201916,14367,86.58346344322887,10,1
201928,14368,100.1045364838056,12,1
201938,14369,71.4750036641899,10,1
201948,14370,133.74457240840027,10,1
201988,14371,-20.951711195847693,40,0
201998,14372,135.1737923405793,10,1
202008,14373,109.6564961519057,10,1
202018,14374,141.2861220643823,10,1
202028,14375,95.41202031496958,10,1
202038,14376,55.75845734823857,10,1
202048,14377,77.8138150018686,10,1
202058,14378,59.066369647540846,10,1
202068,14379,113.54497364452448,10,1
202078,14380,119.22335432298357,10,1
202088,14381,118.84683838712074,10,1
202101,14382,114.77173819531447,13,1
202141,14383,-20.69452950283673,40,0
202151,14384,40.82478508469165,10,1
202165,14385,140.42764628192123,14,1
202175,14386,125.1108699298609,10,1
202185,14387,110.76500213249567,10,1
202195,14388,133.96723539565664,10,1
202206,14389,141.36266259456474,11,1
202218,14390,117.13822837299611,12,1
202228,14391,138.21145354630247,10,1
202238,14392,143.411584677628,10,1
202248,14393,91.21289786506722,10,1
202258,14394,142.98428291316517,10,1
202270,14395,100.40171210523901,12,1
202283,14396,143.6176834039704,13,1
202293,14397,130.6843543130407,10,1
202303,14398,142.53490819107068,10,1
202313,14399,80.8870695333255,10,1
202325,14400,122.00383518251586,12,1
202335,14401,130.6968039160675,10,1
202346,14402,118.5710847493694,11,1
202356,14403,96.32535274659678,10,1
202366,14404,126.1622833338136,10,1
202378,14405,114.14920685201426,12,1
202388,14406,132.60610048985743,10,1
202398,14407,135.01187030465587,10,1
202409,14408,116.01036829411115,11,1
202419,14409,108.77314420911937,10,1
202432,14410,140.8206529164627,13,1
202442,14411,136.04700518210754,10,1
202452,14412,130.58718122918245,10,1
202462,14413,129.20872434376986,10,1
202472,14414,107.71488810810557,10,1
202482,14415,90.74278171441996,10,1
202493,14416,103.01372644677419,11,1
202503,14417,138.56529938723259,10,1
202514,14418,109.8185839612116,11,1
202524,14419,141.47704115553992,10,1
202534,14420,134.79956962717756,10,1
202544,14421,138.94721883559154,10,1
202554,14422,69.0704914568741,10,1
202564,14423,132.92131529642725,10,1
202575,14424,135.52572607668748,11,1
202585,14425,58.13779649925348,10,1
202597,14426,139.03628393349948,12,1
202608,14427,103.83103320812405,11,1
202618,14428,121.24048591206328,10,1
202628,14429,139.84467615536295,10,1
202638,14430,113.38106930094446,10,1
202648,14431,141.50237163756432,10,1
202662,14432,122.04941628196737,14,1
202677,14433,111.41008037590572,15,1
202687,14434,140.1784117048611,10,1
202697,14435,53.35800597435359,10,1
202707,14436,83.74696409694235,10,1
202720,14437,142.82181980347553,13,1
202733,14438,97.45265747141839,13,1
202743,14439,117.7030631444437,10,1
202753,14440,121.39325541744702,10,1
202763,14441,122.25800977259867,10,1
202773,14442,143.67332190266646,10,1
202785,14443,53.20511447771383,12,1
202795,14444,83.49830470287858,10,1
202805,14445,83.92568265802612,10,1
202815,14446,143.181873043149,10,1
202825,14447,49.84990338055457,10,1
202835,14448,142.45598673799668,10,1
202845,14449,130.68111368580898,10,1
202856,14450,89.88258151273477,11,1
202866,14451,92.66073598616954,10,1
202876,14452,83.8224037963036,10,1
202888,14453,86.94389627024863,12,1
202899,14454,124.43781747648919,11,1
202909,14455,137.96549659523436,10,1
202919,14456,84.65435700889824,10,1
202932,14457,97.45115920506301,13,1
202942,14458,97.79057007012348,10,1
202952,14459,90.17041623382215,10,1
202964,14460,97.72277493139663,12,1
202978,14461,136.50402031477284,14,1
202988,14462,142.2568470242573,10,1
202998,14463,59.23383110975834,10,1
203008,14464,104.75975630053665,10,1
203018,14465,120.9869130993531,10,1
203058,14466,-20.352761528694515,40,0
203068,14467,106.42750316554375,10,1
203078,14468,66.90069793806094,10,1
203088,14469,134.3569893278351,10,1
203098,14470,113.34881625815954,10,1
203108,14471,144.48752070951772,10,1
203118,14472,76.2726544869371,10,1
203129,14473,117.76748289312447,11,1
203142,14474,74.96148234694732,13,1
203153,14475,138.38931304522447,11,1
203163,14476,142.1012362347838,10,1
203174,14477,138.90336927313862,11,1
203184,14478,71.15183256384816,10,1
203194,14479,124.24950577504582,10,1
203204,14480,123.42526630387465,10,1
203214,14481,40.854860278585306,10,1
203226,14482,136.52994907718653,12,1
203236,14483,131.8369175204944,10,1
203246,14484,130.72140915391597,10,1
203259,14485,139.48269772042514,13,1
203269,14486,117.18694665005258,10,1
203279,14487,70.18425655125132,10,1
203289,14488,114.0688749793351,10,1
203302,14489,115.8781396503909,13,1
203314,14490,123.42512100737315,12,1
203327,14491,122.86987401748765,13,1
203338,14492,132.62650712553616,11,1
203349,14493,137.65310149025362,11,1
203359,14494,142.46868358278996,10,1
203369,14495,115.91374375250929,10,1
203379,14496,119.48452950366844,10,1
203389,14497,140.42665401698056,10,1
203399,14498,136.09594266136816,10,1
203411,14499,139.5237947976252,12,1
203423,14500,103.51040025186339,12,1
203433,14501,130.33399262520206,10,1
203446,14502,94.45373942306719,13,1
203458,14503,125.97229847230534,12,1
203468,14504,67.29067081143076,10,1
203478,14505,134.02387510375533,10,1
203489,14506,139.04233119143845,11,1
203499,14507,138.9449822812977,10,1
203509,14508,98.17583101270806,10,1
203519,14509,133.37296405522667,10,1
203533,14510,142.49793933934814,14,1
203546,14511,117.73324537675553,13,1
203556,14512,101.2276241913647,10,1
203567,14513,98.9645334718596,11,1
203577,14514,119.15448012232748,10,1
203587,14515,131.0821801847592,10,1
203598,14516,135.50805843025424,11,1
203608,14517,85.35142463930814,10,1
203620,14518,141.61775300151737,12,1
203630,14519,75.28622010048187,10,1
203641,14520,134.64650516623982,11,1
203681,14521,-21.256329611304835,40,0
203691,14522,124.11631384856832,10,1
203701,14523,133.8375812400095,10,1
203711,14524,117.12734608894186,10,1
203721,14525,108.437136160026,10,1
203732,14526,123.20672702772109,11,1
203742,14527,115.28558604621571,10,1
203754,14528,104.06830847070627,12,1
203764,14529,94.69635612320027,10,1
203774,14530,122.47297615173852,10,1
203784,14531,139.8659059912115,10,1
203794,14532,138.39436293279704,10,1
203807,14533,123.70188352920138,13,1
203819,14534,138.0091584709074,12,1
203829,14535,70.43586049225135,10,1
203839,14536,112.57624439313604,10,1
203849,14537,118.95118533353495,10,1
203861,14538,143.02764989274232,12,1
203871,14539,113.74557442543819,10,1
203881,14540,77.87198340679578,10,1
203892,14541,117.54937792606486,11,1
203902,14542,111.27750719220893,10,1
203913,14543,85.2895262104753,11,1
203923,14544,99.9595503324505,10,1
203934,14545,117.7731498017046,11,1
203944,14546,118.7586970368211,10,1
203954,14547,110.32504315532219,10,1
203965,14548,114.68652337061098,11,1
203975,14549,67.37699424151239,10,1
203985,14550,120.35802075024337,10,1
203995,14551,139.97995536205968,10,1
204008,14552,96.46036555055313,13,1
204018,14553,140.01115956084402,10,1
204028,14554,61.24468508573851,10,1
204042,14555,144.02632755375166,14,1
204052,14556,125.15938809630417,10,1
204065,14557,143.9227331477554,13,1
204075,14558,120.26595567458709,10,1
204086,14559,76.82508995286408,11,1
204096,14560,131.13588147769212,10,1
204108,14561,83.23637060351344,12,1
204118,14562,75.26613745917624,10,1
204130,14563,116.97444938728275,12,1
204140,14564,132.08674775362903,10,1
204150,14565,50.633076544300714,10,1
204160,14566,105.41250942912482,10,1
204170,14567,111.97630458444839,10,1
204180,14568,89.91070307045162,10,1
204190,14569,134.85935647890108,10,1
204201,14570,139.78751490798092,11,1
204214,14571,101.2688507310175,13,1
204224,14572,122.06600076746648,10,1
204236,14573,122.91620421030109,12,1
204246,14574,140.4696761753101,10,1
204258,14575,140.64909115730165,12,1
204270,14576,134.37786976598593,12,1
204282,14577,122.37591688270626,12,1
204293,14578,141.17849828756496,11,1
204305,14579,57.308407555294096,12,1
204345,14580,-20.554146295409566,40,0
204355,14581,137.65897220835043,10,1
204366,14582,142.76303048429995,11,1
204376,14583,40.35234896774967,10,1
204386,14584,85.5028552099744,10,1
204397,14585,141.26179134678182,11,1
204407,14586,141.06110328024124,10,1
204417,14587,133.47305097256412,10,1
204427,14588,101.14989689324813,10,1
204437,14589,71.96682154268187,10,1
204447,14590,96.1622155946635,10,1
204457,14591,82.55552522824966,10,1
204467,14592,123.69947635564601,10,1
204478,14593,88.06588411702894,11,1
204497,14594,95.12437340204667,19,1
204507,14595,131.98624847450924,10,1
204518,14596,134.8189615781099,11,1
204528,14597,124.12082826877464,10,1
204538,14598,67.48195178157938,10,1
204548,14599,134.53139110506854,10,1
204558,14600,62.25004285465535,10,1
204568,14601,47.060329780337916,10,1
204578,14602,133.57303910565102,10,1
204588,14603,95.4225815144331,10,1
204598,14604,124.01657641864574,10,1
204608,14605,115.14506253430956,10,1
204618,14606,124.8697790748418,10,1
204628,14607,135.41105291675328,10,1
204641,14608,92.97001979489701,13,1
204652,14609,139.76303302736295,11,1
204662,14610,113.21925855995198,10,1
204676,14611,112.89484701004571,14,1
204686,14612,125.33364648303476,10,1
204696,14613,104.4970945000928,10,1
204736,14614,-20.34247554045489,40,0
204746,14615,142.4186683298967,10,1
204756,14616,77.95601344468605,10,1
204770,14617,85.46051711488867,14,1
204780,14618,115.68948895426325,10,1
204791,14619,98.95239101366761,11,1
204801,14620,118.5415059685826,10,1
204812,14621,132.57509898778653,11,1
204825,14622,137.54467819846994,13,1
204835,14623,116.21849197926012,10,1
204845,14624,124.55030149122663,10,1
204855,14625,65.2036703763891,10,1
204866,14626,94.82363183058695,11,1
204877,14627,111.32715167436771,11,1
204887,14628,109.02343280578285,10,1
204898,14629,139.93471268453618,11,1
204912,14630,105.12455634470913,14,1
204924,14631,131.30762544510762,12,1
204934,14632,96.68456757523323,10,1
204945,14633,140.01787200249458,11,1
204956,14634,139.88236241676933,11,1
204967,14635,84.76511515923292,11,1
204979,14636,133.04079620716604,12,1
204989,14637,125.567940912831,10,1
204999,14638,137.74559794464196,10,1
205009,14639,115.68907337705143,10,1
205019,14640,49.08724505315657,10,1
205031,14641,142.19314442641743,12,1
205041,14642,85.47711124266358,10,1
205053,14643,113.20082928104603,12,1
205063,14644,137.42106803402731,10,1
205076,14645,141.72698969393133,13,1
205086,14646,105.8779762216786,10,1
205097,14647,143.38221387021824,11,1
205107,14648,78.6914654230902,10,1
205117,14649,91.78855602128957,10,1
205127,14650,92.68100211682675,10,1
205137,14651,75.52205250858968,10,1
205148,14652,87.89802703049455,11,1
205160,14653,131.09355502316524,12,1
205170,14654,99.10864989551919,10,1
205180,14655,94.31079851418131,10,1
205192,14656,138.67687796523765,12,1
205203,14657,99.16796289472147,11,1
205218,14658,142.70999639918577,15,1
205229,14659,103.67763342258608,11,1
205239,14660,71.56690143363434,10,1
205249,14661,122.21422024137246,10,1
205260,14662,120.19036227665204,11,1
205270,14663,92.60486099305874,10,1
205283,14664,68.03522998535689,13,1
205293,14665,60.693603505599626,10,1
205303,14666,113.16539821763719,10,1
205313,14667,123.12228620914284,10,1
205323,14668,98.29709953560071,10,1
205333,14669,69.70465446317017,10,1
205343,14670,88.48112543703971,10,1
205353,14671,69.8557180846929,10,1
205363,14672,109.82895811380267,10,1
205373,14673,87.42725808424935,10,1
205383,14674,90.30189448884674,10,1
205393,14675,136.7472469545062,10,1
205403,14676,117.38284460740239,10,1
205413,14677,135.38799478515287,10,1
205423,14678,139.5671160560213,10,1
205435,14679,133.79191760929805,12,1
205445,14680,97.06628524476741,10,1
205457,14681,111.27398859449849,12,1
205467,14682,92.49188839140871,10,1
205478,14683,133.42424740051825,11,1
205488,14684,110.7588584430068,10,1
205528,14685,-20.484021841308948,40,0
205540,14686,135.25212782985355,12,1
205550,14687,68.40813497575633,10,1
205560,14688,113.84083042149085,10,1
205570,14689,120.57489890654246,10,1
205580,14690,117.2252371786101,10,1
205593,14691,139.54605471777558,13,1
205603,14692,133.5751023607677,10,1
205615,14693,118.58676577800775,12,1
205625,14694,81.91199660472708,10,1
205636,14695,140.17313802950966,11,1
205646,14696,86.15244607482599,10,1
205656,14697,124.73675841354701,10,1
205666,14698,137.4385651406287,10,1
205676,14699,114.88673039439999,10,1
205686,14700,47.16654015083395,10,1
205696,14701,131.54576301194808,10,1
205707,14702,140.7385110831249,11,1
205719,14703,98.19938183151552,12,1
205733,14704,97.27492717147038,14,1
205743,14705,119.05501379641179,10,1
205753,14706,78.76014950767733,10,1
205763,14707,134.44712076994716,10,1
205773,14708,139.99545896326927,10,1
205783,14709,79.09129920690836,10,1
205794,14710,94.30015234989486,11,1
205804,14711,101.74255307279005,10,1
205817,14712,122.58418193373105,13,1
205827,14713,131.2931880749446,10,1
205839,14714,66.6729079202432,12,1
205851,14715,125.04181947897695,12,1
205861,14716,125.06094636572246,10,1
205871,14717,107.61782499207582,10,1
205882,14718,122.951557037208,11,1
205892,14719,106.99157347161434,10,1
205906,14720,141.09810488401857,14,1
205918,14721,110.02920838166634,12,1
205931,14722,117.25967437100402,13,1
205941,14723,114.02490622337642,10,1
205954,14724,120.827856074176,13,1
205966,14725,139.075510722643,12,1
205979,14726,84.07170075920587,13,1
205991,14727,95.51209258810911,12,1
206002,14728,121.669427803037,11,1
206013,14729,132.33564881771775,11,1
206025,14730,125.8940156630768,12,1
206039,14731,133.82536008734928,14,1
206049,14732,79.45402969239424,10,1
206059,14733,66.88843549096349,10,1
206070,14734,138.94018779424349,11,1
206080,14735,103.7965192448845,10,1
206090,14736,106.03944793357107,10,1
206105,14737,115.41637061833895,15,1
206115,14738,74.82875265850336,10,1
206125,14739,77.04150480520245,10,1
206135,14740,103.05358024236527,10,1
206145,14741,71.01046147959774,10,1
206155,14742,119.82381523318092,10,1
206167,14743,109.68925113053582,12,1
206178,14744,83.18166073409542,11,1
206188,14745,97.3517725654236,10,1
206200,14746,113.21093891863384,12,1
206210,14747,136.18189717982568,10,1
206224,14748,102.21277238662181,14,1
206264,14749,-20.46327579824915,40,0
206274,14750,101.93305083105105,10,1
206284,14751,101.00874456217267,10,1
206294,14752,120.95491821800624,10,1
206304,14753,106.17098560612266,10,1
206314,14754,94.13768303280574,10,1
206326,14755,141.63723068333516,12,1
206336,14756,107.70207416909984,10,1
206346,14757,134.78028783510217,10,1
206358,14758,137.17896051488168,12,1
206369,14759,132.97471993213276,11,1
206380,14760,78.00236613448824,11,1
206390,14761,106.36469974085531,10,1
206402,14762,76.57951771270213,12,1
206413,14763,95.1463699555793,11,1
206424,14764,119.23413006679374,11,1
206438,14765,137.24844080923458,14,1
206448,14766,105.60882840783215,10,1
206459,14767,142.2585222084354,11,1
206470,14768,134.79547575101375,11,1
206480,14769,123.38744738117369,10,1
206490,14770,117.0411784766084,10,1
206502,14771,122.01631093002445,12,1
206513,14772,105.9946441012208,11,1
206523,14773,100.84361834388591,10,1
206545,14774,69.4252062065976,22,1
206555,14775,52.472836984535164,10,1
206565,14776,99.12578896386509,10,1
206575,14777,137.38043951803886,10,1
206587,14778,133.4714570834621,12,1
206598,14779,139.80416473471445,11,1
206610,14780,136.91457055789965,12,1
206620,14781,111.2151886361048,10,1
206630,14782,132.48938521822345,10,1
206641,14783,130.90935465483324,11,1
206651,14784,113.1629389812978,10,1
206661,14785,95.23913749211049,10,1
206671,14786,96.0755120519367,10,1
206681,14787,139.94134732029823,10,1
206691,14788,71.56451185291215,10,1
206701,14789,71.93594832416633,10,1
206711,14790,88.69089459267438,10,1
206724,14791,120.73555385289207,13,1
206735,14792,137.70002438759667,11,1
206746,14793,123.5649636952726,11,1
206756,14794,76.84010829189369,10,1
206766,14795,119.81220841111052,10,1
206776,14796,110.85500222093802,10,1
206786,14797,136.68221766024928,10,1
206797,14798,134.00660999113666,11,1
206807,14799,58.962245995716906,10,1
206817,14800,138.2326651465467,10,1
206829,14801,107.18282905692503,12,1
206841,14802,103.78063657700048,12,1
206852,14803,101.7776943390977,11,1
206862,14804,102.87274917913896,10,1
206872,14805,55.83819958692248,10,1
206882,14806,110.66282532906399,10,1
206892,14807,110.99922858752393,10,1
206902,14808,70.86918176005982,10,1
206912,14809,141.96842266556908,10,1
206922,14810,122.40576474194236,10,1
206932,14811,100.22226316287788,10,1
206943,14812,82.0398195209362,11,1
206954,14813,119.68409647468529,11,1
206964,14814,133.87145712499515,10,1
206974,14815,71.11304516268774,10,1
206986,14816,115.3140076763525,12,1
206996,14817,119.4117977292716,10,1
207006,14818,45.701347524982275,10,1
207016,14819,76.69285338788768,10,1
207026,14820,132.8689723412771,10,1
207036,14821,136.18217206898746,10,1
207046,14822,138.61874522674245,10,1
207057,14823,109.65647748478068,11,1
207068,14824,130.69636615220597,11,1
207078,14825,51.03117601845995,10,1
207089,14826,123.25695062540495,11,1
207099,14827,75.70456800775636,10,1
207109,14828,132.10305983485037,10,1
207119,14829,108.99845115583238,10,1
207130,14830,123.84930333244932,11,1
207140,14831,106.66971919828379,10,1
207150,14832,88.75802900836173,10,1
207160,14833,107.96763477183606,10,1
207170,14834,137.52068956590333,10,1
207182,14835,132.22754672711991,12,1
207192,14836,55.377463830449706,10,1
207202,14837,85.48480108104401,10,1
207212,14838,91.68498166462241,10,1
207222,14839,117.39501357181605,10,1
207232,14840,131.2156510467158,10,1
207242,14841,51.92811927264204,10,1
207252,14842,124.75600349823863,10,1
207262,14843,33.311342889841356,10,1
207272,14844,136.6964962155016,10,1
207282,14845,73.26433273248263,10,1
207292,14846,59.042102121538356,10,1
207306,14847,137.16591321973456,14,1
207316,14848,43.275023542544744,10,1
207326,14849,103.49627165102655,10,1
207338,14850,137.76559975775874,12,1
207350,14851,121.63102950039281,12,1
207361,14852,143.20982401222776,11,1
207373,14853,116.89831596279267,12,1
207383,14854,73.70473433303971,10,1
207393,14855,116.04493562341217,10,1
207403,14856,121.61311647472449,10,1
207413,14857,49.79428494890183,10,1
207423,14858,108.40646257894406,10,1
207433,14859,51.79017067269318,10,1
207443,14860,97.43402951652858,10,1
207453,14861,117.34671665847488,10,1
207465,14862,109.46795156908577,12,1
207475,14863,107.0125680225737,10,1
207485,14864,135.5537565020341,10,1
207495,14865,115.72898788331746,10,1
207508,14866,134.70856671683055,13,1
207518,14867,75.39476743896151,10,1
207528,14868,123.73886227025442,10,1
207538,14869,141.36713913251697,10,1
207548,14870,116.94098382486543,10,1
207558,14871,103.65566793535086,10,1
207568,14872,121.0124560950335,10,1
207578,14873,67.72767299722857,10,1
207591,14874,102.14640926913015,13,1
207601,14875,116.98277920056343,10,1
207611,14876,124.5772158120946,10,1
207622,14877,138.28505881882552,11,1
207635,14878,101.39523757868616,13,1
207645,14879,142.02672971986257,10,1
207655,14880,137.9661197711592,10,1
207665,14881,79.1151483700141,10,1
207675,14882,135.9453422039156,10,1
207685,14883,125.47134985809294,10,1
207695,14884,120.89409890548248,10,1
207705,14885,136.18443328145557,10,1
207715,14886,89.82208311443662,10,1
207725,14887,118.60645774857585,10,1
207735,14888,84.47944202619075,10,1
207745,14889,138.87820294602585,10,1
207755,14890,136.73457052662042,10,1
207768,14891,99.96034827453263,13,1
207779,14892,124.3447020469717,11,1
207789,14893,84.803820170917,10,1
207799,14894,106.77104090787336,10,1
207811,14895,129.2479185338051,12,1
207821,14896,98.52707331743622,10,1
207831,14897,130.30564805188158,10,1
207841,14898,103.04099587235402,10,1
207851,14899,99.31381340739203,10,1
207861,14900,124.36787263095593,10,1
207871,14901,105.17066698811935,10,1
207881,14902,134.15110357090882,10,1
207891,14903,77.92500496702104,10,1
207902,14904,143.62634951633927,11,1
207914,14905,120.19461345110678,12,1
207924,14906,83.46650106152211,10,1
207934,14907,91.8316331559137,10,1
207946,14908,139.64238565257915,12,1
207956,14909,133.71251567121476,10,1
207966,14910,131.06281817818797,10,1
207976,14911,86.83062277745823,10,1
207988,14912,133.71713767835334,12,1
207999,14913,120.15884463272103,11,1
208009,14914,139.54726522057382,10,1
208019,14915,123.6996793221395,10,1
208029,14916,135.77666483239773,10,1
208040,14917,143.4904658847729,11,1
208050,14918,97.24888594864792,10,1
208060,14919,140.2326021938887,10,1
208070,14920,88.37227408199061,10,1
208080,14921,119.30194266494841,10,1
208090,14922,107.56474392119985,10,1
208102,14923,101.4209735140498,12,1
208120,14924,134.78937049917707,18,1
208130,14925,115.8985561555499,10,1
208140,14926,121.8651649506915,10,1
208150,14927,142.22943039947046,10,1
208160,14928,123.17539674083785,10,1
208170,14929,58.46487882490264,10,1
208180,14930,136.0292155282277,10,1
208190,14931,86.62753379928023,10,1
208200,14932,47.06528211500447,10,1
208210,14933,42.05249409886331,10,1
208220,14934,130.90566763486032,10,1
208236,14935,131.16478053865794,16,1
208246,14936,124.93803534154233,10,1
208256,14937,111.47735443639917,10,1
208266,14938,80.88064958063904,10,1
208276,14939,101.4157813012835,10,1
208287,14940,124.93014367684162,11,1
208297,14941,140.8808192545856,10,1
208309,14942,66.28102832269683,12,1
208319,14943,124.12363215098775,10,1
208330,14944,140.87062051097323,11,1
208340,14945,142.02339737557404,10,1
208350,14946,137.80692773497123,10,1
208360,14947,53.79753573384517,10,1
208373,14948,144.48248111499183,13,1
208383,14949,118.06120676355195,10,1
208394,14950,136.13553253992413,11,1
208404,14951,121.28961020444716,10,1
208415,14952,139.0387892315644,11,1
208425,14953,130.84546208421116,10,1
208437,14954,119.94227248181849,12,1
208447,14955,110.05371490072591,10,1
208457,14956,100.64017842143967,10,1
208469,14957,123.77522046622882,12,1
208479,14958,129.54108854490187,10,1
208489,14959,112.64813234446564,10,1
208499,14960,98.85323518822536,10,1
208537,14961,88.74733697611143,38,1
208547,14962,124.71708648104232,10,1
208557,14963,53.69558621727281,10,1
208567,14964,108.47661000439479,10,1
208580,14965,139.2158961760016,13,1
208592,14966,120.50517380965412,12,1
208602,14967,70.40872069488843,10,1
208612,14968,114.48031969813296,10,1
208622,14969,66.9735584453694,10,1
208632,14970,67.37625613975399,10,1
208642,14971,91.1001453033791,10,1
208652,14972,104.10006532782175,10,1
208662,14973,56.52549719944065,10,1
208674,14974,141.79702284441177,12,1
208684,14975,96.96660280031215,10,1
208695,14976,114.3791290086013,11,1
208707,14977,119.63042299262325,12,1
208717,14978,96.51146045511865,10,1
208727,14979,103.27711884411336,10,1
208737,14980,61.379093061389106,10,1
208747,14981,115.83721922976788,10,1
208757,14982,132.71057134163186,10,1
208769,14983,80.7292973846671,12,1
208779,14984,70.77331379924581,10,1
208792,14985,141.41226096470245,13,1
208802,14986,142.42580483654885,10,1
208812,14987,131.2600090705513,10,1
208823,14988,135.19787727023646,11,1
208833,14989,54.317673919051366,10,1
208846,14990,139.06609053195658,13,1
208856,14991,37.52013046264117,10,1
208867,14992,104.39071313295597,11,1
208877,14993,119.16227442157714,10,1
208887,14994,74.93896924665681,10,1
208897,14995,140.10487690734382,10,1
208907,14996,82.93852395453357,10,1
208917,14997,142.67096115291284,10,1
208927,14998,136.82520507423098,10,1
208937,14999,139.1308757892753,10,1
208948,15000,115.79034444315967,11,1
208959,15001,105.90518075150119,11,1
208971,15002,123.49510831018223,12,1
208983,15003,133.43497001834186,12,1
208993,15004,104.00975196892792,10,1
209003,15005,79.65123231211714,10,1
209013,15006,98.36969364729194,10,1
209023,15007,106.90916449785921,10,1
209033,15008,111.26420737195309,10,1
209043,15009,112.30516473914226,10,1
209053,15010,144.14236352954762,10,1
209066,15011,111.59690724578688,13,1
209076,15012,102.30594720745945,10,1
209086,15013,28.15090183270664,10,1
209099,15014,120.57745173102997,13,1
209109,15015,87.5391716208162,10,1
209119,15016,137.43154327570713,10,1
209137,15017,103.53952842900429,18,1
209147,15018,118.4587588618724,10,1
209160,15019,87.6698669921656,13,1
209175,15020,121.41291571653888,15,1
209189,15021,141.61785438023762,14,1
209200,15022,119.4732400093079,11,1
209210,15023,134.12090748209596,10,1
209221,15024,89.91183055120754,11,1
209232,15025,113.35092711137888,11,1
209242,15026,81.02091716298598,10,1
209252,15027,130.77496973268657,10,1
209262,15028,133.05159464009884,10,1
209272,15029,93.82826530118484,10,1
209284,15030,123.54502634451556,12,1
209294,15031,124.31798832586058,10,1
209307,15032,124.09915579192078,13,1
209317,15033,99.46049944500126,10,1
209327,15034,118.93794868180608,10,1
209339,15035,98.8565406371799,12,1
209350,15036,132.30077616953542,11,1
209360,15037,86.39367206526973,10,1
209370,15038,131.04172397873504,10,1
209380,15039,139.74408606423967,10,1
209390,15040,97.09543017067634,10,1
209401,15041,134.5184940593457,11,1
209411,15042,101.35428092213203,10,1
209421,15043,131.86979762987684,10,1
209431,15044,141.88844665181477,10,1
209441,15045,107.57277655074007,10,1
209451,15046,101.38219648886633,10,1
209463,15047,87.48503262584617,12,1
209473,15048,139.22905933236163,10,1
209484,15049,99.75164059112018,11,1
209494,15050,74.07982841010543,10,1
209504,15051,111.67803905636785,10,1
209519,15052,115.67303100105117,15,1
209529,15053,138.01066196049325,10,1
209539,15054,92.73460172735548,10,1
209549,15055,140.20618929241118,10,1
209559,15056,49.18737172438612,10,1
209569,15057,105.12744731708136,10,1
209579,15058,121.79663064265597,10,1
209589,15059,87.92220540623795,10,1
209599,15060,141.95960376235533,10,1
209613,15061,103.24606731637938,14,1
209625,15062,101.01808178412496,12,1
209636,15063,120.14943297287587,11,1
209650,15064,119.1689434134259,14,1
209660,15065,131.29930255830956,10,1
209670,15066,114.76570302169536,10,1
209682,15067,118.43483601366677,12,1
209692,15068,91.6751759306372,10,1
209702,15069,101.36017075667992,10,1
209712,15070,136.38010999766658,10,1
209722,15071,101.50416725592659,10,1
209732,15072,48.73899590351969,10,1
209747,15073,140.86184256352303,15,1
209758,15074,118.92438775525792,11,1
209768,15075,103.84704069726185,10,1
209778,15076,135.04073365985306,10,1
209789,15077,99.2941197131081,11,1
209803,15078,143.35794125923638,14,1
209815,15079,119.61571371285251,12,1
209825,15080,86.23061824590523,10,1
209836,15081,112.13455393742059,11,1
209846,15082,109.96660551494055,10,1
209856,15083,114.5442974365126,10,1
209868,15084,134.4620682326262,12,1
209878,15085,132.5730017325749,10,1
209888,15086,98.97033072991806,10,1
209898,15087,107.23177465091723,10,1
209910,15088,108.6067993321322,12,1
209920,15089,136.82787208072128,10,1
209930,15090,107.27008363185277,10,1
209940,15091,109.1384815049088,10,1
209950,15092,120.21699115449823,10,1
209960,15093,143.78291431424657,10,1
209970,15094,136.74097607428766,10,1
209980,15095,106.85207319709122,10,1
209990,15096,115.45965765592345,10,1
210005,15097,110.78486389479016,15,1
210015,15098,123.48570384453639,10,1
210026,15099,111.01473859666055,11,1
210037,15100,84.66303707882496,11,1
210047,15101,113.69150225066763,10,1
210058,15102,139.53260508034606,11,1
210069,15103,117.25982192459205,11,1
210079,15104,138.8891399613528,10,1
210089,15105,79.27927125941508,10,1
210100,15106,120.30011184843558,11,1
210110,15107,68.02853211143923,10,1
210120,15108,123.11855828619241,10,1
210130,15109,61.694411807269866,10,1
210143,15110,113.87829407962025,13,1
210153,15111,92.28585307957647,10,1
210165,15112,135.9926473434019,12,1
210175,15113,120.17846393321882,10,1
210185,15114,90.55057640741875,10,1
210200,15115,84.22359283566585,15,1
210240,15116,-20.513664832597033,40,0
210250,15117,74.91680635138265,10,1
210261,15118,137.1189028196299,11,1
210271,15119,117.39797593514486,10,1
210282,15120,135.28115279241536,11,1
210293,15121,140.14882185281533,11,1
210304,15122,120.9556749104831,11,1
210316,15123,138.87396064202537,12,1
210326,15124,105.226949209499,10,1
210337,15125,81.71848637636941,11,1
210348,15126,122.05917353449821,11,1
210358,15127,135.9768059185371,10,1
210368,15128,96.10114866746135,10,1
210378,15129,99.58962608433727,10,1
210388,15130,123.50590102786968,10,1
210398,15131,100.45134396058847,10,1
210408,15132,117.40241435599837,10,1
210420,15133,74.57250652434327,12,1
210431,15134,137.40847162439945,11,1
210441,15135,137.59586796427408,10,1
210453,15136,99.3536528393809,12,1
210463,15137,136.55111128621985,10,1
210473,15138,139.12486151649114,10,1
210483,15139,95.52839428099264,10,1
210493,15140,117.94935634805769,10,1
210503,15141,118.28523149568241,10,1
210516,15142,109.26300066353116,13,1
210527,15143,101.50499000649873,11,1
210537,15144,134.70013550937546,10,1
210547,15145,121.40009534133739,10,1
210558,15146,133.24622264285873,11,1
210568,15147,86.2484005456654,10,1
210578,15148,85.98942719218373,10,1
210588,15149,107.93621498447548,10,1
210598,15150,119.2189637147861,10,1
210608,15151,130.58894048262823,10,1
210618,15152,76.87806422468672,10,1
210628,15153,110.14060074043407,10,1
210638,15154,103.95002096367791,10,1
210649,15155,136.97716073034857,11,1
210661,15156,138.5552997919755,12,1
210671,15157,119.36794177979358,10,1
210683,15158,137.56120157502815,12,1
210693,15159,114.8492444312789,10,1
210705,15160,109.06734832614474,12,1
210715,15161,53.47301138197748,10,1
210725,15162,95.22763468988593,10,1
210737,15163,97.47435921698866,12,1
210747,15164,117.86289600365411,10,1
210757,15165,115.611030578451,10,1
210767,15166,143.02740232803842,10,1
210778,15167,134.45637010519644,11,1
210788,15168,115.85161435065241,10,1
210802,15169,122.55682800240216,14,1
210813,15170,131.78529857020393,11,1
210823,15171,51.56600265425506,10,1
210833,15172,66.90849612972747,10,1
210845,15173,140.76854664680394,12,1
210855,15174,81.9827623627515,10,1
210865,15175,129.93058831382768,10,1
210875,15176,101.21731151619186,10,1
210885,15177,121.59792314891989,10,1
210895,15178,134.19283861055146,10,1
210905,15179,73.75168911028817,10,1
210915,15180,95.69081556732019,10,1
210925,15181,77.56060539996612,10,1
210935,15182,137.07152390146544,10,1
210945,15183,125.1562821219423,10,1
210955,15184,103.73306881810218,10,1
210965,15185,73.82750399892497,10,1
210976,15186,99.0050947926101,11,1
210987,15187,131.49490088734802,11,1
210997,15188,144.42045824673482,10,1
211007,15189,109.91452586919917,10,1
211017,15190,100.12234632460532,10,1
211027,15191,67.47454176639376,10,1
211037,15192,139.17816644022813,10,1
211049,15193,130.74149387847498,12,1
211059,15194,120.74931177167242,10,1
211069,15195,70.35087785773251,10,1
211085,15196,115.14265058696417,16,1
211095,15197,45.94291137502185,10,1
211105,15198,124.27024476817377,10,1
211115,15199,101.49323042480589,10,1
211125,15200,101.08520629875184,10,1
211135,15201,142.85364243718027,10,1
211145,15202,131.62781261459287,10,1
211155,15203,84.09454251050954,10,1
211165,15204,118.14811498121753,10,1
211175,15205,49.28850678501154,10,1
211185,15206,139.3001338104272,10,1
211197,15207,97.31323040811452,12,1
211208,15208,132.61402016010192,11,1
211218,15209,93.2785103252176,10,1
211228,15210,78.61816283382608,10,1
211239,15211,137.76417532431068,11,1
211251,15212,133.17605039426127,12,1
211261,15213,132.32285719130934,10,1
211272,15214,116.21609742542846,11,1
211282,15215,60.295312054159396,10,1
211292,15216,85.58193295506337,10,1
211303,15217,139.2780109242202,11,1
211316,15218,111.20054984140826,13,1
211329,15219,84.33450314849722,13,1
211339,15220,141.3838237777894,10,1
211349,15221,76.30113564648074,10,1
211359,15222,132.48723319491873,10,1
211369,15223,95.81695824966559,10,1
211379,15224,129.1148631400959,10,1
211389,15225,86.84884741643147,10,1
211399,15226,104.28210324986082,10,1
211409,15227,137.09144910001058,10,1
211419,15228,97.04759977497116,10,1
211431,15229,142.20586737193452,12,1
211441,15230,141.49424305571748,10,1
211453,15231,124.13940794473031,12,1
211463,15232,43.241485235331716,10,1
211473,15233,82.45993284529476,10,1
211484,15234,116.40949484345589,11,1
211494,15235,115.37862872063087,10,1
211504,15236,114.18730235316154,10,1
211514,15237,136.45752812722685,10,1
211525,15238,137.21038822555153,11,1
211538,15239,117.9696517775535,13,1
211548,15240,137.6876204228127,10,1
211558,15241,119.99162170958022,10,1
211568,15242,139.24118471298155,10,1
211579,15243,138.70466158999264,11,1
211590,15244,131.1802818301313,11,1
211600,15245,82.01626185447101,10,1
211610,15246,140.4256397770037,10,1
211621,15247,92.59310800107977,11,1
211631,15248,136.88898418393583,10,1
211641,15249,95.144451156935,10,1
211651,15250,106.03185948197233,10,1
211663,15251,104.28128086575548,12,1
211673,15252,49.8580389584346,10,1
211684,15253,34.67816465921199,11,1
211694,15254,133.10055283478766,10,1
211704,15255,125.13438223964664,10,1
211714,15256,101.69074216035993,10,1
211725,15257,124.26499912357936,11,1
211738,15258,85.44762667746153,13,1
211778,15259,-20.8474499949194,40,0
211788,15260,138.14695117743528,10,1
211799,15261,75.61371456284358,11,1
211809,15262,59.98667440870342,10,1
211822,15263,132.6680695734648,13,1
211832,15264,109.66305829954321,10,1
211842,15265,137.43457559469994,10,1
211852,15266,57.447703287286686,10,1
211862,15267,113.27300106651404,10,1
211872,15268,136.74228221481496,10,1
211882,15269,130.54980729539133,10,1
211892,15270,83.21192902664272,10,1
211902,15271,59.647993006751946,10,1
211912,15272,85.45796144090082,10,1
211922,15273,138.63290055076948,10,1
211933,15274,137.86574666966135,11,1
211943,15275,109.1553719549376,10,1
211953,15276,121.86265922233898,10,1
211963,15277,110.75388672852301,10,1
211974,15278,132.95321470490273,11,1
211984,15279,106.39557936882944,10,1
211997,15280,121.45806667185379,13,1
212008,15281,114.243304292934,11,1
212018,15282,133.9654685389115,10,1
212028,15283,120.90028952281517,10,1
212040,15284,110.27054630098456,12,1
212050,15285,95.48033369614167,10,1
212060,15286,134.9655514394068,10,1
212071,15287,139.33648148178918,11,1
212082,15288,73.87938401341951,11,1
212092,15289,121.5050235471599,10,1
212102,15290,57.35494417936921,10,1
212113,15291,131.49107041536473,11,1
212123,15292,134.33169115037975,10,1
212135,15293,130.41661437603622,12,1
212145,15294,78.43291150521625,10,1
212157,15295,102.48250724309537,12,1
212167,15296,136.5485438302062,10,1
212180,15297,122.03441687694473,13,1
212190,15298,116.40237960667176,10,1
212200,15299,105.02855228169598,10,1
212211,15300,142.03992272484194,11,1
212221,15301,132.34656106728886,10,1
212231,15302,138.1044596746228,10,1
212241,15303,111.21171262763822,10,1
212251,15304,101.51265592160924,10,1
212261,15305,80.46691506809815,10,1
212271,15306,78.67382955299709,10,1
212283,15307,134.09746010249418,12,1
212297,15308,95.98354524405055,14,1
212307,15309,58.579579622837244,10,1
212317,15310,100.50041459619003,10,1
212327,15311,120.62545369256557,10,1
212337,15312,118.50023731514621,10,1
212347,15313,81.95517702584135,10,1
212359,15314,143.19453003234077,12,1
212370,15315,99.23503094377837,11,1
212381,15316,103.6338891920653,11,1
212391,15317,101.02134983975425,10,1
212401,15318,141.29023370724306,10,1
212411,15319,131.00435164699485,10,1
212422,15320,133.77602573482395,11,1
212434,15321,91.60325952484035,12,1
212446,15322,124.67277016305691,12,1
212456,15323,118.8329247354862,10,1
212467,15324,124.11776657949193,11,1
212477,15325,89.95184352596897,10,1
212488,15326,116.95710978758123,11,1
212498,15327,88.7694134966701,10,1
212508,15328,118.70413474854828,10,1
212519,15329,129.4098253678021,11,1
212529,15330,139.87571160701359,10,1
212539,15331,138.07987960468878,10,1
212549,15332,101.2052733374054,10,1
212559,15333,47.89280618744328,10,1
212574,15334,134.78397817944452,15,1
212584,15335,35.25974804967721,10,1
212594,15336,134.17291121258145,10,1
212604,15337,112.03000439568675,10,1
212614,15338,143.0508505800764,10,1
212624,15339,114.47503101925498,10,1
212636,15340,111.848179021102,12,1
212646,15341,113.59715907595759,10,1
212656,15342,87.32973448802936,10,1
212666,15343,110.39878111766451,10,1
212677,15344,137.57577449665555,11,1
212687,15345,51.722924330234065,10,1
212697,15346,69.20845587806988,10,1
212707,15347,134.9349043352885,10,1
212717,15348,88.79861813561863,10,1
212728,15349,130.40737790516542,11,1
212739,15350,112.8421681160402,11,1
212749,15351,66.07102147782281,10,1
212759,15352,120.90916853378614,10,1
212769,15353,74.01243161373576,10,1
212779,15354,92.08130513392638,10,1
212789,15355,82.79050806592302,10,1
212799,15356,111.35011005005386,10,1
212809,15357,104.01147650166888,10,1
212823,15358,123.39694843555365,14,1
212833,15359,85.68410965663816,10,1
212843,15360,95.51910553279221,10,1
212854,15361,74.01800091602345,11,1
212865,15362,87.4970614584639,11,1
212882,15363,139.3588716889003,17,1
212892,15364,133.82451999750845,10,1
212902,15365,90.50933014587109,10,1
212912,15366,123.23757785516301,10,1
212922,15367,76.7307907392523,10,1
212932,15368,116.93963253083291,10,1
212942,15369,59.42873259151842,10,1
212952,15370,108.8859680082606,10,1
212962,15371,105.30634660572368,10,1
212972,15372,77.45721186268104,10,1
212982,15373,70.24835351111699,10,1
212992,15374,80.89787128259458,10,1
213002,15375,113.05772100156778,10,1
213013,15376,60.44867568342118,11,1
213023,15377,143.54436863631054,10,1
213034,15378,138.47629976756207,11,1
213044,15379,143.7755677081456,10,1
213054,15380,140.38889426677693,10,1
213094,15381,-20.342650884781058,40,0
213105,15382,142.45094219748586,11,1
213115,15383,110.64058180116301,10,1
213131,15384,141.67549491997693,16,1
213141,15385,71.83921343922798,10,1
213152,15386,101.53538590736444,11,1
213162,15387,139.9576536488723,10,1
213173,15388,123.32693428654542,11,1
213184,15389,107.67502413995344,11,1
213194,15390,94.68622531748227,10,1
213204,15391,121.211581682783,10,1
213214,15392,124.7408288281157,10,1
213224,15393,110.37074445217866,10,1
213235,15394,139.30005853301446,11,1
213245,15395,78.12552966431389,10,1
213258,15396,85.72915960854142,13,1
213268,15397,82.1604666034008,10,1
213279,15398,121.62101823859558,11,1
213292,15399,115.83217866986803,13,1
213302,15400,138.374981001894,10,1
213312,15401,66.45382140375015,10,1
213322,15402,85.06533952037496,10,1
213332,15403,67.17034955757543,10,1
213349,15404,116.90437696288686,17,1
213359,15405,135.98923352963297,10,1
213369,15406,140.6387485595246,10,1
213379,15407,118.22865845344566,10,1
213389,15408,60.268046885526424,10,1
213399,15409,73.25811216768118,10,1
213410,15410,106.90780859963279,11,1
213423,15411,134.43317821695138,13,1
213433,15412,69.27178415854968,10,1
213443,15413,119.5130854112897,10,1
213453,15414,118.58901189542348,10,1
213463,15415,100.0455702175002,10,1
213473,15416,135.7907340224336,10,1
213484,15417,93.8336826294053,11,1
213496,15418,110.12883846966976,12,1
213511,15419,111.17148613677288,15,1
213521,15420,99.81483777386693,10,1
213531,15421,58.158914481582066,10,1
213543,15422,121.99165815772365,12,1
213553,15423,84.63115586309081,10,1
213563,15424,66.28497153702006,10,1
213573,15425,87.80684003067877,10,1
213583,15426,94.80231914523145,10,1
213594,15427,134.2651836127291,11,1
213605,15428,108.37037830138833,11,1
213616,15429,87.83603705671102,11,1
213627,15430,133.99750860200604,11,1
213641,15431,130.77507037204467,14,1
213656,15432,133.68977668075908,15,1
213666,15433,65.46007218784153,10,1
213676,15434,106.71617547811171,10,1
213686,15435,77.55737944761243,10,1
213697,15436,130.53740132809875,11,1
213707,15437,85.5527597934592,10,1
213717,15438,117.86596440760704,10,1
213727,15439,115.71264536200297,10,1
213740,15440,139.39582999302164,13,1
213753,15441,143.35463493867567,13,1
213763,15442,102.97136772716786,10,1
213777,15443,141.67563181477587,14,1
213789,15444,133.4453544283974,12,1
213802,15445,134.33425576956577,13,1
213812,15446,117.00449259341742,10,1
213823,15447,142.25579973490912,11,1
213834,15448,109.50792377545847,11,1
213844,15449,76.73145024553645,10,1
213856,15450,104.00913450917027,12,1
213866,15451,76.18422056869593,10,1
213876,15452,120.72445509022292,10,1
213886,15453,123.12254655415245,10,1
213897,15454,141.6953496666577,11,1
213928,15455,80.11693533814889,31,1
213938,15456,124.66618168971458,10,1
213948,15457,100.18993938994225,10,1
213958,15458,124.16141978194342,10,1
213968,15459,104.87925314717593,10,1
213978,15460,141.25039875445674,10,1
213988,15461,115.32939443694623,10,1
213998,15462,60.2455121193342,10,1
214010,15463,130.8984334624107,12,1
214020,15464,111.8659818429791,10,1
214032,15465,121.31828802143207,12,1
214042,15466,118.57210616482843,10,1
214052,15467,142.33240020034793,10,1
214062,15468,132.60747493421854,10,1
214072,15469,138.0723188853241,10,1
214084,15470,133.80418873508538,12,1
214096,15471,85.24676499717954,12,1
214107,15472,101.05005209909277,11,1
214119,15473,143.32640994802298,12,1
214129,15474,84.42935281165627,10,1
214141,15475,140.00533436930067,12,1
214152,15476,135.86665007735556,11,1
214162,15477,123.43362806366588,10,1
214172,15478,134.8037125675649,10,1
214184,15479,113.0594344973116,12,1
214194,15480,134.29462670971876,10,1
214204,15481,53.90912269200928,10,1
214214,15482,96.01888349908728,10,1
214226,15483,80.34527797928541,12,1
214236,15484,109.81310481177616,10,1
214246,15485,112.27766431340103,10,1
214257,15486,115.5492332562066,11,1
214267,15487,112.18745534041072,10,1
214278,15488,135.71548668693825,11,1
214290,15489,106.22787783489198,12,1
214300,15490,114.47905754587526,10,1
214313,15491,132.91472799793704,13,1
214323,15492,120.87663110244974,10,1
214333,15493,105.11504449379741,10,1
214345,15494,119.46312375223722,12,1
214355,15495,138.53395708798638,10,1
214365,15496,77.8511180989703,10,1
214377,15497,120.1249061320283,12,1
214389,15498,116.96371767059756,12,1
214399,15499,93.817840311176,10,1
214409,15500,72.66340272673018,10,1
214419,15501,109.46202553863971,10,1
214430,15502,102.7026420898806,11,1
214442,15503,139.32219981646818,12,1
214452,15504,102.03095677699133,10,1
214462,15505,110.80332992904366,10,1
214472,15506,69.6883407896019,10,1
214483,15507,97.65146696581915,11,1
214495,15508,118.53875571588497,12,1
214506,15509,97.8758565337675,11,1
214516,15510,91.31184922625116,10,1
214526,15511,140.01758664665317,10,1
214536,15512,141.0149406445103,10,1
214547,15513,121.06624189620534,11,1
214558,15514,140.06838933325145,11,1
214568,15515,83.923955327315,10,1
214578,15516,114.40755864156046,10,1
214590,15517,92.91954485721304,12,1
214604,15518,106.33102954595661,14,1
214622,15519,88.71501978894396,18,1
214632,15520,116.24977490608754,10,1
214643,15521,138.7505806932712,11,1
214653,15522,136.90873244934494,10,1
214663,15523,133.79579776727243,10,1
214673,15524,132.2757291231516,10,1
214685,15525,125.713832652052,12,1
214697,15526,115.40632599224269,12,1
214708,15527,123.95705924851562,11,1
214718,15528,93.6223875329779,10,1
214728,15529,75.60435987408566,10,1
214738,15530,136.91089631048428,10,1
214748,15531,55.78712107167704,10,1
214759,15532,133.9004302007584,11,1
214770,15533,139.59003745345092,11,1
214782,15534,122.07624462199028,12,1
214792,15535,137.70328590451797,10,1
214804,15536,131.5077420977891,12,1
214814,15537,84.19571022493058,10,1
214825,15538,108.05521686385288,11,1
214835,15539,110.8929190160251,10,1
214845,15540,82.00290065815699,10,1
214855,15541,120.61009035509349,10,1
214870,15542,53.62873834107367,15,1
214880,15543,81.06742643228779,10,1
214893,15544,132.56759996706816,13,1
214903,15545,124.43411369139481,10,1
214913,15546,113.19429670503378,10,1
214924,15547,65.38205447535067,11,1
214935,15548,143.3194077861467,11,1
214947,15549,117.68191889375302,12,1
214958,15550,84.5029084600025,11,1
214969,15551,140.4228556222672,11,1
214983,15552,117.78041897318421,14,1
214993,15553,136.14153862864853,10,1
215003,15554,115.6873496546309,10,1
215013,15555,122.72224365040977,10,1
215024,15556,137.41560244787095,11,1
215034,15557,71.28576760269553,10,1
215045,15558,119.87033805075671,11,1
215055,15559,61.36123518604148,10,1
215065,15560,119.71832044162748,10,1
215079,15561,139.5048535963448,14,1
215089,15562,82.9690413901508,10,1
215101,15563,117.64001362560849,12,1
215111,15564,114.70158698225517,10,1
215121,15565,76.82312135063658,10,1
215132,15566,139.29547961380007,11,1
215142,15567,91.88882723406435,10,1
215153,15568,122.90867662929902,11,1
215163,15569,140.48987866272594,10,1
215174,15570,107.2415752235777,11,1
215184,15571,95.63059098521332,10,1
215194,15572,134.47290062763471,10,1
215204,15573,110.00627562702748,10,1
215217,15574,121.48063802610201,13,1
215227,15575,106.48029826029524,10,1
215240,15576,82.364540588105,13,1
215250,15577,131.5184094279973,10,1
215263,15578,139.9763915566193,13,1
215273,15579,102.81756722673619,10,1
215283,15580,106.50787695798685,10,1
215293,15581,105.04487793111674,10,1
215304,15582,135.05604720937748,11,1
215317,15583,132.00888378422738,13,1
215327,15584,119.17066590838499,10,1
215339,15585,120.94765783620926,12,1
215349,15586,114.93402553727032,10,1
215360,15587,133.7363611465424,11,1
215370,15588,38.579473012769114,10,1
215380,15589,114.28916255116266,10,1
215390,15590,105.10913147999399,10,1
215400,15591,98.37882431148535,10,1
215411,15592,132.34812954787594,11,1
215424,15593,138.6942588343938,13,1
215434,15594,59.43488619795703,10,1
215444,15595,109.65429540182227,10,1
215454,15596,106.18882982665102,10,1
215466,15597,113.86875484889815,12,1
215476,15598,73.36149307561175,10,1
215486,15599,58.89865630507504,10,1
215496,15600,125.30304789331173,10,1
215508,15601,101.45482064876525,12,1
215518,15602,79.31396992006023,10,1
215528,15603,142.0331618296623,10,1
215538,15604,96.46514079123499,10,1
215548,15605,116.57044807252397,10,1
215558,15606,92.9587481533572,10,1
215570,15607,133.0594742941146,12,1
215580,15608,118.51014641557411,10,1
215593,15609,142.48543003108446,13,1
215603,15610,86.05947620505633,10,1
215613,15611,141.7896733745991,10,1
215625,15612,90.51695010412783,12,1
215635,15613,96.97217118842654,10,1
215646,15614,138.34167394160488,11,1
215656,15615,119.76105876481633,10,1
215666,15616,67.88318281247265,10,1
215676,15617,107.67245641078809,10,1
215686,15618,134.17103188144668,10,1
215699,15619,141.1370163865093,13,1
215709,15620,141.8844600948931,10,1
215720,15621,116.43452598010786,11,1
215731,15622,103.25227556039837,11,1
215741,15623,112.04056625305934,10,1
215751,15624,114.90062961566996,10,1
215764,15625,44.256867621712814,13,1
215774,15626,133.53528063313743,10,1
215785,15627,69.95485483356683,11,1
215795,15628,139.01194108856114,10,1
215805,15629,105.12278648079713,10,1
215815,15630,120.3846485869033,10,1
215825,15631,91.68468785216795,10,1
215835,15632,104.28776516739744,10,1
215845,15633,111.9558486357736,10,1
215857,15634,118.04994912361379,12,1
215867,15635,113.69635124590243,10,1
215879,15636,118.67305658762483,12,1
215890,15637,117.69453382320324,11,1
215900,15638,34.757433189443866,10,1
215910,15639,101.18217088991187,10,1
215920,15640,124.0658640583225,10,1
215931,15641,89.0356458993527,11,1
215946,15642,108.63096803310451,15,1
215957,15643,117.51690054711301,11,1
215967,15644,54.28499481781204,10,1
215981,15645,143.87746326368568,14,1
215993,15646,107.84679379662545,12,1
216005,15647,101.14742996621067,12,1
216015,15648,125.16590448708124,10,1
216026,15649,121.13173785854332,11,1
216037,15650,131.63887713501597,11,1
216047,15651,132.00474374307763,10,1
216057,15652,96.74588789934819,10,1
216067,15653,93.8667258136667,10,1
216077,15654,69.27753225341395,10,1
216087,15655,102.3814744269835,10,1
216097,15656,83.32425520351413,10,1
216107,15657,137.10565834087234,10,1
216117,15658,49.67205121271075,10,1
216128,15659,119.82297866780137,11,1
216138,15660,65.51078439693916,10,1
216151,15661,132.93014903612024,13,1
216161,15662,100.58847899995457,10,1
216171,15663,109.56459360399253,10,1
216181,15664,114.4475134640579,10,1
216191,15665,91.60388610214432,10,1
216201,15666,86.51812767994589,10,1
216211,15667,59.22879708463009,10,1
216221,15668,138.03406588625808,10,1
216232,15669,118.67702188895876,11,1
216242,15670,110.6262534675892,10,1
216252,15671,46.89816553190891,10,1
216262,15672,88.1187326929754,10,1
216272,15673,67.62494670755346,10,1
216285,15674,110.08152399102188,13,1
216296,15675,99.95760727676246,11,1
216306,15676,133.4695024566681,10,1
216316,15677,106.22266412790263,10,1
216326,15678,141.96825766466506,10,1
216336,15679,83.83969510017607,10,1
216347,15680,111.832223480385,11,1
216359,15681,104.24849776528619,12,1
216369,15682,83.71693098685486,10,1
216380,15683,130.14848010426627,11,1
216390,15684,140.55170976158652,10,1
216400,15685,90.7389066804455,10,1
216411,15686,131.79015717636307,11,1
216421,15687,138.66066217681546,10,1
216431,15688,139.28385737931094,10,1
216442,15689,79.99248949768662,11,1
216452,15690,59.704242668006025,10,1
216462,15691,80.01895125780311,10,1
216472,15692,136.23673707647288,10,1
216482,15693,138.37959466291795,10,1
216492,15694,74.04664912628928,10,1
216504,15695,132.23093000265402,12,1
216516,15696,87.10271180560714,12,1
216527,15697,117.17213948600443,11,1
216537,15698,118.3428324859971,10,1
216548,15699,134.76259863397334,11,1
216558,15700,93.1988659777432,10,1
216569,15701,121.51859750800179,11,1
216580,15702,121.877104089322,11,1
216591,15703,98.03495931684222,11,1
216601,15704,117.24468283976525,10,1
216611,15705,137.86879866858294,10,1
216628,15706,19.93862989519276,17,1
216639,15707,100.00431345845641,11,1
216650,15708,116.33042202482441,11,1
216660,15709,109.50939200398669,10,1
216672,15710,118.76403317072463,12,1
216684,15711,137.46334646976175,12,1
216694,15712,112.36712324515186,10,1
216704,15713,143.28270652754713,10,1
216714,15714,119.04111645811791,10,1
216724,15715,142.25019398627092,10,1
216734,15716,123.10904878168579,10,1
216744,15717,107.62232708724028,10,1
216754,15718,75.24228228915692,10,1
216768,15719,83.55912415486826,14,1
216779,15720,121.84377160936396,11,1
216789,15721,135.56536959186738,10,1
216799,15722,103.52923874313939,10,1
216810,15723,140.24769770456427,11,1
216820,15724,138.7798697973174,10,1
216830,15725,94.03380558710612,10,1
216846,15726,142.38780036083867,16,1
216856,15727,84.9831371283479,10,1
216866,15728,111.39503631596875,10,1
216877,15729,136.40594441899376,11,1
216888,15730,107.58179722191144,11,1
216898,15731,81.19118874902294,10,1
216908,15732,119.83033660997955,10,1
216918,15733,68.2348743488697,10,1
216928,15734,80.19724567171161,10,1
216938,15735,134.38882116294877,10,1
216949,15736,94.58650918432888,11,1
216961,15737,97.60685994453944,12,1
216973,15738,115.33934228213911,12,1
216983,15739,89.02447305225702,10,1
216993,15740,106.6546192041621,10,1
217003,15741,95.84023136856905,10,1
217013,15742,62.82727098401012,10,1
217025,15743,138.67927496513792,12,1
217035,15744,134.15337432756468,10,1
217045,15745,137.85542461939255,10,1
217055,15746,117.18771761508098,10,1
217065,15747,120.28941582203869,10,1
217081,15748,134.8186863393836,16,1
217091,15749,142.50365704494178,10,1
217101,15750,117.25152215100199,10,1
217112,15751,107.45552824693048,11,1
217122,15752,108.32382998708704,10,1
217133,15753,122.97595040526744,11,1
217145,15754,119.13160348973302,12,1
217156,15755,118.45092392551186,11,1
217166,15756,122.78108802392825,10,1
217176,15757,135.79212799788198,10,1
217186,15758,84.0471413245114,10,1
217198,15759,112.19084347128458,12,1
217208,15760,114.86697909663006,10,1
217219,15761,118.50949220360098,11,1
217231,15762,98.39897317576974,12,1
217241,15763,68.45954940993036,10,1
217251,15764,101.54768760754509,10,1
217262,15765,140.7845002191392,11,1
217272,15766,134.05843612237578,10,1
217282,15767,132.3463836651821,10,1
217292,15768,131.39848164977832,10,1
217304,15769,123.91012373216314,12,1
217317,15770,121.475752952308,13,1
217329,15771,112.82986271847707,12,1
217339,15772,110.03402456557356,10,1
217349,15773,62.01553066979915,10,1
217360,15774,94.78357738939712,11,1
217370,15775,92.10589673618276,10,1
217380,15776,104.62778498113953,10,1
217390,15777,97.4702595319738,10,1
217401,15778,120.43117208983465,11,1
217411,15779,121.80330670882765,10,1
217421,15780,73.72799437493323,10,1
217431,15781,142.7994746210419,10,1
217443,15782,121.06877589038494,12,1
217455,15783,93.51290896332179,12,1
217465,15784,120.4522666273776,10,1
217475,15785,130.9942208214238,10,1
217486,15786,121.51185427579261,11,1
217496,15787,86.50657154042189,10,1
217508,15788,107.40440342478286,12,1
217518,15789,144.21091297970588,10,1
217529,15790,131.58572576027407,11,1
217539,15791,142.3448988160302,10,1
217549,15792,110.12260614284885,10,1
217560,15793,139.03605512603824,11,1
217570,15794,112.8604264914551,10,1
217580,15795,122.46607569282332,10,1
217590,15796,84.80954229787022,10,1
217602,15797,99.36658371794684,12,1
217612,15798,108.21643961366296,10,1
217624,15799,48.33506816601287,12,1
217634,15800,116.05756679075586,10,1
217644,15801,114.30777789451933,10,1
217659,15802,81.79222160473437,15,1
217669,15803,75.5756444240086,10,1
217680,15804,120.13545860320724,11,1
217690,15805,140.76738994993522,10,1
217701,15806,130.31675947732614,11,1
217711,15807,121.24319090328136,10,1
217721,15808,90.55000509667728,10,1
217731,15809,119.86851914631418,10,1
217741,15810,94.69742092908106,10,1
217751,15811,110.48937745103466,10,1
217761,15812,130.29371669562894,10,1
217771,15813,86.22400624833124,10,1
217781,15814,111.09307854940606,10,1
217792,15815,119.78458809471954,11,1
217802,15816,102.73419413404223,10,1
217812,15817,75.14138366469612,10,1
217822,15818,123.19711003711738,10,1
217832,15819,124.34516666683085,10,1
217842,15820,90.13196555091737,10,1
217853,15821,137.0703659978679,11,1
217866,15822,121.0886534819932,13,1
217877,15823,140.38937078515949,11,1
217888,15824,140.01898341972688,11,1
217898,15825,135.82011075957664,10,1
217908,15826,135.7866097070866,10,1
217918,15827,139.5417520146521,10,1
217930,15828,111.71923274554665,12,1
217941,15829,106.76794869899176,11,1
217951,15830,91.45989815742492,10,1
217961,15831,113.98052542893139,10,1
217972,15832,124.26971846926793,11,1
217982,15833,139.3373816331243,10,1
217992,15834,119.06244191054904,10,1
218002,15835,106.73773036433033,10,1
218012,15836,102.8287592768545,10,1
218022,15837,80.61420638783899,10,1
218034,15838,135.25747316502176,12,1
218044,15839,83.2570314461747,10,1
218054,15840,134.727959289088,10,1
218064,15841,96.86094693587508,10,1
218076,15842,122.72223433185054,12,1
218086,15843,142.57442216580338,10,1
218098,15844,123.97533771831608,12,1
218110,15845,124.34963129262103,12,1
218120,15846,56.03989582160486,10,1
218130,15847,108.02770677694211,10,1
218155,15848,10.930521508136435,25,1
218165,15849,130.5677873056695,10,1
218175,15850,137.5839993824623,10,1
218186,15851,77.07224067055238,11,1
218196,15852,134.96252661792707,10,1
218206,15853,80.93129612039021,10,1
218217,15854,121.31450965945876,11,1
218228,15855,121.26080566040713,11,1
218268,15856,-20.43304995715381,40,0
218278,15857,112.75949811641294,10,1
218288,15858,83.3314062652041,10,1
218301,15859,133.41409258921374,13,1
218313,15860,118.68127237121874,12,1
218323,15861,119.89799505980777,10,1
218333,15862,124.59203360079091,10,1
218343,15863,78.439010025877,10,1
218355,15864,134.76393552807096,12,1
218367,15865,140.74484160680248,12,1
218377,15866,108.95705571051185,10,1
218387,15867,140.79234512203132,10,1
218397,15868,112.83755554128659,10,1
218408,15869,97.64294711981158,11,1
218418,15870,100.07204639497627,10,1
218428,15871,84.10097424509507,10,1
218438,15872,98.939729060376,10,1
218449,15873,95.1787031893135,11,1
218459,15874,135.4215950817505,10,1
218472,15875,116.70804494686442,13,1
218483,15876,137.82046785573823,11,1
218493,15877,109.1950072452639,10,1
218503,15878,92.88778675167933,10,1
218513,15879,45.58814978864024,10,1
218523,15880,111.52273429089027,10,1
218533,15881,133.74139796005966,10,1
218543,15882,69.17176823606793,10,1
218583,15883,-21.301813254191575,40,0
218593,15884,115.06961241756281,10,1
218603,15885,136.21375497079302,10,1
218613,15886,60.52349224256055,10,1
218625,15887,141.66631721947098,12,1
218635,15888,117.29321155670578,10,1
218645,15889,90.85215436571973,10,1
218655,15890,89.93161957317936,10,1
218666,15891,120.46889040482813,11,1
218678,15892,121.66985240189638,12,1
218688,15893,134.39793588191966,10,1
218698,15894,122.15364787976976,10,1
218708,15895,144.04084519661274,10,1
218721,15896,98.06978276493943,13,1
218731,15897,135.87917204607706,10,1
218741,15898,40.89336357020472,10,1
218751,15899,125.11648793735824,10,1
218761,15900,118.73527476772637,10,1
218771,15901,111.21958690151698,10,1
218781,15902,142.1835795332779,10,1
218792,15903,125.31150656801714,11,1
218803,15904,114.81931743423749,11,1
218816,15905,85.5714580790269,13,1
218826,15906,48.37029980296114,10,1
218838,15907,136.07489047200767,12,1
218849,15908,134.40057552504697,11,1
218861,15909,120.98745276036989,12,1
218871,15910,119.26246890314,10,1
218881,15911,137.5637970100996,10,1
218891,15912,111.23118814455026,10,1
218901,15913,136.705479322829,10,1
218911,15914,113.84382698136227,10,1
218921,15915,113.79166505240555,10,1
218931,15916,136.69821896393591,10,1
218941,15917,108.45039787000655,10,1
218951,15918,139.98271505200097,10,1
218962,15919,123.80839541176813,11,1
218972,15920,117.30008075049415,10,1
218982,15921,89.4114296373189,10,1
218992,15922,136.9664568310049,10,1
219002,15923,119.59628534267291,10,1
219012,15924,112.20448915214197,10,1
219022,15925,101.65761937060199,10,1
219032,15926,92.79151093910812,10,1
219043,15927,85.92617655889389,11,1
219053,15928,135.76876390080943,10,1
219064,15929,140.19794317317601,11,1
219075,15930,123.59023467878728,11,1
219086,15931,122.34281113444307,11,1
219099,15932,139.8018916182488,13,1
219109,15933,139.68708057910789,10,1
219119,15934,140.67884935399928,10,1
219129,15935,101.21254745089563,10,1
219139,15936,94.50568341404784,10,1
219159,15937,140.4288849927085,20,1
219169,15938,112.77550749456562,10,1
219179,15939,54.6340622682649,10,1
219189,15940,69.31069432393943,10,1
219201,15941,143.0720862231934,12,1
219214,15942,143.75067227815333,13,1
219225,15943,137.86812165379536,11,1
219235,15944,69.14108256627165,10,1
219246,15945,104.63790756886715,11,1
219256,15946,38.42304664175652,10,1
219266,15947,109.28008963936536,10,1
219277,15948,103.91772250819729,11,1
219287,15949,96.22970144987569,10,1
219297,15950,72.53622323316722,10,1
219309,15951,140.25164877246496,12,1
219319,15952,140.47582788969606,10,1
219329,15953,134.1085383241234,10,1
219341,15954,52.01166802885184,12,1
219351,15955,122.95025799090432,10,1
219362,15956,142.3558353923309,11,1
219373,15957,109.39196155883451,11,1
219383,15958,108.97254315714657,10,1
219395,15959,133.91619782504725,12,1
219405,15960,122.14338329491649,10,1
219415,15961,114.84728302192875,10,1
219426,15962,141.62576498224536,11,1
219437,15963,132.7863048531322,11,1
219447,15964,116.40559931720477,10,1
219458,15965,125.82672385789333,11,1
219468,15966,140.94565606090296,10,1
219478,15967,117.1148004022805,10,1
219488,15968,139.70544983465027,10,1
219498,15969,81.54508550737877,10,1
219509,15970,112.15673986818614,11,1
219519,15971,89.11745934355207,10,1
219529,15972,72.61535067681432,10,1
219539,15973,118.69475291427331,10,1
219549,15974,107.39790238855966,10,1
219559,15975,60.28063816319336,10,1
219599,15976,-20.794624093642785,40,0
219609,15977,142.74704327576208,10,1
219623,15978,119.84037148874899,14,1
219633,15979,100.21067268670504,10,1
219643,15980,117.32242864329153,10,1
219654,15981,132.05823594476502,11,1
219666,15982,133.97833624672538,12,1
219676,15983,113.502440856366,10,1
219686,15984,62.31578823318954,10,1
219696,15985,79.6822451884137,10,1
219708,15986,123.07840577281637,12,1
219718,15987,124.68601908398921,10,1
219728,15988,139.26220586214205,10,1
219738,15989,101.377460366268,10,1
219748,15990,119.78783601041177,10,1
219758,15991,134.19543839353628,10,1
219768,15992,138.67087030423937,10,1
219778,15993,78.62595995122948,10,1
219791,15994,137.81668196484438,13,1
219801,15995,139.52925089663736,10,1
219812,15996,136.80101555395905,11,1
219823,15997,112.76836170870078,11,1
219833,15998,133.8801966230618,10,1
219843,15999,103.89537704646537,10,1
219853,16000,107.19157444687383,10,1
219863,16001,141.42981959460445,10,1
219875,16002,116.11875296201549,12,1
219885,16003,143.68181712831466,10,1
219895,16004,102.01114777991695,10,1
219905,16005,89.15595594107195,10,1
219916,16006,125.44161067005463,11,1
219926,16007,140.17583648019917,10,1
219937,16008,133.60712829245546,11,1
219948,16009,105.01638863007426,11,1
219958,16010,103.63871953364608,10,1
219968,16011,103.65567951420654,10,1
219978,16012,115.48989145751838,10,1
219988,16013,111.3919610499284,10,1
219998,16014,111.6155254027044,10,1
220010,16015,133.44495498551277,12,1
220022,16016,122.5828109953697,12,1
220032,16017,120.18669419984998,10,1
220042,16018,115.39423057560015,10,1
220052,16019,50.896449853272415,10,1
220062,16020,139.82096729458087,10,1
220072,16021,135.62746383449158,10,1
220083,16022,105.13427931705877,11,1
220095,16023,106.88111080550432,12,1
220106,16024,114.65130259153479,11,1
220116,16025,41.94896672264318,10,1
220126,16026,116.93826309187432,10,1
220136,16027,79.98130530676778,10,1
220146,16028,121.51859098553888,10,1
220156,16029,114.60651510622448,10,1
220168,16030,142.99634549690978,12,1
220178,16031,51.63131818314984,10,1
220189,16032,70.64206159106683,11,1
220200,16033,132.8489426513911,11,1
220219,16034,18.508993923202333,19,1
220229,16035,51.83991465249757,10,1
220239,16036,68.80540404677163,10,1
220249,16037,121.77805230715569,10,1
220259,16038,125.34953593315711,10,1
220271,16039,118.07984541081485,12,1
220281,16040,107.74284272493216,10,1
220292,16041,98.15716489674146,11,1
220304,16042,116.67622102633065,12,1
220314,16043,105.58307216103415,10,1
220324,16044,134.6143000733956,10,1
220336,16045,138.64153966955698,12,1
220346,16046,123.55755700556776,10,1
220386,16047,-20.871487751296375,40,0
220396,16048,92.59947575419991,10,1
220407,16049,108.31888750052713,11,1
220417,16050,74.93834841127833,10,1
220428,16051,122.83858913787729,11,1
220440,16052,124.7248987975518,12,1
220452,16053,124.05621722478648,12,1
220462,16054,132.2827408502171,10,1
220472,16055,101.50579851807326,10,1
220482,16056,106.73419695608314,10,1
220493,16057,136.89420185510065,11,1
220503,16058,86.14439876444179,10,1
220514,16059,105.44990046410388,11,1
220527,16060,84.97369367842369,13,1
220537,16061,140.8924883609794,10,1
220547,16062,135.21730871949893,10,1
220557,16063,138.6039508830562,10,1
220568,16064,112.14635895960448,11,1
220580,16065,120.13415115776765,12,1
220593,16066,102.93273292705639,13,1
220604,16067,134.54077932390572,11,1
220614,16068,97.65710392059691,10,1
220624,16069,120.61052503864933,10,1
220634,16070,69.41926707278914,10,1
220644,16071,54.859984837972746,10,1
220654,16072,138.20651942569197,10,1
220665,16073,99.66092950309451,11,1
220677,16074,110.34830951619524,12,1
220687,16075,91.21868188595937,10,1
220697,16076,82.1328352502778,10,1
220707,16077,140.44177538422633,10,1
220717,16078,137.27154232067764,10,1
220727,16079,115.95468559048409,10,1
220737,16080,110.80514230466494,10,1
220747,16081,71.14955598955052,10,1
220758,16082,123.58501258679699,11,1
220768,16083,136.24196670523398,10,1
220778,16084,142.14956248581757,10,1
220788,16085,138.58388142332308,10,1
220798,16086,79.33315574541531,10,1
220838,16087,-20.963876577700407,40,0
220848,16088,120.74456078208195,10,1
220858,16089,73.44479218154444,10,1
220868,16090,103.23815233915896,10,1
220878,16091,64.9244311223861,10,1
220888,16092,102.9316917941803,10,1
220901,16093,131.9737391695419,13,1
220911,16094,94.99253097379027,10,1
220923,16095,142.51112699581282,12,1
220936,16096,44.09549289211137,13,1
220949,16097,33.66328052714353,13,1
220961,16098,132.31699395848548,12,1
220972,16099,140.41924098024865,11,1
220982,16100,125.22271394145189,10,1
220993,16101,102.73291812082049,11,1
221003,16102,138.3558772690838,10,1
221017,16103,87.07016642689445,14,1
221027,16104,124.5187022130257,10,1
221037,16105,131.41322074425847,10,1
221047,16106,138.1547911079031,10,1
221057,16107,131.17837395483454,10,1
221068,16108,132.2229910638565,11,1
221079,16109,110.17146346392079,11,1
221089,16110,130.55104913568766,10,1
221102,16111,142.87629518630618,13,1
221112,16112,77.92174759334458,10,1
221122,16113,120.66851235763346,10,1
221132,16114,110.92061006431967,10,1
221142,16115,134.16157108055202,10,1
221178,16116,-21.969637718022753,36,1
221192,16117,104.14923742305248,14,1
221202,16118,139.25645406385982,10,1
221212,16119,75.53896600548998,10,1
221223,16120,108.073698777679,11,1
221233,16121,94.18816293692623,10,1
221243,16122,133.208310292606,10,1
221253,16123,117.92167578700196,10,1
221264,16124,118.4851714084474,11,1
221274,16125,123.56379231833154,10,1
221284,16126,48.43971506621781,10,1
221296,16127,140.45191808306964,12,1
221306,16128,97.4328732805293,10,1
221316,16129,124.2751405425632,10,1
221326,16130,99.69929098704388,10,1
221336,16131,137.5652574833949,10,1
221347,16132,87.54575955212768,11,1
221357,16133,119.3116383377391,10,1
221367,16134,133.33020368747077,10,1
221377,16135,111.71804100332933,10,1
221387,16136,117.75917950978577,10,1
221397,16137,133.7404615609233,10,1
221410,16138,111.04038228269619,13,1
221423,16139,99.56864799569243,13,1
221433,16140,57.636298641254484,10,1
221447,16141,113.6950445560982,14,1
221457,16142,43.66544007150782,10,1
221467,16143,139.5256427897971,10,1
221477,16144,88.94974769142316,10,1
221488,16145,117.6576906957237,11,1
221498,16146,140.69513193921094,10,1
221508,16147,59.98200172581982,10,1
221518,16148,142.5284129384808,10,1
221530,16149,143.2078664686458,12,1
221541,16150,134.96019977921037,11,1
221552,16151,116.4765416459578,11,1
221562,16152,100.5304463624064,10,1
221572,16153,133.47448874168487,10,1
221582,16154,136.05995248291026,10,1
221592,16155,140.2453769564012,10,1
221602,16156,129.40388084005,10,1
221612,16157,136.71250772458887,10,1
221622,16158,90.39098457494201,10,1
221632,16159,138.0738628372251,10,1
221642,16160,101.17847015035784,10,1
221652,16161,132.8642449596642,10,1
221662,16162,123.19003252837796,10,1
221672,16163,70.0292327819753,10,1
221684,16164,121.00090324910946,12,1
221696,16165,123.95748355299594,12,1
221706,16166,93.43332639791002,10,1
221717,16167,123.95636518860783,11,1
221728,16168,108.89396964627649,11,1
221738,16169,88.09179151026935,10,1
221748,16170,120.92278283548767,10,1
221758,16171,52.61407012298214,10,1
221768,16172,124.32529803933654,10,1
221779,16173,119.85455653736909,11,1
221789,16174,72.94272979391624,10,1
221801,16175,137.53660713308122,12,1
221811,16176,134.85956506924455,10,1
221823,16177,104.42039548607514,12,1
221835,16178,121.70926165942154,12,1
221848,16179,120.95810715678726,13,1
221858,16180,96.12377412303113,10,1
221870,16181,83.51406994065789,12,1
221881,16182,135.31688063254907,11,1
221891,16183,142.21865472265435,10,1
221901,16184,135.52094863795207,10,1
221911,16185,88.33297040805061,10,1
221921,16186,76.90075905000936,10,1
221932,16187,111.31098879771567,11,1
221944,16188,113.65379963210756,12,1
221954,16189,81.91056408482207,10,1
221964,16190,133.2810240285077,10,1
221974,16191,91.25851215360525,10,1
221986,16192,96.75065242922453,12,1
222002,16193,139.50392158712737,16,1
222042,16194,-20.887539788981286,40,0
222052,16195,86.47239798721898,10,1
222062,16196,47.6226796688219,10,1
222074,16197,135.93703207869106,12,1
222084,16198,109.40627422978116,10,1
222096,16199,113.94974752213987,12,1
222106,16200,97.56219891663669,10,1
222116,16201,89.41245582881162,10,1
222126,16202,101.27913975476456,10,1
222136,16203,140.33732532016694,10,1
222146,16204,56.792070977699325,10,1
222156,16205,135.67206137413748,10,1
222166,16206,131.3090230500991,10,1
222178,16207,139.52392916048206,12,1
222190,16208,81.0275165867974,12,1
222200,16209,108.54483408838217,10,1
222210,16210,132.77925993077218,10,1
222221,16211,106.28439896204108,11,1
222261,16212,-20.86295883209082,40,0
222271,16213,69.01323086836902,10,1
222281,16214,100.27562512483122,10,1
222291,16215,139.30533578102936,10,1
222304,16216,142.24984208905113,13,1
222315,16217,139.37109265505103,11,1
222325,16218,86.35009937617673,10,1
222335,16219,90.41128585851155,10,1
222345,16220,118.40077862550407,10,1
222355,16221,130.72954342294986,10,1
222366,16222,131.26867944784246,11,1
222376,16223,133.83330223487673,10,1
222386,16224,141.612808056456,10,1
222397,16225,111.62113976207065,11,1
222407,16226,118.02238556591945,10,1
222418,16227,112.95198463814937,11,1
222428,16228,38.1935739847451,10,1
222438,16229,107.61580939130315,10,1
222448,16230,88.16806713605654,10,1
222458,16231,110.58651011457525,10,1
222468,16232,132.7519937821614,10,1
222478,16233,110.02774147377085,10,1
222488,16234,106.07179188411308,10,1
222528,16235,-20.69894508631652,40,0
222538,16236,142.67786340977122,10,1
222548,16237,134.83993861249016,10,1
222558,16238,124.78978065640143,10,1
222571,16239,116.94868571124174,13,1
222581,16240,122.57968524921426,10,1
222591,16241,76.38990741830511,10,1
222601,16242,79.31550110002964,10,1
222641,16243,-20.774538142201312,40,0
222651,16244,113.92588344484666,10,1
222663,16245,69.97161732112572,12,1
222673,16246,131.87211319918407,10,1
222684,16247,112.40596507146404,11,1
222694,16248,140.96901407358197,10,1
222704,16249,95.15836278126295,10,1
222716,16250,141.76765159810657,12,1
222726,16251,76.17621013924379,10,1
222736,16252,83.38394822856876,10,1
222746,16253,110.48638320834178,10,1
222756,16254,89.6833006347624,10,1
222770,16255,46.6706103975558,14,1
222780,16256,102.28791409945889,10,1
222790,16257,107.44550109291133,10,1
222800,16258,109.14070418023444,10,1
222810,16259,73.60593659567624,10,1
222820,16260,141.15967724902634,10,1
222830,16261,107.74006303172652,10,1
222840,16262,141.95197981062552,10,1
222853,16263,138.91048376992106,13,1
222866,16264,138.8513489230895,13,1
222876,16265,98.74737337089462,10,1
222886,16266,111.62314504151892,10,1
222896,16267,123.74057465225836,10,1
222906,16268,108.55150994446632,10,1
222917,16269,139.55883476642762,11,1
222927,16270,137.55569775164227,10,1
222938,16271,116.11391272325835,11,1
222948,16272,51.90177462772555,10,1
222958,16273,93.88493362892035,10,1
222968,16274,140.22843418774977,10,1
222978,16275,85.542748147044,10,1
222991,16276,136.74874876272466,13,1
223003,16277,87.5076710129783,12,1
223013,16278,99.65529960066223,10,1
223023,16279,113.07583148685329,10,1
223033,16280,133.0421391058117,10,1
223043,16281,69.21249347395835,10,1
223053,16282,135.8393849489477,10,1
223063,16283,124.51417194781719,10,1
223074,16284,111.71547835544543,11,1
223085,16285,135.0062314757605,11,1
223097,16286,115.62200577005565,12,1
223107,16287,137.8251198901546,10,1
223117,16288,140.6146706660948,10,1
223127,16289,137.00227918949466,10,1
223137,16290,93.40124553179344,10,1
223148,16291,134.8695983471465,11,1
223158,16292,81.18180106961401,10,1
223168,16293,139.26024503749454,10,1
223178,16294,114.89956057818941,10,1
223188,16295,89.1886102522103,10,1
223200,16296,91.65317155616104,12,1
223210,16297,84.0595135160583,10,1
223220,16298,137.4271143899176,10,1
223232,16299,140.23369955235083,12,1
223242,16300,102.23747224383887,10,1
223253,16301,138.56791705726542,11,1
223263,16302,72.44773476381913,10,1
223273,16303,124.00594544005274,10,1
223283,16304,90.20368620233293,10,1
223295,16305,111.67463658632136,12,1
223305,16306,92.01170372798063,10,1
223315,16307,77.15291973176387,10,1
223325,16308,121.38832438050214,10,1
223336,16309,96.21450218975134,11,1
223346,16310,106.4679051502592,10,1
223356,16311,85.05827720904666,10,1
223366,16312,131.68203483836328,10,1
223377,16313,142.8198092781094,11,1
223387,16314,34.28306771119485,10,1
223398,16315,63.36504963999338,11,1
223408,16316,106.31280589951534,10,1
223420,16317,117.78002954909329,12,1
223430,16318,109.8074543322806,10,1
223450,16319,35.79458765090891,20,1
223460,16320,91.44567548690367,10,1
223497,16321,51.79715445423522,37,1
223526,16322,-15.921884647791554,29,1
223538,16323,135.42505583132615,12,1
223548,16324,107.81951112073298,10,1
223558,16325,123.08238090339178,10,1
223568,16326,99.94025515934649,10,1
223578,16327,84.44008783486338,10,1
223591,16328,110.87880718577954,13,1
223601,16329,121.92692949872526,10,1
223611,16330,102.33039786631736,10,1
223622,16331,137.3634071132471,11,1
223632,16332,140.43751680639915,10,1
223643,16333,76.53396002056806,11,1
223653,16334,107.07086280884846,10,1
223663,16335,84.33138185090255,10,1
223674,16336,138.60968044765528,11,1
223684,16337,132.98271907427136,10,1
223694,16338,85.05197243650494,10,1
223704,16339,142.77068298703435,10,1
223714,16340,104.86706144552564,10,1
223724,16341,86.01759335453839,10,1
223734,16342,87.68300581756411,10,1
223744,16343,142.89660280887287,10,1
223754,16344,87.88786222449188,10,1
223766,16345,139.84867154659491,12,1
223784,16346,135.21380054041813,18,1
223794,16347,134.27369136705013,10,1
223804,16348,74.47892771339944,10,1
223814,16349,104.4717678015328,10,1
223824,16350,143.6724987424215,10,1
223834,16351,75.95209521441605,10,1
223844,16352,77.28974776676841,10,1
223854,16353,112.28681188797616,10,1
223865,16354,71.57224996694228,11,1
223875,16355,136.60210309658996,10,1
223885,16356,125.12886668207518,10,1
223895,16357,78.80716033612141,10,1
223906,16358,138.78110572327734,11,1
223916,16359,116.98951982734033,10,1
223926,16360,115.88453377855794,10,1
223936,16361,113.37647484865504,10,1
223946,16362,67.28144143297824,10,1
223959,16363,95.00646112671022,13,1
223969,16364,39.15251890144206,10,1
223980,16365,89.4049848530033,11,1
223990,16366,106.48768545706149,10,1
224000,16367,123.26508614102396,10,1
224010,16368,113.20020038509993,10,1
224021,16369,137.6483173384795,11,1
224031,16370,58.960769866825096,10,1
224057,16371,115.30179373474625,26,1
224068,16372,120.33606415047872,11,1
224078,16373,49.16842196204284,10,1
224089,16374,74.6184152152723,11,1
224099,16375,135.16832563513714,10,1
224110,16376,136.8186823665457,11,1
224121,16377,129.8237381943937,11,1
224161,16378,-20.508218659815824,40,0
224172,16379,125.31830431896188,11,1
224182,16380,135.69412735195206,10,1
224192,16381,119.80031218354546,10,1
224202,16382,105.06093961244363,10,1
224212,16383,114.18417985470221,10,1
224222,16384,92.11465060998627,10,1
224232,16385,76.21525268547484,10,1
224242,16386,117.77953767480808,10,1
224252,16387,47.289776336729275,10,1
224262,16388,90.88565663988369,10,1
224272,16389,132.29532828496374,10,1
224282,16390,134.64721661152677,10,1
224293,16391,134.10416917393295,11,1
224305,16392,130.22060019109267,12,1
224316,16393,134.01626306430478,11,1
224326,16394,140.98510035959725,10,1
224336,16395,53.36146010704958,10,1
224346,16396,88.70216466307618,10,1
224356,16397,90.30071550735244,10,1
224366,16398,131.76811525777052,10,1
224376,16399,106.9201773741504,10,1
224386,16400,85.96401597161878,10,1
224396,16401,94.09894674615248,10,1
224407,16402,141.35393843185827,11,1
224418,16403,140.4261511193257,11,1
224434,16404,136.1937334502546,16,1
224444,16405,116.10951078541987,10,1
224460,16406,55.633342080220274,16,1
224471,16407,111.82347241747107,11,1
224482,16408,121.82586916087824,11,1
224492,16409,112.88726377505432,10,1
224502,16410,110.53974945251564,10,1
224512,16411,124.28831894731785,10,1
224525,16412,135.34363833809098,13,1
224535,16413,116.69931698146331,10,1
224545,16414,138.28057901813642,10,1
224556,16415,140.26946505126685,11,1
224566,16416,102.29269717705915,10,1
224576,16417,43.775876908580976,10,1
224587,16418,139.65675557005287,11,1
224597,16419,116.14079152488692,10,1
224607,16420,102.09847247707964,10,1
224617,16421,83.89789620334228,10,1
224630,16422,142.70850173827185,13,1
224640,16423,89.42469179423681,10,1
224650,16424,108.61181911233027,10,1
224660,16425,74.96510158067012,10,1
224670,16426,103.01717375310898,10,1
224680,16427,107.20038404111554,10,1
224691,16428,136.85350810388007,11,1
224702,16429,98.38051469805706,11,1
224713,16430,142.6159783679049,11,1
224723,16431,137.2320979682284,10,1
224734,16432,105.73784085964913,11,1
224745,16433,140.02599046826816,11,1
224755,16434,129.988336396157,10,1
224795,16435,-20.608311108415048,40,0
224805,16436,84.02679909946072,10,1
224815,16437,96.63437154289099,10,1
224825,16438,137.90000077102076,10,1
224836,16439,40.10294062066394,11,1
224846,16440,141.46831824299207,10,1
224856,16441,61.11797088813332,10,1
224868,16442,121.30129653662331,12,1
224878,16443,112.52944743453602,10,1
224888,16444,103.54216010421196,10,1
224928,16445,-20.517099033183882,40,0
224938,16446,80.86311468116521,10,1
224949,16447,137.11294594312034,11,1
224960,16448,141.40286599691572,11,1
224970,16449,116.14232149574401,10,1
224980,16450,58.82820199256985,10,1
224990,16451,91.12506691158386,10,1
225008,16452,142.56265673572597,18,1
225019,16453,137.22127416575682,11,1
225029,16454,118.35861902817594,10,1
225040,16455,116.3282329218437,11,1
225053,16456,143.5757507360178,13,1
225064,16457,86.3072658439925,11,1
225074,16458,114.93524998098005,10,1
225085,16459,68.1808926628213,11,1
225098,16460,137.66978985627634,13,1
225110,16461,124.61495092051489,12,1
225122,16462,114.77842275816938,12,1
225132,16463,56.77697891561393,10,1
225142,16464,82.86479406203638,10,1
225152,16465,74.99525319163365,10,1
225162,16466,76.1712417321797,10,1
225172,16467,108.82340708366867,10,1
225182,16468,137.1920955187839,10,1
225192,16469,109.06992819569706,10,1
225204,16470,102.26946480908826,12,1
225214,16471,136.71891529886577,10,1
225224,16472,94.89206210356335,10,1
225234,16473,72.79405435205902,10,1
225244,16474,116.15418487484189,10,1
225254,16475,60.71470821971848,10,1
225267,16476,103.05423814995584,13,1
225278,16477,141.46847842932004,11,1
225288,16478,134.09014155700487,10,1
225300,16479,104.01167980871917,12,1
225314,16480,120.85366770049049,14,1
225324,16481,87.28374680229761,10,1
225336,16482,141.10800503502168,12,1
225346,16483,94.50237450933926,10,1
225356,16484,44.41183485085144,10,1
225366,16485,132.79298778324187,10,1
225376,16486,116.6941476675192,10,1
225386,16487,130.24809035243513,10,1
225396,16488,87.30257978446578,10,1
225406,16489,100.44696209228282,10,1
225416,16490,73.44808857466576,10,1
225426,16491,123.96894928179235,10,1
225436,16492,101.67515992252498,10,1
225447,16493,71.51830343284324,11,1
225457,16494,47.353194839155115,10,1
225467,16495,75.599815892645,10,1
225478,16496,143.0448137699862,11,1
225488,16497,134.9542280858935,10,1
225498,16498,68.68411210607064,10,1
225518,16499,113.38618291598554,20,1
225529,16500,125.42418167654868,11,1
225539,16501,54.302298753285655,10,1
225550,16502,143.37901594630952,11,1
225560,16503,141.02679378524869,10,1
225571,16504,117.52768794979107,11,1
225585,16505,123.8911940154734,14,1
225596,16506,117.39320726978725,11,1
225606,16507,99.13592708456666,10,1
225616,16508,90.19257531236505,10,1
225626,16509,133.84751394358355,10,1
225638,16510,107.84935426263382,12,1
225648,16511,122.09065253405736,10,1
225660,16512,133.27132379265987,12,1
225670,16513,143.97704856479405,10,1
225681,16514,120.23490017961096,11,1
225691,16515,125.1944326913825,10,1
225701,16516,108.3877928911079,10,1
225711,16517,83.75358463264472,10,1
225723,16518,84.43730904910167,12,1
225733,16519,89.75688843443395,10,1
225773,16520,-20.664609158054297,40,0
225813,16521,-21.36780241274716,40,0
225825,16522,142.82448184856037,12,1
225835,16523,115.09360106534132,10,1
225845,16524,121.20529998486819,10,1
225855,16525,101.86486507625342,10,1
225865,16526,113.94752011193468,10,1
225875,16527,139.83515296527608,10,1
225885,16528,52.32396136983442,10,1
225897,16529,107.50228744983444,12,1
225907,16530,93.941088088011,10,1
225947,16531,-20.56764430473782,40,0
225957,16532,110.08452530654567,10,1
225967,16533,133.0331650300662,10,1
225977,16534,112.07576667946451,10,1
225987,16535,37.13004883602629,10,1
225997,16536,76.32065666054743,10,1
226010,16537,114.59998665177264,13,1
226021,16538,124.7522884489603,11,1
226031,16539,117.75825911448659,10,1
226041,16540,132.96875876744988,10,1
226051,16541,117.18226287272803,10,1
226061,16542,13.17716736245891,10,1
226071,16543,112.02374782366951,10,1
226081,16544,89.07032677574274,10,1
226093,16545,114.07584006443874,12,1
226103,16546,106.88143872355491,10,1
226113,16547,74.91504261438548,10,1
226125,16548,109.65787302640138,12,1
226135,16549,132.00092999187407,10,1
226147,16550,102.70373946221973,12,1
226157,16551,89.96503788006278,10,1
226168,16552,140.8504285117553,11,1
226178,16553,122.40839369095387,10,1
226188,16554,52.273342201906544,10,1
226201,16555,58.91971021799078,13,1
226211,16556,55.882941111577885,10,1
226222,16557,119.07819224433852,11,1
226232,16558,112.66069947095697,10,1
226242,16559,103.64916595856363,10,1
226253,16560,46.351437476796974,11,1
226263,16561,105.36303663941824,10,1
226273,16562,136.0609796831049,10,1
226283,16563,135.39768285778675,10,1
226296,16564,88.77666898190684,13,1
226306,16565,105.73445414879272,10,1
226316,16566,69.0493996973395,10,1
226326,16567,113.07019660288829,10,1
226337,16568,117.99975032985508,11,1
226348,16569,136.52511113476405,11,1
226359,16570,135.54863309751062,11,1
226369,16571,141.8083363758028,10,1
226381,16572,77.85529065664612,12,1
226391,16573,100.78865806654413,10,1
226402,16574,113.67620613704347,11,1
226412,16575,109.11848857970321,10,1
226422,16576,103.2139415933115,10,1
226462,16577,-20.55967533090415,40,0
226472,16578,114.8568623233683,10,1
226484,16579,120.43636284272489,12,1
226495,16580,105.89463702840708,11,1
226505,16581,93.70787914423869,10,1
226515,16582,112.54096370580942,10,1
226525,16583,134.01002812815568,10,1
226535,16584,139.7878668160342,10,1
226545,16585,115.50519507346108,10,1
226558,16586,143.11123893652177,13,1
226568,16587,85.05957589341699,10,1
226578,16588,140.75940310398886,10,1
226588,16589,136.3494558163375,10,1
226598,16590,139.11374557923264,10,1
226608,16591,131.12591995217213,10,1
226619,16592,140.9128875230393,11,1
226631,16593,143.0724558155832,12,1
226671,16594,-20.949697535435728,40,0
226681,16595,93.98263564833266,10,1
226691,16596,101.31321617594142,10,1
226703,16597,80.88299589116673,12,1
226714,16598,136.03828052894897,11,1
226725,16599,101.41551016599576,11,1
226735,16600,45.07249350158527,10,1
226745,16601,137.85911476469616,10,1
226755,16602,137.67597663151926,10,1
226765,16603,121.13622835127863,10,1
226805,16604,-20.667810611513588,40,0
226815,16605,135.31757478025807,10,1
226840,16606,82.9335903798074,25,1
226852,16607,134.8569295083931,12,1
226862,16608,49.643444797458244,10,1
226873,16609,118.94906081027736,11,1
226913,16610,-23.301994129306905,40,0
226925,16611,107.19150430711395,12,1
226935,16612,114.47995114139015,10,1
226947,16613,138.35015534923565,12,1
226958,16614,137.12927935498092,11,1
226970,16615,125.13058950781019,12,1
226980,16616,137.41916279806728,10,1
226990,16617,97.08101659411817,10,1
227000,16618,141.86993348332803,10,1
227010,16619,118.50846187785528,10,1
227020,16620,140.41559355905952,10,1
227030,16621,112.96797898048841,10,1
227040,16622,121.47146399650168,10,1
227052,16623,109.03762717088635,12,1
227063,16624,85.0409707447199,11,1
227074,16625,123.40947443743477,11,1
227086,16626,111.09502717136775,12,1
227096,16627,55.31144465361906,10,1
227108,16628,111.02839767595034,12,1
227118,16629,116.5931069936809,10,1
227158,16630,-20.67263839780684,40,0
227168,16631,49.01363487805878,10,1
227178,16632,94.09211022854944,10,1
227193,16633,141.48753569304338,15,1
227203,16634,113.9389226598994,10,1
227213,16635,122.57657806672549,10,1
227223,16636,112.18774160029068,10,1
227233,16637,122.47515818154733,10,1
227243,16638,97.64529332165141,10,1
227253,16639,77.58084638068902,10,1
227293,16640,-20.975575248637423,40,0
227303,16641,91.20624531186841,10,1
227313,16642,75.22029406968501,10,1
227324,16643,132.40849346021335,11,1
227334,16644,116.69290056403753,10,1
227344,16645,120.41898543652727,10,1
227356,16646,98.61885139561517,12,1
227367,16647,120.68497705945185,11,1
227378,16648,130.60305315840483,11,1
227389,16649,142.46878829004044,11,1
227401,16650,107.3173015714354,12,1
227414,16651,115.60853294839568,13,1
227424,16652,106.44134971059198,10,1
227436,16653,130.92985231349525,12,1
227449,16654,93.88932415360007,13,1
227460,16655,113.22526425940927,11,1
227470,16656,67.20541563411948,10,1
227481,16657,125.01222339857527,11,1
227491,16658,106.93562734090321,10,1
227501,16659,141.52819226169652,10,1
227511,16660,139.81804976963718,10,1
227521,16661,137.52098333795666,10,1
227531,16662,140.47076977251228,10,1
227544,16663,139.42154951848747,13,1
227554,16664,138.10636328124554,10,1
227564,16665,55.59630604258533,10,1
227575,16666,59.816841727386716,11,1
227585,16667,60.909391618170005,10,1
227596,16668,139.77811979605983,11,1
227606,16669,120.98097042209787,10,1
227616,16670,82.83518630952936,10,1
227626,16671,106.03419252409242,10,1
227636,16672,45.78385818908542,10,1
227646,16673,100.03438470918204,10,1
227657,16674,77.0804688176462,11,1
227667,16675,70.23805362091126,10,1
227677,16676,101.99493715245876,10,1
227688,16677,83.4923380286694,11,1
227698,16678,134.71866965270243,10,1
227708,16679,67.47459566313748,10,1
227718,16680,121.95480825051811,10,1
227728,16681,136.65114179876431,10,1
227738,16682,137.18235692093106,10,1
227748,16683,77.3405272272042,10,1
227760,16684,95.61224848870977,12,1
227770,16685,138.46272515710234,10,1
227783,16686,111.68177231796909,13,1
227793,16687,111.82175873889445,10,1
227803,16688,74.95368875871439,10,1
227824,16689,142.53206539634328,21,1
227834,16690,131.4368635062014,10,1
227844,16691,98.65978425132698,10,1
227854,16692,106.65391002920707,10,1
227864,16693,110.90700652906241,10,1
227874,16694,133.5221037611482,10,1
227886,16695,112.85499380801623,12,1
227897,16696,138.54364317552609,11,1
227908,16697,69.68308743369926,11,1
227920,16698,116.46398605163759,12,1
227930,16699,74.9465597230901,10,1
227940,16700,119.38460619766474,10,1
227950,16701,141.81842868299228,10,1
227960,16702,111.14969655152035,10,1
227970,16703,122.33917482766348,10,1
227980,16704,84.08184204710774,10,1
227995,16705,121.33315286748199,15,1
228005,16706,98.05192958782207,10,1
228016,16707,142.77618301354136,11,1
228026,16708,115.24296219832128,10,1
228038,16709,102.90706277325911,12,1
228048,16710,122.56273580933465,10,1
228058,16711,144.81697690634837,10,1
228070,16712,120.71048617164338,12,1
228080,16713,138.0491801939794,10,1
228090,16714,133.42721709439985,10,1
228100,16715,139.93983456369602,10,1
228110,16716,45.58926602099269,10,1
228120,16717,131.18107949583109,10,1
228130,16718,52.3435340363759,10,1
228170,16719,-20.570392166939552,40,0
228182,16720,131.40995586518906,12,1
228192,16721,119.55214289667401,10,1
228202,16722,111.71848115071313,10,1
228212,16723,83.67942450280655,10,1
228223,16724,134.0283163766927,11,1
228233,16725,133.62111597941555,10,1
228246,16726,112.83402105626095,13,1
228256,16727,140.00443455661866,10,1
228266,16728,138.41675313777742,10,1
228277,16729,131.28086355128187,11,1
228287,16730,83.39176035912399,10,1
228297,16731,120.64707370424735,10,1
228307,16732,136.74393814741788,10,1
228318,16733,105.06562090390766,11,1
228328,16734,111.22163412637207,10,1
228338,16735,111.86711029953067,10,1
228348,16736,137.45928076644873,10,1
228358,16737,114.7096325487849,10,1
228372,16738,117.69501289528085,14,1
228382,16739,87.1015542327737,10,1
228392,16740,142.36096426496925,10,1
228403,16741,120.69960235762856,11,1
228414,16742,105.64060869029804,11,1
228427,16743,96.71459877104296,13,1
228437,16744,97.44357798660998,10,1
228447,16745,123.13162347798112,10,1
228457,16746,116.08903232919519,10,1
228467,16747,108.99757717854918,10,1
228477,16748,65.7476248932105,10,1
228492,16749,131.9747467501637,15,1
228502,16750,134.58628158017206,10,1
228512,16751,116.51927736192526,10,1
228522,16752,133.59603299750154,10,1
228532,16753,130.54376380197235,10,1
228542,16754,134.29813429724078,10,1
228553,16755,124.0451213822348,11,1
228563,16756,136.77350038545077,10,1
228573,16757,124.83558921725904,10,1
228613,16758,-20.840072362248314,40,0
228625,16759,131.2170474659147,12,1
228635,16760,137.92542336001708,10,1
228647,16761,110.33053062293199,12,1
228658,16762,70.89364302615846,11,1
228668,16763,119.13653338367962,10,1
228679,16764,125.41671488598229,11,1
228689,16765,119.8488126841027,10,1
228699,16766,141.13122053226263,10,1
228710,16767,136.02951694350236,11,1
228722,16768,142.64148070737915,12,1
228733,16769,118.14074407368501,11,1
228743,16770,130.05758891391355,10,1
228755,16771,136.62202370032915,12,1
228765,16772,115.09237914284454,10,1
228805,16773,-20.592811246033623,40,0
228815,16774,132.55468617441318,10,1
228825,16775,55.032812616898966,10,1
228835,16776,52.71669850015515,10,1
228845,16777,124.22830049972778,10,1
228855,16778,119.24533026527074,10,1
228865,16779,67.11180106982958,10,1
228875,16780,112.44216827158829,10,1
228885,16781,88.04327623450003,10,1
228925,16782,-20.543814342337345,40,0
228935,16783,135.6313618710383,10,1
228945,16784,129.16006159800784,10,1
228957,16785,106.02977087591591,12,1
228967,16786,109.96834337839842,10,1
228977,16787,140.31371820779214,10,1
228987,16788,142.1243147041384,10,1
228998,16789,140.2015639592757,11,1
229010,16790,124.02302885805925,12,1
229021,16791,122.30132131613382,11,1
229031,16792,99.95285578861085,10,1
229044,16793,135.83979856761684,13,1
229055,16794,142.73756505447426,11,1
229066,16795,119.3825705196338,11,1
229076,16796,118.97267181295206,10,1
229089,16797,99.79070138979372,13,1
229103,16798,83.89052126013515,14,1
229113,16799,141.24802530614755,10,1
229123,16800,141.59221954576435,10,1
229133,16801,139.008714052332,10,1
229143,16802,123.04809937180114,10,1
229153,16803,130.7423141050919,10,1
229163,16804,132.59736683234152,10,1
229173,16805,102.27016387583056,10,1
229185,16806,143.31747590760432,12,1
229198,16807,59.173280338247785,13,1
229208,16808,143.47594314615836,10,1
229218,16809,120.8270214177746,10,1
229229,16810,134.2241291543695,11,1
229247,16811,35.71585727242737,18,1
229258,16812,139.35456616974074,11,1
229268,16813,98.0277598886247,10,1
229278,16814,110.11628186665546,10,1
229288,16815,30.596105006696085,10,1
229300,16816,125.00483131455019,12,1
229310,16817,93.62150079996178,10,1
229322,16818,111.66107677174077,12,1
229332,16819,89.99713252756493,10,1
229342,16820,93.85483244344309,10,1
229352,16821,120.84130798365341,10,1
229362,16822,115.07807633052234,10,1
229372,16823,124.11533291318335,10,1
229382,16824,139.94125735818338,10,1
229392,16825,71.8460824524384,10,1
229404,16826,109.92606343870644,12,1
229414,16827,123.81460069704052,10,1
229424,16828,76.29710267155636,10,1
229434,16829,117.41824110945954,10,1
229445,16830,113.68748665942147,11,1
229456,16831,143.1616770756761,11,1
229466,16832,141.60242377421818,10,1
229477,16833,120.47367498533134,11,1
229488,16834,138.510741266292,11,1
229499,16835,135.48164626149241,11,1
229509,16836,117.20278728765525,10,1
229519,16837,103.65285475686287,10,1
229529,16838,88.56965588368267,10,1
229541,16839,111.29701954346794,12,1
229552,16840,115.63762063292712,11,1
229562,16841,53.107814786899546,10,1
229572,16842,80.23185265829999,10,1
229582,16843,116.99011560668401,10,1
229592,16844,111.54956153893507,10,1
229602,16845,87.40049550496896,10,1
229614,16846,143.15429882432932,12,1
229624,16847,96.47260744139432,10,1
229637,16848,99.3761010199038,13,1
229652,16849,115.52077727154412,15,1
229662,16850,124.4732965321461,10,1
229672,16851,137.44326110158235,10,1
229690,16852,131.57142936590543,18,1
229702,16853,141.81195829526376,12,1
229713,16854,95.56015064384307,11,1
229726,16855,97.03610853423262,13,1
229737,16856,108.9189327506217,11,1
229747,16857,36.3874687448336,10,1
229761,16858,62.895045689216666,14,1
229771,16859,83.29025170749996,10,1
229781,16860,122.89930136630498,10,1
229791,16861,77.0863558450155,10,1
229801,16862,111.89859655889744,10,1
229811,16863,83.35136301107119,10,1
229822,16864,101.36066958487709,11,1
229835,16865,76.2927554488049,13,1
229846,16866,95.8964017442202,11,1
229856,16867,141.52163340714273,10,1
229869,16868,113.94290046010227,13,1
229879,16869,115.8362709763704,10,1
229889,16870,130.46419585053428,10,1
229899,16871,109.51620755989721,10,1
229921,16872,138.7205024343618,22,1
229931,16873,107.9612531976495,10,1
229941,16874,51.7034303537224,10,1
229952,16875,132.9427594377937,11,1
229962,16876,130.98932789766715,10,1
229972,16877,107.155656779241,10,1
229982,16878,80.4353001520045,10,1
229992,16879,80.58751576443797,10,1
230003,16880,136.69502438649053,11,1
230013,16881,132.62960697383275,10,1
230023,16882,134.97467655964635,10,1
230033,16883,118.96805766859883,10,1
230043,16884,138.0700796056081,10,1
230057,16885,81.32485659092008,14,1
230068,16886,142.5150859529094,11,1
230078,16887,80.09867392053076,10,1
230089,16888,89.46853291142348,11,1
230105,16889,88.88304135802147,16,1
230115,16890,90.25078026859643,10,1
230125,16891,96.18060610080941,10,1
230136,16892,128.92200420860195,11,1
230146,16893,59.678768903193806,10,1
230156,16894,119.57088580226677,10,1
230166,16895,67.63473790136193,10,1
230176,16896,122.23436393332068,10,1
230188,16897,109.79746738351248,12,1
230199,16898,111.28047807896132,11,1
230209,16899,119.12333689898719,10,1
230220,16900,136.04763481850415,11,1
230230,16901,110.89489481554082,10,1
230240,16902,115.31323585574405,10,1
230250,16903,95.85434565908527,10,1
230260,16904,95.74468431610265,10,1
230270,16905,97.53322290538345,10,1
230280,16906,135.4370587387027,10,1
230290,16907,87.47704980903696,10,1
230300,16908,114.29712387529817,10,1
230312,16909,102.0269784014548,12,1
230322,16910,95.94128754923142,10,1
230362,16911,-21.35200195502603,40,0
230372,16912,131.7676346763191,10,1
230385,16913,138.77969151996382,13,1
230397,16914,138.58140174927857,12,1
230408,16915,42.085022047946225,11,1
230419,16916,135.75371885398107,11,1
230430,16917,75.04079961779931,11,1
230441,16918,141.8712801198452,11,1
230452,16919,142.22323252139566,11,1
230464,16920,94.93765228072492,12,1
230476,16921,130.07401266545267,12,1
230488,16922,55.24441529152727,12,1
230498,16923,137.53491989419828,10,1
230508,16924,121.71671193195385,10,1
230518,16925,122.87661113979915,10,1
230528,16926,141.22136360574356,10,1
230539,16927,61.22274156180001,11,1
230549,16928,138.6883468836955,10,1
230559,16929,77.61108163135717,10,1
230571,16930,140.61745197214242,12,1
230581,16931,79.18748146259489,10,1
230591,16932,139.46955810680467,10,1
230601,16933,134.2898586431669,10,1
230613,16934,138.08774440199352,12,1
230653,16935,-20.8885713335873,40,0
230663,16936,134.2406141536079,10,1
230674,16937,135.5841039653787,11,1
230684,16938,121.11913584133558,10,1
230694,16939,53.70641261175639,10,1
230704,16940,97.9490311964553,10,1
230716,16941,122.6558342971583,12,1
230726,16942,136.2865618571393,10,1
230736,16943,117.62660230880437,10,1
230749,16944,105.82563110736889,13,1
230760,16945,113.9712056094105,11,1
230800,16946,-20.550269601079602,40,0
230811,16947,139.83759719255934,11,1
230821,16948,137.85313847117223,10,1
230832,16949,99.4293108305827,11,1
230842,16950,84.42200113842082,10,1
230852,16951,81.20467751073456,10,1
230862,16952,68.14455376021205,10,1
230872,16953,112.9166727213943,10,1
230882,16954,62.50500560826898,10,1
230892,16955,122.84387391674171,10,1
230902,16956,91.58182028795743,10,1
230912,16957,113.10860746792828,10,1
230922,16958,136.63592568413662,10,1
230932,16959,86.08541331020785,10,1
230942,16960,93.36569951115128,10,1
230953,16961,119.90414822542574,11,1
230963,16962,140.86473820843403,10,1
230974,16963,109.74820924557203,11,1
230985,16964,78.95480663060286,11,1
230996,16965,113.88784668961819,11,1
231006,16966,78.72010363104546,10,1
231016,16967,133.78290996911804,10,1
231027,16968,142.55370909326794,11,1
231037,16969,140.83751213948142,10,1
231047,16970,110.13199101071685,10,1
231057,16971,115.6700152753768,10,1
231067,16972,119.40094606966349,10,1
231078,16973,138.07244518942986,11,1
231088,16974,108.23810421667655,10,1
231099,16975,134.45087435897426,11,1
231109,16976,92.7588730255175,10,1
231119,16977,90.38768217494872,10,1
231130,16978,135.2168980313472,11,1
231140,16979,99.6561573826185,10,1
231151,16980,91.09262796612279,11,1
231161,16981,102.13668628303071,10,1
231174,16982,114.78937212910613,13,1
231184,16983,106.79083024263144,10,1
231194,16984,140.5518656403346,10,1
231204,16985,118.45373396516867,10,1
231217,16986,116.1919229589396,13,1
231230,16987,136.80911837843593,13,1
231240,16988,87.3805273192082,10,1
231250,16989,135.7226803349891,10,1
231268,16990,102.82619376657885,18,1
231281,16991,125.14492007214842,13,1
231291,16992,101.37324650116255,10,1
231301,16993,87.11194692760687,10,1
231311,16994,89.85624894689833,10,1
231321,16995,108.96761499476551,10,1
231333,16996,120.04454604245456,12,1
231343,16997,117.20063109784407,10,1
231354,16998,120.61831096507974,11,1
231364,16999,124.32785654501771,10,1
231377,17000,116.96605128775317,13,1
231387,17001,101.75360734694786,10,1
231397,17002,115.33724871426251,10,1
231408,17003,142.88179325849046,11,1
231419,17004,119.19385113743891,11,1
231429,17005,132.7009448995247,10,1
231445,17006,105.32825670204149,16,1
231455,17007,98.22621125066892,10,1
231466,17008,114.75636361819494,11,1
231476,17009,72.2149709833155,10,1
231486,17010,96.12811014023849,10,1
231496,17011,123.30411597819747,10,1
231507,17012,123.30974931022506,11,1
231518,17013,71.24386194248069,11,1
231528,17014,130.36984093770772,10,1
231538,17015,120.64073757204841,10,1
231560,17016,103.34424265924703,22,1
231570,17017,78.03938301954298,10,1
231580,17018,141.1301825821434,10,1
231590,17019,122.93239704818868,10,1
231600,17020,140.93994597953917,10,1
231610,17021,121.53434211741914,10,1
231620,17022,105.334730349456,10,1
231633,17023,117.48068240955669,13,1
231643,17024,51.20432170555568,10,1
231653,17025,142.192753748244,10,1
231665,17026,132.53236426423652,12,1
231675,17027,110.80262288110777,10,1
231685,17028,42.753956127462416,10,1
231695,17029,130.63392341266362,10,1
231705,17030,79.08346700490931,10,1
231715,17031,36.76166284392083,10,1
231725,17032,124.62460469101974,10,1
231735,17033,124.51472131253792,10,1
231745,17034,102.3616222990139,10,1
231755,17035,136.3448316133736,10,1
231765,17036,137.29276361703688,10,1
231775,17037,103.25559578513707,10,1
231785,17038,107.27558829814355,10,1
231796,17039,121.75733397524938,11,1
231806,17040,106.80920107080752,10,1
231819,17041,111.59638260691385,13,1
231829,17042,104.3429850393056,10,1
231841,17043,131.1990872819936,12,1
231851,17044,89.68759274402237,10,1
231861,17045,137.9740082320653,10,1
231871,17046,81.08951779560536,10,1
231881,17047,113.35604222930306,10,1
231891,17048,98.01044936275898,10,1
231902,17049,133.17964608662803,11,1
231912,17050,143.6946974414071,10,1
231923,17051,94.96793899316211,11,1
231933,17052,107.9289498276609,10,1
231943,17053,137.52054185161842,10,1
231953,17054,132.98500326633612,10,1
231964,17055,125.68080059225787,11,1
231974,17056,114.64325753101767,10,1
231985,17057,132.23893794059217,11,1
231996,17058,140.49141886490216,11,1
232007,17059,81.68993508079947,11,1
232020,17060,95.1127913409845,13,1
232030,17061,50.41905051278808,10,1
232040,17062,111.21405857904954,10,1
232051,17063,139.28264132770738,11,1
232061,17064,133.09694087592877,10,1
232074,17065,137.2868145774795,13,1
232084,17066,103.40019975931592,10,1
232095,17067,131.25944891897367,11,1
232105,17068,130.96155175587083,10,1
232115,17069,139.1795569531937,10,1
232125,17070,140.48402548827008,10,1
232135,17071,110.41899170860496,10,1
232145,17072,142.6377903008156,10,1
232155,17073,135.78158613848083,10,1
232166,17074,135.16995209072766,11,1
232176,17075,134.8579928490609,10,1
232186,17076,122.4226262756387,10,1
232196,17077,75.24371188893518,10,1
232206,17078,92.4750777596037,10,1
232216,17079,136.4736250045385,10,1
232226,17080,112.27517735367408,10,1
232236,17081,131.826713902854,10,1
232248,17082,125.49914646472895,12,1
232258,17083,121.71812425097181,10,1
232268,17084,77.45953698436315,10,1
232278,17085,132.71960671140377,10,1
232290,17086,84.80242649976637,12,1
232301,17087,95.89299327320272,11,1
232311,17088,115.93582447387074,10,1
232323,17089,124.77961088855895,12,1
232333,17090,130.38807771629777,10,1
232343,17091,122.02940384318883,10,1
232383,17092,-21.66380141377947,40,0
232393,17093,54.49939594008312,10,1
232403,17094,136.15022379504393,10,1
232413,17095,124.37065720841842,10,1
232426,17096,39.15738214237378,13,1
232436,17097,122.8382498733485,10,1
232446,17098,68.05568183561542,10,1
232456,17099,135.7397072770205,10,1
232466,17100,139.27830828279613,10,1
232477,17101,132.77088005630372,11,1
232487,17102,138.9869294230425,10,1
232497,17103,134.40359824568782,10,1
232507,17104,124.3729235981982,10,1
232517,17105,112.56830645231443,10,1
232527,17106,94.40572613570488,10,1
232537,17107,135.05290121503052,10,1
232547,17108,91.66984589083202,10,1
232557,17109,138.98482359496015,10,1
232567,17110,136.22848480767786,10,1
232578,17111,141.54646106138873,11,1
232588,17112,44.337848605504995,10,1
232598,17113,132.57771340973187,10,1
232608,17114,133.65480564052046,10,1
232618,17115,96.14637112282684,10,1
232630,17116,90.62950145669261,12,1
232640,17117,40.73165096158737,10,1
232650,17118,100.8031476602413,10,1
232663,17119,130.92480838838424,13,1
232674,17120,139.93210428743996,11,1
232684,17121,132.0650489466305,10,1
232698,17122,18.216620497217068,14,1
232710,17123,140.60426748248616,12,1
232720,17124,120.99946172784013,10,1
232732,17125,123.96634981709163,12,1
232742,17126,113.91963722801601,10,1
232752,17127,86.82576393912277,10,1
232762,17128,118.23616399822666,10,1
232772,17129,135.51832549034705,10,1
232782,17130,113.20772720711696,10,1
232794,17131,138.8300801267454,12,1
232805,17132,122.72238047723665,11,1
232816,17133,135.15737065470046,11,1
232828,17134,132.1262448357741,12,1
232838,17135,142.1574672772805,10,1
232848,17136,99.9612664336185,10,1
232858,17137,104.56961745756074,10,1
232868,17138,87.51747598429459,10,1
232878,17139,106.8310775148697,10,1
232889,17140,120.78805640722372,11,1
232899,17141,116.66036251059407,10,1
232909,17142,142.6598030641681,10,1
232920,17143,132.92012238260276,11,1
232930,17144,106.40423173364219,10,1
232942,17145,134.3421579156382,12,1
232952,17146,117.98962983518085,10,1
232964,17147,109.34840402111914,12,1
232974,17148,134.7460708195039,10,1
232984,17149,83.51322716471293,10,1
232994,17150,122.12883347034555,10,1
233004,17151,137.12655230947334,10,1
233014,17152,72.48064883442527,10,1
233024,17153,72.36935319572721,10,1
233034,17154,132.83575133679565,10,1
233044,17155,137.62251448014425,10,1
233054,17156,52.810588563895216,10,1
233064,17157,99.63995641764777,10,1
233077,17158,125.2716899647706,13,1
233087,17159,134.54232901226297,10,1
233097,17160,109.29831613084076,10,1
233107,17161,141.08939423075293,10,1
233117,17162,81.13880365055795,10,1
233127,17163,99.54545240427488,10,1
233140,17164,132.45898698546247,13,1
233154,17165,98.15260570963653,14,1
233164,17166,91.5726571908622,10,1
233174,17167,121.41446289217784,10,1
233184,17168,140.1285710951566,10,1
233194,17169,141.43477286454552,10,1
233204,17170,84.23011676649502,10,1
233215,17171,93.56746079398191,11,1
233225,17172,107.76144588460706,10,1
233235,17173,68.7369247093402,10,1
233245,17174,118.36939402408292,10,1
233256,17175,107.20966254427938,11,1
233267,17176,123.49789584351117,11,1
233279,17177,111.52071225387694,12,1
233319,17178,-20.835864435667087,40,0
233330,17179,92.77782115197041,11,1
233340,17180,142.4952091419991,10,1
233351,17181,133.14077848993975,11,1
233361,17182,141.10597151425432,10,1
233371,17183,95.86914911855101,10,1
233381,17184,121.05414758574162,10,1
233391,17185,40.14370195407881,10,1
233401,17186,124.11545329369686,10,1
233412,17187,131.80279276373602,11,1
233422,17188,103.52291736429508,10,1
233432,17189,141.69260135456219,10,1
233442,17190,119.1854664287437,10,1
233452,17191,107.28426110408623,10,1
233462,17192,109.86946165689866,10,1
233472,17193,94.82227068059584,10,1
233482,17194,143.73379955645663,10,1
233493,17195,131.4473222270071,11,1
233505,17196,140.21673994780824,12,1
233515,17197,102.8995179363212,10,1
233528,17198,108.52273635119533,13,1
233538,17199,136.83568382143932,10,1
233549,17200,131.00863939861586,11,1
233561,17201,125.57707342620887,12,1
233571,17202,141.74413136808852,10,1
233581,17203,118.32675822182983,10,1
233591,17204,65.61009408162789,10,1
233601,17205,119.19453958856276,10,1
233613,17206,98.88501877104098,12,1
233623,17207,143.15267249325078,10,1
233636,17208,123.16905624836696,13,1
233647,17209,129.49536731816087,11,1
233658,17210,143.3882532699121,11,1
233670,17211,71.66497765296292,12,1
233680,17212,60.403288665089576,10,1
233690,17213,108.11487656461898,10,1
233701,17214,132.0835182326212,11,1
233711,17215,124.66640929102682,10,1
233722,17216,134.8134673027767,11,1
233732,17217,56.09334711588091,10,1
233743,17218,111.78549215356277,11,1
233754,17219,138.97527708890595,11,1
233764,17220,67.34079604143784,10,1
233775,17221,43.558284566614184,11,1
233786,17222,122.75529616614924,11,1
233796,17223,137.1411976713653,10,1
233806,17224,125.5026003418435,10,1
233818,17225,117.76338962904637,12,1
233828,17226,119.60804559482172,10,1
233839,17227,106.31666796190834,11,1
233849,17228,90.72072338182194,10,1
233859,17229,93.60513274369693,10,1
233869,17230,117.66001790774826,10,1
233879,17231,116.08471212336926,10,1
233891,17232,114.74665038519349,12,1
233903,17233,142.01281792284527,12,1
233913,17234,104.04197629920378,10,1
233924,17235,139.0716803041671,11,1
233935,17236,130.39642334313157,11,1
233946,17237,141.37258875919463,11,1
233956,17238,69.02546874479324,10,1
233966,17239,95.97504404492379,10,1
233976,17240,139.44330286448812,10,1
233986,17241,143.47906415782472,10,1
233996,17242,88.61151705674203,10,1
234006,17243,110.6862455112884,10,1
234016,17244,137.47709604946564,10,1
234028,17245,139.00702781552485,12,1
234038,17246,116.97818073472834,10,1
234053,17247,134.01787310600457,15,1
234063,17248,121.91417373985821,10,1
234075,17249,134.39038676801027,12,1
234086,17250,141.627436514608,11,1
234096,17251,140.19041782099978,10,1
234107,17252,118.55516047998837,11,1
234119,17253,103.96412167282534,12,1
234132,17254,140.2914029356342,13,1
234142,17255,140.90798619504085,10,1
234153,17256,98.67081622182812,11,1
234163,17257,120.43205351758694,10,1
234174,17258,104.4135051832892,11,1
234184,17259,107.61029163954917,10,1
234196,17260,132.61028124925838,12,1
234207,17261,115.1528683015075,11,1
234217,17262,86.51330293484305,10,1
234227,17263,72.52080113556839,10,1
234237,17264,106.44208863292735,10,1
234249,17265,134.6258719515956,12,1
234265,17266,134.9308007632665,16,1
234275,17267,131.4742848051245,10,1
234285,17268,121.75976429494361,10,1
234295,17269,136.40754010757183,10,1
234305,17270,122.6299073538093,10,1
234315,17271,132.5128383422255,10,1
234327,17272,93.96972644159601,12,1
234337,17273,123.27307444894727,10,1
234347,17274,86.1575685018302,10,1
234357,17275,99.47346102144098,10,1
234368,17276,88.73117884999571,11,1
234378,17277,138.23617657463421,10,1
234388,17278,124.84139834868292,10,1
234398,17279,120.1273991269481,10,1
234410,17280,66.4044049905818,12,1
234422,17281,102.79062683428916,12,1
234432,17282,110.26074901866399,10,1
234444,17283,132.59188184119168,12,1
234456,17284,100.85086754839695,12,1
234473,17285,130.9549645114258,17,1
234483,17286,97.39733466387118,10,1
234493,17287,133.25728047377757,10,1
234505,17288,123.66008322370381,12,1
234515,17289,103.32722046197486,10,1
234525,17290,62.913118166917535,10,1
234536,17291,99.27363461964032,11,1
234546,17292,83.33028852770536,10,1
234556,17293,138.9438432308727,10,1
234566,17294,143.50277381946051,10,1
234578,17295,140.5633104733023,12,1
234588,17296,97.92079844298387,10,1
234598,17297,107.59092118794617,10,1
234608,17298,117.73719712736718,10,1
234618,17299,121.4395386365805,10,1
234628,17300,133.0274586012418,10,1
234638,17301,112.70727280806176,10,1
234650,17302,113.24201489471103,12,1
234660,17303,107.16231624160818,10,1
234671,17304,139.11253243734433,11,1
234681,17305,136.0091575836915,10,1
234691,17306,87.19582668882745,10,1
234701,17307,140.70280755553065,10,1
234715,17308,112.65761014861934,14,1
234725,17309,134.56912671580628,10,1
234735,17310,98.11563148357318,10,1
234745,17311,86.49932259553975,10,1
234755,17312,138.55697046998174,10,1
234765,17313,124.71159660836307,10,1
234775,17314,123.65315810571228,10,1
234785,17315,132.88268704758224,10,1
234797,17316,139.05286863886593,12,1
234808,17317,143.26404224643105,11,1
234819,17318,113.38920035233697,11,1
234829,17319,51.19637892013512,10,1
234839,17320,94.30358732306748,10,1
234849,17321,97.543455339671,10,1
234859,17322,121.33720759239299,10,1
234869,17323,118.19082144922179,10,1
234879,17324,139.8896355840349,10,1
234889,17325,120.13963623408927,10,1
234899,17326,29.14253197971912,10,1
234909,17327,102.86103266986426,10,1
234920,17328,80.5669803182494,11,1
234930,17329,80.88455409137649,10,1
234940,17330,92.73821671820716,10,1
234952,17331,124.45586171638668,12,1
234962,17332,75.48419686381624,10,1
234972,17333,122.49074342360491,10,1
234982,17334,119.55991593995925,10,1
234992,17335,134.1142783253523,10,1
235002,17336,97.24968795458753,10,1
235012,17337,61.154463271688186,10,1
235027,17338,66.72060930613127,15,1
235037,17339,120.35225294566264,10,1
235047,17340,142.88133908371304,10,1
235057,17341,123.8071012758523,10,1
235067,17342,113.99803604012743,10,1
235077,17343,123.25588982414506,10,1
235087,17344,131.00774259038232,10,1
235097,17345,142.53171718131503,10,1
235107,17346,103.42037945779478,10,1
235117,17347,100.50962587149968,10,1
235127,17348,113.60871658480953,10,1
235137,17349,76.61213163543951,10,1
235147,17350,112.72573945821615,10,1
235160,17351,134.07731945807382,13,1
235172,17352,132.70015823584382,12,1
235182,17353,130.72345426391064,10,1
235193,17354,143.3355430399795,11,1
235205,17355,118.97060209432752,12,1
235215,17356,94.09335648969054,10,1
235226,17357,116.70356866891163,11,1
235237,17358,140.29957100007135,11,1
235249,17359,142.38677548627666,12,1
235259,17360,114.23516480347011,10,1
235271,17361,140.5524510690688,12,1
235283,17362,97.94269932519556,12,1
235293,17363,138.65622106012796,10,1
235304,17364,143.82023290267423,11,1
235314,17365,135.18045375653725,10,1
235324,17366,137.01714484156176,10,1
235334,17367,123.0930045476564,10,1
235345,17368,123.58124937911738,11,1
235355,17369,97.40494021747948,10,1
235365,17370,84.65701975559276,10,1
235375,17371,117.17597765226688,10,1
235385,17372,111.37177625345957,10,1
235397,17373,123.05492457354681,12,1
235409,17374,141.21105977329586,12,1
235419,17375,93.94553524857113,10,1
235429,17376,81.58984620034498,10,1
235439,17377,132.93332190974735,10,1
235449,17378,109.50688796034646,10,1
235459,17379,106.69437374375393,10,1
235471,17380,136.72920299159844,12,1
235481,17381,120.8233954802192,10,1
235491,17382,49.15618561651325,10,1
235531,17383,-21.071121659034485,40,0
235541,17384,132.41554063676028,10,1
235554,17385,113.92582641580053,13,1
235564,17386,125.57779726489655,10,1
235574,17387,138.06555446355816,10,1
235584,17388,142.26240362670475,10,1
235594,17389,111.47108416312825,10,1
235606,17390,143.0421878785512,12,1
235616,17391,137.16292352393677,10,1
235626,17392,98.2147452040306,10,1
235636,17393,138.4181067760099,10,1
235646,17394,116.59031288436663,10,1
235657,17395,141.77246893248935,11,1
235667,17396,139.15326550333344,10,1
235679,17397,117.04394235008763,12,1
235689,17398,92.64655223165454,10,1
235699,17399,84.72642580492744,10,1
235710,17400,141.16000299533295,11,1
235720,17401,57.682222383242916,10,1
235730,17402,131.7962763683576,10,1
235740,17403,131.66478610702364,10,1
235752,17404,110.70775555216024,12,1
235762,17405,142.81158551835162,10,1
235772,17406,98.0866402485129,10,1
235782,17407,130.85992596773562,10,1
235792,17408,138.2751314742125,10,1
235802,17409,96.05155191002775,10,1
235814,17410,93.18827163822696,12,1
235824,17411,104.57137431815757,10,1
235839,17412,137.08491911753254,15,1
235850,17413,140.38419790576705,11,1
235860,17414,135.2413128153153,10,1
235873,17415,124.90062224096913,13,1
235883,17416,132.767588080815,10,1
235895,17417,99.72097008659914,12,1
235905,17418,122.44044381842978,10,1
235915,17419,98.13228595884672,10,1
235926,17420,139.60086428033412,11,1
235936,17421,133.3737327763986,10,1
235946,17422,97.66589629204493,10,1
235956,17423,140.6353120799149,10,1
235966,17424,143.21367230182932,10,1
235979,17425,112.10575407668024,13,1
235989,17426,86.68450407347825,10,1
236022,17427,136.32723780670963,33,1
236032,17428,103.22130867393928,10,1
236042,17429,136.04422391297285,10,1
236053,17430,138.03688635031168,11,1
236064,17431,136.45497176167115,11,1
236074,17432,105.49042541300814,10,1
236084,17433,136.32596550630677,10,1
236096,17434,137.2521251421138,12,1
236106,17435,104.96286889357022,10,1
236116,17436,85.64628503771392,10,1
236126,17437,96.26434050417625,10,1
236136,17438,114.22268627603313,10,1
236149,17439,108.63590628764197,13,1
236159,17440,139.3630026125618,10,1
236173,17441,140.7078439443456,14,1
236185,17442,132.72153269400675,12,1
236197,17443,133.68294981661387,12,1
236207,17444,103.35302457679119,10,1
236219,17445,112.75437487426933,12,1
236230,17446,93.52759973941322,11,1
236240,17447,136.6727204970866,10,1
236253,17448,140.76732946290358,13,1
236266,17449,118.74256200122558,13,1
236276,17450,119.17405344870257,10,1
236286,17451,113.72908410120651,10,1
236297,17452,122.054121539119,11,1
236307,17453,113.03329727976721,10,1
236317,17454,93.70055517416307,10,1
236327,17455,61.745174305548026,10,1
236337,17456,132.0697677488226,10,1
236347,17457,134.84951866863324,10,1
236357,17458,114.8600227015189,10,1
236367,17459,96.18818689507297,10,1
236377,17460,109.42723980870811,10,1
236387,17461,117.2374448694917,10,1
236397,17462,101.16076506885345,10,1
236408,17463,102.46524294635634,11,1
236418,17464,104.03802541506464,10,1
236430,17465,142.62772135430762,12,1
236442,17466,74.65570810195939,12,1
236452,17467,142.19511893358262,10,1
236463,17468,143.06679253001073,11,1
236480,17469,78.94537170170827,17,1
236491,17470,124.6566746185588,11,1
236501,17471,108.23785614031621,10,1
236511,17472,124.4588497424302,10,1
236523,17473,113.87644981413439,12,1
236534,17474,129.78306045080123,11,1
236546,17475,80.09802309633231,12,1
236556,17476,143.27260669838074,10,1
236570,17477,103.6524313691404,14,1
236583,17478,136.84533077783658,13,1
236593,17479,122.38919362658588,10,1
236605,17480,93.06883963913751,12,1
236615,17481,117.66580329132461,10,1
236625,17482,83.81898768793958,10,1
236635,17483,120.21983842918989,10,1
236645,17484,114.65561159583301,10,1
236655,17485,143.2953667909513,10,1
236665,17486,101.97509022134977,10,1
236677,17487,136.51599034046282,12,1
236687,17488,47.3407999112061,10,1
236697,17489,109.32852721841547,10,1
236707,17490,115.97948705955159,10,1
236719,17491,120.68762533629666,12,1
236730,17492,94.74266373137014,11,1
236740,17493,135.71265859964953,10,1
236750,17494,118.75671364879108,10,1
236760,17495,109.44491719772942,10,1
236770,17496,133.40363177195934,10,1
236780,17497,135.35265096554568,10,1
236796,17498,141.96662289697983,16,1
236810,17499,138.07314817379788,14,1
236820,17500,136.19841045292304,10,1
236830,17501,121.79054172650423,10,1
236842,17502,125.96616516335516,12,1
236852,17503,142.6026859154488,10,1
236862,17504,97.28598117323662,10,1
236874,17505,139.49126701591447,12,1
236884,17506,109.72048056822173,10,1
236894,17507,138.02219457746816,10,1
236907,17508,108.49887008655091,13,1
236917,17509,117.04032038119145,10,1
236927,17510,116.76016346799788,10,1
236937,17511,107.0213330335127,10,1
236948,17512,115.65487045504092,11,1
236959,17513,120.07301169136805,11,1
236973,17514,19.181131524875408,14,1
236983,17515,110.22429268116616,10,1
236995,17516,138.73328290691938,12,1
237006,17517,88.0156200176938,11,1
237017,17518,114.1588296199858,11,1
237027,17519,81.87238743068427,10,1
237039,17520,142.2365145939347,12,1
237049,17521,92.9850087291855,10,1
237059,17522,133.75017053442548,10,1
237069,17523,50.17769340608618,10,1
237079,17524,115.25854718725887,10,1
237089,17525,97.32540318704945,10,1
237099,17526,131.86304354551794,10,1
237111,17527,98.25613837478956,12,1
237151,17528,-20.854889205151313,40,0
237161,17529,110.83827725099134,10,1
237171,17530,135.77579605863218,10,1
237183,17531,95.96159955299707,12,1
237195,17532,141.6440060047884,12,1
237205,17533,112.29197648893155,10,1
237215,17534,81.16643129547826,10,1
237226,17535,115.18017767233958,11,1
237242,17536,137.83261344626303,16,1
237253,17537,133.66223867996234,11,1
237266,17538,139.3635513432806,13,1
237276,17539,67.65921858314155,10,1
237288,17540,113.37769112057853,12,1
237298,17541,32.004484606694255,10,1
237309,17542,143.3209654768951,11,1
237319,17543,98.81672811614366,10,1
237329,17544,101.49387027559187,10,1
237339,17545,73.10330223811441,10,1
237349,17546,133.9931107277988,10,1
237359,17547,111.956311971692,10,1
237370,17548,141.2459402096849,11,1
237380,17549,134.20404513581082,10,1
237390,17550,132.5724395113466,10,1
237400,17551,116.89940232467818,10,1
237410,17552,87.91948628493797,10,1
237424,17553,121.54491250494416,14,1
237434,17554,142.7226624131366,10,1
237444,17555,96.3364562146403,10,1
237454,17556,137.02991123330546,10,1
237466,17557,101.48453370405664,12,1
237476,17558,94.88306076827033,10,1
237486,17559,108.25313817680218,10,1
237497,17560,131.36274649505353,11,1
237508,17561,134.65629325146736,11,1
237518,17562,106.82130518316083,10,1
237530,17563,99.29779728966079,12,1
237540,17564,134.2385543467104,10,1
237552,17565,115.16799356127126,12,1
237564,17566,91.62776839928941,12,1
237574,17567,77.50881212943847,10,1
237585,17568,119.49753013952672,11,1
237595,17569,141.66421855956773,10,1
237605,17570,88.76137869639976,10,1
237615,17571,79.20550589789698,10,1
237625,17572,115.02802509516728,10,1
237637,17573,119.48501939063196,12,1
237648,17574,122.57862090973322,11,1
237661,17575,130.93476934210508,13,1
237672,17576,124.77279173426683,11,1
237682,17577,139.50076156963252,10,1
237692,17578,102.57229789861802,10,1
237702,17579,106.96401762699506,10,1
237712,17580,113.55237907592961,10,1
237722,17581,104.90574468656072,10,1
237732,17582,80.2744498764416,10,1
237744,17583,112.54279356914107,12,1
237754,17584,114.76422019179495,10,1
237764,17585,142.21842177543948,10,1
237774,17586,94.46701900599102,10,1
237784,17587,122.88280450262171,10,1
237795,17588,140.22103422229506,11,1
237805,17589,131.81983126761696,10,1
237815,17590,109.8653467334312,10,1
237825,17591,104.87201172884312,10,1
237835,17592,122.88559451705231,10,1
237845,17593,141.05328503565954,10,1
237885,17594,-20.79511850640598,40,0
237895,17595,143.032266602593,10,1
237905,17596,139.20466648287004,10,1
237915,17597,139.29591133095994,10,1
237929,17598,135.70100956425338,14,1
237940,17599,106.32668457545141,11,1
237953,17600,93.16582191457344,13,1
237963,17601,139.779926505586,10,1
237974,17602,114.67666491891664,11,1
237984,17603,138.7712840932464,10,1
237994,17604,122.144529165334,10,1
238006,17605,94.69010890699886,12,1
238016,17606,109.89393139563366,10,1
238026,17607,39.60092812094096,10,1
238036,17608,132.56228142979185,10,1
238046,17609,140.94759634322796,10,1
238056,17610,136.22632003684242,10,1
238066,17611,134.49905012519636,10,1
238076,17612,120.89559110472757,10,1
238086,17613,135.1169910195471,10,1
238098,17614,117.15531396903278,12,1
238108,17615,115.069260322167,10,1
238118,17616,139.68526525960533,10,1
238129,17617,103.20083098543476,11,1
238139,17618,121.8986105182089,10,1
238149,17619,105.88945824795668,10,1
238159,17620,72.39810335809526,10,1
238171,17621,142.49324171854073,12,1
238182,17622,133.83724079753327,11,1
238193,17623,109.07841177500211,11,1
238207,17624,119.66760553116497,14,1
238217,17625,137.90818561332202,10,1
238227,17626,116.57566352492577,10,1
238237,17627,113.58474289125643,10,1
238247,17628,101.04737577649111,10,1
238259,17629,119.70989299224735,12,1
238276,17630,140.4245072830082,17,1
238287,17631,133.8583989638124,11,1
238297,17632,119.53736245467908,10,1
238308,17633,108.45546296730447,11,1
238319,17634,139.75710995896287,11,1
238330,17635,141.11923754575682,11,1
238341,17636,118.55243767835834,11,1
238351,17637,135.1434270818836,10,1
238361,17638,136.4878847508115,10,1
238371,17639,117.26767887229678,10,1
238381,17640,66.86750517283194,10,1
238392,17641,117.75056450762216,11,1
238402,17642,85.30168788911828,10,1
238412,17643,141.2844454304194,10,1
238422,17644,110.82872939793133,10,1
238432,17645,114.87142020773615,10,1
238442,17646,109.38855587724983,10,1
238454,17647,136.5444347877251,12,1
238465,17648,120.72536718507277,11,1
238475,17649,121.03323510602384,10,1
238485,17650,125.63674306748707,10,1
238495,17651,124.15498834706342,10,1
238505,17652,95.55965284459202,10,1
238515,17653,112.478214916731,10,1
238528,17654,132.34059283240256,13,1
238538,17655,101.75941530869682,10,1
238548,17656,121.14778407567985,10,1
238558,17657,90.64425580942164,10,1
238568,17658,141.23180428907762,10,1
238578,17659,68.99983616409376,10,1
238588,17660,132.1473341282228,10,1
238598,17661,131.96090609403788,10,1
238608,17662,95.15583897221316,10,1
238618,17663,121.24196825552319,10,1
238630,17664,139.90654968424982,12,1
238640,17665,137.89529048935555,10,1
238650,17666,83.36298067843018,10,1
238660,17667,136.4080546050201,10,1
238670,17668,140.31768836823255,10,1
238680,17669,137.9926780647993,10,1
238690,17670,120.61078794143408,10,1
238701,17671,111.87645871092575,11,1
238711,17672,142.8942753516287,10,1
238721,17673,140.23589425699075,10,1
238731,17674,129.88211178938187,10,1
238741,17675,103.17886144245949,10,1
238753,17676,124.8914326557942,12,1
238764,17677,136.99775763001279,11,1
238776,17678,88.6881852952238,12,1
238786,17679,94.10593409389338,10,1
238797,17680,142.9332269288969,11,1
238807,17681,91.61885893903207,10,1
238820,17682,123.64816562760596,13,1
238836,17683,133.659028397175,16,1
238847,17684,120.92457375273898,11,1
238859,17685,120.13139750939911,12,1
238869,17686,107.88850788265317,10,1
238879,17687,135.94400707687473,10,1
238892,17688,102.51948355439471,13,1
238904,17689,141.02133535363814,12,1
238917,17690,142.2645844342037,13,1
238927,17691,121.54147002241658,10,1
238937,17692,135.12633838931103,10,1
238947,17693,89.35881841178582,10,1
238957,17694,120.6783209762832,10,1
238974,17695,118.57740495359312,17,1
238984,17696,93.51484406116343,10,1
238994,17697,116.69936576772484,10,1
239004,17698,94.50997773080428,10,1
239014,17699,29.118565972636315,10,1
239024,17700,109.35748435989609,10,1
239034,17701,91.10373582518895,10,1
239044,17702,89.38809888468684,10,1
239055,17703,138.03386068333577,11,1
239065,17704,130.26221675845622,10,1
239075,17705,138.8818012572312,10,1
239092,17706,137.67524297640114,17,1
239102,17707,141.02722672635045,10,1
239112,17708,131.53150058075346,10,1
239122,17709,133.4009369450943,10,1
239132,17710,60.151779030087894,10,1
239144,17711,136.25270082753173,12,1
239154,17712,50.39923752634379,10,1
239164,17713,135.91248201334912,10,1
239174,17714,116.79544743980306,10,1
239186,17715,56.63319136667482,12,1
239196,17716,134.25105034519197,10,1
239207,17717,98.91757245900152,11,1
239219,17718,123.37137507170559,12,1
239229,17719,139.14627168128627,10,1
239239,17720,135.85998482088854,10,1
239249,17721,98.91574298430668,10,1
239262,17722,112.40736184378999,13,1
239272,17723,118.39619716144179,10,1
239282,17724,104.91204099659872,10,1
239292,17725,137.69541666576816,10,1
239304,17726,138.40762173435527,12,1
239314,17727,112.79348881297123,10,1
239325,17728,130.99929979529134,11,1
239335,17729,81.1047613570139,10,1
239345,17730,139.62304813797718,10,1
239355,17731,144.24952501796787,10,1
239367,17732,124.59673404269265,12,1
239378,17733,118.39333039975962,11,1
239388,17734,125.50730515242488,10,1
239398,17735,98.84790764628958,10,1
239410,17736,123.3718018324384,12,1
239421,17737,138.3393412493552,11,1
239432,17738,104.5236135098591,11,1
239443,17739,61.292101767271994,11,1
239453,17740,113.86707391862696,10,1
239463,17741,133.22696886645952,10,1
239473,17742,82.64284744329301,10,1
239483,17743,131.40838779280247,10,1
239494,17744,134.57802450137743,11,1
239505,17745,103.21498045436998,11,1
239515,17746,134.5947423585154,10,1
239526,17747,136.53590193596386,11,1
239540,17748,86.90322530810238,14,1
239552,17749,86.07941989808343,12,1
239592,17750,-20.685434861877457,40,0
239602,17751,78.5040788532243,10,1
239612,17752,79.13733348361752,10,1
239622,17753,89.17079499850598,10,1
239632,17754,89.54936304107125,10,1
239642,17755,117.53613286371667,10,1
239673,17756,88.10977669382132,31,1
239683,17757,140.67462858172408,10,1
239693,17758,134.03697494756096,10,1
239707,17759,139.7911923883913,14,1
239722,17760,108.61777524205795,15,1
239732,17761,119.57035237808941,10,1
239742,17762,140.41343214833893,10,1
239752,17763,91.92429216284253,10,1
239762,17764,139.8850336143751,10,1
239773,17765,136.8134685131835,11,1
239787,17766,90.7395550886052,14,1
239797,17767,131.141858565851,10,1
239807,17768,89.90207231604164,10,1
239817,17769,124.97381119818154,10,1
239827,17770,132.10408823430987,10,1
239838,17771,112.0450189465827,11,1
239848,17772,123.31923539222234,10,1
239858,17773,142.75811064650378,10,1
239869,17774,101.05048657994288,11,1
239879,17775,136.2362805825479,10,1
239889,17776,122.21784703785822,10,1
239899,17777,120.92399475276605,10,1
239909,17778,118.26607721818154,10,1
239919,17779,140.0881537932352,10,1
239929,17780,124.91624418601114,10,1
239939,17781,135.44064424110636,10,1
239949,17782,118.65292241386916,10,1
239959,17783,75.13005729545445,10,1
239969,17784,123.78246707199338,10,1
239980,17785,85.1074519596966,11,1
239990,17786,142.260678547773,10,1
240000,17787,131.94029580287375,10,1
240012,17788,119.59044272686593,12,1
240022,17789,143.3667551228534,10,1
240033,17790,138.0881881841054,11,1
240044,17791,114.32812688881975,11,1
240054,17792,142.1811831752117,10,1
240069,17793,137.92590672214817,15,1
240080,17794,138.81100663787743,11,1
240095,17795,132.5905463190982,15,1
240106,17796,110.8936508998926,11,1
240116,17797,123.8513560092957,10,1
240126,17798,98.36947168203544,10,1
240136,17799,106.99933461268091,10,1
240148,17800,142.26150176291682,12,1
240159,17801,112.82336933603257,11,1
240169,17802,79.95863574117254,10,1
240181,17803,116.37269147555888,12,1
240191,17804,135.11848767504947,10,1
240201,17805,100.54875162543883,10,1
240212,17806,96.6869167685906,11,1
240222,17807,122.8870711775519,10,1
240232,17808,117.79238086271235,10,1
240242,17809,141.02891463537233,10,1
240252,17810,95.96938798913821,10,1
240262,17811,138.15132845776003,10,1
240272,17812,134.6206570218843,10,1
240282,17813,130.4142544315747,10,1
240292,17814,103.73629173459925,10,1
240302,17815,142.8744697883705,10,1
240313,17816,122.85571727907792,11,1
240323,17817,91.26765381115173,10,1
240336,17818,90.8351269264533,13,1
240348,17819,137.3309120849249,12,1
240362,17820,117.00524762542676,14,1
240372,17821,92.88145036126686,10,1
240388,17822,90.81554562722856,16,1
240398,17823,136.0852282085677,10,1
240408,17824,94.9970767856345,10,1
240418,17825,104.47590035179373,10,1
240428,17826,107.24065216240214,10,1
240438,17827,103.00497558669572,10,1
240448,17828,112.20261648466376,10,1
240458,17829,124.46215220378494,10,1
240468,17830,112.9222125695109,10,1
240478,17831,107.31426535824767,10,1
240488,17832,141.24630255262062,10,1
240498,17833,124.02477621349476,10,1
240509,17834,130.20034057421128,11,1
240519,17835,141.9418609506402,10,1
240531,17836,134.54737118096082,12,1
240543,17837,130.80410369962243,12,1
240553,17838,122.94164253979827,10,1
240564,17839,110.5864367063676,11,1
240576,17840,121.38146659861386,12,1
240588,17841,118.84239541952846,12,1
240598,17842,136.22099461459547,10,1
240610,17843,137.23561187142698,12,1
240624,17844,120.77670721077166,14,1
240634,17845,113.86285736933026,10,1
240674,17846,-20.774018550959916,40,0
240687,17847,122.00278705710669,13,1
240699,17848,120.75434530680711,12,1
240709,17849,110.72000328743164,10,1
240721,17850,90.33547452826201,12,1
240733,17851,129.60311023370156,12,1
240748,17852,125.76569211218329,15,1
240760,17853,139.00916831837205,12,1
240770,17854,106.83777242689736,10,1
240781,17855,121.16703455646733,11,1
240791,17856,131.11038857855482,10,1
240803,17857,135.18695710096446,12,1
240816,17858,123.24609756282732,13,1
240826,17859,141.8699828005885,10,1
240837,17860,141.19803781907322,11,1
240849,17861,141.045749956143,12,1
240859,17862,112.91378172955922,10,1
240869,17863,113.93848173561786,10,1
240880,17864,137.70939032158702,11,1
240893,17865,110.85420664180674,13,1
240903,17866,81.65759109465054,10,1
240915,17867,138.49610424440587,12,1
240925,17868,97.54368772022697,10,1
240935,17869,96.12591700583658,10,1
240947,17870,135.61875775082805,12,1
240957,17871,138.2708096435708,10,1
240967,17872,142.45682888189933,10,1
240977,17873,141.68161037450724,10,1
240987,17874,115.34573464039991,10,1
240997,17875,134.66832843213237,10,1
241007,17876,86.09260544200792,10,1
241017,17877,68.25853899324268,10,1
241027,17878,121.15969967372189,10,1
241038,17879,138.3956715473251,11,1
241048,17880,124.01203947045909,10,1
241060,17881,142.14301455457158,12,1
241070,17882,116.05838986161658,10,1
241080,17883,137.92183391969823,10,1
241093,17884,134.325469869096,13,1
241103,17885,94.35154293399198,10,1
241113,17886,140.9748648577104,10,1
241125,17887,116.49452909994427,12,1
241136,17888,138.4193307057878,11,1
241146,17889,137.6115989464502,10,1
241156,17890,142.40367909302796,10,1
241169,17891,134.13468772499252,13,1
241184,17892,109.94249994836787,15,1
241196,17893,62.358756827804974,12,1
241209,17894,140.93230174224206,13,1
241220,17895,142.85801754218298,11,1
241230,17896,116.45184846087137,10,1
241240,17897,134.62838262947724,10,1
241253,17898,78.99008536625391,13,1
241263,17899,104.6912939224369,10,1
241273,17900,112.77299623182101,10,1
241283,17901,119.26788565697956,10,1
241293,17902,28.708181337827565,10,1
241303,17903,137.47069905051572,10,1
241315,17904,112.89892273387,12,1
241326,17905,137.52939180785694,11,1
241336,17906,102.19991750598713,10,1
241346,17907,142.35481338281528,10,1
241359,17908,120.76437515802711,13,1
241369,17909,75.99088792420923,10,1
241379,17910,105.63567237198383,10,1
241389,17911,139.18380594862433,10,1
241400,17912,70.33977741189865,11,1
241413,17913,86.40233913269685,13,1
241423,17914,100.28451662185994,10,1
241435,17915,101.43512956506756,12,1
241447,17916,124.79087096461774,12,1
241458,17917,141.85567966944524,11,1
241468,17918,133.1720334035911,10,1
241479,17919,112.06400693881079,11,1
241492,17920,141.60109733430215,13,1
241502,17921,118.02780887778047,10,1
241512,17922,134.6601908579541,10,1
241522,17923,132.53340106676373,10,1
241532,17924,140.0998715341797,10,1
241542,17925,110.97820240724631,10,1
241552,17926,99.10010942092302,10,1
241562,17927,87.44404992584971,10,1
241572,17928,123.15772705504152,10,1
241584,17929,132.36238894030453,12,1
241595,17930,119.79769197564086,11,1
241605,17931,92.38495390059563,10,1
241615,17932,91.05235078983345,10,1
241627,17933,143.11107017838359,12,1
241638,17934,135.52413435660426,11,1
241648,17935,139.517591737081,10,1
241658,17936,118.92458313084403,10,1
241668,17937,124.79419265701779,10,1
241678,17938,105.78885672487526,10,1
241693,17939,139.58544428040818,15,1
241703,17940,99.25008464063933,10,1
241713,17941,100.49162052872619,10,1
241723,17942,119.24842941862927,10,1
241733,17943,101.96162726905882,10,1
241746,17944,141.97810764465234,13,1
241760,17945,114.74994008486526,14,1
241770,17946,54.89549201664116,10,1
241783,17947,117.88420331366385,13,1
241794,17948,136.76586408890438,11,1
241804,17949,107.26930550754344,10,1
241814,17950,135.79152111940817,10,1
241824,17951,136.8418324360431,10,1
241834,17952,135.0332465340618,10,1
241844,17953,98.97180711329862,10,1
241855,17954,105.94509230447636,11,1
241865,17955,125.02282516570814,10,1
241878,17956,137.08146469882124,13,1
241888,17957,109.00790279226149,10,1
241900,17958,85.23981837843021,12,1
241910,17959,100.68338574346667,10,1
241920,17960,70.7385801387817,10,1
241936,17961,140.62544289068146,16,1
241948,17962,124.46275133453794,12,1
241958,17963,136.04133470396576,10,1
241973,17964,141.23413009707681,15,1
241983,17965,114.1757642325184,10,1
241995,17966,113.2438519990166,12,1
242006,17967,122.01487049608025,11,1
242017,17968,139.45170994058486,11,1
242027,17969,76.49215585661075,10,1
242037,17970,102.60885649147683,10,1
242050,17971,140.43663469936587,13,1
242062,17972,121.53739669600195,12,1
242074,17973,116.473842745873,12,1
242084,17974,132.24927408616819,10,1
242094,17975,119.54742235208867,10,1
242104,17976,131.22231786760426,10,1
242116,17977,130.8879591978432,12,1
242126,17978,79.16641692658625,10,1
242136,17979,141.19093671071084,10,1
242146,17980,116.61905287481156,10,1
242158,17981,140.2486976552445,12,1
242168,17982,137.07268354801485,10,1
242178,17983,138.2848007188343,10,1
242191,17984,100.13989511058087,13,1
242201,17985,134.42467170656306,10,1
242211,17986,122.79720270180157,10,1
242226,17987,56.914550355365215,15,1
242238,17988,114.85887123990577,12,1
242251,17989,120.98262763180594,13,1
242262,17990,108.9802588570386,11,1
242273,17991,139.59521741453827,11,1
242283,17992,96.30330241227738,10,1
242293,17993,137.61324984545934,10,1
242304,17994,90.90900423498513,11,1
242314,17995,132.74297813443283,10,1
242324,17996,79.59330580460632,10,1
242334,17997,137.1543694609913,10,1
242344,17998,139.5555630421756,10,1
242355,17999,118.83231952801466,11,1
242365,18000,131.54698051390014,10,1
242377,18001,119.5247892683389,12,1
242388,18002,143.56253829465527,11,1
242398,18003,108.1932301222596,10,1
242408,18004,112.83779190340087,10,1
242418,18005,140.3314658680388,10,1
242428,18006,140.5199876091986,10,1
242439,18007,123.25673752124791,11,1
242449,18008,108.70317607601346,10,1
242461,18009,138.90446931103673,12,1
242471,18010,139.24089848938783,10,1
242481,18011,142.1049834104323,10,1
242491,18012,111.23866304020345,10,1
242503,18013,92.48955290753813,12,1
242513,18014,112.34512279246532,10,1
242547,18015,-31.477691467081698,34,1
242560,18016,122.49471077463888,13,1
242570,18017,135.15555338705175,10,1
242581,18018,118.8176305742297,11,1
242593,18019,143.47031016740425,12,1
242603,18020,102.8353531521766,10,1
242615,18021,132.75060682315691,12,1
242625,18022,93.69377705802603,10,1
242638,18023,121.17055827928858,13,1
242655,18024,132.04622354303993,17,1
242665,18025,130.9565967092553,10,1
242675,18026,141.24385776251455,10,1
242685,18027,82.0254512955947,10,1
242695,18028,102.9533242069337,10,1
242707,18029,140.05783420211606,12,1
242718,18030,119.68298355881662,11,1
242729,18031,135.25820549005465,11,1
242741,18032,142.27213919259904,12,1
242751,18033,125.73716239575684,10,1
242763,18034,113.23017021133666,12,1
242773,18035,89.26735491693901,10,1
242783,18036,140.7068722689211,10,1
242793,18037,133.7001488949808,10,1
242803,18038,82.16770020584921,10,1
242815,18039,73.14671356313723,12,1
242825,18040,110.81278430510042,10,1
242836,18041,131.4239593328919,11,1
242846,18042,142.1567772275839,10,1
242856,18043,135.126039152985,10,1
242874,18044,125.10493718957832,18,1
242884,18045,120.25149443223667,10,1
242895,18046,137.66391491760962,11,1
242905,18047,134.36327987327311,10,1
242916,18048,136.95765220529634,11,1
242926,18049,68.61852054604304,10,1
242936,18050,141.53787666696022,10,1
242946,18051,119.94404819300625,10,1
242956,18052,133.58052456263516,10,1
242966,18053,138.07341651356458,10,1
242977,18054,140.31959394055957,11,1
242987,18055,139.67380268458723,10,1
242997,18056,132.53670969387775,10,1
243007,18057,137.75317580601111,10,1
243018,18058,110.59244227616796,11,1
243029,18059,131.98750548793376,11,1
243039,18060,112.34968333804932,10,1
243049,18061,132.09034396734575,10,1
243061,18062,98.19309869613245,12,1
243071,18063,138.0603957923047,10,1
243081,18064,134.54034261016207,10,1
243091,18065,123.19200334539097,10,1
243101,18066,96.3082652840274,10,1
243111,18067,74.70423160130237,10,1
243121,18068,140.3746417727094,10,1
243131,18069,108.87010017505712,10,1
243141,18070,108.39945165113804,10,1
243151,18071,114.3447226943184,10,1
243163,18072,113.98018364508971,12,1
243173,18073,86.11966993571907,10,1
243183,18074,142.74430677772938,10,1
243194,18075,130.67342687243695,11,1
243204,18076,89.50699787919247,10,1
243214,18077,137.01646510864714,10,1
243224,18078,74.98668085705064,10,1
243238,18079,108.3940494001629,14,1
243249,18080,125.50614541108116,11,1
243259,18081,115.59835345171213,10,1
243270,18082,88.43925093505005,11,1
243280,18083,83.30578233421694,10,1
243294,18084,110.86456421610657,14,1
243304,18085,134.3389439530824,10,1
243314,18086,132.57846931097552,10,1
243324,18087,117.71459850470131,10,1
243341,18088,140.58570304988731,17,1
243351,18089,141.25624802714975,10,1
243361,18090,141.19431867432405,10,1
243381,18091,125.50380296457094,20,1
243391,18092,135.38023306596563,10,1
243401,18093,139.55870626872624,10,1
243411,18094,131.846481168724,10,1
243421,18095,79.99455649320156,10,1
243432,18096,123.25900115990032,11,1
243442,18097,95.03113939565439,10,1
243454,18098,144.39692655166468,12,1
243464,18099,142.59776007626107,10,1
243475,18100,113.18726497592573,11,1
243486,18101,110.20445174240659,11,1
243496,18102,143.7089340746649,10,1
243509,18103,134.14048715210697,13,1
243544,18104,15.398091207460318,35,1
243556,18105,96.52204907670554,12,1
243567,18106,101.47235701824337,11,1
243579,18107,140.98017717184555,12,1
243589,18108,135.76091411306967,10,1
243604,18109,141.2081056676826,15,1
243614,18110,134.79099031735356,10,1
243625,18111,119.39891169944124,11,1
243637,18112,77.84060621767354,12,1
243647,18113,108.77463532517775,10,1
243657,18114,118.12927438770075,10,1
243668,18115,134.10381189548517,11,1
243680,18116,131.44805513707598,12,1
243720,18117,-20.913829118837576,40,0
243731,18118,122.25803001985811,11,1
243742,18119,143.94054771893997,11,1
243752,18120,139.47156524933686,10,1
243763,18121,133.69837783119672,11,1
243773,18122,91.9264150989849,10,1
243783,18123,99.54063293539049,10,1
243795,18124,131.52604949166806,12,1
243806,18125,117.5844236322425,11,1
243818,18126,125.36223459088227,12,1
243830,18127,134.74270173336296,12,1
243840,18128,142.47246485101306,10,1
243850,18129,112.65664539340585,10,1
243860,18130,98.9541462488776,10,1
243871,18131,121.43946156073572,11,1
243881,18132,137.73513464898704,10,1
243892,18133,139.48728964993919,11,1
243903,18134,130.89913062949793,11,1
243914,18135,120.17558347682098,11,1
243926,18136,143.17680924930823,12,1
243936,18137,138.95963412510093,10,1
243946,18138,110.62576825626147,10,1
243958,18139,142.45645928628159,12,1
243968,18140,100.72932689664655,10,1
243980,18141,142.01269573832965,12,1
243990,18142,105.20626945532263,10,1
244000,18143,109.0623466037219,10,1
244015,18144,88.92780278087702,15,1
244025,18145,125.5372340012805,10,1
244039,18146,111.28946543866613,14,1
244049,18147,133.38234707258368,10,1
244059,18148,100.23560078871029,10,1
244069,18149,118.60011309379938,10,1
244081,18150,135.56772621274038,12,1
244091,18151,142.6416430816189,10,1
244101,18152,92.566061995227,10,1
244112,18153,143.39923308500298,11,1
244124,18154,97.1266769601985,12,1
244134,18155,130.9403763290268,10,1
244146,18156,135.8598616181536,12,1
244156,18157,108.33140679533274,10,1
244166,18158,140.91389670645123,10,1
244176,18159,107.38874399449854,10,1
244186,18160,105.19838677373151,10,1
244196,18161,89.57604365264395,10,1
244207,18162,143.7385296214375,11,1
244219,18163,116.85646557616921,12,1
244229,18164,131.5492188605202,10,1
244239,18165,141.0477183571134,10,1
244250,18166,111.84299822893836,11,1
244266,18167,106.95871412119621,16,1
244286,18168,120.02464190474034,20,1
244299,18169,98.95267111611896,13,1
244309,18170,118.67503451814557,10,1
244319,18171,131.6938107743268,10,1
244329,18172,77.72281565973435,10,1
244339,18173,68.0034214570926,10,1
244350,18174,134.94353662872985,11,1
244360,18175,108.6976532589355,10,1
244370,18176,75.32550461130083,10,1
244382,18177,123.15352917842216,12,1
244392,18178,115.06213511307863,10,1
244404,18179,117.05355824219643,12,1
244414,18180,74.6735527711484,10,1
244426,18181,123.46080577157895,12,1
244436,18182,80.06731738267463,10,1
244446,18183,100.03163385690277,10,1
244457,18184,119.17305689744654,11,1
244467,18185,141.76685595218356,10,1
244477,18186,84.59555611568685,10,1
244487,18187,133.84054244017457,10,1
244497,18188,139.77474970795515,10,1
244507,18189,137.42417366077686,10,1
244517,18190,100.21833959334,10,1
244527,18191,132.27904958891662,10,1
244537,18192,119.47926080343181,10,1
244557,18193,135.3051293373687,20,1
244569,18194,75.44887748606594,12,1
244579,18195,140.25333605350502,10,1
244589,18196,136.75519355534485,10,1
244599,18197,116.43275169701303,10,1
244609,18198,85.26690131044434,10,1
244621,18199,118.91646677560365,12,1
244631,18200,85.74201971311402,10,1
244641,18201,131.85808380951843,10,1
244652,18202,130.20249439478962,11,1
244663,18203,137.0593177925274,11,1
244673,18204,135.17335326806426,10,1
244683,18205,100.90786916909869,10,1
244693,18206,136.950245665361,10,1
244703,18207,123.14358110899398,10,1
244713,18208,115.42224058888016,10,1
244726,18209,93.21624954417715,13,1
244736,18210,104.62323077412144,10,1
244746,18211,112.60964545978358,10,1
244756,18212,110.43308877538189,10,1
244769,18213,94.78314213633136,13,1
244779,18214,97.75935159592932,10,1
244789,18215,134.11486572699965,10,1
244799,18216,117.76854982857623,10,1
244810,18217,123.37084259279767,11,1
244820,18218,141.98518807415067,10,1
244831,18219,101.23872960596873,11,1
244841,18220,137.10980749123289,10,1
244853,18221,98.79849145738933,12,1
244863,18222,98.90389276162999,10,1
244873,18223,68.86979923807627,10,1
244883,18224,132.10679661763285,10,1
244898,18225,111.03742529934682,15,1
244908,18226,119.83035643531701,10,1
244920,18227,113.18678171221514,12,1
244930,18228,123.30318648350934,10,1
244940,18229,109.942052156411,10,1
244950,18230,48.810846012633625,10,1
244960,18231,89.78557445988243,10,1
244970,18232,140.1862035635095,10,1
244980,18233,134.63442863880235,10,1
244990,18234,137.46277477931216,10,1
245000,18235,100.46393210685238,10,1
245010,18236,52.335901313025765,10,1
245024,18237,111.10598561628606,14,1
245036,18238,97.34474511757178,12,1
245047,18239,138.2539088007939,11,1
245058,18240,136.02024534016692,11,1
245068,18241,140.1368367361422,10,1
245078,18242,135.9651840282927,10,1
245088,18243,108.13943924261328,10,1
245098,18244,81.12370528183257,10,1
245108,18245,98.44133658477968,10,1
245132,18246,123.76934428193381,24,1
245142,18247,132.70923438345025,10,1
245152,18248,102.00967748268748,10,1
245162,18249,142.45495131923042,10,1
245173,18250,142.7106380248621,11,1
245184,18251,113.32127210138465,11,1
245194,18252,100.78223715951471,10,1
245204,18253,119.79993398256752,10,1
245214,18254,140.88694137763542,10,1
245224,18255,85.28519239675998,10,1
245234,18256,139.47520425722004,10,1
245244,18257,112.65897054799849,10,1
245254,18258,137.52904701873518,10,1
245270,18259,69.79601111670206,16,1
245280,18260,111.75747137230469,10,1
245290,18261,136.63486901946945,10,1
245300,18262,51.67709460591229,10,1
245310,18263,130.05901756825858,10,1
245320,18264,132.2779065471781,10,1
245330,18265,139.5185349222588,10,1
245340,18266,102.57252390804491,10,1
245351,18267,72.4719711469145,11,1
245361,18268,113.46423409891956,10,1
245371,18269,121.37603889928788,10,1
245383,18270,125.65636892315929,12,1
245393,18271,115.57782850709427,10,1
245403,18272,135.74933549459993,10,1
245413,18273,143.2450962139108,10,1
245423,18274,105.50009540423605,10,1
245433,18275,130.3478972977655,10,1
245443,18276,117.1190690786042,10,1
245455,18277,120.8407109453504,12,1
245465,18278,105.50419404244386,10,1
245475,18279,111.8372758498829,10,1
245486,18280,132.18288263152377,11,1
245496,18281,138.36731905250585,10,1
245506,18282,120.0721633681403,10,1
245516,18283,119.87804345670108,10,1
245530,18284,98.4109868644577,14,1
245541,18285,135.1549448004108,11,1
245551,18286,135.5213750646995,10,1
245561,18287,114.69303759573431,10,1
245571,18288,110.09232051331999,10,1
245583,18289,117.06888248669759,12,1
245593,18290,142.3626661434178,10,1
245603,18291,109.82156470193044,10,1
245616,18292,138.03646699884877,13,1
245627,18293,125.63757380417339,11,1
245637,18294,107.03537938356946,10,1
245647,18295,100.59022037308824,10,1
245657,18296,134.22953085464042,10,1
245667,18297,137.81184265458342,10,1
245677,18298,111.24352109090411,10,1
245687,18299,135.91378285398312,10,1
245702,18300,112.85900325925384,15,1
245712,18301,105.97652378684182,10,1
245723,18302,112.87545558974209,11,1
245733,18303,102.57353445498087,10,1
245748,18304,131.96715197729338,15,1
245767,18305,140.54933368952373,19,1
245777,18306,117.2684291443912,10,1
245787,18307,80.19317227023416,10,1
245797,18308,133.9608393966947,10,1
245808,18309,103.249262670093,11,1
245818,18310,113.4355867956324,10,1
245828,18311,124.93229261187554,10,1
245838,18312,124.45144681116494,10,1
245848,18313,136.71989540447217,10,1
245858,18314,111.20822017392008,10,1
245868,18315,136.84030242512387,10,1
245878,18316,141.13968447894706,10,1
245888,18317,135.13541268458152,10,1
245899,18318,92.54129170825009,11,1
245909,18319,108.35700198757513,10,1
245919,18320,143.98322035535472,10,1
245930,18321,138.5019587056534,11,1
245941,18322,124.03459326547419,11,1
245953,18323,138.47240571903305,12,1
245966,18324,121.21115058723318,13,1
245976,18325,116.09038657243514,10,1
245986,18326,115.62824141574713,10,1
245996,18327,124.42875226276873,10,1
246007,18328,78.9120642331049,11,1
246017,18329,114.34833990870862,10,1
246029,18330,95.03217651432081,12,1
246039,18331,143.50592189126624,10,1
246049,18332,132.4945217522663,10,1
246062,18333,104.8077196846473,13,1
246074,18334,110.55424003935897,12,1
246087,18335,139.19459302996933,13,1
246127,18336,-20.63883514214682,40,0
246139,18337,132.81556125951823,12,1
246149,18338,109.57432899529365,10,1
246159,18339,138.84499865602012,10,1
246169,18340,137.87649139082953,10,1
246179,18341,103.18900496184922,10,1
246191,18342,132.55112734079722,12,1
246201,18343,116.13982919691234,10,1
246212,18344,140.40853939434925,11,1
246223,18345,113.05493020707415,11,1
246233,18346,120.19992393698581,10,1
246243,18347,78.52785993698274,10,1
246254,18348,140.64746670585706,11,1
246264,18349,120.75741389726619,10,1
246276,18350,137.49234666615013,12,1
246286,18351,122.04156587286168,10,1
246296,18352,137.87624637502324,10,1
246306,18353,85.9753341439047,10,1
246318,18354,116.28397783191839,12,1
246329,18355,112.18992869616564,11,1
246341,18356,123.21274755959676,12,1
246351,18357,112.51342982077489,10,1
246362,18358,107.97182214690947,11,1
246372,18359,136.52590311114182,10,1
246382,18360,142.13030049671428,10,1
246392,18361,133.27044754391164,10,1
246403,18362,122.35832447125698,11,1
246431,18363,28.362343453949975,28,1
246442,18364,117.93945201143589,11,1
246452,18365,123.71840749504244,10,1
246462,18366,108.83017990660088,10,1
246474,18367,130.84808227579626,12,1
246489,18368,106.38629775974302,15,1
246502,18369,137.54668104469647,13,1
246512,18370,58.16307864765846,10,1
246522,18371,141.5813798978332,10,1
246535,18372,43.395210893146526,13,1
246545,18373,135.55593751298818,10,1
246557,18374,101.96852000503871,12,1
246568,18375,130.82254214088437,11,1
246578,18376,100.7822113679741,10,1
246589,18377,138.39553322710154,11,1
246599,18378,116.53501292785742,10,1
246610,18379,113.31962066628296,11,1
246621,18380,117.01501939788167,11,1
246631,18381,141.49200544353616,10,1
246641,18382,72.17611519156641,10,1
246651,18383,80.23370929818127,10,1
246662,18384,114.8314344194017,11,1
246674,18385,89.60845431237634,12,1
246685,18386,116.28978255663989,11,1
246695,18387,83.92180025351333,10,1
246705,18388,142.72993496686271,10,1
246715,18389,138.49730121844306,10,1
246725,18390,138.23021371958757,10,1
246739,18391,116.37888436194658,14,1
246749,18392,112.08061297356723,10,1
246760,18393,122.95852005460182,11,1
246770,18394,132.75808234717482,10,1
246780,18395,133.41629870879615,10,1
246793,18396,138.90969384498334,13,1
246804,18397,134.4087210770397,11,1
246814,18398,139.27829335694855,10,1
246824,18399,124.79230781602809,10,1
246834,18400,138.49650990186632,10,1
246844,18401,134.60096380510316,10,1
246854,18402,97.82873391950929,10,1
246864,18403,119.61959444074077,10,1
246874,18404,136.15087420836156,10,1
246884,18405,100.89165642759501,10,1
246894,18406,138.43519063504095,10,1
246904,18407,103.81144664929634,10,1
246915,18408,139.40127071283078,11,1
246925,18409,144.37734329719436,10,1
246936,18410,130.13754950251314,11,1
246946,18411,85.77565238774748,10,1
246956,18412,134.24508992430538,10,1
246966,18413,99.9374599055089,10,1
246976,18414,94.76809759804333,10,1
246987,18415,97.10859621914184,11,1
246997,18416,51.40201484476875,10,1
247007,18417,131.1187937092041,10,1
247017,18418,138.37847013209043,10,1
247027,18419,114.50622669289132,10,1
247040,18420,138.5370707704098,13,1
247050,18421,132.8629839851197,10,1
247060,18422,95.04121760661896,10,1
247071,18423,88.46327972195638,11,1
247081,18424,77.2995466240945,10,1
247091,18425,112.57812114820224,10,1
247101,18426,46.480678544779046,10,1
247141,18427,-20.918499179081543,40,0
247161,18428,132.05052165803227,20,1
247176,18429,-2.32558916292065,15,1
247186,18430,103.40339592555902,10,1
247196,18431,107.89509128922822,10,1
247206,18432,120.01254939629204,10,1
247218,18433,140.71492647360392,12,1
247228,18434,87.17409656611031,10,1
247238,18435,96.09422802975268,10,1
247248,18436,83.2818692747778,10,1
247258,18437,121.11873852963465,10,1
247271,18438,131.75517820724562,13,1
247283,18439,129.46484479188868,12,1
247293,18440,137.5047277653404,10,1
247303,18441,118.20225176119072,10,1
247313,18442,140.28330535259752,10,1
247324,18443,65.6038482603156,11,1
247334,18444,141.37586952539286,10,1
247344,18445,32.92040579397633,10,1
247354,18446,134.4008822938522,10,1
247364,18447,134.0314845935088,10,1
247376,18448,107.15548925723465,12,1
247388,18449,139.49963099009057,12,1
247399,18450,111.5756812606476,11,1
247409,18451,108.00675730419668,10,1
247419,18452,95.2796513033325,10,1
247429,18453,140.5532921662064,10,1
247440,18454,125.67428666028967,11,1
247450,18455,133.5448561352802,10,1
247464,18456,132.7061998623744,14,1
247475,18457,142.43082808876417,11,1
247485,18458,109.36433978652761,10,1
247496,18459,88.30180886333109,11,1
247506,18460,102.33160705613723,10,1
247518,18461,60.70446476310557,12,1
247528,18462,124.94294051424487,10,1
247538,18463,137.84913380599696,10,1
247550,18464,119.07907636785345,12,1
247560,18465,96.4859673939347,10,1
247570,18466,140.77839326649823,10,1
247580,18467,107.62910599990813,10,1
247590,18468,78.09958637283495,10,1
247601,18469,102.45688282205582,11,1
247612,18470,102.65302658666683,11,1
247622,18471,54.04284582683431,10,1
247632,18472,130.50973992381358,10,1
247642,18473,104.21257976166092,10,1
247653,18474,140.11241814095223,11,1
247663,18475,126.19535173299226,10,1
247675,18476,128.57678273863587,12,1
247685,18477,115.53198100270738,10,1
247695,18478,113.34224152696702,10,1
247705,18479,110.22223236464677,10,1
247715,18480,135.0879982707251,10,1
247725,18481,112.05341993474914,10,1
247735,18482,139.4350349848972,10,1
247748,18483,108.37147158668793,13,1
247758,18484,139.2430544967328,10,1
247768,18485,122.84706712223384,10,1
247779,18486,115.58698196145224,11,1
247789,18487,116.33034733559275,10,1
247799,18488,133.34778175949256,10,1
247839,18489,-20.853938248675366,40,0
247849,18490,142.9806462431587,10,1
247862,18491,89.68171806649016,13,1
247872,18492,106.68489527464479,10,1
247884,18493,132.52071536555223,12,1
247894,18494,94.53587495236638,10,1
247906,18495,136.356089637328,12,1
247917,18496,109.12745173574623,11,1
247928,18497,108.2324039230591,11,1
247938,18498,116.50325425490419,10,1
247948,18499,92.34207698451588,10,1
247958,18500,68.16460280677879,10,1
247970,18501,134.62889297804563,12,1
247980,18502,115.5549990854524,10,1
247990,18503,139.3393888345824,10,1
248000,18504,139.10196145250868,10,1
248011,18505,140.7984697746058,11,1
248021,18506,129.9585315271497,10,1
248034,18507,137.77472144863083,13,1
248044,18508,74.43241772520878,10,1
248054,18509,97.74268164744619,10,1
248066,18510,104.12152983036006,12,1
248076,18511,77.2852289067808,10,1
248086,18512,114.13281097345242,10,1
248096,18513,131.8825236544007,10,1
248106,18514,110.94260905787937,10,1
248117,18515,116.95674913349022,11,1
248127,18516,136.4289061911323,10,1
248138,18517,108.61247973076036,11,1
248148,18518,141.93848815927282,10,1
248158,18519,138.48059623307887,10,1
248169,18520,118.52153460275758,11,1
248182,18521,117.70158403218853,13,1
248198,18522,114.0268315052477,16,1
248209,18523,131.3426147791469,11,1
248231,18524,115.93351868290112,22,1
248241,18525,134.62647193213365,10,1
248251,18526,100.8972016100717,10,1
248262,18527,135.0502107021191,11,1
248273,18528,141.8521829253415,11,1
248284,18529,134.53830885997058,11,1
248294,18530,136.1340648595207,10,1
248305,18531,85.16424055216109,11,1
248345,18532,-20.765605437695175,40,0
248355,18533,117.27161321990602,10,1
248365,18534,118.52669108324166,10,1
248375,18535,105.68339657984535,10,1
248385,18536,136.0738393029641,10,1
248397,18537,130.34801901622677,12,1
248407,18538,106.10881081192947,10,1
248418,18539,116.44994548747134,11,1
248429,18540,140.88190752470783,11,1
248441,18541,113.57047858665062,12,1
248454,18542,138.97681407974724,13,1
248464,18543,124.09553523537328,10,1
248474,18544,92.72417458195324,10,1
248484,18545,82.09857221564381,10,1
248494,18546,143.8591788692221,10,1
248507,18547,110.48741122972655,13,1
248518,18548,121.88156254700392,11,1
248530,18549,119.86563714641416,12,1
248541,18550,76.71887836309546,11,1
248551,18551,112.9146365098016,10,1
248561,18552,142.35562914230135,10,1
248571,18553,139.97812740881741,10,1
248587,18554,140.71485887169626,16,1
248597,18555,137.65120169392125,10,1
248607,18556,117.96068896382562,10,1
248618,18557,141.65847272964112,11,1
248632,18558,135.53781893887506,14,1
248644,18559,138.78836946524086,12,1
248655,18560,138.07789591857883,11,1
248666,18561,121.28046892249307,11,1
248678,18562,115.8738755311673,12,1
248688,18563,61.7643227203331,10,1
248699,18564,141.17855545999777,11,1
248709,18565,101.83927227927977,10,1
248720,18566,117.24319548966801,11,1
248733,18567,42.951020936847776,13,1
248745,18568,137.4622048114482,12,1
248755,18569,131.12195157614136,10,1
248765,18570,115.54120793728096,10,1
248775,18571,125.61607274305341,10,1
248785,18572,112.30170601082864,10,1
248795,18573,66.66862087804309,10,1
248805,18574,94.78525498629286,10,1
248818,18575,131.09494819098202,13,1
248828,18576,92.91998139671816,10,1
248838,18577,119.91575752937224,10,1
248850,18578,103.02717554988938,12,1
248865,18579,42.49065365709982,15,1
248905,18580,-20.84350920007013,40,0
248917,18581,115.78602916254368,12,1
248927,18582,133.47120514733965,10,1
248937,18583,129.93448228295597,10,1
248949,18584,140.29181643615254,12,1
248959,18585,140.30073360668615,10,1
248970,18586,130.70840315240207,11,1
248981,18587,118.34420274225576,11,1
248991,18588,76.60156570981489,10,1
249003,18589,110.71671609849061,12,1
249014,18590,135.88611508673782,11,1
249026,18591,141.79927911834014,12,1
249037,18592,124.4231977448241,11,1
249047,18593,135.9352438843659,10,1
249057,18594,135.38658089015476,10,1
249067,18595,143.32975453168237,10,1
249077,18596,101.11763913478771,10,1
249087,18597,137.18708666881474,10,1
249097,18598,105.66199709104497,10,1
249107,18599,142.50149742283688,10,1
249117,18600,132.07394132728982,10,1
249127,18601,122.30171115691462,10,1
249138,18602,139.92871246904053,11,1
249149,18603,143.7745377030874,11,1
249159,18604,137.16408379924218,10,1
249169,18605,88.35217351362991,10,1
249179,18606,141.787761312404,10,1
249189,18607,139.5748166411831,10,1
249199,18608,141.0507342214161,10,1
249212,18609,141.17168412514155,13,1
249222,18610,134.10389085857744,10,1
249232,18611,72.87866163797806,10,1
249242,18612,142.23475006353,10,1
249252,18613,120.39600149738992,10,1
249262,18614,57.62323948869828,10,1
249272,18615,117.99006644853587,10,1
249282,18616,135.18872503218475,10,1
249296,18617,139.01797969982536,14,1
249306,18618,116.26377506947014,10,1
249316,18619,125.9818076805459,10,1
249326,18620,90.03322205265634,10,1
249338,18621,103.4708611506885,12,1
249349,18622,91.14707856875911,11,1
249359,18623,94.12595250868463,10,1
249377,18624,141.37114389807917,18,1
249391,18625,134.2984316634868,14,1
249401,18626,89.92170890846204,10,1
249411,18627,125.48440061854191,10,1
249421,18628,99.9983002223692,10,1
249431,18629,117.58301375409242,10,1
249442,18630,112.26935911310954,11,1
249452,18631,82.62445215409542,10,1
249462,18632,104.96890383249526,10,1
249477,18633,99.9953745038768,15,1
249488,18634,129.66099834252807,11,1
249498,18635,113.00896882168756,10,1
249508,18636,137.5443528630327,10,1
249519,18637,137.308458264952,11,1
249534,18638,60.644394093807634,15,1
249545,18639,142.63070984092533,11,1
249555,18640,140.2011716279574,10,1
249565,18641,86.77157928433888,10,1
249575,18642,100.63007538526993,10,1
249585,18643,65.89596282066027,10,1
249595,18644,114.6501254037251,10,1
249609,18645,125.43354448157447,14,1
249620,18646,131.49576472666982,11,1
249630,18647,109.54183575852201,10,1
249640,18648,118.35730007643357,10,1
249650,18649,85.7617606563241,10,1
249660,18650,131.94405922364066,10,1
249670,18651,91.92740412974027,10,1
249680,18652,109.78313266237058,10,1
249690,18653,118.67336747292745,10,1
249701,18654,92.01656159938851,11,1
249716,18655,141.56662399571448,15,1
249726,18656,83.3282180482913,10,1
249739,18657,114.23157937751485,13,1
249750,18658,143.68454415496382,11,1
249760,18659,99.19134584303038,10,1
249771,18660,133.7403628156516,11,1
249781,18661,83.68650788298639,10,1
249791,18662,133.62638863504583,10,1
249801,18663,136.90587363745777,10,1
249811,18664,97.72617644198004,10,1
249821,18665,132.0772390692154,10,1
249832,18666,113.66875135785665,11,1
249842,18667,137.36684825482845,10,1
249854,18668,74.89889581177883,12,1
249864,18669,82.63620478813242,10,1
249876,18670,132.36656102978304,12,1
249886,18671,114.59681285643866,10,1
249896,18672,106.45397207165684,10,1
249906,18673,91.77408072706125,10,1
249916,18674,50.628771668250224,10,1
249926,18675,136.24930989814675,10,1
249936,18676,118.35268848828608,10,1
249948,18677,110.21367437454406,12,1
249960,18678,136.30594466972173,12,1
249970,18679,138.85292785756224,10,1
249981,18680,124.82162833914502,11,1
249991,18681,143.4151789888982,10,1
